ASMA_id,domain,phylum,class,order,family,genus,species,strain_group,representative,scfm_n_reps,scfm_delta_od_mean,scfm_delta_od_sd,scfm_delta_od_max,scfm_last_assay_date,scfm_od_24h_mean,scfm_od_24h_sd,scfm_od_48h_mean,scfm_od_48h_sd,scfm_delta_od_24h_mean,scfm_delta_od_24h_sd,scfm_delta_od_48h_mean,scfm_delta_od_48h_sd,scfm_od_max_yield_mean,scfm_od_max_yield_sd,scfm_time_max_yield_mean,scfm_time_max_yield_sd,scfm_mu_simple_mean,scfm_mu_simple_sd,scfm_mu_simple_r2_mean,scfm_mu_simple_r2_sd,scfm_growth_class,scfm_growth_24h_n,scfm_growth_24h_pct,scfm_growth_48h_n,scfm_growth_48h_pct,scfm_mu_simple_n_reps,inhib_100x_n,inhib_100x_mean,inhib_100x_sd,inhib_last_assay_date,pa_inhibition_class,no_carbon_mean_od,no_carbon_sd_od,carbon_last_assay_date,glucose_mean_od,glucose_utilization_call,lactate_mean_od,lactate_utilization_call,serine_mean_od,serine_utilization_call,threonine_mean_od,threonine_utilization_call,alanine_mean_od,alanine_utilization_call,glycine_mean_od,glycine_utilization_call,proline_mean_od,proline_utilization_call,isoleucine_mean_od,isoleucine_utilization_call,leucine_mean_od,leucine_utilization_call,valine_mean_od,valine_utilization_call,aspartate_mean_od,aspartate_utilization_call,glutamate_mean_od,glutamate_utilization_call,phenylalanine_mean_od,phenylalanine_utilization_call,tryptophan__mean_od,tryptophan__utilization_call,lysine_mean_od,lysine_utilization_call,histidine_mean_od,histidine_utilization_call,arginine_mean_od,arginine_utilization_call,ornithine_mean_od,ornithine_utilization_call,cystein_mean_od,cystein_utilization_call,methionine_mean_od,methionine_utilization_call
AB_reporter,Bacteria,Pseudomonadota,Gammaproteobacteria,Pseudomonadales,Moraxellaceae,Acinetobacter,Acinetobacter baumannii,1.0,Yes,,,,,,,,,,,,,,,,,,,,,,,,,,,,,,,,,,,,,,,,,,,,,,,,,,,,,,,,,,,,,,,,,,,,,,,,,,,
ASMA-1,Bacteria,Actinomycetota,Actinomycetes,Micrococcales,Micrococcaceae,Rothia,Rothia dentocariosa,518.0,No,,,,,,,,,,,,,,,,,,,,,,,,,,,,,,,,,,,,,,,,,,,,,,,,,,,,,,,,,,,,,,,,,,,,,,,,,,,
ASMA-10,Bacteria,Pseudomonadota,Gammaproteobacteria,Pseudomonadales,Pseudomonadaceae,Pseudomonas,Pseudomonas aeruginosa,536.0,No,,,,,,,,,,,,,,,,,,,,,,,,,,,,,,,,,,,,,,,,,,,,,,,,,,,,,,,,,,,,,,,,,,,,,,,,,,,
ASMA-100,Fungi,Saccharomycetes,Ascomycota,Saccharomycetales,Debaryomycetaceae,Candida,Candida albicans,,,,,,,,,,,,,,,,,,,,,,,,,,,,,,,,,,,,,,,,,,,,,,,,,,,,,,,,,,,,,,,,,,,,,,,,,,,,,
ASMA-1000,Bacteria,Bacillota,Bacilli,Staphylococcales,Staphylococcaceae,Staphylococcus,Staphylococcus aureus,539.0,No,,,,,,,,,,,,,,,,,,,,,,,,,,,,,,,,,,,,,,,,,,,,,,,,,,,,,,,,,,,,,,,,,,,,,,,,,,,
ASMA-1001,Bacteria,Bacillota,Bacilli,Staphylococcales,Staphylococcaceae,Staphylococcus,Staphylococcus aureus,539.0,No,,,,,,,,,,,,,,,,,,,,,,,,,,,,,,,,,,,,,,,,,,,,,,,,,,,,,,,,,,,,,,,,,,,,,,,,,,,
ASMA-1002,Bacteria,Bacillota,Bacilli,Staphylococcales,Staphylococcaceae,Staphylococcus,Staphylococcus aureus,539.0,No,,,,,,,,,,,,,,,,,,,,,,,,,,,,,,,,,,,,,,,,,,,,,,,,,,,,,,,,,,,,,,,,,,,,,,,,,,,
ASMA-1003,Bacteria,Bacillota,Bacilli,Staphylococcales,Staphylococcaceae,Staphylococcus,Staphylococcus aureus,539.0,No,,,,,,,,,,,,,,,,,,,,,,,,,,,,,,,,,,,,,,,,,,,,,,,,,,,,,,,,,,,,,,,,,,,,,,,,,,,
ASMA-1004,Bacteria,Bacillota,Bacilli,Staphylococcales,Staphylococcaceae,Staphylococcus,Staphylococcus aureus,539.0,No,,,,,,,,,,,,,,,,,,,,,,,,,,,,,,,,,,,,,,,,,,,,,,,,,,,,,,,,,,,,,,,,,,,,,,,,,,,
ASMA-1005,Bacteria,Bacillota,Bacilli,Staphylococcales,Staphylococcaceae,Staphylococcus,Staphylococcus aureus,539.0,No,,,,,,,,,,,,,,,,,,,,,,,,,,,,,,,,,,,,,,,,,,,,,,,,,,,,,,,,,,,,,,,,,,,,,,,,,,,
ASMA-1006,Bacteria,Bacillota,Bacilli,Staphylococcales,Staphylococcaceae,Staphylococcus,Staphylococcus aureus,539.0,No,,,,,,,,,,,,,,,,,,,,,,,,,,,,,,,,,,,,,,,,,,,,,,,,,,,,,,,,,,,,,,,,,,,,,,,,,,,
ASMA-1007,Bacteria,Bacillota,Bacilli,Staphylococcales,Staphylococcaceae,Staphylococcus,Staphylococcus aureus,539.0,No,,,,,,,,,,,,,,,,,,,,,,,,,,,,,,,,,,,,,,,,,,,,,,,,,,,,,,,,,,,,,,,,,,,,,,,,,,,
ASMA-1008,Bacteria,Bacillota,Bacilli,Staphylococcales,Staphylococcaceae,Staphylococcus,Staphylococcus aureus,539.0,No,,,,,,,,,,,,,,,,,,,,,,,,,,,,,,,,,,,,,,,,,,,,,,,,,,,,,,,,,,,,,,,,,,,,,,,,,,,
ASMA-1009,Bacteria,Bacillota,Bacilli,Staphylococcales,Staphylococcaceae,Staphylococcus,Staphylococcus aureus,539.0,No,,,,,,,,,,,,,,,,,,,,,,,,,,,,,,,,,,,,,,,,,,,,,,,,,,,,,,,,,,,,,,,,,,,,,,,,,,,
ASMA-101,Fungi,Saccharomycetes,Ascomycota,Saccharomycetales,Debaryomycetaceae,Candida,Candida albicans,,,,,,,,,,,,,,,,,,,,,,,,,,,,,,,,,,,,,,,,,,,,,,,,,,,,,,,,,,,,,,,,,,,,,,,,,,,,,
ASMA-1010,Bacteria,Bacillota,Bacilli,Staphylococcales,Staphylococcaceae,Staphylococcus,Staphylococcus aureus,539.0,No,,,,,,,,,,,,,,,,,,,,,,,,,,,,,,,,,,,,,,,,,,,,,,,,,,,,,,,,,,,,,,,,,,,,,,,,,,,
ASMA-1011,Bacteria,Bacillota,Bacilli,Staphylococcales,Staphylococcaceae,Staphylococcus,Staphylococcus aureus,539.0,No,,,,,,,,,,,,,,,,,,,,,,,,,,,,,,,,,,,,,,,,,,,,,,,,,,,,,,,,,,,,,,,,,,,,,,,,,,,
ASMA-1012,Bacteria,Bacillota,Bacilli,Staphylococcales,Staphylococcaceae,Staphylococcus,Staphylococcus aureus,539.0,No,,,,,,,,,,,,,,,,,,,,,,,,,,,,,,,,,,,,,,,,,,,,,,,,,,,,,,,,,,,,,,,,,,,,,,,,,,,
ASMA-1013,Bacteria,Bacillota,Bacilli,Staphylococcales,Staphylococcaceae,Staphylococcus,Staphylococcus aureus,539.0,No,,,,,,,,,,,,,,,,,,,,,,,,,,,,,,,,,,,,,,,,,,,,,,,,,,,,,,,,,,,,,,,,,,,,,,,,,,,
ASMA-1014,Bacteria,Bacillota,Bacilli,Staphylococcales,Staphylococcaceae,Staphylococcus,Staphylococcus aureus,539.0,No,,,,,,,,,,,,,,,,,,,,,,,,,,,,,,,,,,,,,,,,,,,,,,,,,,,,,,,,,,,,,,,,,,,,,,,,,,,
ASMA-1015,Bacteria,Bacillota,Bacilli,Staphylococcales,Staphylococcaceae,Staphylococcus,Staphylococcus aureus,539.0,No,,,,,,,,,,,,,,,,,,,,,,,,,,,,,,,,,,,,,,,,,,,,,,,,,,,,,,,,,,,,,,,,,,,,,,,,,,,
ASMA-1016,Bacteria,Bacillota,Bacilli,Staphylococcales,Staphylococcaceae,Staphylococcus,Staphylococcus aureus,539.0,No,,,,,,,,,,,,,,,,,,,,,,,,,,,,,,,,,,,,,,,,,,,,,,,,,,,,,,,,,,,,,,,,,,,,,,,,,,,
ASMA-1017,Bacteria,Bacillota,Bacilli,Staphylococcales,Staphylococcaceae,Staphylococcus,Staphylococcus aureus,539.0,No,,,,,,,,,,,,,,,,,,,,,,,,,,,,,,,,,,,,,,,,,,,,,,,,,,,,,,,,,,,,,,,,,,,,,,,,,,,
ASMA-1018,Bacteria,Bacillota,Bacilli,Staphylococcales,Staphylococcaceae,Staphylococcus,Staphylococcus aureus,539.0,No,,,,,,,,,,,,,,,,,,,,,,,,,,,,,,,,,,,,,,,,,,,,,,,,,,,,,,,,,,,,,,,,,,,,,,,,,,,
ASMA-1019,Bacteria,Bacillota,Bacilli,Staphylococcales,Staphylococcaceae,Staphylococcus,Staphylococcus aureus,539.0,No,,,,,,,,,,,,,,,,,,,,,,,,,,,,,,,,,,,,,,,,,,,,,,,,,,,,,,,,,,,,,,,,,,,,,,,,,,,
ASMA-102,Fungi,Saccharomycetes,Ascomycota,Saccharomycetales,Debaryomycetaceae,Candida,Candida albicans,,,,,,,,,,,,,,,,,,,,,,,,,,,,,,,,,,,,,,,,,,,,,,,,,,,,,,,,,,,,,,,,,,,,,,,,,,,,,
ASMA-1020,Bacteria,Bacillota,Bacilli,Staphylococcales,Staphylococcaceae,Staphylococcus,Staphylococcus aureus,539.0,No,,,,,,,,,,,,,,,,,,,,,,,,,,,,,,,,,,,,,,,,,,,,,,,,,,,,,,,,,,,,,,,,,,,,,,,,,,,
ASMA-1021,Bacteria,Bacillota,Bacilli,Staphylococcales,Staphylococcaceae,Staphylococcus,Staphylococcus aureus,539.0,No,,,,,,,,,,,,,,,,,,,,,,,,,,,,,,,,,,,,,,,,,,,,,,,,,,,,,,,,,,,,,,,,,,,,,,,,,,,
ASMA-1022,Bacteria,Bacillota,Bacilli,Staphylococcales,Staphylococcaceae,Staphylococcus,Staphylococcus aureus,539.0,No,,,,,,,,,,,,,,,,,,,,,,,,,,,,,,,,,,,,,,,,,,,,,,,,,,,,,,,,,,,,,,,,,,,,,,,,,,,
ASMA-1023,Bacteria,Bacillota,Bacilli,Staphylococcales,Staphylococcaceae,Staphylococcus,Staphylococcus aureus,539.0,No,,,,,,,,,,,,,,,,,,,,,,,,,,,,,,,,,,,,,,,,,,,,,,,,,,,,,,,,,,,,,,,,,,,,,,,,,,,
ASMA-1024,Bacteria,Bacillota,Bacilli,Staphylococcales,Staphylococcaceae,Staphylococcus,Staphylococcus aureus,539.0,No,,,,,,,,,,,,,,,,,,,,,,,,,,,,,,,,,,,,,,,,,,,,,,,,,,,,,,,,,,,,,,,,,,,,,,,,,,,
ASMA-1025,Bacteria,Bacillota,Bacilli,Staphylococcales,Staphylococcaceae,Staphylococcus,Staphylococcus aureus,539.0,No,,,,,,,,,,,,,,,,,,,,,,,,,,,,,,,,,,,,,,,,,,,,,,,,,,,,,,,,,,,,,,,,,,,,,,,,,,,
ASMA-1026,Bacteria,Bacillota,Bacilli,Staphylococcales,Staphylococcaceae,Staphylococcus,Staphylococcus aureus,539.0,No,,,,,,,,,,,,,,,,,,,,,,,,,,,,,,,,,,,,,,,,,,,,,,,,,,,,,,,,,,,,,,,,,,,,,,,,,,,
ASMA-1027,Bacteria,Bacillota,Bacilli,Staphylococcales,Staphylococcaceae,Staphylococcus,Staphylococcus aureus,539.0,No,,,,,,,,,,,,,,,,,,,,,,,,,,,,,,,,,,,,,,,,,,,,,,,,,,,,,,,,,,,,,,,,,,,,,,,,,,,
ASMA-1028,Bacteria,Bacillota,Bacilli,Staphylococcales,Staphylococcaceae,Staphylococcus,Staphylococcus aureus,539.0,No,,,,,,,,,,,,,,,,,,,,,,,,,,,,,,,,,,,,,,,,,,,,,,,,,,,,,,,,,,,,,,,,,,,,,,,,,,,
ASMA-1029,Bacteria,Bacillota,Bacilli,Staphylococcales,Staphylococcaceae,Staphylococcus,Staphylococcus aureus,539.0,No,,,,,,,,,,,,,,,,,,,,,,,,,,,,,,,,,,,,,,,,,,,,,,,,,,,,,,,,,,,,,,,,,,,,,,,,,,,
ASMA-103,Fungi,Saccharomycetes,Ascomycota,Saccharomycetales,Debaryomycetaceae,Candida,Candida albicans,,,,,,,,,,,,,,,,,,,,,,,,,,,,,,,,,,,,,,,,,,,,,,,,,,,,,,,,,,,,,,,,,,,,,,,,,,,,,
ASMA-1030,Bacteria,Bacillota,Bacilli,Staphylococcales,Staphylococcaceae,Staphylococcus,Staphylococcus aureus,539.0,No,,,,,,,,,,,,,,,,,,,,,,,,,,,,,,,,,,,,,,,,,,,,,,,,,,,,,,,,,,,,,,,,,,,,,,,,,,,
ASMA-1031,Bacteria,Bacillota,Bacilli,Staphylococcales,Staphylococcaceae,Staphylococcus,Staphylococcus aureus,539.0,No,,,,,,,,,,,,,,,,,,,,,,,,,,,,,,,,,,,,,,,,,,,,,,,,,,,,,,,,,,,,,,,,,,,,,,,,,,,
ASMA-1032,Bacteria,Bacillota,Bacilli,Staphylococcales,Staphylococcaceae,Staphylococcus,Staphylococcus aureus,539.0,No,,,,,,,,,,,,,,,,,,,,,,,,,,,,,,,,,,,,,,,,,,,,,,,,,,,,,,,,,,,,,,,,,,,,,,,,,,,
ASMA-1033,Bacteria,Pseudomonadota,Gammaproteobacteria,Burkholderiales,Alcaligenaceae,Achromobacter,Achromobacter xylosoxidans,538.0,No,,,,,,,,,,,,,,,,,,,,,,,,,,,,,,,,,,,,,,,,,,,,,,,,,,,,,,,,,,,,,,,,,,,,,,,,,,,
ASMA-1034,Bacteria,Pseudomonadota,Gammaproteobacteria,Burkholderiales,Alcaligenaceae,Achromobacter,Achromobacter xylosoxidans,538.0,No,,,,,,,,,,,,,,,,,,,,,,,,,,,,,,,,,,,,,,,,,,,,,,,,,,,,,,,,,,,,,,,,,,,,,,,,,,,
ASMA-1035,Bacteria,Pseudomonadota,Gammaproteobacteria,Burkholderiales,Alcaligenaceae,Achromobacter,Achromobacter xylosoxidans,538.0,No,,,,,,,,,,,,,,,,,,,,,,,,,,,,,,,,,,,,,,,,,,,,,,,,,,,,,,,,,,,,,,,,,,,,,,,,,,,
ASMA-1036,Bacteria,Pseudomonadota,Gammaproteobacteria,Burkholderiales,Alcaligenaceae,Achromobacter,Achromobacter xylosoxidans,538.0,No,,,,,,,,,,,,,,,,,,,,,,,,,,,,,,,,,,,,,,,,,,,,,,,,,,,,,,,,,,,,,,,,,,,,,,,,,,,
ASMA-1037,Bacteria,Pseudomonadota,Gammaproteobacteria,Burkholderiales,Alcaligenaceae,Achromobacter,Achromobacter xylosoxidans,538.0,No,,,,,,,,,,,,,,,,,,,,,,,,,,,,,,,,,,,,,,,,,,,,,,,,,,,,,,,,,,,,,,,,,,,,,,,,,,,
ASMA-1038,Bacteria,Pseudomonadota,Gammaproteobacteria,Burkholderiales,Alcaligenaceae,Achromobacter,Achromobacter xylosoxidans,538.0,No,,,,,,,,,,,,,,,,,,,,,,,,,,,,,,,,,,,,,,,,,,,,,,,,,,,,,,,,,,,,,,,,,,,,,,,,,,,
ASMA-1039,Bacteria,Pseudomonadota,Gammaproteobacteria,Burkholderiales,Alcaligenaceae,Achromobacter,Achromobacter xylosoxidans,538.0,No,,,,,,,,,,,,,,,,,,,,,,,,,,,,,,,,,,,,,,,,,,,,,,,,,,,,,,,,,,,,,,,,,,,,,,,,,,,
ASMA-104,Fungi,Saccharomycetes,Ascomycota,Saccharomycetales,Debaryomycetaceae,Candida,Candida albicans,,,,,,,,,,,,,,,,,,,,,,,,,,,,,,,,,,,,,,,,,,,,,,,,,,,,,,,,,,,,,,,,,,,,,,,,,,,,,
ASMA-1040,Bacteria,Pseudomonadota,Gammaproteobacteria,Burkholderiales,Alcaligenaceae,Achromobacter,Achromobacter xylosoxidans,538.0,No,,,,,,,,,,,,,,,,,,,,,,,,,,,,,,,,,,,,,,,,,,,,,,,,,,,,,,,,,,,,,,,,,,,,,,,,,,,
ASMA-1041,Bacteria,Pseudomonadota,Gammaproteobacteria,Burkholderiales,Alcaligenaceae,Achromobacter,Achromobacter xylosoxidans,538.0,No,,,,,,,,,,,,,,,,,,,,,,,,,,,,,,,,,,,,,,,,,,,,,,,,,,,,,,,,,,,,,,,,,,,,,,,,,,,
ASMA-1042,Bacteria,Pseudomonadota,Gammaproteobacteria,Burkholderiales,Alcaligenaceae,Achromobacter,Achromobacter xylosoxidans,538.0,No,,,,,,,,,,,,,,,,,,,,,,,,,,,,,,,,,,,,,,,,,,,,,,,,,,,,,,,,,,,,,,,,,,,,,,,,,,,
ASMA-1043,Bacteria,Pseudomonadota,Gammaproteobacteria,Burkholderiales,Alcaligenaceae,Achromobacter,Achromobacter xylosoxidans,538.0,No,,,,,,,,,,,,,,,,,,,,,,,,,,,,,,,,,,,,,,,,,,,,,,,,,,,,,,,,,,,,,,,,,,,,,,,,,,,
ASMA-1044,Bacteria,Pseudomonadota,Gammaproteobacteria,Burkholderiales,Alcaligenaceae,Achromobacter,Achromobacter xylosoxidans,538.0,No,,,,,,,,,,,,,,,,,,,,,,,,,,,,,,,,,,,,,,,,,,,,,,,,,,,,,,,,,,,,,,,,,,,,,,,,,,,
ASMA-1045,Bacteria,Pseudomonadota,Gammaproteobacteria,Burkholderiales,Alcaligenaceae,Achromobacter,Achromobacter xylosoxidans,538.0,No,,,,,,,,,,,,,,,,,,,,,,,,,,,,,,,,,,,,,,,,,,,,,,,,,,,,,,,,,,,,,,,,,,,,,,,,,,,
ASMA-1046,Bacteria,Pseudomonadota,Gammaproteobacteria,Burkholderiales,Alcaligenaceae,Achromobacter,Achromobacter xylosoxidans,538.0,No,1,0.1938333333333333,,0.1938333333333333,20250929.0,0.0952,,0.0948,,0.00023333333333334927,,-0.0001666666666666622,,0.09583333333333333,,1.5,,0.0022507539336085606,,0.9872405593951438,,normal,0,0.0,0,0.0,1,,,,,,0.054,,20250929,0.0691,uncertain,0.1383,uncertain,0.055,uncertain,0.0502,uncertain,0.0545,uncertain,0.0532,uncertain,0.0556,uncertain,0.054,uncertain,0.0644,uncertain,0.0496,uncertain,0.0523,uncertain,0.0791,uncertain,0.1056,uncertain,0.0557,uncertain,0.0504,uncertain,0.0516,uncertain,0.0503,uncertain,0.052,uncertain,0.0534,uncertain,0.0521,uncertain
ASMA-1047,Bacteria,Pseudomonadota,Gammaproteobacteria,Burkholderiales,Alcaligenaceae,Achromobacter,Achromobacter xylosoxidans,538.0,No,,,,,,,,,,,,,,,,,,,,,,,,,,,,,,,,,,,,,,,,,,,,,,,,,,,,,,,,,,,,,,,,,,,,,,,,,,,
ASMA-1048,Bacteria,Pseudomonadota,Gammaproteobacteria,Burkholderiales,Alcaligenaceae,Achromobacter,Achromobacter xylosoxidans,538.0,No,,,,,,,,,,,,,,,,,,,,,,,,,,,,,,,,,,,,,,,,,,,,,,,,,,,,,,,,,,,,,,,,,,,,,,,,,,,
ASMA-1049,Bacteria,Pseudomonadota,Gammaproteobacteria,Burkholderiales,Alcaligenaceae,Achromobacter,Achromobacter xylosoxidans,538.0,No,,,,,,,,,,,,,,,,,,,,,,,,,,,,,,,,,,,,,,,,,,,,,,,,,,,,,,,,,,,,,,,,,,,,,,,,,,,
ASMA-105,Fungi,Saccharomycetes,Ascomycota,Saccharomycetales,Debaryomycetaceae,Candida,Candida albicans,,,,,,,,,,,,,,,,,,,,,,,,,,,,,,,,,,,,,,,,,,,,,,,,,,,,,,,,,,,,,,,,,,,,,,,,,,,,,
ASMA-1050,Bacteria,Pseudomonadota,Gammaproteobacteria,Burkholderiales,Alcaligenaceae,Achromobacter,Achromobacter xylosoxidans,538.0,No,,,,,,,,,,,,,,,,,,,,,,,,,,,,,,,,,,,,,,,,,,,,,,,,,,,,,,,,,,,,,,,,,,,,,,,,,,,
ASMA-1051,Bacteria,Pseudomonadota,Gammaproteobacteria,Burkholderiales,Alcaligenaceae,Achromobacter,Achromobacter xylosoxidans,538.0,No,,,,,,,,,,,,,,,,,,,,,,,,,,,,,,,,,,,,,,,,,,,,,,,,,,,,,,,,,,,,,,,,,,,,,,,,,,,
ASMA-1052,Bacteria,Pseudomonadota,Gammaproteobacteria,Burkholderiales,Alcaligenaceae,Achromobacter,Achromobacter xylosoxidans,538.0,No,,,,,,,,,,,,,,,,,,,,,,,,,,,,,,,,,,,,,,,,,,,,,,,,,,,,,,,,,,,,,,,,,,,,,,,,,,,
ASMA-1053,Bacteria,Pseudomonadota,Gammaproteobacteria,Burkholderiales,Alcaligenaceae,Achromobacter,Achromobacter xylosoxidans,538.0,No,,,,,,,,,,,,,,,,,,,,,,,,,,,,,,,,,,,,,,,,,,,,,,,,,,,,,,,,,,,,,,,,,,,,,,,,,,,
ASMA-1054,Bacteria,Pseudomonadota,Gammaproteobacteria,Burkholderiales,Alcaligenaceae,Achromobacter,Achromobacter xylosoxidans,538.0,No,,,,,,,,,,,,,,,,,,,,,,,,,,,,,,,,,,,,,,,,,,,,,,,,,,,,,,,,,,,,,,,,,,,,,,,,,,,
ASMA-1055,Bacteria,Pseudomonadota,Gammaproteobacteria,Burkholderiales,Alcaligenaceae,Achromobacter,Achromobacter xylosoxidans,538.0,No,,,,,,,,,,,,,,,,,,,,,,,,,,,,,,,,,,,,,,,,,,,,,,,,,,,,,,,,,,,,,,,,,,,,,,,,,,,
ASMA-1056,Bacteria,Pseudomonadota,Gammaproteobacteria,Burkholderiales,Alcaligenaceae,Achromobacter,Achromobacter xylosoxidans,538.0,No,,,,,,,,,,,,,,,,,,,,,,,,,,,,,,,,,,,,,,,,,,,,,,,,,,,,,,,,,,,,,,,,,,,,,,,,,,,
ASMA-1057,Bacteria,Pseudomonadota,Gammaproteobacteria,Burkholderiales,Alcaligenaceae,Achromobacter,Achromobacter xylosoxidans,537.0,No,,,,,,,,,,,,,,,,,,,,,,,,,,,,,,,,,,,,,,,,,,,,,,,,,,,,,,,,,,,,,,,,,,,,,,,,,,,
ASMA-1058,Bacteria,Bacillota,Bacilli,Lactobacillales,Streptococcaceae,Streptococcus,undetermined species,289.0,No,1,0.0016000000000000042,,0.0016000000000000042,20251006.0,0.1317,,0.1599,,0.02650000000000001,,0.054699999999999985,,0.1889,,40.25,,0.06232970411291135,,0.99039301085731,,no_growth,0,0.0,0,0.0,1,,,,,,0.0448,,20251006,0.0444,uncertain,0.0447,uncertain,0.0449,uncertain,0.0439,uncertain,0.0445,uncertain,0.0447,uncertain,0.0442,uncertain,0.0439,uncertain,0.045,uncertain,0.0439,uncertain,0.0441,uncertain,0.045,uncertain,0.0454,uncertain,0.0463,uncertain,0.0439,uncertain,0.0437,uncertain,0.0438,uncertain,0.0441,uncertain,0.0532,uncertain,0.0451,uncertain
ASMA-1059,Bacteria,Bacillota,Bacilli,Lactobacillales,Streptococcaceae,Streptococcus,undetermined species,289.0,Yes,,,,,,,,,,,,,,,,,,,,,,,,,,,,,,,,,,,,,,,,,,,,,,,,,,,,,,,,,,,,,,,,,,,,,,,,,,,
ASMA-106,Fungi,Saccharomycetes,Ascomycota,Saccharomycetales,Debaryomycetaceae,Candida,Candida albicans,,,,,,,,,,,,,,,,,,,,,,,,,,,,,,,,,,,,,,,,,,,,,,,,,,,,,,,,,,,,,,,,,,,,,,,,,,,,,
ASMA-1060,Bacteria,Bacillota,Bacilli,Lactobacillales,Streptococcaceae,Streptococcus,Streptococcus sp030825805,290.0,Yes,1,0.0016333333333333477,,0.0016333333333333477,20250920.0,0.09446666666666666,,0.09376666666666666,,-0.0013333333333333391,,-0.0020333333333333314,,0.0958,,0.0,,0.0049234959460466,,0.964249343111198,,no_growth,0,0.0,0,0.0,1,,,,,,0.0438,,20250920,0.0457,uncertain,0.0433,uncertain,0.0442,uncertain,0.0434,uncertain,0.0428,uncertain,0.0436,uncertain,0.0435,uncertain,0.0433,uncertain,0.0431,uncertain,0.0429,uncertain,0.0438,uncertain,0.0434,uncertain,0.0435,uncertain,0.0441,uncertain,0.0428,uncertain,0.043,uncertain,0.043,uncertain,0.0428,uncertain,0.0444,uncertain,0.0427,uncertain
ASMA-1061,Bacteria,Bacillota,Bacilli,Lactobacillales,Streptococcaceae,Streptococcus,undetermined species,2.0,Yes,1,0.0021333333333333204,,0.0021333333333333204,20250920.0,0.1259333333333333,,0.1206666666666667,,0.01670000000000002,,0.011433333333333406,,0.1362,,7.0,,0.030385551679105605,,0.9799901771676149,,no_growth,0,0.0,0,0.0,1,,,,,,0.0428,,20250920,0.0443,uncertain,0.0433,uncertain,0.045,uncertain,0.0428,uncertain,0.0428,uncertain,0.0427,uncertain,0.0431,uncertain,0.0426,uncertain,0.0423,uncertain,0.0426,uncertain,0.0423,uncertain,0.0428,uncertain,0.0422,uncertain,0.0434,uncertain,0.0424,uncertain,0.0416,uncertain,0.042,uncertain,0.0418,uncertain,0.0432,uncertain,0.042,uncertain
ASMA-1062,Bacteria,Bacillota,Bacilli,Lactobacillales,Streptococcaceae,Streptococcus,undetermined species,289.0,No,1,0.0018666666666666692,,0.0018666666666666692,20250920.0,0.09466666666666666,,0.09500000000000001,,-0.001533333333333331,,-0.0011999999999999789,,0.0962,,0.0,,,,,,no_growth,0,0.0,0,0.0,0,,,,,,0.0436,,20250920,0.0435,uncertain,0.0435,uncertain,0.0436,uncertain,0.0431,uncertain,0.0431,uncertain,0.0435,uncertain,0.0429,uncertain,0.0433,uncertain,0.0428,uncertain,0.043,uncertain,0.0433,uncertain,0.043,uncertain,0.0434,uncertain,0.0433,uncertain,0.0429,uncertain,0.043,uncertain,0.0426,uncertain,0.0426,uncertain,0.0439,uncertain,0.0429,uncertain
ASMA-1063,Bacteria,Bacillota,Bacilli,Lactobacillales,Streptococcaceae,Streptococcus,Streptococcus salivarius,396.0,No,,,,,,,,,,,,,,,,,,,,,,,,,,,,,,,,,,,,,,,,,,,,,,,,,,,,,,,,,,,,,,,,,,,,,,,,,,,
ASMA-1064,Bacteria,Bacillota,Bacilli,Lactobacillales,Streptococcaceae,Streptococcus,Streptococcus salivarius,,,4,0.05516875,0.04331140330501888,0.104875,20251121.0,0.276625,0.09685091851225092,0.26781875,0.09873976186378346,0.15674375000000002,0.09252050758030171,0.1479375,0.09248232826690009,0.29956875,0.10500858571048688,20.375,18.498310733685926,0.18184295370578465,0.11652503808532727,0.9947321944248777,0.0036230650889597853,poor,3,75.0,3,75.0,4,1,32.20620135255838,,20251111,weak,0.04650000000000001,0.0004358898943540679,20251121,0.048666666666666664,utilizes,0.0458,no_growth,0.0451,no_growth,0.04576666666666667,no_growth,0.04533333333333334,no_growth,0.048100000000000004,utilizes,0.0467,no_growth,0.046966666666666664,no_growth,0.04703333333333334,no_growth,0.04676666666666667,no_growth,0.04623333333333333,no_growth,0.0463,no_growth,0.046933333333333334,no_growth,0.04843333333333333,utilizes,0.04543333333333333,no_growth,0.04566666666666667,no_growth,0.04613333333333333,no_growth,0.046033333333333336,no_growth,0.06083333333333334,utilizes,0.0466,no_growth
ASMA-1065,Bacteria,Bacillota,Bacilli,Lactobacillales,Streptococcaceae,Streptococcus,Streptococcus salivarius,348.0,No,,,,,,,,,,,,,,,,,,,,,,,,,,,,,,,,,,,,,,,,,,,,,,,,,,,,,,,,,,,,,,,,,,,,,,,,,,,
ASMA-1066,Bacteria,Bacillota,Bacilli,Lactobacillales,Streptococcaceae,Streptococcus,Streptococcus salivarius,,,,,,,,,,,,,,,,,,,,,,,,,,,,,,,,,,,,,,,,,,,,,,,,,,,,,,,,,,,,,,,,,,,,,,,,,,,,,
ASMA-1067,Bacteria,Bacillota,Bacilli,Lactobacillales,Streptococcaceae,Streptococcus,Streptococcus salivarius,,,,,,,,,,,,,,,,,,,,,,,,,,,,,,,,,,,,,,,,,,,,,,,,,,,,,,,,,,,,,,,,,,,,,,,,,,,,,
ASMA-1068,Bacteria,Bacillota,Bacilli,Lactobacillales,Streptococcaceae,Streptococcus,Streptococcus salivarius,396.0,No,,,,,,,,,,,,,,,,,,,,,,,,,,,,,,,,,,,,,,,,,,,,,,,,,,,,,,,,,,,,,,,,,,,,,,,,,,,
ASMA-1069,Bacteria,Bacillota,Bacilli,Lactobacillales,Streptococcaceae,Streptococcus,Streptococcus sp030825805,290.0,No,,,,,,,,,,,,,,,,,,,,,,,,,,,,,,,,,,,,,,,,,,,,,,,,,,,,,,,,,,,,,,,,,,,,,,,,,,,
ASMA-107,Fungi,Saccharomycetes,Ascomycota,Saccharomycetales,Debaryomycetaceae,Candida,Candida albicans,,,,,,,,,,,,,,,,,,,,,,,,,,,,,,,,,,,,,,,,,,,,,,,,,,,,,,,,,,,,,,,,,,,,,,,,,,,,,
ASMA-1070,Bacteria,Bacillota,Bacilli,Lactobacillales,Streptococcaceae,Streptococcus,Streptococcus xiaochunlingii,208.0,Yes,1,0.05033333333333333,,0.05033333333333333,20250920.0,0.1248333333333333,,0.1303666666666667,,0.02983333333333328,,0.03536666666666667,,0.1309666666666666,,44.0,,0.02040611100018185,,0.9976040759338541,,poor,0,0.0,0,0.0,1,,,,,,0.0443,,20250920,0.0452,uncertain,0.0438,uncertain,0.0442,uncertain,0.0436,uncertain,0.0434,uncertain,0.0431,uncertain,0.0434,uncertain,0.0433,uncertain,0.0428,uncertain,0.0434,uncertain,0.0431,uncertain,0.0428,uncertain,0.0435,uncertain,0.0433,uncertain,0.0424,uncertain,0.0417,uncertain,0.0427,uncertain,0.0426,uncertain,0.0438,uncertain,0.0441,uncertain
ASMA-1071,Bacteria,Bacillota,Bacilli,Lactobacillales,Streptococcaceae,Streptococcus,Streptococcus sp030825805,290.0,No,1,0.0025000000000000022,,0.0025000000000000022,20251006.0,0.0928,,0.0916,,-0.0015000000000000013,,-0.002699999999999994,,0.0948,,0.75,,,,,,no_growth,0,0.0,0,0.0,0,,,,,,0.0446,,20251006,0.0439,uncertain,0.0443,uncertain,0.0451,uncertain,0.0434,uncertain,0.0439,uncertain,0.0435,uncertain,0.0443,uncertain,0.0431,uncertain,0.0444,uncertain,0.0438,uncertain,0.0444,uncertain,0.0431,uncertain,0.0448,uncertain,0.0444,uncertain,0.0462,uncertain,0.043,uncertain,0.0444,uncertain,0.0438,uncertain,0.047,uncertain,0.0438,uncertain
ASMA-1072,Bacteria,Bacillota,Bacilli,Lactobacillales,Streptococcaceae,Streptococcus,Streptococcus vestibularis,3.0,Yes,1,0.0020333333333333314,,0.0020333333333333314,20250920.0,0.105,,0.1108,,0.005066666666666664,,0.010866666666666663,,0.1121333333333333,,46.25,,0.004756149128155225,,0.9823455747390389,,no_growth,0,0.0,0,0.0,1,,,,,,0.0447,,20250920,0.046,uncertain,0.044,uncertain,0.0447,uncertain,0.0437,uncertain,0.0435,uncertain,0.0466,uncertain,0.0438,uncertain,0.0439,uncertain,0.0435,uncertain,0.0437,uncertain,0.0443,uncertain,0.0434,uncertain,0.0427,uncertain,0.044,uncertain,0.0423,uncertain,0.0422,uncertain,0.0426,uncertain,0.0427,uncertain,0.045,uncertain,0.044,uncertain
ASMA-1073,Bacteria,Bacillota,Bacilli,Lactobacillales,Streptococcaceae,Streptococcus,Streptococcus salivarius,348.0,No,1,0.0016666666666666774,,0.0016666666666666774,20250920.0,0.1528666666666667,,0.1263,,0.055466666666666706,,0.028899999999999995,,0.1532,,23.25,,0.0167871914766445,,0.9969735105578938,,no_growth,0,0.0,0,0.0,1,,,,,,0.0437,,20250920,0.0449,uncertain,0.0433,uncertain,0.0437,uncertain,0.0443,uncertain,0.0434,uncertain,0.0434,uncertain,0.0432,uncertain,0.0433,uncertain,0.0429,uncertain,0.0435,uncertain,0.0426,uncertain,0.0462,uncertain,0.0426,uncertain,0.0452,uncertain,0.0423,uncertain,0.0422,uncertain,0.0429,uncertain,0.0421,uncertain,0.0449,uncertain,0.0432,uncertain
ASMA-1074,Bacteria,Bacillota,Bacilli,Lactobacillales,Streptococcaceae,Streptococcus,Streptococcus salivarius,348.0,No,,,,,,,,,,,,,,,,,,,,,,,,,,,,,,,,,,,,,,,,,,,,,,,,,,,,,,,,,,,,,,,,,,,,,,,,,,,
ASMA-1075,Bacteria,Bacillota,Bacilli,Lactobacillales,Streptococcaceae,Streptococcus,Streptococcus salivarius,396.0,No,1,0.03596666666666658,,0.03596666666666658,20250920.0,0.1428666666666667,,0.1485666666666667,,0.04776666666666669,,0.053466666666666704,,0.1503333333333333,,33.0,,0.010380045801318794,,0.9959771201728193,,no_growth,0,0.0,0,0.0,1,,,,,,0.0469,,20250920,0.0472,uncertain,0.0471,uncertain,0.0469,uncertain,0.0455,uncertain,0.0469,uncertain,0.0458,uncertain,0.0473,uncertain,0.046,uncertain,0.0486,uncertain,0.046,uncertain,0.0454,uncertain,0.0455,uncertain,0.0465,uncertain,0.0469,uncertain,0.047,uncertain,0.0452,uncertain,0.0469,uncertain,0.0472,uncertain,0.0498,uncertain,0.0467,uncertain
ASMA-1076,Bacteria,Bacillota,Bacilli,Lactobacillales,Streptococcaceae,Streptococcus,Streptococcus salivarius,348.0,Yes,,,,,,,,,,,,,,,,,,,,,,,,,,,,,,,,,,,,,,,,,,,,,,,,,,,,,,,,,,,,,,,,,,,,,,,,,,,
ASMA-1077,Fungi,Saccharomycetes,Ascomycota,Saccharomycetales,Debaryomycetaceae,Candida,Candida albicans,,,,,,,,,,,,,,,,,,,,,,,,,,,,,,,,,,,,,,,,,,,,,,,,,,,,,,,,,,,,,,,,,,,,,,,,,,,,,
ASMA-1078,Fungi,Saccharomycetes,Ascomycota,Saccharomycetales,Debaryomycetaceae,Candida,Candida albicans,,,,,,,,,,,,,,,,,,,,,,,,,,,,,,,,,,,,,,,,,,,,,,,,,,,,,,,,,,,,,,,,,,,,,,,,,,,,,
ASMA-1079,Bacteria,Bacillota,Bacilli,Lactobacillales,Streptococcaceae,Streptococcus,Streptococcus mutans,397.0,No,1,0.0021999999999999936,,0.0021999999999999936,20251006.0,0.0912,,0.09,,-0.0022999999999999965,,-0.003500000000000003,,0.0935,,0.0,,,,,,no_growth,0,0.0,0,0.0,0,,,,,,0.0447,,20251006,0.0444,uncertain,0.0451,uncertain,0.0452,uncertain,0.044,uncertain,0.0442,uncertain,0.0432,uncertain,0.0446,uncertain,0.0721,uncertain,0.0439,uncertain,0.0438,uncertain,0.0444,uncertain,0.0444,uncertain,0.0445,uncertain,0.0446,uncertain,0.0453,uncertain,0.0449,uncertain,0.0444,uncertain,0.0433,uncertain,0.098,uncertain,0.0458,uncertain
ASMA-108,Fungi,Saccharomycetes,Ascomycota,Saccharomycetales,Debaryomycetaceae,Candida,Candida albicans,,,,,,,,,,,,,,,,,,,,,,,,,,,,,,,,,,,,,,,,,,,,,,,,,,,,,,,,,,,,,,,,,,,,,,,,,,,,,
ASMA-1080,Bacteria,Bacillota,Bacilli,Lactobacillales,Streptococcaceae,Streptococcus,Streptococcus mutans,397.0,No,,,,,,,,,,,,,,,,,,,,,,,,,,,,,,,,,,,,,,,,,,,,,,,,,,,,,,,,,,,,,,,,,,,,,,,,,,,
ASMA-1081,Bacteria,Bacillota,Bacilli,Staphylococcales,Gemellaceae,Gemella,Gemella sanguinis,446.0,No,,,,,,,,,,,,,,,,,,,,,,,,,,,,,,,,,,,,,,,,,,,,,,,,,,,,,,,,,,,,,,,,,,,,,,,,,,,
ASMA-1082,Fungi,Saccharomycetes,Ascomycota,Saccharomycetales,Debaryomycetaceae,Candida,Candida albicans,,,,,,,,,,,,,,,,,,,,,,,,,,,,,,,,,,,,,,,,,,,,,,,,,,,,,,,,,,,,,,,,,,,,,,,,,,,,,
ASMA-1083,Bacteria,Actinomycetota,Actinomycetes,Micrococcales,Micrococcaceae,Rothia,Rothia sp001808955,209.0,Yes,1,0.012566666666666615,,0.012566666666666615,20250920.0,0.1059333333333333,,0.1091666666666667,,0.003599999999999992,,0.0068333333333333995,,0.1114,,41.5,,0.014745182914275798,,0.9945155598415937,,no_growth,0,0.0,0,0.0,1,,,,,,0.0525,,20250920,0.0787,uncertain,0.0552,uncertain,0.052,uncertain,0.053,uncertain,0.0529,uncertain,0.0487,uncertain,0.0607,uncertain,0.0509,uncertain,0.052,uncertain,0.0534,uncertain,0.0514,uncertain,0.0501,uncertain,0.052,uncertain,0.053,uncertain,0.0511,uncertain,0.0517,uncertain,0.0518,uncertain,0.0609,uncertain,0.0568,uncertain,0.0541,uncertain
ASMA-1084,Bacteria,Actinomycetota,Actinomycetes,Micrococcales,Micrococcaceae,Rothia,Rothia sp001808955,209.0,No,4,0.0432,0.032307068370043546,0.08490000000000002,20251017.0,0.12955,0.037430513399275375,0.12985000000000002,0.03743594529326059,0.024949999999999996,0.029518186484493475,0.02525,0.029478862483707433,0.13755,0.047320502955906965,24.1875,14.138268104686656,0.023335209092890937,0.011232332870343007,0.9855861326776861,0.008490814467752784,no_growth,0,0.0,0,0.0,3,3,-38.628726978860946,7.746964211932055,20251017,none,0.05566666666666667,0.002254624876411446,20251017,0.0701,uncertain,0.05,uncertain,0.04773333333333333,uncertain,0.05065,uncertain,0.04925,uncertain,0.049100000000000005,uncertain,0.05963333333333333,uncertain,0.05135,uncertain,0.059616666666666665,uncertain,0.05486666666666666,uncertain,0.05641666666666667,uncertain,0.053066666666666665,uncertain,0.054966666666666664,utilizes,0.05626666666666667,utilizes,0.05558333333333333,utilizes,0.05676666666666667,utilizes,0.05601666666666666,utilizes,0.07121666666666666,utilizes,0.06568333333333334,utilizes,0.059616666666666665,utilizes
ASMA-1085,Bacteria,Bacillota,Bacilli,Paenibacillales,Paenibacillaceae,Paenibacillus,Paenibacillus lactis,4.0,Yes,4,0.04202499999999999,0.01118224038375137,0.056499999999999995,20251010.0,0.6733,0.3816253747678037,0.8044166666666667,0.46948688657583043,0.5636333333333334,0.3759493671582208,0.69475,0.46390332685449315,0.8051583333333333,0.46980903951617525,47.5,0.7071067811865471,0.06616247525883884,0.045635622053574514,0.9941869734581761,0.009413291274647016,no_growth,3,75.0,3,75.0,4,3,1.5609714601675886,12.849122957789364,20251010,none,0.04586666666666667,0.00011547005383792445,20251010,0.0977,utilizes,0.045616666666666666,uncertain,0.046016666666666664,uncertain,0.04546666666666666,uncertain,0.04525,uncertain,0.04506666666666667,uncertain,0.045283333333333335,uncertain,0.04615,utilizes,0.04586666666666667,uncertain,0.045366666666666666,uncertain,0.045616666666666666,uncertain,0.045366666666666666,uncertain,0.045316666666666665,uncertain,0.0457,uncertain,0.04506666666666667,uncertain,0.04505,uncertain,0.045083333333333336,uncertain,0.04513333333333333,uncertain,0.0504,utilizes,0.04475,uncertain
ASMA-1086,Bacteria,Bacillota,Bacilli,Staphylococcales,Gemellaceae,Gemella,Gemella sanguinis,446.0,No,,,,,,,,,,,,,,,,,,,,,,,,,,,,,,,,,,,,,,,,,,,,,,,,,,,,,,,,,,,,,,,,,,,,,,,,,,,
ASMA-1087,Bacteria,Bacillota,Bacilli,Staphylococcales,Gemellaceae,Gemella,Gemella sanguinis,446.0,No,,,,,,,,,,,,,,,,,,,,,,,,,,,,,,,,,,,,,,,,,,,,,,,,,,,,,,,,,,,,,,,,,,,,,,,,,,,
ASMA-1088,Bacteria,Bacillota,Bacilli,Lactobacillales,Streptococcaceae,Streptococcus,Streptococcus salivarius,396.0,Yes,1,0.0031999999999999945,,0.0031999999999999945,20251006.0,0.0934,,0.0929,,-0.000800000000000009,,-0.0013000000000000095,,0.0948,,3.25,,,,,,no_growth,0,0.0,0,0.0,0,,,,,,0.0446,,20251006,0.0434,uncertain,0.0433,uncertain,0.045,uncertain,0.0433,uncertain,0.0432,uncertain,0.0436,uncertain,0.0437,uncertain,0.0433,uncertain,0.0432,uncertain,0.043,uncertain,0.0434,uncertain,0.0436,uncertain,0.0435,uncertain,0.0444,uncertain,0.0438,uncertain,0.0441,uncertain,0.0438,uncertain,0.0441,uncertain,0.0674,uncertain,0.0452,uncertain
ASMA-1089,Bacteria,Bacillota,Bacilli,Lactobacillales,Streptococcaceae,Streptococcus,Streptococcus salivarius,396.0,No,,,,,,,,,,,,,,,,,,,,,,,,,,,,,,,,,,,,,,,,,,,,,,,,,,,,,,,,,,,,,,,,,,,,,,,,,,,
ASMA-109,Fungi,Saccharomycetes,Ascomycota,Saccharomycetales,Debaryomycetaceae,Candida,Candida albicans,,,,,,,,,,,,,,,,,,,,,,,,,,,,,,,,,,,,,,,,,,,,,,,,,,,,,,,,,,,,,,,,,,,,,,,,,,,,,
ASMA-1090,Fungi,Saccharomycetes,Ascomycota,Saccharomycetales,Debaryomycetaceae,Candida,Candida albicans,,,,,,,,,,,,,,,,,,,,,,,,,,,,,,,,,,,,,,,,,,,,,,,,,,,,,,,,,,,,,,,,,,,,,,,,,,,,,
ASMA-1091,Fungi,Saccharomycetes,Ascomycota,Saccharomycetales,Debaryomycetaceae,Candida,Candida albicans,,,,,,,,,,,,,,,,,,,,,,,,,,,,,,,,,,,,,,,,,,,,,,,,,,,,,,,,,,,,,,,,,,,,,,,,,,,,,
ASMA-1092,Bacteria,Bacillota,Bacilli,Lactobacillales,Streptococcaceae,Streptococcus,Streptococcus mutans,397.0,No,,,,,,,,,,,,,,,,,,,,,,,,,,,,,,,,,,,,,,,,,,,,,,,,,,,,,,,,,,,,,,,,,,,,,,,,,,,
ASMA-1093,Fungi,Saccharomycetes,Ascomycota,Saccharomycetales,Debaryomycetaceae,Candida,Candida albicans,,,,,,,,,,,,,,,,,,,,,,,,,,,,,,,,,,,,,,,,,,,,,,,,,,,,,,,,,,,,,,,,,,,,,,,,,,,,,
ASMA-1094,Fungi,Saccharomycetes,Ascomycota,Saccharomycetales,Debaryomycetaceae,Candida,Candida albicans,,,,,,,,,,,,,,,,,,,,,,,,,,,,,,,,,,,,,,,,,,,,,,,,,,,,,,,,,,,,,,,,,,,,,,,,,,,,,
ASMA-1095,Bacteria,Bacillota,Bacilli,Staphylococcales,Gemellaceae,Gemella,Gemella sanguinis,446.0,No,1,0.003500000000000003,,0.003500000000000003,20251006.0,0.0978,,0.0973,,-0.002799999999999997,,-0.0032999999999999974,,0.1006,,0.0,,,,,,no_growth,0,0.0,0,0.0,0,,,,,,0.0437,,20251006,0.0483,uncertain,0.0432,uncertain,0.0443,uncertain,0.0431,uncertain,0.0431,uncertain,0.0429,uncertain,0.0431,uncertain,0.0431,uncertain,0.0435,uncertain,0.043,uncertain,0.0443,uncertain,0.0438,uncertain,0.0435,uncertain,0.0441,uncertain,0.0428,uncertain,0.0425,uncertain,0.0428,uncertain,0.0427,uncertain,0.1366,uncertain,0.0435,uncertain
ASMA-1096,Bacteria,Bacillota,Bacilli,Staphylococcales,Gemellaceae,Gemella,Gemella sanguinis,446.0,No,,,,,,,,,,,,,,,,,,,,,,,,,,,,,,,,,,,,,,,,,,,,,,,,,,,,,,,,,,,,,,,,,,,,,,,,,,,
ASMA-1097,Bacteria,Bacillota,Bacilli,Staphylococcales,Gemellaceae,Gemella,Gemella sanguinis,446.0,Yes,1,0.05523333333333329,,0.05523333333333329,20250920.0,0.1036333333333333,,0.1026,,0.005733333333333299,,0.004699999999999996,,0.1061,,27.25,,0.006861171332363934,,0.9946494098590378,,poor,0,0.0,0,0.0,1,,,,,,0.0452,,20250920,0.0458,uncertain,0.0475,uncertain,0.0479,uncertain,0.0458,uncertain,0.0456,uncertain,0.046,uncertain,0.0457,uncertain,0.045,uncertain,0.0458,uncertain,0.0462,uncertain,0.0458,uncertain,0.0447,uncertain,0.0456,uncertain,0.046,uncertain,0.0455,uncertain,0.0457,uncertain,0.0458,uncertain,0.0461,uncertain,0.0471,uncertain,0.0459,uncertain
ASMA-1098,Bacteria,Bacillota,Bacilli,Staphylococcales,Gemellaceae,Gemella,Gemella sanguinis,446.0,No,,,,,,,,,,,,,,,,,,,,,,,,,,,,,,,,,,,,,,,,,,,,,,,,,,,,,,,,,,,,,,,,,,,,,,,,,,,
ASMA-1099,Bacteria,Bacillota,Bacilli,Lactobacillales,Streptococcaceae,Streptococcus,Streptococcus mutans,397.0,No,1,0.004199999999999995,,0.004199999999999995,20250920.0,0.1253666666666667,,0.121,,0.018533333333333415,,0.014166666666666702,,0.136,,5.25,,0.10173384959667088,,0.9913986975868715,,no_growth,0,0.0,0,0.0,1,,,,,,0.0437,,20250920,0.0465,uncertain,0.0434,uncertain,0.0436,uncertain,0.0477,uncertain,0.0433,uncertain,0.045,uncertain,0.043,uncertain,0.0437,uncertain,0.0432,uncertain,0.0435,uncertain,0.0428,uncertain,0.0441,uncertain,0.0446,uncertain,0.0447,uncertain,0.0422,uncertain,0.0447,uncertain,0.0427,uncertain,0.0435,uncertain,0.0482,uncertain,0.0454,uncertain
ASMA-11,Bacteria,Pseudomonadota,Gammaproteobacteria,Pseudomonadales,Pseudomonadaceae,Pseudomonas,Pseudomonas aeruginosa,536.0,No,,,,,,,,,,,,,,,,,,,,,,,,,,,,,,,,,,,,,,,,,,,,,,,,,,,,,,,,,,,,,,,,,,,,,,,,,,,
ASMA-110,Fungi,Saccharomycetes,Ascomycota,Saccharomycetales,Debaryomycetaceae,Candida,Candida albicans,,,,,,,,,,,,,,,,,,,,,,,,,,,,,,,,,,,,,,,,,,,,,,,,,,,,,,,,,,,,,,,,,,,,,,,,,,,,,
ASMA-1100,Bacteria,Bacillota,Bacilli,Lactobacillales,Streptococcaceae,Streptococcus,Streptococcus mutans,397.0,Yes,1,0.020199999999999996,,0.020199999999999996,20251111.0,0.094,,0.0937,,-0.0014000000000000123,,-0.001700000000000007,,0.09675,,4.25,,,,,,no_growth,0,0.0,0,0.0,0,1,17.187699374760754,,20251111,none,,,,,,,,,,,,,,,,,,,,,,,,,,,,,,,,,,,,,,,,,,,
ASMA-1101,Bacteria,Actinomycetota,Actinomycetes,Micrococcales,Micrococcaceae,Rothia,Rothia mucilaginosa,349.0,No,1,0.009833333333333305,,0.009833333333333305,20250920.0,0.9133333333333334,,0.7918,,0.7996000000000001,,0.6780666666666666,,0.9133333333333334,,24.0,,0.11999745067533973,,0.9995602929190223,,no_growth,1,100.0,1,100.0,1,,,,,,0.0562,,20250920,0.0889,uncertain,0.0552,uncertain,0.0563,uncertain,0.0557,uncertain,0.0546,uncertain,0.055,uncertain,0.056,uncertain,0.0561,uncertain,0.0556,uncertain,0.0554,uncertain,0.0545,uncertain,0.0569,uncertain,0.0554,uncertain,0.0568,uncertain,0.0538,uncertain,0.0519,uncertain,0.0545,uncertain,0.0545,uncertain,0.0956,uncertain,0.0544,uncertain
ASMA-1102,Bacteria,Actinomycetota,Actinomycetes,Micrococcales,Micrococcaceae,Rothia,Rothia mucilaginosa,5.0,Yes,1,0.004566666666666608,,0.004566666666666608,20250920.0,0.09196666666666665,,0.09196666666666668,,-0.0018666666666666692,,-0.0018666666666666415,,0.09383333333333332,,0.0,,,,,,no_growth,0,0.0,0,0.0,0,,,,,,0.0516,,20250920,0.0628,uncertain,0.053,uncertain,0.0529,uncertain,0.0524,uncertain,0.0521,uncertain,0.0521,uncertain,0.0525,uncertain,0.0522,uncertain,0.0528,uncertain,0.0529,uncertain,0.053,uncertain,0.0525,uncertain,0.053,uncertain,0.0545,uncertain,0.0523,uncertain,0.051,uncertain,0.0524,uncertain,0.0519,uncertain,0.0794,uncertain,0.0507,uncertain
ASMA-1103,Bacteria,Pseudomonadota,Gammaproteobacteria,Pseudomonadales,Pseudomonadaceae,Pseudomonas,Pseudomonas aeruginosa,506.0,No,,,,,,,,,,,,,,,,,,,,,,,,,,,,,,,,,,,,,,,,,,,,,,,,,,,,,,,,,,,,,,,,,,,,,,,,,,,
ASMA-1104,Bacteria,Actinomycetota,Actinomycetes,Micrococcales,Micrococcaceae,Rothia,Rothia mucilaginosa,349.0,No,,,,,,,,,,,,,,,,,,,,,,,,,,,,,,,,,,,,,,,,,,,,,,,,,,,,,,,,,,,,,,,,,,,,,,,,,,,
ASMA-1105,Bacteria,Actinomycetota,Actinomycetes,Micrococcales,Micrococcaceae,Rothia,Rothia mucilaginosa,349.0,Yes,,,,,,,,,,,,,,,,,,,,,,,,,,,,,,,,,,,,,,,,,,,,,,,,,,,,,,,,,,,,,,,,,,,,,,,,,,,
ASMA-1106,Bacteria,Pseudomonadota,Gammaproteobacteria,Pseudomonadales,Pseudomonadaceae,Pseudomonas,Pseudomonas aeruginosa,506.0,No,,,,,,,,,,,,,,,,,,,,,,,,,,,,,,,,,,,,,,,,,,,,,,,,,,,,,,,,,,,,,,,,,,,,,,,,,,,
ASMA-1107,Bacteria,Bacillota,Bacilli,Lactobacillales,Enterococcaceae,Enterococcus,Enterococcus faecalis,515.0,No,,,,,,,,,,,,,,,,,,,,,,,,,,,,,,,,,,,,,,,,,,,,,,,,,,,,,,,,,,,,,,,,,,,,,,,,,,,
ASMA-1108,Bacteria,Bacillota,Bacilli,Lactobacillales,Enterococcaceae,Enterococcus,Enterococcus faecalis,515.0,No,,,,,,,,,,,,,,,,,,,,,,,,,,,,,,,,,,,,,,,,,,,,,,,,,,,,,,,,,,,,,,,,,,,,,,,,,,,
ASMA-1109,Bacteria,Bacillota,Bacilli,Lactobacillales,Enterococcaceae,Enterococcus,Enterococcus faecalis,515.0,No,,,,,,,,,,,,,,,,,,,,,,,,,,,,,,,,,,,,,,,,,,,,,,,,,,,,,,,,,,,,,,,,,,,,,,,,,,,
ASMA-111,Fungi,Saccharomycetes,Ascomycota,Saccharomycetales,Debaryomycetaceae,Candida,Candida albicans,,,,,,,,,,,,,,,,,,,,,,,,,,,,,,,,,,,,,,,,,,,,,,,,,,,,,,,,,,,,,,,,,,,,,,,,,,,,,
ASMA-1110,Bacteria,Bacillota,Bacilli,Lactobacillales,Enterococcaceae,Enterococcus,Enterococcus faecalis,515.0,No,,,,,,,,,,,,,,,,,,,,,,,,,,,,,,,,,,,,,,,,,,,,,,,,,,,,,,,,,,,,,,,,,,,,,,,,,,,
ASMA-1111,Bacteria,Bacillota,Bacilli,Lactobacillales,Enterococcaceae,Enterococcus,Enterococcus faecalis,515.0,No,,,,,,,,,,,,,,,,,,,,,,,,,,,,,,,,,,,,,,,,,,,,,,,,,,,,,,,,,,,,,,,,,,,,,,,,,,,
ASMA-1112,Bacteria,Pseudomonadota,Gammaproteobacteria,Enterobacterales,Enterobacteriaceae,Escherichia,Escherichia coli,489.0,No,,,,,,,,,,,,,,,,,,,,,,,,,,,,,,,,,,,,,,,,,,,,,,,,,,,,,,,,,,,,,,,,,,,,,,,,,,,
ASMA-1113,Bacteria,Pseudomonadota,Gammaproteobacteria,Enterobacterales,Enterobacteriaceae,Escherichia,Escherichia coli,489.0,No,,,,,,,,,,,,,,,,,,,,,,,,,,,,,,,,,,,,,,,,,,,,,,,,,,,,,,,,,,,,,,,,,,,,,,,,,,,
ASMA-1114,Bacteria,Pseudomonadota,Gammaproteobacteria,Enterobacterales,Enterobacteriaceae,Escherichia,Escherichia coli,489.0,No,,,,,,,,,,,,,,,,,,,,,,,,,,,,,,,,,,,,,,,,,,,,,,,,,,,,,,,,,,,,,,,,,,,,,,,,,,,
ASMA-1115,Bacteria,Pseudomonadota,Gammaproteobacteria,Enterobacterales,Enterobacteriaceae,Escherichia,Escherichia coli,489.0,No,,,,,,,,,,,,,,,,,,,,,,,,,,,,,,,,,,,,,,,,,,,,,,,,,,,,,,,,,,,,,,,,,,,,,,,,,,,
ASMA-1116,Bacteria,Pseudomonadota,Gammaproteobacteria,Enterobacterales,Enterobacteriaceae,Escherichia,Escherichia coli,489.0,No,,,,,,,,,,,,,,,,,,,,,,,,,,,,,,,,,,,,,,,,,,,,,,,,,,,,,,,,,,,,,,,,,,,,,,,,,,,
ASMA-1117,Bacteria,Pseudomonadota,Gammaproteobacteria,Enterobacterales,Enterobacteriaceae,Escherichia,Escherichia coli,489.0,Yes,,,,,,,,,,,,,,,,,,,,,,,,,,,,,,,,,,,,,,,,,,,,,,,,,,,,,,,,,,,,,,,,,,,,,,,,,,,
ASMA-1118,Bacteria,Pseudomonadota,Gammaproteobacteria,Enterobacterales,Enterobacteriaceae,Escherichia,Escherichia coli,489.0,No,,,,,,,,,,,,,,,,,,,,,,,,,,,,,,,,,,,,,,,,,,,,,,,,,,,,,,,,,,,,,,,,,,,,,,,,,,,
ASMA-1119,Bacteria,Actinomycetota,Actinomycetes,Micrococcales,Micrococcaceae,Rothia,Rothia mucilaginosa,349.0,No,,,,,,,,,,,,,,,,,,,,,,,,,,,,,,,,,,,,,,,,,,,,,,,,,,,,,,,,,,,,,,,,,,,,,,,,,,,
ASMA-112,Fungi,Saccharomycetes,Ascomycota,Saccharomycetales,Debaryomycetaceae,Candida,Candida albicans,,,,,,,,,,,,,,,,,,,,,,,,,,,,,,,,,,,,,,,,,,,,,,,,,,,,,,,,,,,,,,,,,,,,,,,,,,,,,
ASMA-1120,Bacteria,Pseudomonadota,Gammaproteobacteria,Burkholderiales,Alcaligenaceae,Achromobacter,Achromobacter xylosoxidans,531.0,No,,,,,,,,,,,,,,,,,,,,,,,,,,,,,,,,,,,,,,,,,,,,,,,,,,,,,,,,,,,,,,,,,,,,,,,,,,,
ASMA-1121,Bacteria,Pseudomonadota,Gammaproteobacteria,Burkholderiales,Alcaligenaceae,Achromobacter,Achromobacter xylosoxidans,531.0,No,,,,,,,,,,,,,,,,,,,,,,,,,,,,,,,,,,,,,,,,,,,,,,,,,,,,,,,,,,,,,,,,,,,,,,,,,,,
ASMA-1123,Bacteria,Pseudomonadota,Gammaproteobacteria,Enterobacterales,Enterobacteriaceae,Escherichia,Escherichia coli,489.0,No,,,,,,,,,,,,,,,,,,,,,,,,,,,,,,,,,,,,,,,,,,,,,,,,,,,,,,,,,,,,,,,,,,,,,,,,,,,
ASMA-1124,Bacteria,Pseudomonadota,Gammaproteobacteria,Enterobacterales,Enterobacteriaceae,Escherichia,Escherichia coli,489.0,No,,,,,,,,,,,,,,,,,,,,,,,,,,,,,,,,,,,,,,,,,,,,,,,,,,,,,,,,,,,,,,,,,,,,,,,,,,,
ASMA-1125,Bacteria,Bacillota,Bacilli,Lactobacillales,Enterococcaceae,Enterococcus,Enterococcus faecalis,515.0,No,1,0.002599999999999991,,0.002599999999999991,20251006.0,0.1106,,0.1086,,0.011800000000000005,,0.009800000000000003,,0.1108,,24.75,,0.017213526982989235,,0.9935597063153514,,no_growth,0,0.0,0,0.0,1,,,,,,0.0443,,20251006,0.0445,uncertain,0.0444,uncertain,0.044,uncertain,0.0438,uncertain,0.0439,uncertain,0.0437,uncertain,0.0444,uncertain,0.046,uncertain,0.0472,uncertain,0.0453,uncertain,0.0448,uncertain,0.0453,uncertain,0.0445,uncertain,0.0468,uncertain,0.045,uncertain,0.0445,uncertain,0.0442,uncertain,0.0444,uncertain,0.1593,uncertain,0.0473,uncertain
ASMA-1126,Bacteria,Bacillota,Bacilli,Lactobacillales,Lactobacillaceae,Lacticaseibacillus,Lacticaseibacillus paracasei,210.0,No,1,0.0015999999999999903,,0.0015999999999999903,20250920.0,0.3396333333333333,,0.3966666666666667,,0.24403333333333327,,0.3010666666666667,,0.3966666666666667,,48.0,,0.036416807099375406,,0.9994834186189256,,no_growth,1,100.0,1,100.0,1,,,,,,0.0425,,20250920,0.0452,uncertain,0.0434,uncertain,0.043,uncertain,0.0433,uncertain,0.0432,uncertain,0.0439,uncertain,0.0426,uncertain,0.0432,uncertain,0.0449,uncertain,0.0439,uncertain,0.0463,uncertain,0.0436,uncertain,0.0441,uncertain,0.0441,uncertain,0.0427,uncertain,0.0424,uncertain,0.0425,uncertain,0.0427,uncertain,0.0445,uncertain,0.0437,uncertain
ASMA-1127,Bacteria,Bacillota,Bacilli,Lactobacillales,Lactobacillaceae,Lacticaseibacillus,Lacticaseibacillus paracasei,210.0,Yes,,,,,,,,,,,,,,,,,,,,,,,,,,,,,,,,,,,,,,,,,,,,,,,,,,,,,,,,,,,,,,,,,,,,,,,,,,,
ASMA-1128,Bacteria,Bacillota,Bacilli,Lactobacillales,Enterococcaceae,Enterococcus,Enterococcus faecalis,515.0,No,,,,,,,,,,,,,,,,,,,,,,,,,,,,,,,,,,,,,,,,,,,,,,,,,,,,,,,,,,,,,,,,,,,,,,,,,,,
ASMA-1129,Bacteria,Bacillota,Bacilli,Lactobacillales,Enterococcaceae,Enterococcus,Enterococcus faecalis,515.0,No,,,,,,,,,,,,,,,,,,,,,,,,,,,,,,,,,,,,,,,,,,,,,,,,,,,,,,,,,,,,,,,,,,,,,,,,,,,
ASMA-113,Fungi,Saccharomycetes,Ascomycota,Saccharomycetales,Debaryomycetaceae,Candida,Candida albicans,,,,,,,,,,,,,,,,,,,,,,,,,,,,,,,,,,,,,,,,,,,,,,,,,,,,,,,,,,,,,,,,,,,,,,,,,,,,,
ASMA-1130,Bacteria,Bacillota,Bacilli,Lactobacillales,Enterococcaceae,Enterococcus,Enterococcus faecalis,515.0,No,,,,,,,,,,,,,,,,,,,,,,,,,,,,,,,,,,,,,,,,,,,,,,,,,,,,,,,,,,,,,,,,,,,,,,,,,,,
ASMA-1131,Bacteria,Bacillota,Bacilli,Lactobacillales,Enterococcaceae,Enterococcus,Enterococcus faecalis,515.0,Yes,,,,,,,,,,,,,,,,,,,,,,,,,,,,,,,,,,,,,,,,,,,,,,,,,,,,,,,,,,,,,,,,,,,,,,,,,,,
ASMA-1132,Bacteria,Bacillota,Bacilli,Lactobacillales,Enterococcaceae,Enterococcus,Enterococcus faecalis,515.0,No,,,,,,,,,,,,,,,,,,,,,,,,,,,,,,,,,,,,,,,,,,,,,,,,,,,,,,,,,,,,,,,,,,,,,,,,,,,
ASMA-1133,Bacteria,Bacillota,Bacilli,Lactobacillales,Enterococcaceae,Enterococcus,Enterococcus faecalis,515.0,No,,,,,,,,,,,,,,,,,,,,,,,,,,,,,,,,,,,,,,,,,,,,,,,,,,,,,,,,,,,,,,,,,,,,,,,,,,,
ASMA-1134,Bacteria,Bacillota,Bacilli,Lactobacillales,Enterococcaceae,Enterococcus,Enterococcus faecalis,515.0,No,,,,,,,,,,,,,,,,,,,,,,,,,,,,,,,,,,,,,,,,,,,,,,,,,,,,,,,,,,,,,,,,,,,,,,,,,,,
ASMA-1135,Bacteria,Bacillota,Bacilli,Lactobacillales,Enterococcaceae,Enterococcus,Enterococcus faecalis,515.0,No,,,,,,,,,,,,,,,,,,,,,,,,,,,,,,,,,,,,,,,,,,,,,,,,,,,,,,,,,,,,,,,,,,,,,,,,,,,
ASMA-1136,Fungi,Saccharomycetes,Ascomycota,Saccharomycetales,Debaryomycetaceae,Candida,Candida albicans,,,,,,,,,,,,,,,,,,,,,,,,,,,,,,,,,,,,,,,,,,,,,,,,,,,,,,,,,,,,,,,,,,,,,,,,,,,,,
ASMA-1137,Bacteria,Bacillota,Bacilli,Lactobacillales,Lactobacillaceae,Limosilactobacillus,Limosilactobacillus fermentum,6.0,Yes,1,0.0010333333333333306,,0.0010333333333333306,20250929.0,0.0948,,0.09450000000000001,,-0.000733333333333322,,-0.0010333333333333028,,0.09603333333333335,,12.5,,,,,,no_growth,0,0.0,0,0.0,0,,,,,,0.0451,,20250929,0.043,uncertain,0.0485,uncertain,0.0437,uncertain,0.0431,uncertain,0.0431,uncertain,0.0427,uncertain,0.0424,uncertain,0.0424,uncertain,0.0424,uncertain,0.0427,uncertain,0.0422,uncertain,0.0426,uncertain,0.042,uncertain,0.0431,uncertain,0.0445,uncertain,0.0421,uncertain,0.0421,uncertain,0.0425,uncertain,0.0431,uncertain,0.0426,uncertain
ASMA-1138,Bacteria,Bacillota,Bacilli,Lactobacillales,Enterococcaceae,Enterococcus,Enterococcus faecalis,515.0,No,,,,,,,,,,,,,,,,,,,,,,,,,,,,,,,,,,,,,,,,,,,,,,,,,,,,,,,,,,,,,,,,,,,,,,,,,,,
ASMA-1139,Bacteria,Pseudomonadota,Gammaproteobacteria,Pseudomonadales,Pseudomonadaceae,Pseudomonas,Pseudomonas aeruginosa,506.0,No,,,,,,,,,,,,,,,,,,,,,,,,,,,,,,,,,,,,,,,,,,,,,,,,,,,,,,,,,,,,,,,,,,,,,,,,,,,
ASMA-114,Fungi,Saccharomycetes,Ascomycota,Saccharomycetales,Debaryomycetaceae,Candida,Candida albicans,,,,,,,,,,,,,,,,,,,,,,,,,,,,,,,,,,,,,,,,,,,,,,,,,,,,,,,,,,,,,,,,,,,,,,,,,,,,,
ASMA-1140,Bacteria,Pseudomonadota,Gammaproteobacteria,Pseudomonadales,Pseudomonadaceae,Pseudomonas,Pseudomonas aeruginosa,506.0,No,,,,,,,,,,,,,,,,,,,,,,,,,,,,,,,,,,,,,,,,,,,,,,,,,,,,,,,,,,,,,,,,,,,,,,,,,,,
ASMA-1141,Bacteria,Pseudomonadota,Gammaproteobacteria,Pseudomonadales,Pseudomonadaceae,Pseudomonas,Pseudomonas aeruginosa,506.0,No,,,,,,,,,,,,,,,,,,,,,,,,,,,,,,,,,,,,,,,,,,,,,,,,,,,,,,,,,,,,,,,,,,,,,,,,,,,
ASMA-1142,Bacteria,Pseudomonadota,Gammaproteobacteria,Pseudomonadales,Pseudomonadaceae,Pseudomonas,Pseudomonas aeruginosa,506.0,No,,,,,,,,,,,,,,,,,,,,,,,,,,,,,,,,,,,,,,,,,,,,,,,,,,,,,,,,,,,,,,,,,,,,,,,,,,,
ASMA-1143,Bacteria,Pseudomonadota,Gammaproteobacteria,Pseudomonadales,Pseudomonadaceae,Pseudomonas,Pseudomonas aeruginosa,506.0,Yes,,,,,,,,,,,,,,,,,,,,,,,,,,,,,,,,,,,,,,,,,,,,,,,,,,,,,,,,,,,,,,,,,,,,,,,,,,,
ASMA-1144,Bacteria,Pseudomonadota,Gammaproteobacteria,Pseudomonadales,Pseudomonadaceae,Pseudomonas,Pseudomonas aeruginosa,506.0,No,,,,,,,,,,,,,,,,,,,,,,,,,,,,,,,,,,,,,,,,,,,,,,,,,,,,,,,,,,,,,,,,,,,,,,,,,,,
ASMA-1145,Bacteria,Pseudomonadota,Gammaproteobacteria,Burkholderiales,Alcaligenaceae,Achromobacter,Achromobacter xylosoxidans,531.0,No,,,,,,,,,,,,,,,,,,,,,,,,,,,,,,,,,,,,,,,,,,,,,,,,,,,,,,,,,,,,,,,,,,,,,,,,,,,
ASMA-1146,Fungi,Saccharomycetes,Ascomycota,Saccharomycetales,Debaryomycetaceae,Candida,Candida albicans,,,,,,,,,,,,,,,,,,,,,,,,,,,,,,,,,,,,,,,,,,,,,,,,,,,,,,,,,,,,,,,,,,,,,,,,,,,,,
ASMA-1147,Bacteria,Bacillota,Bacilli,Lactobacillales,Enterococcaceae,Enterococcus,Enterococcus faecalis,515.0,No,,,,,,,,,,,,,,,,,,,,,,,,,,,,,,,,,,,,,,,,,,,,,,,,,,,,,,,,,,,,,,,,,,,,,,,,,,,
ASMA-1148,Bacteria,Bacillota,Bacilli,Lactobacillales,Enterococcaceae,Enterococcus,Enterococcus faecalis,515.0,No,1,0.009366666666666662,,0.009366666666666662,20250920.0,0.3825,,0.3109,,0.2783,,0.2067,,0.3907666666666667,,19.75,,0.16794914326189758,,0.9997990257472412,,no_growth,1,100.0,1,100.0,1,,,,,,0.0457,,20250920,0.0461,uncertain,0.0456,uncertain,0.047,uncertain,0.0446,uncertain,0.0458,uncertain,0.043,uncertain,0.0469,uncertain,0.0449,uncertain,0.0477,uncertain,0.0442,uncertain,0.0455,uncertain,0.0455,uncertain,0.0459,uncertain,0.0467,uncertain,0.0453,uncertain,0.046,uncertain,0.0459,uncertain,0.0457,uncertain,0.047,uncertain,0.0446,uncertain
ASMA-1149,Bacteria,Pseudomonadota,Gammaproteobacteria,Burkholderiales,Alcaligenaceae,Achromobacter,Achromobacter xylosoxidans,531.0,No,,,,,,,,,,,,,,,,,,,,,,,,,,,,,,,,,,,,,,,,,,,,,,,,,,,,,,,,,,,,,,,,,,,,,,,,,,,
ASMA-115,Fungi,Saccharomycetes,Ascomycota,Saccharomycetales,Debaryomycetaceae,Candida,Candida albicans,,,,,,,,,,,,,,,,,,,,,,,,,,,,,,,,,,,,,,,,,,,,,,,,,,,,,,,,,,,,,,,,,,,,,,,,,,,,,
ASMA-1150,Bacteria,Bacillota,Bacilli,Lactobacillales,Enterococcaceae,Enterococcus,Enterococcus faecalis,515.0,No,,,,,,,,,,,,,,,,,,,,,,,,,,,,,,,,,,,,,,,,,,,,,,,,,,,,,,,,,,,,,,,,,,,,,,,,,,,
ASMA-1151,Bacteria,Pseudomonadota,Gammaproteobacteria,Enterobacterales,Enterobacteriaceae,Escherichia,Escherichia coli,489.0,No,,,,,,,,,,,,,,,,,,,,,,,,,,,,,,,,,,,,,,,,,,,,,,,,,,,,,,,,,,,,,,,,,,,,,,,,,,,
ASMA-1152,Bacteria,Pseudomonadota,Gammaproteobacteria,Enterobacterales,Enterobacteriaceae,Escherichia,Escherichia coli,489.0,No,,,,,,,,,,,,,,,,,,,,,,,,,,,,,,,,,,,,,,,,,,,,,,,,,,,,,,,,,,,,,,,,,,,,,,,,,,,
ASMA-1153,Bacteria,Pseudomonadota,Gammaproteobacteria,Enterobacterales,Enterobacteriaceae,Escherichia,Escherichia coli,489.0,No,4,0.894475,0.08240863122270627,0.97,20251010.0,0.32503333333333334,0.24607074411866017,0.21905000000000002,0.1273707056848892,0.196475,0.21102584952243808,0.09049166666666668,0.09247201528630762,0.34615833333333335,0.2321220614006538,13.0625,10.98744548716094,0.06477906571555377,0.06207458068527707,0.9896724304248121,0.013839301462790814,robust,2,50.0,2,50.0,4,3,66.96865297094978,17.31287932565246,20251010,strong,0.08066666666666666,0.004051337227796933,20251010,0.05893333333333334,uncertain,0.29546666666666666,utilizes,0.13333333333333336,utilizes,0.10246666666666666,utilizes,0.16975,utilizes,0.09989999999999999,uncertain,0.173,utilizes,0.07255,uncertain,0.07041666666666667,uncertain,0.0809,uncertain,0.3025833333333333,utilizes,0.14116666666666666,utilizes,0.06726666666666666,uncertain,0.09016666666666667,uncertain,0.0675,uncertain,0.06911666666666666,uncertain,0.08071666666666666,uncertain,0.10066666666666667,utilizes,0.10276666666666667,uncertain,0.07088333333333333,uncertain
ASMA-1154,Bacteria,Pseudomonadota,Gammaproteobacteria,Enterobacterales,Enterobacteriaceae,Escherichia,Escherichia coli,489.0,No,,,,,,,,,,,,,,,,,,,,,,,,,,,,,,,,,,,,,,,,,,,,,,,,,,,,,,,,,,,,,,,,,,,,,,,,,,,
ASMA-1155,Bacteria,Pseudomonadota,Gammaproteobacteria,Enterobacterales,Enterobacteriaceae,Escherichia,Escherichia coli,489.0,No,,,,,,,,,,,,,,,,,,,,,,,,,,,,,,,,,,,,,,,,,,,,,,,,,,,,,,,,,,,,,,,,,,,,,,,,,,,
ASMA-1157,Bacteria,Pseudomonadota,Gammaproteobacteria,Pseudomonadales,Pseudomonadaceae,Pseudomonas,Pseudomonas aeruginosa,506.0,No,,,,,,,,,,,,,,,,,,,,,,,,,,,,,,,,,,,,,,,,,,,,,,,,,,,,,,,,,,,,,,,,,,,,,,,,,,,
ASMA-1158,Bacteria,Pseudomonadota,Gammaproteobacteria,Pseudomonadales,Pseudomonadaceae,Pseudomonas,Pseudomonas aeruginosa,506.0,No,,,,,,,,,,,,,,,,,,,,,,,,,,,,,,,,,,,,,,,,,,,,,,,,,,,,,,,,,,,,,,,,,,,,,,,,,,,
ASMA-1159,Bacteria,Actinomycetota,Actinomycetes,Micrococcales,Micrococcaceae,Rothia,Rothia sp001808955,350.0,No,,,,,,,,,,,,,,,,,,,,,,,,,,,,,,,,,,,,,,,,,,,,,,,,,,,,,,,,,,,,,,,,,,,,,,,,,,,
ASMA-116,Fungi,Saccharomycetes,Ascomycota,Saccharomycetales,Debaryomycetaceae,Candida,Candida albicans,,,,,,,,,,,,,,,,,,,,,,,,,,,,,,,,,,,,,,,,,,,,,,,,,,,,,,,,,,,,,,,,,,,,,,,,,,,,,
ASMA-1161,Bacteria,Pseudomonadota,Gammaproteobacteria,Burkholderiales,Neisseriaceae,Neisseria,Neisseria flava,485.0,No,,,,,,,,,,,,,,,,,,,,,,,,,,,,,,,,,,,,,,,,,,,,,,,,,,,,,,,,,,,,,,,,,,,,,,,,,,,
ASMA-1162,Bacteria,Bacillota,Bacilli,Lactobacillales,Streptococcaceae,Streptococcus,Streptococcus salivarius_D,490.0,Yes,1,0.0021999999999999936,,0.0021999999999999936,20251006.0,0.1011,,0.0987,,0.004599999999999993,,0.0021999999999999936,,0.1019,,12.75,,0.010526807205732474,,0.986136483965923,,no_growth,0,0.0,0,0.0,1,,,,,,0.0437,,20251006,0.0496,uncertain,0.0434,uncertain,0.0444,uncertain,0.0444,uncertain,0.0438,uncertain,0.0444,uncertain,0.0439,uncertain,0.0443,uncertain,0.0433,uncertain,0.044,uncertain,0.0434,uncertain,0.0435,uncertain,0.0433,uncertain,0.0446,uncertain,0.0508,uncertain,0.0438,uncertain,0.043,uncertain,0.0443,uncertain,0.1019,uncertain,0.0444,uncertain
ASMA-1164,Bacteria,Bacillota,Bacilli,Lactobacillales,Streptococcaceae,Streptococcus,undetermined species,398.0,No,1,0.0020333333333333314,,0.0020333333333333314,20250920.0,0.09396666666666666,,0.0936,,-0.001600000000000018,,-0.001966666666666672,,0.09556666666666667,,0.0,,,,,,no_growth,0,0.0,0,0.0,0,,,,,,0.0434,,20250920,0.0441,uncertain,0.0428,uncertain,0.0436,uncertain,0.0436,uncertain,0.0425,uncertain,0.044,uncertain,0.0427,uncertain,0.0428,uncertain,0.043,uncertain,0.0427,uncertain,0.043,uncertain,0.0428,uncertain,0.0431,uncertain,0.0433,uncertain,0.0425,uncertain,0.0428,uncertain,0.043,uncertain,0.0428,uncertain,0.0826,uncertain,0.0431,uncertain
ASMA-1165,Bacteria,Bacillota,Bacilli,Lactobacillales,Streptococcaceae,Streptococcus,Streptococcus parasanguinis,501.0,No,,,,,,,,,,,,,,,,,,,,,,,,,,,,,,,,,,,,,,,,,,,,,,,,,,,,,,,,,,,,,,,,,,,,,,,,,,,
ASMA-1166,Bacteria,Bacillota,Bacilli,Lactobacillales,Streptococcaceae,Streptococcus,Streptococcus parasanguinis,501.0,No,,,,,,,,,,,,,,,,,,,,,,,,,,,,,,,,,,,,,,,,,,,,,,,,,,,,,,,,,,,,,,,,,,,,,,,,,,,
ASMA-1167,Bacteria,Bacillota,Bacilli,Staphylococcales,Gemellaceae,Gemella,undetermined species,7.0,Yes,1,0.0026666666666666644,,0.0026666666666666644,20250920.0,0.1240333333333333,,0.1177,,0.018933333333333302,,0.0126,,0.133,,11.0,,0.04911931566171811,,0.9959931977925621,,no_growth,0,0.0,0,0.0,1,,,,,,0.0465,,20250920,0.0447,uncertain,0.0458,uncertain,0.047,uncertain,0.0457,uncertain,0.0456,uncertain,0.0463,uncertain,0.0452,uncertain,0.0443,uncertain,0.045,uncertain,0.0451,uncertain,0.0451,uncertain,0.0469,uncertain,0.0454,uncertain,0.0458,uncertain,0.0457,uncertain,0.0463,uncertain,0.0457,uncertain,0.0451,uncertain,0.0505,uncertain,0.0453,uncertain
ASMA-1168,Bacteria,Actinomycetota,Actinomycetes,Micrococcales,Micrococcaceae,Rothia,Rothia dentocariosa,291.0,No,1,0.026966666666666694,,0.026966666666666694,20250920.0,0.09363333333333333,,0.09323333333333333,,-0.001899999999999985,,-0.0022999999999999826,,0.09553333333333332,,0.0,,,,,,no_growth,0,0.0,0,0.0,0,,,,,,0.0598,,20250920,0.071,uncertain,0.0676,uncertain,0.0606,uncertain,0.0597,uncertain,0.0582,uncertain,0.0622,uncertain,0.0639,uncertain,0.059,uncertain,0.0587,uncertain,0.0581,uncertain,0.0609,uncertain,0.0636,uncertain,0.0597,uncertain,0.0615,uncertain,0.0575,uncertain,0.0577,uncertain,0.0762,uncertain,0.0641,uncertain,0.0619,uncertain,0.0521,uncertain
ASMA-1169,Bacteria,Actinomycetota,Actinomycetes,Micrococcales,Micrococcaceae,Rothia,Rothia dentocariosa,291.0,No,,,,,,,,,,,,,,,,,,,,,,,,,,,,,,,,,,,,,,,,,,,,,,,,,,,,,,,,,,,,,,,,,,,,,,,,,,,
ASMA-117,Bacteria,Pseudomonadota,Gammaproteobacteria,Burkholderiales,Burkholderiaceae,Ralstonia,Ralstonia pickettii_B,399.0,No,4,0.5324583333333333,0.47545003505450845,0.9435,20251010.0,0.5185916666666667,0.22309830979488243,0.4859,0.13523172704657735,0.3998333333333334,0.21725004027617575,0.3671416666666666,0.12726496528459388,0.547375,0.21619400816550555,36.8125,7.835216972107409,0.08819945860847957,0.05041895700483623,0.9998482732632461,8.220049568173857e-05,robust,4,100.0,4,100.0,4,3,36.41699629960444,37.757577359375055,20251010,weak,0.06658333333333333,0.0091838626586711,20251010,0.09451666666666667,uncertain,0.12761666666666666,utilizes,0.06211666666666667,uncertain,0.10313333333333333,uncertain,0.0877,uncertain,0.06783333333333333,uncertain,0.11623333333333333,uncertain,0.0824,uncertain,0.12625,uncertain,0.11030000000000001,uncertain,0.2596833333333334,utilizes,0.23270000000000002,utilizes,0.10856666666666667,uncertain,0.14465,utilizes,0.06578333333333333,uncertain,0.16586666666666666,uncertain,0.06218333333333334,uncertain,0.1844666666666667,utilizes,0.20216666666666666,utilizes,0.05868333333333334,uncertain
ASMA-1170,Bacteria,Actinomycetota,Actinomycetes,Micrococcales,Micrococcaceae,Rothia,Rothia dentocariosa,8.0,Yes,1,0.02933333333333331,,0.02933333333333331,20250920.0,0.09376666666666666,,0.09313333333333333,,-0.0013000000000000095,,-0.0019333333333333425,,0.09506666666666667,,0.0,,,,,,no_growth,0,0.0,0,0.0,0,,,,,,0.0631,,20250920,0.0704,uncertain,0.0562,uncertain,0.0559,uncertain,0.0637,uncertain,0.0601,uncertain,0.0615,uncertain,0.0572,uncertain,0.0599,uncertain,0.0611,uncertain,0.0589,uncertain,0.0565,uncertain,0.0619,uncertain,0.0564,uncertain,0.0591,uncertain,0.0551,uncertain,0.0536,uncertain,0.0545,uncertain,0.064,uncertain,0.0822,uncertain,0.0571,uncertain
ASMA-1171,Bacteria,Actinomycetota,Actinomycetes,Micrococcales,Micrococcaceae,Rothia,Rothia dentocariosa,291.0,Yes,,,,,,,,,,,,,,,,,,,,,,,,,,,,,,,,,,,,,,,,,,,,,,,,,,,,,,,,,,,,,,,,,,,,,,,,,,,
ASMA-1172,Bacteria,Bacillota,Bacilli,Lactobacillales,Streptococcaceae,Streptococcus,Streptococcus vestibularis,,,,,,,,,,,,,,,,,,,,,,,,,,,,,,,,,,,,,,,,,,,,,,,,,,,,,,,,,,,,,,,,,,,,,,,,,,,,,
ASMA-1173,Fungi,Saccharomycetes,Ascomycota,Saccharomycetales,Debaryomycetaceae,Candida,Candida albicans,,,,,,,,,,,,,,,,,,,,,,,,,,,,,,,,,,,,,,,,,,,,,,,,,,,,,,,,,,,,,,,,,,,,,,,,,,,,,
ASMA-1174,Bacteria,Bacillota,Bacilli,Staphylococcales,Staphylococcaceae,Staphylococcus,Staphylococcus epidermidis,292.0,No,4,0.2894333333333334,0.13643670082984757,0.41919999999999996,20251010.0,0.5439833333333333,0.5155118222590912,0.5156583333333333,0.492454099665926,0.43803333333333333,0.506202978611896,0.40970833333333334,0.48304132357157376,0.5756583333333334,0.5462343679431222,19.375,19.860450649469158,0.10609856865873785,0.0867921830793166,0.9965317716131299,0.005652909908715648,robust,2,50.0,2,50.0,3,3,4.976394028327178,5.976428669554208,20251010,none,0.04496666666666667,0.0004163331998932279,20251010,0.04981666666666666,utilizes,0.049350000000000005,utilizes,0.046066666666666665,uncertain,0.044916666666666674,uncertain,0.052199999999999996,utilizes,0.0442,uncertain,0.0472,uncertain,0.04546666666666667,uncertain,0.0446,uncertain,0.050416666666666665,utilizes,0.0461,uncertain,0.047450000000000006,utilizes,0.04435,uncertain,0.0445,uncertain,0.04443333333333334,utilizes,0.04488333333333333,uncertain,0.04581666666666667,uncertain,0.04451666666666666,uncertain,0.05366666666666667,utilizes,0.04485,uncertain
ASMA-1175,Bacteria,Bacillota,Bacilli,Staphylococcales,Staphylococcaceae,Staphylococcus,Staphylococcus epidermidis,292.0,Yes,,,,,,,,,,,,,,,,,,,,,,,,,,,,,,,,,,,,,,,,,,,,,,,,,,,,,,,,,,,,,,,,,,,,,,,,,,,
ASMA-1176,Bacteria,Bacillota,Bacilli,Staphylococcales,Staphylococcaceae,Staphylococcus,Staphylococcus epidermidis,292.0,No,,,,,,,,,,,,,,,,,,,,,,,,,,,,,,,,,,,,,,,,,,,,,,,,,,,,,,,,,,,,,,,,,,,,,,,,,,,
ASMA-1177,Bacteria,Pseudomonadota,Gammaproteobacteria,Burkholderiales,Neisseriaceae,Neisseria,Neisseria flavescens_B,211.0,No,1,0.049399999999999986,,0.049399999999999986,20250929.0,0.1035,,0.1027,,0.005099999999999993,,0.004299999999999998,,0.1153333333333333,,15.0,,0.024599955444747166,,0.9773896595324805,,no_growth,0,0.0,0,0.0,1,,,,,,0.0443,,20250929,0.0456,uncertain,0.0487,uncertain,0.0457,uncertain,0.0448,uncertain,0.0446,uncertain,0.0447,uncertain,0.0577,uncertain,0.0437,uncertain,0.0445,uncertain,0.0447,uncertain,0.0447,uncertain,0.0476,uncertain,0.0441,uncertain,0.0445,uncertain,0.0441,uncertain,0.0432,uncertain,0.0442,uncertain,0.0436,uncertain,0.045,uncertain,0.0435,uncertain
ASMA-1178,Bacteria,Bacillota,Bacilli,Lactobacillales,Streptococcaceae,Streptococcus,Streptococcus salivarius,423.0,No,1,0.004766666666666655,,0.004766666666666655,20250920.0,0.1616333333333333,,0.1342333333333333,,0.05336666666666659,,0.025966666666666582,,0.1622333333333333,,26.0,,0.04011522061677695,,0.9964598642622953,,no_growth,0,0.0,0,0.0,1,,,,,,0.0436,,20250920,0.0452,uncertain,0.044,uncertain,0.0439,uncertain,0.0438,uncertain,0.0434,uncertain,0.0437,uncertain,0.0433,uncertain,0.0432,uncertain,0.0436,uncertain,0.0432,uncertain,0.0433,uncertain,0.0433,uncertain,0.0434,uncertain,0.044,uncertain,0.0423,uncertain,0.0423,uncertain,0.0434,uncertain,0.0424,uncertain,0.0457,uncertain,0.0441,uncertain
ASMA-118,Fungi,Saccharomycetes,Ascomycota,Saccharomycetales,Debaryomycetaceae,Candida,Candida albicans,,,,,,,,,,,,,,,,,,,,,,,,,,,,,,,,,,,,,,,,,,,,,,,,,,,,,,,,,,,,,,,,,,,,,,,,,,,,,
ASMA-1180,Bacteria,Pseudomonadota,Gammaproteobacteria,Burkholderiales,Neisseriaceae,Neisseria,Neisseria flavescens_B,211.0,Yes,1,0.0039000000000000007,,0.0039000000000000007,20251006.0,0.0928,,0.0925,,-0.0024000000000000132,,-0.002700000000000008,,0.0952,,0.0,,,,,,no_growth,0,0.0,0,0.0,0,,,,,,0.0458,,20251006,0.0461,uncertain,0.0457,uncertain,0.0468,uncertain,0.0463,uncertain,0.0469,uncertain,0.0459,uncertain,0.0485,uncertain,0.046,uncertain,0.0463,uncertain,0.0471,uncertain,0.0458,uncertain,0.0491,uncertain,0.0455,uncertain,0.0468,uncertain,0.0477,uncertain,0.0472,uncertain,0.0485,uncertain,0.0515,uncertain,0.0736,uncertain,0.0476,uncertain
ASMA-1181,Bacteria,Pseudomonadota,Gammaproteobacteria,Burkholderiales,Neisseriaceae,Neisseria,Neisseria flava,485.0,No,,,,,,,,,,,,,,,,,,,,,,,,,,,,,,,,,,,,,,,,,,,,,,,,,,,,,,,,,,,,,,,,,,,,,,,,,,,
ASMA-1182,Bacteria,Bacillota,Bacilli,Lactobacillales,Streptococcaceae,Streptococcus,Streptococcus parasanguinis,501.0,No,1,0.0021000000000000185,,0.0021000000000000185,20250920.0,0.2548333333333333,,0.2472,,0.1523,,0.14466666666666672,,0.2575,,26.0,,0.02395566235835841,,0.9940995858182036,,no_growth,1,100.0,1,100.0,1,,,,,,0.0445,,20250920,0.044,uncertain,0.044,uncertain,0.0443,uncertain,0.0438,uncertain,0.0438,uncertain,0.0433,uncertain,0.0433,uncertain,0.0441,uncertain,0.0426,uncertain,0.0433,uncertain,0.043,uncertain,0.0437,uncertain,0.043,uncertain,0.0444,uncertain,0.0427,uncertain,0.0429,uncertain,0.0428,uncertain,0.0428,uncertain,0.046,uncertain,0.0437,uncertain
ASMA-1184,Bacteria,Pseudomonadota,Gammaproteobacteria,Burkholderiales,Neisseriaceae,Neisseria,Neisseria flava,485.0,No,,,,,,,,,,,,,,,,,,,,,,,,,,,,,,,,,,,,,,,,,,,,,,,,,,,,,,,,,,,,,,,,,,,,,,,,,,,
ASMA-1185,Bacteria,Pseudomonadota,Gammaproteobacteria,Burkholderiales,Neisseriaceae,Neisseria,Neisseria flava,485.0,No,1,0.012799999999999992,,0.012799999999999992,20251006.0,0.0931,,0.092,,-0.0005000000000000004,,-0.0016000000000000042,,0.0953,,5.0,,,,,,no_growth,0,0.0,0,0.0,0,,,,,,0.0663,,20251006,0.0553,uncertain,0.0539,uncertain,0.0488,uncertain,0.0478,uncertain,0.0488,uncertain,0.0542,uncertain,0.0646,uncertain,0.0514,uncertain,0.0505,uncertain,0.0588,uncertain,0.0617,uncertain,0.058,uncertain,0.0466,uncertain,0.0763,uncertain,0.0521,uncertain,0.0496,uncertain,0.0507,uncertain,0.0491,uncertain,0.053,uncertain,0.0499,uncertain
ASMA-1186,Bacteria,Pseudomonadota,Gammaproteobacteria,Burkholderiales,Neisseriaceae,Neisseria,Neisseria flava,485.0,No,1,0.010799999999999976,,0.010799999999999976,20250920.0,0.1015333333333333,,0.1007666666666667,,0.006233333333333299,,0.005466666666666703,,0.1025,,11.0,,0.02570075158624775,,0.983831754817778,,no_growth,0,0.0,0,0.0,1,,,,,,0.0497,,20250920,0.0576,uncertain,0.0522,uncertain,0.0483,uncertain,0.047,uncertain,0.0495,uncertain,0.0482,uncertain,0.0634,uncertain,0.0509,uncertain,0.0521,uncertain,0.056,uncertain,0.0524,uncertain,0.0536,uncertain,0.0497,uncertain,0.0483,uncertain,0.048,uncertain,0.048,uncertain,0.0495,uncertain,0.0497,uncertain,0.0545,uncertain,0.0479,uncertain
ASMA-1187,Bacteria,Pseudomonadota,Gammaproteobacteria,Burkholderiales,Neisseriaceae,Neisseria,Neisseria flava,485.0,No,,,,,,,,,,,,,,,,,,,,,,,,,,,,,,,,,,,,,,,,,,,,,,,,,,,,,,,,,,,,,,,,,,,,,,,,,,,
ASMA-1188,Bacteria,Bacillota,Bacilli,Lactobacillales,Streptococcaceae,Streptococcus,Streptococcus parasanguinis,501.0,No,,,,,,,,,,,,,,,,,,,,,,,,,,,,,,,,,,,,,,,,,,,,,,,,,,,,,,,,,,,,,,,,,,,,,,,,,,,
ASMA-1189,Bacteria,Bacillota,Bacilli,Lactobacillales,Streptococcaceae,Streptococcus,Streptococcus salivarius_D,490.0,No,,,,,,,,,,,,,,,,,,,,,,,,,,,,,,,,,,,,,,,,,,,,,,,,,,,,,,,,,,,,,,,,,,,,,,,,,,,
ASMA-119,Fungi,Saccharomycetes,Ascomycota,Saccharomycetales,Debaryomycetaceae,Candida,Candida albicans,,,,,,,,,,,,,,,,,,,,,,,,,,,,,,,,,,,,,,,,,,,,,,,,,,,,,,,,,,,,,,,,,,,,,,,,,,,,,
ASMA-1190,Bacteria,Bacillota,Bacilli,Lactobacillales,Streptococcaceae,Streptococcus,Streptococcus parasanguinis,501.0,No,,,,,,,,,,,,,,,,,,,,,,,,,,,,,,,,,,,,,,,,,,,,,,,,,,,,,,,,,,,,,,,,,,,,,,,,,,,
ASMA-1191,Bacteria,Actinomycetota,Actinomycetes,Micrococcales,Micrococcaceae,Rothia,Rothia dentocariosa,212.0,No,1,0.027900000000000008,,0.027900000000000008,20250920.0,0.1075,,0.1046,,0.010099999999999998,,0.007199999999999998,,0.1096,,16.75,,0.025965901650682587,,0.9981704757004344,,no_growth,0,0.0,0,0.0,1,,,,,,0.0522,,20250920,0.0549,uncertain,0.0509,uncertain,0.0551,uncertain,0.055,uncertain,0.054,uncertain,0.0604,uncertain,0.055,uncertain,0.0539,uncertain,0.055,uncertain,0.0544,uncertain,0.0537,uncertain,0.0548,uncertain,0.0647,uncertain,0.0556,uncertain,0.053,uncertain,0.0519,uncertain,0.0543,uncertain,0.0545,uncertain,0.1232,uncertain,0.0479,uncertain
ASMA-1192,Bacteria,Bacillota,Bacilli,Lactobacillales,Streptococcaceae,Streptococcus,undetermined species,398.0,No,,,,,,,,,,,,,,,,,,,,,,,,,,,,,,,,,,,,,,,,,,,,,,,,,,,,,,,,,,,,,,,,,,,,,,,,,,,
ASMA-1193,Bacteria,Bacillota,Bacilli,Lactobacillales,Streptococcaceae,Streptococcus,undetermined species,398.0,No,,,,,,,,,,,,,,,,,,,,,,,,,,,,,,,,,,,,,,,,,,,,,,,,,,,,,,,,,,,,,,,,,,,,,,,,,,,
ASMA-1194,Bacteria,Bacillota,Bacilli,Lactobacillales,Streptococcaceae,Streptococcus,Streptococcus parasanguinis,501.0,No,,,,,,,,,,,,,,,,,,,,,,,,,,,,,,,,,,,,,,,,,,,,,,,,,,,,,,,,,,,,,,,,,,,,,,,,,,,
ASMA-1195,Bacteria,Actinomycetota,Actinomycetes,Micrococcales,Micrococcaceae,Rothia,Rothia sp001808955,350.0,No,,,,,,,,,,,,,,,,,,,,,,,,,,,,,,,,,,,,,,,,,,,,,,,,,,,,,,,,,,,,,,,,,,,,,,,,,,,
ASMA-1196,Bacteria,Bacillota,Bacilli,Lactobacillales,Streptococcaceae,Streptococcus,Streptococcus salivarius_D,490.0,No,,,,,,,,,,,,,,,,,,,,,,,,,,,,,,,,,,,,,,,,,,,,,,,,,,,,,,,,,,,,,,,,,,,,,,,,,,,
ASMA-1197,Bacteria,Actinomycetota,Actinomycetes,Micrococcales,Micrococcaceae,Rothia,Rothia sp001808955,350.0,Yes,1,0.054766666666666616,,0.054766666666666616,20250920.0,0.4054333333333333,,0.4782666666666667,,0.30579999999999996,,0.3786333333333333,,0.4786666666666666,,46.75,,0.01925085724002167,,0.9984091655067746,,poor,1,100.0,1,100.0,1,,,,,,0.0577,,20250920,0.1411,uncertain,0.0644,uncertain,0.0608,uncertain,0.0615,uncertain,0.0589,uncertain,0.0633,uncertain,0.0592,uncertain,0.0624,uncertain,0.0601,uncertain,0.061,uncertain,0.0609,uncertain,0.0565,uncertain,0.0559,uncertain,0.0608,uncertain,0.0605,uncertain,0.0593,uncertain,0.0567,uncertain,0.0741,uncertain,0.0617,uncertain,0.056,uncertain
ASMA-1198,Bacteria,Actinomycetota,Actinomycetes,Micrococcales,Micrococcaceae,Rothia,Rothia sp001808955,350.0,No,,,,,,,,,,,,,,,,,,,,,,,,,,,,,,,,,,,,,,,,,,,,,,,,,,,,,,,,,,,,,,,,,,,,,,,,,,,
ASMA-1199,Bacteria,Bacillota,Bacilli,Lactobacillales,Aerococcaceae,Granulicatella,Granulicatella sp916049935,,,,,,,,,,,,,,,,,,,,,,,,,,,,,,,,,,,,,,,,,,,,,,,,,,,,,,,,,,,,,,,,,,,,,,,,,,,,,
ASMA-12,Bacteria,Pseudomonadota,Gammaproteobacteria,Pseudomonadales,Pseudomonadaceae,Pseudomonas,Pseudomonas aeruginosa,536.0,No,,,,,,,,,,,,,,,,,,,,,,,,,,,,,,,,,,,,,,,,,,,,,,,,,,,,,,,,,,,,,,,,,,,,,,,,,,,
ASMA-120,Bacteria,Pseudomonadota,Gammaproteobacteria,Burkholderiales,Burkholderiaceae,Ralstonia,Ralstonia pickettii_B,399.0,No,,,,,,,,,,,,,,,,,,,,,,,,,,,,,,,,,,,,,,,,,,,,,,,,,,,,,,,,,,,,,,,,,,,,,,,,,,,
ASMA-1200,Bacteria,Bacillota,Bacilli,Lactobacillales,Streptococcaceae,Streptococcus,Streptococcus parasanguinis,501.0,No,,,,,,,,,,,,,,,,,,,,,,,,,,,,,,,,,,,,,,,,,,,,,,,,,,,,,,,,,,,,,,,,,,,,,,,,,,,
ASMA-1201,Bacteria,Bacillota,Bacilli,Lactobacillales,Streptococcaceae,Streptococcus,Streptococcus salivarius,423.0,No,,,,,,,,,,,,,,,,,,,,,,,,,,,,,,,,,,,,,,,,,,,,,,,,,,,,,,,,,,,,,,,,,,,,,,,,,,,
ASMA-1202,Bacteria,Bacillota,Bacilli,Lactobacillales,Streptococcaceae,Streptococcus,Streptococcus salivarius,423.0,No,,,,,,,,,,,,,,,,,,,,,,,,,,,,,,,,,,,,,,,,,,,,,,,,,,,,,,,,,,,,,,,,,,,,,,,,,,,
ASMA-1203,Bacteria,Bacillota,Bacilli,Brevibacillales,Brevibacillaceae,Brevibacillus,Brevibacillus agri,213.0,No,1,0.1558666666666667,,0.1558666666666667,20250920.0,0.4154666666666667,,0.4830666666666667,,0.3107,,0.37829999999999997,,0.4833666666666667,,46.75,,0.03277840920948502,,0.999600283799498,,normal,1,100.0,1,100.0,1,,,,,,0.0757,,20250920,0.0916,uncertain,0.0751,uncertain,0.0507,uncertain,0.0488,uncertain,0.1004,uncertain,0.0482,uncertain,0.0716,uncertain,0.0794,uncertain,0.0898,uncertain,0.1005,uncertain,0.1716,uncertain,0.1176,uncertain,0.0885,uncertain,0.0523,uncertain,0.0916,uncertain,0.1023,uncertain,0.1336,uncertain,0.0833,uncertain,0.05,uncertain,0.0593,uncertain
ASMA-1204,Fungi,Saccharomycetes,Ascomycota,Saccharomycetales,Debaryomycetaceae,Candida,Candida albicans,,,,,,,,,,,,,,,,,,,,,,,,,,,,,,,,,,,,,,,,,,,,,,,,,,,,,,,,,,,,,,,,,,,,,,,,,,,,,
ASMA-1205,Bacteria,Bacillota,Bacilli,Lactobacillales,Lactobacillaceae,Lacticaseibacillus,Lacticaseibacillus paracasei,293.0,No,2,0.005049999999999992,0.0038890872965260245,0.007800000000000001,20250929.0,0.0968,0.0038183766184073484,0.09568333333333334,0.002757716446627541,0.0023999999999999994,0.002687005768508879,0.0012833333333333377,0.0016263455967290667,0.09763333333333332,0.004525483399593891,14.25,10.253048327204938,0.020689430507601532,,0.987026875549156,,no_growth,0,0.0,0,0.0,1,,,,,,0.0466,,20250929,0.04745,uncertain,0.04695,uncertain,0.0465,uncertain,0.04745,uncertain,0.04625,uncertain,0.046950000000000006,uncertain,0.04685,uncertain,0.0458,uncertain,0.046950000000000006,uncertain,0.0461,uncertain,0.0469,uncertain,0.045399999999999996,uncertain,0.0466,uncertain,0.04685,uncertain,0.04895,uncertain,0.04565,uncertain,0.0461,uncertain,0.0467,uncertain,0.0485,uncertain,0.0461,uncertain
ASMA-1206,Bacteria,Bacillota,Bacilli,Staphylococcales,Staphylococcaceae,Staphylococcus,Staphylococcus epidermidis,521.0,No,1,0.009300000000000003,,0.009300000000000003,20250929.0,0.1026333333333333,,0.1048333333333333,,0.0030333333333332907,,0.005233333333333298,,0.1065333333333333,,32.0,,0.007597230237116692,,0.985198880798966,,no_growth,0,0.0,0,0.0,1,,,,,,0.0441,,20250929,0.0491,uncertain,0.0468,uncertain,0.0491,uncertain,0.0489,uncertain,0.0487,uncertain,0.0478,uncertain,0.0481,uncertain,0.0472,uncertain,0.0474,uncertain,0.0464,uncertain,0.0474,uncertain,0.0479,uncertain,0.0485,uncertain,0.0481,uncertain,0.0461,uncertain,0.0474,uncertain,0.0519,uncertain,0.0511,uncertain,0.0489,uncertain,0.0467,uncertain
ASMA-1207,Bacteria,Bacillota,Bacilli,Lactobacillales,Streptococcaceae,Streptococcus,Streptococcus agalactiae,351.0,No,1,0.005500000000000005,,0.005500000000000005,20251006.0,0.0921,,0.0922,,-0.0025000000000000022,,-0.0023999999999999994,,0.0946,,0.0,,,,,,no_growth,0,0.0,0,0.0,0,,,,,,0.045,,20251006,0.046,uncertain,0.0449,uncertain,0.0466,uncertain,0.0467,uncertain,0.0462,uncertain,0.0451,uncertain,0.0452,uncertain,0.0451,uncertain,0.0457,uncertain,0.0446,uncertain,0.0447,uncertain,0.0464,uncertain,0.0451,uncertain,0.0463,uncertain,0.0453,uncertain,0.0438,uncertain,0.0461,uncertain,0.0447,uncertain,0.1495,uncertain,0.0462,uncertain
ASMA-1208,Fungi,Saccharomycetes,Ascomycota,Saccharomycetales,Debaryomycetaceae,Candida,Candida albicans,,,,,,,,,,,,,,,,,,,,,,,,,,,,,,,,,,,,,,,,,,,,,,,,,,,,,,,,,,,,,,,,,,,,,,,,,,,,,
ASMA-1209,Bacteria,Bacillota,Bacilli,Lactobacillales,Streptococcaceae,Streptococcus,Streptococcus agalactiae,351.0,No,,,,,,,,,,,,,,,,,,,,,,,,,,,,,,,,,,,,,,,,,,,,,,,,,,,,,,,,,,,,,,,,,,,,,,,,,,,
ASMA-121,Fungi,Saccharomycetes,Ascomycota,Saccharomycetales,Debaryomycetaceae,Candida,Candida albicans,,,,,,,,,,,,,,,,,,,,,,,,,,,,,,,,,,,,,,,,,,,,,,,,,,,,,,,,,,,,,,,,,,,,,,,,,,,,,
ASMA-1210,Bacteria,Bacillota,Bacilli,Lactobacillales,Streptococcaceae,Streptococcus,Streptococcus salivarius_D,490.0,No,1,0.007199999999999998,,0.007199999999999998,20250920.0,0.9112333333333332,,0.6994666666666666,,0.7821999999999999,,0.5704333333333332,,0.9184,,26.0,,0.0678745183820056,,0.9997077798812872,,no_growth,1,100.0,1,100.0,1,,,,,,0.0456,,20250920,0.0461,uncertain,0.0458,uncertain,0.0458,uncertain,0.0464,uncertain,0.0454,uncertain,0.0451,uncertain,0.0447,uncertain,0.0449,uncertain,0.0448,uncertain,0.0437,uncertain,0.0454,uncertain,0.0457,uncertain,0.0457,uncertain,0.0456,uncertain,0.0451,uncertain,0.0452,uncertain,0.0465,uncertain,0.0579,uncertain,0.0472,uncertain,0.046,uncertain
ASMA-1211,Bacteria,Bacillota,Bacilli,Staphylococcales,Staphylococcaceae,Staphylococcus,Staphylococcus epidermidis,521.0,No,,,,,,,,,,,,,,,,,,,,,,,,,,,,,,,,,,,,,,,,,,,,,,,,,,,,,,,,,,,,,,,,,,,,,,,,,,,
ASMA-1212,Bacteria,Bacillota,Bacilli,Lactobacillales,Streptococcaceae,Streptococcus,Streptococcus sp001072385,9.0,Yes,1,0.0017666666666666803,,0.0017666666666666803,20250929.0,0.2719666666666666,,0.3122,,0.13069999999999987,,0.17093333333333327,,0.3122,,48.0,,0.03586927261844805,,0.9998931393541607,,no_growth,1,100.0,1,100.0,1,,,,,,0.0462,,20250929,0.0499,uncertain,0.0461,uncertain,0.0458,uncertain,0.0449,uncertain,0.0469,uncertain,0.0458,uncertain,0.0463,uncertain,0.0465,uncertain,0.0463,uncertain,0.0456,uncertain,0.047,uncertain,0.046,uncertain,0.0462,uncertain,0.0461,uncertain,0.0469,uncertain,0.0453,uncertain,0.0461,uncertain,0.0454,uncertain,0.0465,uncertain,0.0452,uncertain
ASMA-1213,Bacteria,Bacillota,Bacilli,Lactobacillales,Streptococcaceae,Streptococcus,Streptococcus agalactiae,351.0,No,,,,,,,,,,,,,,,,,,,,,,,,,,,,,,,,,,,,,,,,,,,,,,,,,,,,,,,,,,,,,,,,,,,,,,,,,,,
ASMA-1214,Bacteria,Bacillota,Bacilli,Lactobacillales,Lactobacillaceae,Lacticaseibacillus,Lacticaseibacillus rhamnosus,528.0,No,1,0.0010000000000000009,,0.0010000000000000009,20250929.0,0.09563333333333333,,0.0944,,0.0008666666666666684,,-0.0003666666666666679,,0.09600000000000002,,20.5,,,,,,no_growth,0,0.0,0,0.0,0,,,,,,0.0457,,20250929,0.0467,uncertain,0.0473,uncertain,0.0462,uncertain,0.0455,uncertain,0.0449,uncertain,0.045,uncertain,0.0455,uncertain,0.0468,uncertain,0.0462,uncertain,0.0454,uncertain,0.0456,uncertain,0.046,uncertain,0.0462,uncertain,0.0465,uncertain,0.0457,uncertain,0.0446,uncertain,0.045,uncertain,0.0452,uncertain,0.0467,uncertain,0.045,uncertain
ASMA-1215,Bacteria,Bacillota,Bacilli,Lactobacillales,Aerococcaceae,Granulicatella,Granulicatella sp916049935,,,,,,,,,,,,,,,,,,,,,,,,,,,,,,,,,,,,,,,,,,,,,,,,,,,,,,,,,,,,,,,,,,,,,,,,,,,,,
ASMA-1216,Bacteria,Bacillota,Bacilli,Lactobacillales,Lactobacillaceae,Limosilactobacillus,Limosilactobacillus fermentum,400.0,No,1,0.0020000000000000018,,0.0020000000000000018,20250920.0,0.1041333333333333,,0.1037333333333333,,0.00666666666666664,,0.006266666666666643,,0.1101,,13.5,,0.043773619595975886,,0.9927339445560872,,no_growth,0,0.0,0,0.0,1,,,,,,0.0478,,20250920,0.0439,uncertain,0.0439,uncertain,0.0453,uncertain,0.0435,uncertain,0.0435,uncertain,0.0435,uncertain,0.0434,uncertain,0.044,uncertain,0.0438,uncertain,0.0443,uncertain,0.0444,uncertain,0.0449,uncertain,0.044,uncertain,0.0458,uncertain,0.0444,uncertain,0.0436,uncertain,0.044,uncertain,0.0431,uncertain,0.0448,uncertain,0.0437,uncertain
ASMA-1217,Bacteria,Bacillota,Bacilli,Lactobacillales,Lactobacillaceae,Limosilactobacillus,Limosilactobacillus fermentum,400.0,Yes,1,0.0029000000000000137,,0.0029000000000000137,20251006.0,0.1526,,0.1479,,0.05220000000000001,,0.0475,,0.1564,,15.25,,0.03442491409686149,,0.9962323220201105,,no_growth,0,0.0,0,0.0,1,,,,,,0.0447,,20251006,0.0475,uncertain,0.0448,uncertain,0.052,uncertain,0.0444,uncertain,0.0446,uncertain,0.0447,uncertain,0.0438,uncertain,0.0443,uncertain,0.0448,uncertain,0.0447,uncertain,0.0447,uncertain,0.0447,uncertain,0.0447,uncertain,0.0451,uncertain,0.0438,uncertain,0.0435,uncertain,0.0435,uncertain,0.0439,uncertain,0.0451,uncertain,0.0444,uncertain
ASMA-1218,Bacteria,Bacillota,Bacilli,Lactobacillales,Streptococcaceae,Streptococcus,Streptococcus agalactiae,351.0,Yes,1,0.013200000000000003,,0.013200000000000003,20250920.0,0.3098333333333333,,0.3616,,0.18853333333333328,,0.24029999999999996,,0.3616,,47.5,,0.06263919467093776,,0.9999044988098285,,no_growth,1,100.0,1,100.0,1,,,,,,0.0444,,20250920,0.0451,uncertain,0.0454,uncertain,0.045,uncertain,0.0446,uncertain,0.0459,uncertain,0.0458,uncertain,0.0458,uncertain,0.0456,uncertain,0.0464,uncertain,0.0456,uncertain,0.0461,uncertain,0.0458,uncertain,0.0456,uncertain,0.0466,uncertain,0.0456,uncertain,0.0453,uncertain,0.0458,uncertain,0.0453,uncertain,0.0456,uncertain,0.0439,uncertain
ASMA-1219,Bacteria,Pseudomonadota,Gammaproteobacteria,Burkholderiales,Neisseriaceae,Neisseria,Neisseria flava,485.0,No,,,,,,,,,,,,,,,,,,,,,,,,,,,,,,,,,,,,,,,,,,,,,,,,,,,,,,,,,,,,,,,,,,,,,,,,,,,
ASMA-122,Bacteria,Pseudomonadota,Gammaproteobacteria,Burkholderiales,Burkholderiaceae,Ralstonia,Ralstonia pickettii_B,399.0,Yes,,,,,,,,,,,,,,,,,,,,,,,,,,,,,,,,,,,,,,,,,,,,,,,,,,,,,,,,,,,,,,,,,,,,,,,,,,,
ASMA-1220,Bacteria,Pseudomonadota,Gammaproteobacteria,Burkholderiales,Neisseriaceae,Neisseria,Neisseria flava,485.0,No,,,,,,,,,,,,,,,,,,,,,,,,,,,,,,,,,,,,,,,,,,,,,,,,,,,,,,,,,,,,,,,,,,,,,,,,,,,
ASMA-1221,Bacteria,Pseudomonadota,Gammaproteobacteria,Burkholderiales,Neisseriaceae,Neisseria,Neisseria flava,485.0,No,,,,,,,,,,,,,,,,,,,,,,,,,,,,,,,,,,,,,,,,,,,,,,,,,,,,,,,,,,,,,,,,,,,,,,,,,,,
ASMA-1222,Bacteria,Pseudomonadota,Gammaproteobacteria,Burkholderiales,Neisseriaceae,Neisseria,Neisseria flava,485.0,No,,,,,,,,,,,,,,,,,,,,,,,,,,,,,,,,,,,,,,,,,,,,,,,,,,,,,,,,,,,,,,,,,,,,,,,,,,,
ASMA-1223,Bacteria,Pseudomonadota,Gammaproteobacteria,Burkholderiales,Neisseriaceae,Neisseria,Neisseria flava,485.0,No,,,,,,,,,,,,,,,,,,,,,,,,,,,,,,,,,,,,,,,,,,,,,,,,,,,,,,,,,,,,,,,,,,,,,,,,,,,
ASMA-1224,Bacteria,Pseudomonadota,Gammaproteobacteria,Burkholderiales,Neisseriaceae,Neisseria,Neisseria flava,485.0,Yes,,,,,,,,,,,,,,,,,,,,,,,,,,,,,,,,,,,,,,,,,,,,,,,,,,,,,,,,,,,,,,,,,,,,,,,,,,,
ASMA-1225,Bacteria,Bacillota,Bacilli,Lactobacillales,Streptococcaceae,Streptococcus,Streptococcus sp001556435,401.0,No,1,0.006033333333333307,,0.006033333333333307,20250920.0,0.0938,,0.09346666666666666,,-0.001166666666666663,,-0.0015000000000000013,,0.09496666666666666,,0.0,,,,,,no_growth,0,0.0,0,0.0,0,,,,,,0.0439,,20250920,0.0445,uncertain,0.0448,uncertain,0.0444,uncertain,0.0436,uncertain,0.0443,uncertain,0.0446,uncertain,0.0438,uncertain,0.0443,uncertain,0.0444,uncertain,0.0438,uncertain,0.0444,uncertain,0.0434,uncertain,0.0445,uncertain,0.0454,uncertain,0.0449,uncertain,0.0432,uncertain,0.0442,uncertain,0.0438,uncertain,0.044,uncertain,0.043,uncertain
ASMA-1226,Bacteria,Bacillota,Bacilli,Lactobacillales,Streptococcaceae,Streptococcus,Streptococcus salivarius_D,490.0,No,,,,,,,,,,,,,,,,,,,,,,,,,,,,,,,,,,,,,,,,,,,,,,,,,,,,,,,,,,,,,,,,,,,,,,,,,,,
ASMA-1227,Bacteria,Bacillota,Bacilli,Lactobacillales,Streptococcaceae,Streptococcus,Streptococcus salivarius,423.0,No,1,0.0032999999999999974,,0.0032999999999999974,20251006.0,0.3518,,0.2076,,0.2343,,0.09010000000000001,,0.4134,,28.75,,0.17119285065509315,,0.9996860209286689,,no_growth,1,100.0,0,0.0,1,,,,,,0.0449,,20251006,0.0447,uncertain,0.0441,uncertain,0.0459,uncertain,0.0443,uncertain,0.0448,uncertain,0.045,uncertain,0.0444,uncertain,0.0438,uncertain,0.0444,uncertain,0.0442,uncertain,0.0443,uncertain,0.0439,uncertain,0.0445,uncertain,0.0443,uncertain,0.0449,uncertain,0.0439,uncertain,0.0436,uncertain,0.0438,uncertain,0.0865,uncertain,0.0448,uncertain
ASMA-1228,Bacteria,Bacillota,Bacilli,Lactobacillales,Streptococcaceae,Streptococcus,Streptococcus sp001556435,10.0,Yes,1,0.013099999999999987,,0.013099999999999987,20250920.0,0.3765666666666667,,0.3251333333333333,,0.26330000000000003,,0.2118666666666666,,0.3787,,23.25,,0.04513799656955858,,0.9998872632437493,,no_growth,1,100.0,1,100.0,1,,,,,,0.0462,,20250920,0.045,uncertain,0.0448,uncertain,0.0441,uncertain,0.0439,uncertain,0.0446,uncertain,0.0448,uncertain,0.0442,uncertain,0.0446,uncertain,0.0448,uncertain,0.0448,uncertain,0.0445,uncertain,0.0442,uncertain,0.0443,uncertain,0.0453,uncertain,0.0432,uncertain,0.0439,uncertain,0.0445,uncertain,0.0446,uncertain,0.0445,uncertain,0.0426,uncertain
ASMA-1229,Bacteria,Bacillota,Bacilli,Lactobacillales,Streptococcaceae,Streptococcus,undetermined species,398.0,Yes,,,,,,,,,,,,,,,,,,,,,,,,,,,,,,,,,,,,,,,,,,,,,,,,,,,,,,,,,,,,,,,,,,,,,,,,,,,
ASMA-123,Fungi,Saccharomycetes,Ascomycota,Saccharomycetales,Debaryomycetaceae,Candida,Candida albicans,,,,,,,,,,,,,,,,,,,,,,,,,,,,,,,,,,,,,,,,,,,,,,,,,,,,,,,,,,,,,,,,,,,,,,,,,,,,,
ASMA-1230,Bacteria,Bacillota,Bacilli,Lactobacillales,Streptococcaceae,Streptococcus,Streptococcus salivarius,,,1,0.006449999999999997,,0.006449999999999997,20251111.0,0.2186,,0.17055,,0.09514999999999998,,0.0471,,0.2225,,21.75,,0.06878005515707877,,0.9998377561105528,,no_growth,0,0.0,0,0.0,1,1,25.8900089319893,,20251111,weak,,,,,,,,,,,,,,,,,,,,,,,,,,,,,,,,,,,,,,,,,,,
ASMA-1231,Bacteria,Bacillota,Bacilli,Lactobacillales,Streptococcaceae,Streptococcus,Streptococcus parasanguinis,501.0,No,,,,,,,,,,,,,,,,,,,,,,,,,,,,,,,,,,,,,,,,,,,,,,,,,,,,,,,,,,,,,,,,,,,,,,,,,,,
ASMA-1232,Bacteria,Bacillota,Bacilli,Lactobacillales,Streptococcaceae,Streptococcus,Streptococcus parasanguinis,501.0,No,,,,,,,,,,,,,,,,,,,,,,,,,,,,,,,,,,,,,,,,,,,,,,,,,,,,,,,,,,,,,,,,,,,,,,,,,,,
ASMA-1233,Bacteria,Bacillota,Bacilli,Lactobacillales,Streptococcaceae,Streptococcus,Streptococcus parasanguinis,501.0,No,,,,,,,,,,,,,,,,,,,,,,,,,,,,,,,,,,,,,,,,,,,,,,,,,,,,,,,,,,,,,,,,,,,,,,,,,,,
ASMA-1234,Bacteria,Bacillota,Bacilli,Lactobacillales,Streptococcaceae,Streptococcus,Streptococcus parasanguinis,501.0,No,1,0.002799999999999997,,0.002799999999999997,20251006.0,0.4834,,0.2905,,0.3648,,0.1719,,0.6058,,21.0,,0.028728960750534924,,0.9997147403204817,,no_growth,1,100.0,1,100.0,1,,,,,,0.0446,,20251006,0.044,uncertain,0.0446,uncertain,0.0457,uncertain,0.045,uncertain,0.0447,uncertain,0.0441,uncertain,0.0445,uncertain,0.0437,uncertain,0.0446,uncertain,0.044,uncertain,0.044,uncertain,0.0434,uncertain,0.0443,uncertain,0.0442,uncertain,0.0444,uncertain,0.0433,uncertain,0.0438,uncertain,0.0475,uncertain,0.4211,uncertain,0.044,uncertain
ASMA-1235,Bacteria,Bacillota,Bacilli,Lactobacillales,Streptococcaceae,Streptococcus,Streptococcus parasanguinis,501.0,No,,,,,,,,,,,,,,,,,,,,,,,,,,,,,,,,,,,,,,,,,,,,,,,,,,,,,,,,,,,,,,,,,,,,,,,,,,,
ASMA-1237,Bacteria,Bacillota,Bacilli,Lactobacillales,Streptococcaceae,Streptococcus,Streptococcus parasanguinis,501.0,Yes,,,,,,,,,,,,,,,,,,,,,,,,,,,,,,,,,,,,,,,,,,,,,,,,,,,,,,,,,,,,,,,,,,,,,,,,,,,
ASMA-1238,Bacteria,Bacillota,Bacilli,Staphylococcales,Staphylococcaceae,Staphylococcus,Staphylococcus epidermidis,502.0,No,,,,,,,,,,,,,,,,,,,,,,,,,,,,,,,,,,,,,,,,,,,,,,,,,,,,,,,,,,,,,,,,,,,,,,,,,,,
ASMA-1239,Bacteria,Bacillota,Bacilli,Staphylococcales,Staphylococcaceae,Staphylococcus,Staphylococcus epidermidis,502.0,No,,,,,,,,,,,,,,,,,,,,,,,,,,,,,,,,,,,,,,,,,,,,,,,,,,,,,,,,,,,,,,,,,,,,,,,,,,,
ASMA-124,Fungi,Saccharomycetes,Ascomycota,Saccharomycetales,Debaryomycetaceae,Candida,Candida albicans,,,,,,,,,,,,,,,,,,,,,,,,,,,,,,,,,,,,,,,,,,,,,,,,,,,,,,,,,,,,,,,,,,,,,,,,,,,,,
ASMA-1240,Bacteria,Bacillota,Bacilli,Staphylococcales,Staphylococcaceae,Staphylococcus,Staphylococcus epidermidis,502.0,No,1,0.05600000000000001,,0.05600000000000001,20251006.0,0.0907,,0.0901,,-0.001899999999999999,,-0.0025000000000000022,,0.0926,,0.0,,,,,,poor,0,0.0,0,0.0,0,,,,,,0.0439,,20251006,0.0444,uncertain,0.0437,uncertain,0.0445,uncertain,0.0432,uncertain,0.0438,uncertain,0.0435,uncertain,0.0437,uncertain,0.0436,uncertain,0.0438,uncertain,0.044,uncertain,0.0439,uncertain,0.0439,uncertain,0.0443,uncertain,0.0445,uncertain,0.0444,uncertain,0.0434,uncertain,0.0438,uncertain,0.0435,uncertain,0.045,uncertain,0.044,uncertain
ASMA-1241,Bacteria,Bacillota,Bacilli,Staphylococcales,Staphylococcaceae,Staphylococcus,Staphylococcus epidermidis,502.0,No,,,,,,,,,,,,,,,,,,,,,,,,,,,,,,,,,,,,,,,,,,,,,,,,,,,,,,,,,,,,,,,,,,,,,,,,,,,
ASMA-1242,Bacteria,Bacillota,Bacilli,Staphylococcales,Staphylococcaceae,Staphylococcus,Staphylococcus haemolyticus,529.0,No,1,0.266,,0.266,20250920.0,0.09419999999999999,,0.09449999999999999,,-0.0020333333333333453,,-0.0017333333333333506,,0.1224333333333333,,21.25,,0.020459849582748657,,0.9924197358726514,,robust,0,0.0,0,0.0,1,,,,,,0.0539,,20250920,0.1086,uncertain,0.169,uncertain,0.0602,uncertain,0.0598,uncertain,0.0951,uncertain,0.0611,uncertain,0.1159,uncertain,0.0546,uncertain,0.0561,uncertain,0.1022,uncertain,0.0885,uncertain,0.1038,uncertain,0.1048,uncertain,0.059,uncertain,0.0545,uncertain,0.0554,uncertain,0.0634,uncertain,0.0964,uncertain,0.0523,uncertain,0.0569,uncertain
ASMA-1243,Bacteria,Bacillota,Bacilli,Staphylococcales,Staphylococcaceae,Staphylococcus,Staphylococcus haemolyticus,529.0,No,,,,,,,,,,,,,,,,,,,,,,,,,,,,,,,,,,,,,,,,,,,,,,,,,,,,,,,,,,,,,,,,,,,,,,,,,,,
ASMA-1244,Bacteria,Bacillota,Bacilli,Staphylococcales,Staphylococcaceae,Staphylococcus,Staphylococcus haemolyticus,529.0,No,,,,,,,,,,,,,,,,,,,,,,,,,,,,,,,,,,,,,,,,,,,,,,,,,,,,,,,,,,,,,,,,,,,,,,,,,,,
ASMA-1245,Bacteria,Bacillota,Bacilli,Staphylococcales,Staphylococcaceae,Staphylococcus,Staphylococcus haemolyticus,529.0,No,,,,,,,,,,,,,,,,,,,,,,,,,,,,,,,,,,,,,,,,,,,,,,,,,,,,,,,,,,,,,,,,,,,,,,,,,,,
ASMA-1246,Fungi,Saccharomycetes,Ascomycota,Saccharomycetales,Debaryomycetaceae,Candida,Candida albicans,,,,,,,,,,,,,,,,,,,,,,,,,,,,,,,,,,,,,,,,,,,,,,,,,,,,,,,,,,,,,,,,,,,,,,,,,,,,,
ASMA-1247,Fungi,Saccharomycetes,Ascomycota,Saccharomycetales,Debaryomycetaceae,Candida,Candida albicans,,,,,,,,,,,,,,,,,,,,,,,,,,,,,,,,,,,,,,,,,,,,,,,,,,,,,,,,,,,,,,,,,,,,,,,,,,,,,
ASMA-1248,Fungi,Saccharomycetes,Ascomycota,Saccharomycetales,Debaryomycetaceae,Candida,Candida albicans,,,,,,,,,,,,,,,,,,,,,,,,,,,,,,,,,,,,,,,,,,,,,,,,,,,,,,,,,,,,,,,,,,,,,,,,,,,,,
ASMA-1249,Fungi,Saccharomycetes,Ascomycota,Saccharomycetales,Debaryomycetaceae,Candida,Candida albicans,,,,,,,,,,,,,,,,,,,,,,,,,,,,,,,,,,,,,,,,,,,,,,,,,,,,,,,,,,,,,,,,,,,,,,,,,,,,,
ASMA-125,Fungi,Saccharomycetes,Ascomycota,Saccharomycetales,Debaryomycetaceae,Candida,Candida albicans,,,,,,,,,,,,,,,,,,,,,,,,,,,,,,,,,,,,,,,,,,,,,,,,,,,,,,,,,,,,,,,,,,,,,,,,,,,,,
ASMA-1250,Fungi,Saccharomycetes,Ascomycota,Saccharomycetales,Debaryomycetaceae,Candida,Candida albicans,,,,,,,,,,,,,,,,,,,,,,,,,,,,,,,,,,,,,,,,,,,,,,,,,,,,,,,,,,,,,,,,,,,,,,,,,,,,,
ASMA-1251,Fungi,Saccharomycetes,Ascomycota,Saccharomycetales,Debaryomycetaceae,Candida,Candida albicans,,,,,,,,,,,,,,,,,,,,,,,,,,,,,,,,,,,,,,,,,,,,,,,,,,,,,,,,,,,,,,,,,,,,,,,,,,,,,
ASMA-1252,Fungi,Saccharomycetes,Ascomycota,Saccharomycetales,Debaryomycetaceae,Candida,Candida albicans,,,,,,,,,,,,,,,,,,,,,,,,,,,,,,,,,,,,,,,,,,,,,,,,,,,,,,,,,,,,,,,,,,,,,,,,,,,,,
ASMA-1253,Fungi,Saccharomycetes,Ascomycota,Saccharomycetales,Debaryomycetaceae,Candida,Candida albicans,,,,,,,,,,,,,,,,,,,,,,,,,,,,,,,,,,,,,,,,,,,,,,,,,,,,,,,,,,,,,,,,,,,,,,,,,,,,,
ASMA-1254,Bacteria,Bacillota,Bacilli,Staphylococcales,Staphylococcaceae,Staphylococcus,Staphylococcus epidermidis,502.0,No,,,,,,,,,,,,,,,,,,,,,,,,,,,,,,,,,,,,,,,,,,,,,,,,,,,,,,,,,,,,,,,,,,,,,,,,,,,
ASMA-1255,Bacteria,Bacillota,Bacilli,Staphylococcales,Staphylococcaceae,Staphylococcus,Staphylococcus epidermidis,502.0,No,,,,,,,,,,,,,,,,,,,,,,,,,,,,,,,,,,,,,,,,,,,,,,,,,,,,,,,,,,,,,,,,,,,,,,,,,,,
ASMA-1256,Bacteria,Bacillota,Bacilli,Staphylococcales,Staphylococcaceae,Staphylococcus,Staphylococcus epidermidis,502.0,No,4,0.07913333333333335,0.10622572402410092,0.2376333333333334,20251017.0,0.41986666666666667,0.38038788682665015,0.518125,0.48757638290494204,0.31815,0.37792345344879913,0.41640833333333327,0.48473712950652154,0.5344833333333333,0.49001138195397503,35.0,8.967534034876403,0.11272562409765241,0.0944511823516033,0.9835845861602396,0.02816667149105757,poor,2,50.0,2,50.0,3,3,-24.92025009569988,4.4980891654608355,20251017,none,0.05073333333333333,0.0009712534856222339,20251017,0.047516666666666665,uncertain,0.04616666666666666,uncertain,0.04631666666666667,uncertain,0.04475,uncertain,0.12663333333333335,uncertain,0.0451,uncertain,0.15131666666666665,uncertain,0.04516666666666666,uncertain,0.04471666666666667,uncertain,0.04803333333333333,uncertain,0.04671666666666667,uncertain,0.04791666666666666,uncertain,0.04471666666666667,uncertain,0.04518333333333333,uncertain,0.05193333333333333,uncertain,0.04588333333333334,uncertain,0.045566666666666665,uncertain,0.06601666666666667,uncertain,0.04725,utilizes,0.04563333333333333,uncertain
ASMA-1257,Bacteria,Bacillota,Bacilli,Staphylococcales,Staphylococcaceae,Staphylococcus,Staphylococcus epidermidis,502.0,No,,,,,,,,,,,,,,,,,,,,,,,,,,,,,,,,,,,,,,,,,,,,,,,,,,,,,,,,,,,,,,,,,,,,,,,,,,,
ASMA-1258,Bacteria,Bacillota,Bacilli,Staphylococcales,Staphylococcaceae,Staphylococcus,Staphylococcus haemolyticus,529.0,No,,,,,,,,,,,,,,,,,,,,,,,,,,,,,,,,,,,,,,,,,,,,,,,,,,,,,,,,,,,,,,,,,,,,,,,,,,,
ASMA-1259,Bacteria,Bacillota,Bacilli,Staphylococcales,Staphylococcaceae,Staphylococcus,Staphylococcus haemolyticus,529.0,Yes,,,,,,,,,,,,,,,,,,,,,,,,,,,,,,,,,,,,,,,,,,,,,,,,,,,,,,,,,,,,,,,,,,,,,,,,,,,
ASMA-126,Bacteria,Pseudomonadota,Gammaproteobacteria,Burkholderiales,Burkholderiaceae,Ralstonia,Ralstonia pickettii_B,399.0,No,,,,,,,,,,,,,,,,,,,,,,,,,,,,,,,,,,,,,,,,,,,,,,,,,,,,,,,,,,,,,,,,,,,,,,,,,,,
ASMA-1260,Bacteria,Bacillota,Bacilli,Staphylococcales,Staphylococcaceae,Staphylococcus,Staphylococcus haemolyticus,529.0,No,,,,,,,,,,,,,,,,,,,,,,,,,,,,,,,,,,,,,,,,,,,,,,,,,,,,,,,,,,,,,,,,,,,,,,,,,,,
ASMA-1261,Bacteria,Bacillota,Bacilli,Staphylococcales,Staphylococcaceae,Staphylococcus,Staphylococcus haemolyticus,529.0,No,,,,,,,,,,,,,,,,,,,,,,,,,,,,,,,,,,,,,,,,,,,,,,,,,,,,,,,,,,,,,,,,,,,,,,,,,,,
ASMA-1262,Fungi,Saccharomycetes,Ascomycota,Saccharomycetales,Debaryomycetaceae,Candida,Candida albicans,,,,,,,,,,,,,,,,,,,,,,,,,,,,,,,,,,,,,,,,,,,,,,,,,,,,,,,,,,,,,,,,,,,,,,,,,,,,,
ASMA-1263,Fungi,Saccharomycetes,Ascomycota,Saccharomycetales,Debaryomycetaceae,Candida,Candida albicans,,,,,,,,,,,,,,,,,,,,,,,,,,,,,,,,,,,,,,,,,,,,,,,,,,,,,,,,,,,,,,,,,,,,,,,,,,,,,
ASMA-1264,Fungi,Saccharomycetes,Ascomycota,Saccharomycetales,Debaryomycetaceae,Candida,Candida albicans,,,,,,,,,,,,,,,,,,,,,,,,,,,,,,,,,,,,,,,,,,,,,,,,,,,,,,,,,,,,,,,,,,,,,,,,,,,,,
ASMA-1265,Bacteria,Bacillota,Bacilli,Brevibacillales,Brevibacillaceae,Brevibacillus,Brevibacillus agri,213.0,Yes,4,0.30467500000000003,0.01278785230860393,0.3175,20251010.0,0.1873,0.06575124840386429,0.379425,0.19366690261029804,0.077975,0.05501402094012036,0.2701,0.18260235485885717,0.3849,0.196486250579186,33.5625,21.96149566096687,0.05204148594273358,0.004245881834870667,0.9996497322302512,0.00011429817849393614,robust,1,25.0,3,75.0,3,3,12.789757985623757,10.185843767042183,20251010,none,0.09668333333333333,0.005901129835322499,20251010,0.12231666666666668,utilizes,0.08593333333333333,uncertain,0.08065,uncertain,0.07626666666666668,uncertain,0.09881666666666666,utilizes,0.05388333333333334,uncertain,0.07928333333333334,uncertain,0.10255,utilizes,0.12735000000000002,utilizes,0.10813333333333333,utilizes,0.15205000000000002,utilizes,0.11596666666666666,utilizes,0.10758333333333334,utilizes,0.0566,uncertain,0.09345,utilizes,0.1099,utilizes,0.17154999999999998,utilizes,0.10138333333333333,utilizes,0.0665,uncertain,0.07096666666666668,uncertain
ASMA-1266,Fungi,Saccharomycetes,Ascomycota,Saccharomycetales,Debaryomycetaceae,Candida,Candida albicans,,,,,,,,,,,,,,,,,,,,,,,,,,,,,,,,,,,,,,,,,,,,,,,,,,,,,,,,,,,,,,,,,,,,,,,,,,,,,
ASMA-1267,Fungi,Saccharomycetes,Ascomycota,Saccharomycetales,Debaryomycetaceae,Candida,Candida albicans,,,,,,,,,,,,,,,,,,,,,,,,,,,,,,,,,,,,,,,,,,,,,,,,,,,,,,,,,,,,,,,,,,,,,,,,,,,,,
ASMA-1268,Fungi,Saccharomycetes,Ascomycota,Saccharomycetales,Debaryomycetaceae,Candida,Candida albicans,,,,,,,,,,,,,,,,,,,,,,,,,,,,,,,,,,,,,,,,,,,,,,,,,,,,,,,,,,,,,,,,,,,,,,,,,,,,,
ASMA-1269,Fungi,Saccharomycetes,Ascomycota,Saccharomycetales,Debaryomycetaceae,Candida,Candida albicans,,,,,,,,,,,,,,,,,,,,,,,,,,,,,,,,,,,,,,,,,,,,,,,,,,,,,,,,,,,,,,,,,,,,,,,,,,,,,
ASMA-127,Bacteria,Bacillota,Bacilli,Lactobacillales,Streptococcaceae,Streptococcus,Streptococcus sp902363395,402.0,No,1,0.025866666666666677,,0.025866666666666677,20250920.0,0.5732,,0.4349,,0.4309666666666667,,0.29266666666666674,,0.5764333333333332,,23.25,,0.1704172186435508,,0.999891412767641,,no_growth,1,100.0,1,100.0,1,,,,,,0.0445,,20250920,0.0446,uncertain,0.0446,uncertain,0.0447,uncertain,0.0442,uncertain,0.0457,uncertain,0.0442,uncertain,0.0435,uncertain,0.0438,uncertain,0.0442,uncertain,0.0448,uncertain,0.0442,uncertain,0.0442,uncertain,0.0443,uncertain,0.0444,uncertain,0.0449,uncertain,0.0446,uncertain,0.0446,uncertain,0.0442,uncertain,0.0453,uncertain,0.0437,uncertain
ASMA-1270,Fungi,Saccharomycetes,Ascomycota,Saccharomycetales,Debaryomycetaceae,Candida,Candida albicans,,,,,,,,,,,,,,,,,,,,,,,,,,,,,,,,,,,,,,,,,,,,,,,,,,,,,,,,,,,,,,,,,,,,,,,,,,,,,
ASMA-1271,Fungi,Saccharomycetes,Ascomycota,Saccharomycetales,Debaryomycetaceae,Candida,Candida albicans,,,,,,,,,,,,,,,,,,,,,,,,,,,,,,,,,,,,,,,,,,,,,,,,,,,,,,,,,,,,,,,,,,,,,,,,,,,,,
ASMA-1272,Fungi,Saccharomycetes,Ascomycota,Saccharomycetales,Debaryomycetaceae,Candida,Candida albicans,,,,,,,,,,,,,,,,,,,,,,,,,,,,,,,,,,,,,,,,,,,,,,,,,,,,,,,,,,,,,,,,,,,,,,,,,,,,,
ASMA-1273,Fungi,Saccharomycetes,Ascomycota,Saccharomycetales,Debaryomycetaceae,Candida,Candida albicans,,,,,,,,,,,,,,,,,,,,,,,,,,,,,,,,,,,,,,,,,,,,,,,,,,,,,,,,,,,,,,,,,,,,,,,,,,,,,
ASMA-1274,Fungi,Saccharomycetes,Ascomycota,Saccharomycetales,Debaryomycetaceae,Candida,Candida albicans,,,,,,,,,,,,,,,,,,,,,,,,,,,,,,,,,,,,,,,,,,,,,,,,,,,,,,,,,,,,,,,,,,,,,,,,,,,,,
ASMA-1275,Fungi,Saccharomycetes,Ascomycota,Saccharomycetales,Debaryomycetaceae,Candida,Candida albicans,,,,,,,,,,,,,,,,,,,,,,,,,,,,,,,,,,,,,,,,,,,,,,,,,,,,,,,,,,,,,,,,,,,,,,,,,,,,,
ASMA-1276,Fungi,Saccharomycetes,Ascomycota,Saccharomycetales,Debaryomycetaceae,Candida,Candida albicans,,,,,,,,,,,,,,,,,,,,,,,,,,,,,,,,,,,,,,,,,,,,,,,,,,,,,,,,,,,,,,,,,,,,,,,,,,,,,
ASMA-1277,Fungi,Saccharomycetes,Ascomycota,Saccharomycetales,Debaryomycetaceae,Candida,Candida albicans,,,,,,,,,,,,,,,,,,,,,,,,,,,,,,,,,,,,,,,,,,,,,,,,,,,,,,,,,,,,,,,,,,,,,,,,,,,,,
ASMA-1278,Fungi,Saccharomycetes,Ascomycota,Saccharomycetales,Debaryomycetaceae,Candida,Candida albicans,,,,,,,,,,,,,,,,,,,,,,,,,,,,,,,,,,,,,,,,,,,,,,,,,,,,,,,,,,,,,,,,,,,,,,,,,,,,,
ASMA-1279,Fungi,Saccharomycetes,Ascomycota,Saccharomycetales,Debaryomycetaceae,Candida,Candida albicans,,,,,,,,,,,,,,,,,,,,,,,,,,,,,,,,,,,,,,,,,,,,,,,,,,,,,,,,,,,,,,,,,,,,,,,,,,,,,
ASMA-128,Bacteria,Pseudomonadota,Gammaproteobacteria,Burkholderiales,Neisseriaceae,Neisseria,Neisseria perflava,522.0,No,,,,,,,,,,,,,,,,,,,,,,,,,,,,,,,,,,,,,,,,,,,,,,,,,,,,,,,,,,,,,,,,,,,,,,,,,,,
ASMA-1280,Fungi,Saccharomycetes,Ascomycota,Saccharomycetales,Debaryomycetaceae,Candida,Candida albicans,,,,,,,,,,,,,,,,,,,,,,,,,,,,,,,,,,,,,,,,,,,,,,,,,,,,,,,,,,,,,,,,,,,,,,,,,,,,,
ASMA-1281,Fungi,Saccharomycetes,Ascomycota,Saccharomycetales,Debaryomycetaceae,Candida,Candida albicans,,,,,,,,,,,,,,,,,,,,,,,,,,,,,,,,,,,,,,,,,,,,,,,,,,,,,,,,,,,,,,,,,,,,,,,,,,,,,
ASMA-1282,Fungi,Saccharomycetes,Ascomycota,Saccharomycetales,Debaryomycetaceae,Candida,Candida albicans,,,,,,,,,,,,,,,,,,,,,,,,,,,,,,,,,,,,,,,,,,,,,,,,,,,,,,,,,,,,,,,,,,,,,,,,,,,,,
ASMA-1283,Fungi,Saccharomycetes,Ascomycota,Saccharomycetales,Debaryomycetaceae,Candida,Candida albicans,,,,,,,,,,,,,,,,,,,,,,,,,,,,,,,,,,,,,,,,,,,,,,,,,,,,,,,,,,,,,,,,,,,,,,,,,,,,,
ASMA-1284,Fungi,Saccharomycetes,Ascomycota,Saccharomycetales,Debaryomycetaceae,Candida,Candida albicans,,,,,,,,,,,,,,,,,,,,,,,,,,,,,,,,,,,,,,,,,,,,,,,,,,,,,,,,,,,,,,,,,,,,,,,,,,,,,
ASMA-1285,Fungi,Saccharomycetes,Ascomycota,Saccharomycetales,Debaryomycetaceae,Candida,Candida albicans,,,,,,,,,,,,,,,,,,,,,,,,,,,,,,,,,,,,,,,,,,,,,,,,,,,,,,,,,,,,,,,,,,,,,,,,,,,,,
ASMA-1286,Fungi,Saccharomycetes,Ascomycota,Saccharomycetales,Debaryomycetaceae,Candida,Candida albicans,,,,,,,,,,,,,,,,,,,,,,,,,,,,,,,,,,,,,,,,,,,,,,,,,,,,,,,,,,,,,,,,,,,,,,,,,,,,,
ASMA-1287,Fungi,Saccharomycetes,Ascomycota,Saccharomycetales,Debaryomycetaceae,Candida,Candida albicans,,,,,,,,,,,,,,,,,,,,,,,,,,,,,,,,,,,,,,,,,,,,,,,,,,,,,,,,,,,,,,,,,,,,,,,,,,,,,
ASMA-1288,Bacteria,Bacillota,Bacilli,Staphylococcales,Gemellaceae,Gemella,Gemella sanguinis,,,,,,,,,,,,,,,,,,,,,,,,,,,,,,,,,,,,,,,,,,,,,,,,,,,,,,,,,,,,,,,,,,,,,,,,,,,,,
ASMA-1289,Fungi,Saccharomycetes,Ascomycota,Saccharomycetales,Debaryomycetaceae,Candida,Candida albicans,,,,,,,,,,,,,,,,,,,,,,,,,,,,,,,,,,,,,,,,,,,,,,,,,,,,,,,,,,,,,,,,,,,,,,,,,,,,,
ASMA-129,Bacteria,Bacillota,Bacilli,Staphylococcales,Staphylococcaceae,Staphylococcus,Staphylococcus aureus,471.0,No,,,,,,,,,,,,,,,,,,,,,,,,,,,,,,,,,,,,,,,,,,,,,,,,,,,,,,,,,,,,,,,,,,,,,,,,,,,
ASMA-1290,Fungi,Saccharomycetes,Ascomycota,Saccharomycetales,Debaryomycetaceae,Candida,Candida albicans,,,,,,,,,,,,,,,,,,,,,,,,,,,,,,,,,,,,,,,,,,,,,,,,,,,,,,,,,,,,,,,,,,,,,,,,,,,,,
ASMA-1291,Fungi,Saccharomycetes,Ascomycota,Saccharomycetales,Debaryomycetaceae,Candida,Candida albicans,,,,,,,,,,,,,,,,,,,,,,,,,,,,,,,,,,,,,,,,,,,,,,,,,,,,,,,,,,,,,,,,,,,,,,,,,,,,,
ASMA-1292,Fungi,Saccharomycetes,Ascomycota,Saccharomycetales,Debaryomycetaceae,Candida,Candida albicans,,,,,,,,,,,,,,,,,,,,,,,,,,,,,,,,,,,,,,,,,,,,,,,,,,,,,,,,,,,,,,,,,,,,,,,,,,,,,
ASMA-1293,Fungi,Saccharomycetes,Ascomycota,Saccharomycetales,Debaryomycetaceae,Candida,Candida albicans,,,,,,,,,,,,,,,,,,,,,,,,,,,,,,,,,,,,,,,,,,,,,,,,,,,,,,,,,,,,,,,,,,,,,,,,,,,,,
ASMA-1294,Bacteria,Bacillota,Bacilli,Lactobacillales,Enterococcaceae,Enterococcus,Enterococcus faecalis,515.0,No,,,,,,,,,,,,,,,,,,,,,,,,,,,,,,,,,,,,,,,,,,,,,,,,,,,,,,,,,,,,,,,,,,,,,,,,,,,
ASMA-1295,Bacteria,Bacillota,Bacilli,Lactobacillales,Enterococcaceae,Enterococcus,Enterococcus faecalis,515.0,No,,,,,,,,,,,,,,,,,,,,,,,,,,,,,,,,,,,,,,,,,,,,,,,,,,,,,,,,,,,,,,,,,,,,,,,,,,,
ASMA-1296,Bacteria,Pseudomonadota,Gammaproteobacteria,Pseudomonadales,Pseudomonadaceae,Pseudomonas,Pseudomonas aeruginosa,506.0,No,,,,,,,,,,,,,,,,,,,,,,,,,,,,,,,,,,,,,,,,,,,,,,,,,,,,,,,,,,,,,,,,,,,,,,,,,,,
ASMA-1297,Bacteria,Pseudomonadota,Gammaproteobacteria,Pseudomonadales,Pseudomonadaceae,Pseudomonas,Pseudomonas aeruginosa,506.0,No,,,,,,,,,,,,,,,,,,,,,,,,,,,,,,,,,,,,,,,,,,,,,,,,,,,,,,,,,,,,,,,,,,,,,,,,,,,
ASMA-1298,Bacteria,Pseudomonadota,Gammaproteobacteria,Pseudomonadales,Pseudomonadaceae,Pseudomonas,Pseudomonas aeruginosa,506.0,No,2,0.009199999999999986,0.009192388155425087,0.015699999999999964,20250929.0,0.11608333333333332,0.03217335854398789,0.11283333333333331,0.026304372260139534,0.012116666666666678,0.02260384677192997,0.008866666666666669,0.016734860488081617,0.12275,0.02703504926736571,8.0,4.596194077712559,0.023105540265442537,0.0012352767157748834,0.9908420204325559,0.007625486434273739,no_growth,0,0.0,0,0.0,2,,,,,,0.04525,,20250929,0.044649999999999995,uncertain,0.04555,uncertain,0.04515,uncertain,0.044149999999999995,uncertain,0.0445,uncertain,0.045,uncertain,0.044899999999999995,uncertain,0.0445,uncertain,0.0442,uncertain,0.0445,uncertain,0.04395,uncertain,0.0446,uncertain,0.044649999999999995,uncertain,0.045450000000000004,uncertain,0.05,uncertain,0.0444,uncertain,0.0453,uncertain,0.0494,uncertain,0.05385,uncertain,0.044399999999999995,uncertain
ASMA-1299,Bacteria,Pseudomonadota,Gammaproteobacteria,Pseudomonadales,Pseudomonadaceae,Pseudomonas,Pseudomonas aeruginosa,506.0,No,,,,,,,,,,,,,,,,,,,,,,,,,,,,,,,,,,,,,,,,,,,,,,,,,,,,,,,,,,,,,,,,,,,,,,,,,,,
ASMA-13,Bacteria,Pseudomonadota,Gammaproteobacteria,Pseudomonadales,Pseudomonadaceae,Pseudomonas,Pseudomonas aeruginosa,536.0,No,,,,,,,,,,,,,,,,,,,,,,,,,,,,,,,,,,,,,,,,,,,,,,,,,,,,,,,,,,,,,,,,,,,,,,,,,,,
ASMA-130,Bacteria,Pseudomonadota,Gammaproteobacteria,Pseudomonadales,Pseudomonadaceae,Pseudomonas,Pseudomonas aeruginosa,447.0,No,4,0.17590833333333336,0.033159651686952285,0.198,20251006.0,0.22281666666666666,0.07813708039934261,0.17875833333333332,0.052713842268105146,0.11602500000000002,0.07363958966932573,0.07196666666666666,0.048948839505026986,0.23415,0.08407494672413814,23.25,9.429563439877091,0.023566332028914904,0.006434337463164749,0.9958740552137324,0.005800705178513668,normal,3,75.0,1,25.0,4,,,,,,0.04725,0.0006928203230275548,20251006,0.04535,uncertain,0.04605000000000001,uncertain,0.046516666666666664,uncertain,0.046200000000000005,uncertain,0.04555000000000001,uncertain,0.04661666666666667,uncertain,0.04554999999999999,uncertain,0.045700000000000005,uncertain,0.04636666666666667,uncertain,0.04633333333333333,uncertain,0.04686666666666667,uncertain,0.047,uncertain,0.04686666666666667,uncertain,0.0466,uncertain,0.055966666666666665,utilizes,0.04613333333333333,uncertain,0.06278333333333333,utilizes,0.06463333333333332,utilizes,0.058666666666666666,utilizes,0.047200000000000006,uncertain
ASMA-1300,Bacteria,Pseudomonadota,Gammaproteobacteria,Pseudomonadales,Pseudomonadaceae,Pseudomonas,Pseudomonas aeruginosa,506.0,No,,,,,,,,,,,,,,,,,,,,,,,,,,,,,,,,,,,,,,,,,,,,,,,,,,,,,,,,,,,,,,,,,,,,,,,,,,,
ASMA-1301,Bacteria,Pseudomonadota,Gammaproteobacteria,Pseudomonadales,Pseudomonadaceae,Pseudomonas,Pseudomonas aeruginosa,506.0,No,,,,,,,,,,,,,,,,,,,,,,,,,,,,,,,,,,,,,,,,,,,,,,,,,,,,,,,,,,,,,,,,,,,,,,,,,,,
ASMA-1302,Bacteria,Bacillota,Bacilli,Lactobacillales,Enterococcaceae,Enterococcus,Enterococcus faecalis,515.0,No,,,,,,,,,,,,,,,,,,,,,,,,,,,,,,,,,,,,,,,,,,,,,,,,,,,,,,,,,,,,,,,,,,,,,,,,,,,
ASMA-1303,Bacteria,Pseudomonadota,Gammaproteobacteria,Pseudomonadales,Pseudomonadaceae,Pseudomonas,Pseudomonas aeruginosa,506.0,No,,,,,,,,,,,,,,,,,,,,,,,,,,,,,,,,,,,,,,,,,,,,,,,,,,,,,,,,,,,,,,,,,,,,,,,,,,,
ASMA-1304,Bacteria,Pseudomonadota,Gammaproteobacteria,Pseudomonadales,Pseudomonadaceae,Pseudomonas,Pseudomonas aeruginosa,506.0,No,1,0.4951,,0.4951,20251006.0,0.6774,,0.5803,,0.5695,,0.47240000000000004,,0.7379,,34.0,,0.1882267946904112,,0.9997151185766463,,robust,1,100.0,1,100.0,1,,,,,,0.0526,,20251006,0.0499,uncertain,0.052,uncertain,0.0485,uncertain,0.0513,uncertain,0.0469,uncertain,0.0486,uncertain,0.2657,uncertain,0.0489,uncertain,0.1209,uncertain,0.0486,uncertain,0.0482,uncertain,0.0481,uncertain,0.0497,uncertain,0.0491,uncertain,0.0481,uncertain,0.0788,uncertain,0.1646,uncertain,0.1832,uncertain,0.0794,uncertain,0.0488,uncertain
ASMA-1305,Bacteria,Bacillota,Bacilli,Lactobacillales,Aerococcaceae,Granulicatella,Granulicatella sp916049935,,,,,,,,,,,,,,,,,,,,,,,,,,,,,,,,,,,,,,,,,,,,,,,,,,,,,,,,,,,,,,,,,,,,,,,,,,,,,
ASMA-1306,Bacteria,Bacillota,Bacilli,Lactobacillales,Streptococcaceae,Streptococcus,Streptococcus parasanguinis,501.0,No,,,,,,,,,,,,,,,,,,,,,,,,,,,,,,,,,,,,,,,,,,,,,,,,,,,,,,,,,,,,,,,,,,,,,,,,,,,
ASMA-1307,Bacteria,Bacillota,Bacilli,Lactobacillales,Streptococcaceae,Streptococcus,Streptococcus parasanguinis,501.0,No,,,,,,,,,,,,,,,,,,,,,,,,,,,,,,,,,,,,,,,,,,,,,,,,,,,,,,,,,,,,,,,,,,,,,,,,,,,
ASMA-1308,Bacteria,Bacillota,Bacilli,Lactobacillales,Streptococcaceae,Streptococcus,undetermined species,398.0,No,1,0.002700000000000008,,0.002700000000000008,20251006.0,0.1567,,0.1493,,0.03950000000000001,,0.03209999999999999,,0.1638,,12.25,,0.12096149971045936,,0.9960606133873278,,no_growth,0,0.0,0,0.0,1,,,,,,0.0441,,20251006,0.0445,uncertain,0.0451,uncertain,0.0447,uncertain,0.0433,uncertain,0.0435,uncertain,0.0428,uncertain,0.0435,uncertain,0.0429,uncertain,0.0439,uncertain,0.0436,uncertain,0.0436,uncertain,0.0436,uncertain,0.0434,uncertain,0.0444,uncertain,0.0428,uncertain,0.0428,uncertain,0.0429,uncertain,0.0428,uncertain,0.1347,uncertain,0.0431,uncertain
ASMA-1309,Bacteria,Actinomycetota,Actinomycetes,Micrococcales,Micrococcaceae,Rothia,undetermined species,,,4,0.05034999999999999,0.03552431092458609,0.08639999999999999,20251017.0,0.101775,0.01162106564247301,0.10097500000000001,0.01131352435509525,0.002425,0.00518933200582374,0.0016250000000000014,0.0048890183063678575,0.106575,0.014366018933580735,5.4375,4.322301663080293,0.043605985768909124,,0.9966297696728785,,poor,0,0.0,0,0.0,1,3,-55.7526264301816,24.204373663592264,20251017,none,0.08336666666666667,0.0015567059238447481,20251017,0.06243333333333334,uncertain,0.0648,uncertain,0.06651666666666667,utilizes,0.07891666666666666,utilizes,0.06143333333333334,utilizes,0.062233333333333335,utilizes,0.06365,utilizes,0.06785,utilizes,0.06810000000000001,utilizes,0.06175,utilizes,0.06163333333333333,utilizes,0.058550000000000005,utilizes,0.057300000000000004,utilizes,0.060433333333333325,utilizes,0.06503333333333333,utilizes,0.058083333333333334,utilizes,0.07648333333333333,utilizes,0.05598333333333333,utilizes,0.060833333333333336,utilizes,0.060333333333333336,utilizes
ASMA-131,Bacteria,Pseudomonadota,Gammaproteobacteria,Burkholderiales,Neisseriaceae,Neisseria,Neisseria perflava,522.0,No,,,,,,,,,,,,,,,,,,,,,,,,,,,,,,,,,,,,,,,,,,,,,,,,,,,,,,,,,,,,,,,,,,,,,,,,,,,
ASMA-1311,Bacteria,Bacillota,Bacilli,Lactobacillales,Streptococcaceae,Streptococcus,Streptococcus parasanguinis,501.0,No,,,,,,,,,,,,,,,,,,,,,,,,,,,,,,,,,,,,,,,,,,,,,,,,,,,,,,,,,,,,,,,,,,,,,,,,,,,
ASMA-1312,Bacteria,Pseudomonadota,Gammaproteobacteria,Pseudomonadales,Pseudomonadaceae,Pseudomonas,Pseudomonas aeruginosa,520.0,No,,,,,,,,,,,,,,,,,,,,,,,,,,,,,,,,,,,,,,,,,,,,,,,,,,,,,,,,,,,,,,,,,,,,,,,,,,,
ASMA-1313,Bacteria,Pseudomonadota,Gammaproteobacteria,Pseudomonadales,Pseudomonadaceae,Pseudomonas,Pseudomonas aeruginosa,520.0,No,,,,,,,,,,,,,,,,,,,,,,,,,,,,,,,,,,,,,,,,,,,,,,,,,,,,,,,,,,,,,,,,,,,,,,,,,,,
ASMA-1314,Bacteria,Pseudomonadota,Gammaproteobacteria,Pseudomonadales,Pseudomonadaceae,Pseudomonas,Pseudomonas aeruginosa,520.0,No,,,,,,,,,,,,,,,,,,,,,,,,,,,,,,,,,,,,,,,,,,,,,,,,,,,,,,,,,,,,,,,,,,,,,,,,,,,
ASMA-1315,Bacteria,Pseudomonadota,Gammaproteobacteria,Pseudomonadales,Pseudomonadaceae,Pseudomonas,Pseudomonas aeruginosa,520.0,No,,,,,,,,,,,,,,,,,,,,,,,,,,,,,,,,,,,,,,,,,,,,,,,,,,,,,,,,,,,,,,,,,,,,,,,,,,,
ASMA-1316,Bacteria,Pseudomonadota,Gammaproteobacteria,Pseudomonadales,Pseudomonadaceae,Pseudomonas,Pseudomonas aeruginosa,520.0,No,,,,,,,,,,,,,,,,,,,,,,,,,,,,,,,,,,,,,,,,,,,,,,,,,,,,,,,,,,,,,,,,,,,,,,,,,,,
ASMA-1317,Bacteria,Bacillota,Bacilli,Lactobacillales,Streptococcaceae,Streptococcus,Streptococcus salivarius_D,511.0,No,1,0.001799999999999996,,0.001799999999999996,20251006.0,0.0944,,0.0935,,-0.00020000000000000573,,-0.0011000000000000038,,0.0962,,5.5,,,,,,no_growth,0,0.0,0,0.0,0,,,,,,0.0444,,20251006,0.0445,uncertain,0.0439,uncertain,0.0437,uncertain,0.0431,uncertain,0.0429,uncertain,0.044,uncertain,0.0431,uncertain,0.0433,uncertain,0.0432,uncertain,0.0438,uncertain,0.0437,uncertain,0.0428,uncertain,0.0442,uncertain,0.045,uncertain,0.0431,uncertain,0.0425,uncertain,0.043,uncertain,0.0424,uncertain,0.128,uncertain,0.0433,uncertain
ASMA-1318,Bacteria,Pseudomonadota,Gammaproteobacteria,Pseudomonadales,Pseudomonadaceae,Pseudomonas,Pseudomonas aeruginosa,520.0,No,,,,,,,,,,,,,,,,,,,,,,,,,,,,,,,,,,,,,,,,,,,,,,,,,,,,,,,,,,,,,,,,,,,,,,,,,,,
ASMA-1319,Bacteria,Pseudomonadota,Gammaproteobacteria,Pseudomonadales,Pseudomonadaceae,Pseudomonas,Pseudomonas aeruginosa,,,,,,,,,,,,,,,,,,,,,,,,,,,,,,,,,,,,,,,,,,,,,,,,,,,,,,,,,,,,,,,,,,,,,,,,,,,,,
ASMA-132,Bacteria,Bacillota,Bacilli,Staphylococcales,Staphylococcaceae,Staphylococcus,Staphylococcus aureus,471.0,No,,,,,,,,,,,,,,,,,,,,,,,,,,,,,,,,,,,,,,,,,,,,,,,,,,,,,,,,,,,,,,,,,,,,,,,,,,,
ASMA-1320,Bacteria,Pseudomonadota,Gammaproteobacteria,Pseudomonadales,Pseudomonadaceae,Pseudomonas,Pseudomonas aeruginosa,520.0,No,,,,,,,,,,,,,,,,,,,,,,,,,,,,,,,,,,,,,,,,,,,,,,,,,,,,,,,,,,,,,,,,,,,,,,,,,,,
ASMA-1321,Bacteria,Bacillota,Bacilli,Lactobacillales,Streptococcaceae,Streptococcus,Streptococcus salivarius_D,511.0,No,,,,,,,,,,,,,,,,,,,,,,,,,,,,,,,,,,,,,,,,,,,,,,,,,,,,,,,,,,,,,,,,,,,,,,,,,,,
ASMA-1322,Bacteria,Bacillota,Bacilli,Lactobacillales,Streptococcaceae,Streptococcus,Streptococcus salivarius_D,511.0,No,,,,,,,,,,,,,,,,,,,,,,,,,,,,,,,,,,,,,,,,,,,,,,,,,,,,,,,,,,,,,,,,,,,,,,,,,,,
ASMA-1323,Bacteria,Pseudomonadota,Gammaproteobacteria,Pseudomonadales,Pseudomonadaceae,Pseudomonas,Pseudomonas aeruginosa,520.0,No,,,,,,,,,,,,,,,,,,,,,,,,,,,,,,,,,,,,,,,,,,,,,,,,,,,,,,,,,,,,,,,,,,,,,,,,,,,
ASMA-1324,Bacteria,Pseudomonadota,Gammaproteobacteria,Pseudomonadales,Pseudomonadaceae,Pseudomonas,Pseudomonas aeruginosa,520.0,No,,,,,,,,,,,,,,,,,,,,,,,,,,,,,,,,,,,,,,,,,,,,,,,,,,,,,,,,,,,,,,,,,,,,,,,,,,,
ASMA-1325,Bacteria,Pseudomonadota,Gammaproteobacteria,Pseudomonadales,Pseudomonadaceae,Pseudomonas,Pseudomonas aeruginosa,520.0,Yes,,,,,,,,,,,,,,,,,,,,,,,,,,,,,,,,,,,,,,,,,,,,,,,,,,,,,,,,,,,,,,,,,,,,,,,,,,,
ASMA-1326,Bacteria,Pseudomonadota,Gammaproteobacteria,Pseudomonadales,Pseudomonadaceae,Pseudomonas,Pseudomonas aeruginosa,520.0,No,1,0.6323,,0.6323,20251006.0,0.2285,,0.573,,0.116,,0.46049999999999996,,0.6012,,43.5,,0.019278482051964564,,0.9980733719163489,,robust,1,100.0,1,100.0,1,,,,,,0.0621,,20251006,0.5146,uncertain,0.1755,uncertain,0.0531,uncertain,0.0562,uncertain,0.4577,uncertain,0.0499,uncertain,0.5927,uncertain,0.0539,uncertain,0.0516,uncertain,0.0565,uncertain,0.2427,uncertain,0.256,uncertain,0.0509,uncertain,0.1337,uncertain,0.1008,uncertain,0.5807,uncertain,0.4722,uncertain,0.4406,uncertain,0.0639,uncertain,0.0617,uncertain
ASMA-1327,Bacteria,Pseudomonadota,Gammaproteobacteria,Pseudomonadales,Pseudomonadaceae,Pseudomonas,Pseudomonas aeruginosa,520.0,No,,,,,,,,,,,,,,,,,,,,,,,,,,,,,,,,,,,,,,,,,,,,,,,,,,,,,,,,,,,,,,,,,,,,,,,,,,,
ASMA-1328,Bacteria,Bacillota,Bacilli,Lactobacillales,Streptococcaceae,Streptococcus,Streptococcus salivarius_D,511.0,No,,,,,,,,,,,,,,,,,,,,,,,,,,,,,,,,,,,,,,,,,,,,,,,,,,,,,,,,,,,,,,,,,,,,,,,,,,,
ASMA-1329,Bacteria,Pseudomonadota,Gammaproteobacteria,Pseudomonadales,Pseudomonadaceae,Pseudomonas,Pseudomonas aeruginosa,520.0,No,,,,,,,,,,,,,,,,,,,,,,,,,,,,,,,,,,,,,,,,,,,,,,,,,,,,,,,,,,,,,,,,,,,,,,,,,,,
ASMA-133,Bacteria,Bacillota,Bacilli,Staphylococcales,Staphylococcaceae,Staphylococcus,Staphylococcus aureus,471.0,No,1,0.04009999999999997,,0.04009999999999997,20250920.0,0.09906666666666668,,0.09776666666666667,,0.0015666666666666884,,0.00026666666666667893,,0.1027333333333333,,6.5,,,,,,no_growth,0,0.0,0,0.0,0,,,,,,0.0456,,20250920,0.0473,uncertain,0.0461,uncertain,0.0456,uncertain,0.0463,uncertain,0.0454,uncertain,0.0456,uncertain,0.0456,uncertain,0.0451,uncertain,0.0454,uncertain,0.0455,uncertain,0.0457,uncertain,0.0474,uncertain,0.0459,uncertain,0.0464,uncertain,0.0461,uncertain,0.0459,uncertain,0.0461,uncertain,0.0465,uncertain,0.0475,uncertain,0.0464,uncertain
ASMA-1330,Bacteria,Bacillota,Bacilli,Lactobacillales,Streptococcaceae,Streptococcus,Streptococcus salivarius_D,511.0,No,,,,,,,,,,,,,,,,,,,,,,,,,,,,,,,,,,,,,,,,,,,,,,,,,,,,,,,,,,,,,,,,,,,,,,,,,,,
ASMA-1331,Bacteria,Pseudomonadota,Gammaproteobacteria,Pseudomonadales,Pseudomonadaceae,Pseudomonas,Pseudomonas aeruginosa,520.0,No,,,,,,,,,,,,,,,,,,,,,,,,,,,,,,,,,,,,,,,,,,,,,,,,,,,,,,,,,,,,,,,,,,,,,,,,,,,
ASMA-1332,Bacteria,Bacillota,Bacilli,Lactobacillales,Streptococcaceae,Streptococcus,undetermined species,,,1,0.0025000000000000022,,0.0025000000000000022,20251006.0,0.0907,,0.0901,,-0.0010000000000000009,,-0.0016000000000000042,,0.0919,,1.5,,,,,,no_growth,0,0.0,0,0.0,0,,,,,,0.0439,,20251006,0.0435,uncertain,0.0443,uncertain,0.0446,uncertain,0.0443,uncertain,0.0447,uncertain,0.0455,uncertain,0.0441,uncertain,0.0442,uncertain,0.0439,uncertain,0.0435,uncertain,0.0443,uncertain,0.0438,uncertain,0.0437,uncertain,0.0447,uncertain,0.0443,uncertain,0.0443,uncertain,0.1503,uncertain,0.1335,uncertain,0.0443,uncertain,0.0442,uncertain
ASMA-1333,Bacteria,Bacillota,Bacilli,Lactobacillales,Streptococcaceae,Streptococcus,Streptococcus salivarius_D,511.0,No,,,,,,,,,,,,,,,,,,,,,,,,,,,,,,,,,,,,,,,,,,,,,,,,,,,,,,,,,,,,,,,,,,,,,,,,,,,
ASMA-1334,Bacteria,Bacillota,Bacilli,Lactobacillales,Streptococcaceae,Streptococcus,Streptococcus salivarius_D,511.0,No,,,,,,,,,,,,,,,,,,,,,,,,,,,,,,,,,,,,,,,,,,,,,,,,,,,,,,,,,,,,,,,,,,,,,,,,,,,
ASMA-1335,Bacteria,Bacillota,Bacilli,Lactobacillales,Streptococcaceae,Streptococcus,Streptococcus salivarius_D,511.0,No,,,,,,,,,,,,,,,,,,,,,,,,,,,,,,,,,,,,,,,,,,,,,,,,,,,,,,,,,,,,,,,,,,,,,,,,,,,
ASMA-1336,Bacteria,Bacillota,Bacilli,Lactobacillales,Streptococcaceae,Streptococcus,Streptococcus salivarius_D,511.0,No,,,,,,,,,,,,,,,,,,,,,,,,,,,,,,,,,,,,,,,,,,,,,,,,,,,,,,,,,,,,,,,,,,,,,,,,,,,
ASMA-1337,Bacteria,Bacillota,Bacilli,Lactobacillales,Streptococcaceae,Streptococcus,Streptococcus salivarius_D,511.0,No,,,,,,,,,,,,,,,,,,,,,,,,,,,,,,,,,,,,,,,,,,,,,,,,,,,,,,,,,,,,,,,,,,,,,,,,,,,
ASMA-1338,Bacteria,Pseudomonadota,Gammaproteobacteria,Pseudomonadales,Pseudomonadaceae,Pseudomonas,Pseudomonas aeruginosa,520.0,No,,,,,,,,,,,,,,,,,,,,,,,,,,,,,,,,,,,,,,,,,,,,,,,,,,,,,,,,,,,,,,,,,,,,,,,,,,,
ASMA-1339,Bacteria,Pseudomonadota,Gammaproteobacteria,Pseudomonadales,Pseudomonadaceae,Pseudomonas,Pseudomonas aeruginosa,520.0,No,,,,,,,,,,,,,,,,,,,,,,,,,,,,,,,,,,,,,,,,,,,,,,,,,,,,,,,,,,,,,,,,,,,,,,,,,,,
ASMA-134,Bacteria,Bacillota,Bacilli,Staphylococcales,Staphylococcaceae,Staphylococcus,Staphylococcus aureus,471.0,No,1,0.04006666666666671,,0.04006666666666671,20250920.0,0.09653333333333332,,0.09553333333333332,,0.00163333333333332,,0.0006333333333333191,,0.09703333333333335,,12.75,,0.011351448344577826,,0.9810077744880532,,no_growth,0,0.0,0,0.0,1,,,,,,0.0512,,20250920,0.0603,uncertain,0.0569,uncertain,0.0531,uncertain,0.0519,uncertain,0.0513,uncertain,0.049,uncertain,0.0591,uncertain,0.0528,uncertain,0.0507,uncertain,0.0511,uncertain,0.0551,uncertain,0.0596,uncertain,0.0512,uncertain,0.0525,uncertain,0.0528,uncertain,0.0517,uncertain,0.0555,uncertain,0.0551,uncertain,0.0596,uncertain,0.0557,uncertain
ASMA-1340,Bacteria,Bacillota,Bacilli,Lactobacillales,Streptococcaceae,Streptococcus,Streptococcus salivarius_D,511.0,No,,,,,,,,,,,,,,,,,,,,,,,,,,,,,,,,,,,,,,,,,,,,,,,,,,,,,,,,,,,,,,,,,,,,,,,,,,,
ASMA-1341,Bacteria,Pseudomonadota,Gammaproteobacteria,Pseudomonadales,Pseudomonadaceae,Pseudomonas,Pseudomonas aeruginosa,520.0,No,1,0.3012333333333334,,0.3012333333333334,20250920.0,0.09143333333333332,,0.09100000000000001,,-0.0019000000000000128,,-0.002333333333333326,,0.09333333333333334,,0.0,,,,,,robust,0,0.0,0,0.0,0,,,,,,0.0604,,20250920,0.3168,uncertain,0.1214,uncertain,0.0505,uncertain,0.0563,uncertain,0.2817,uncertain,0.0585,uncertain,0.2365,uncertain,0.0563,uncertain,0.0558,uncertain,0.0543,uncertain,0.2674,uncertain,0.2567,uncertain,0.0702,uncertain,0.1829,uncertain,0.1104,uncertain,0.1803,uncertain,0.2709,uncertain,0.2532,uncertain,0.0478,uncertain,0.0585,uncertain
ASMA-1342,Bacteria,Pseudomonadota,Gammaproteobacteria,Burkholderiales,Neisseriaceae,Neisseria,Neisseria perflava_A,519.0,No,,,,,,,,,,,,,,,,,,,,,,,,,,,,,,,,,,,,,,,,,,,,,,,,,,,,,,,,,,,,,,,,,,,,,,,,,,,
ASMA-1343,Bacteria,Pseudomonadota,Gammaproteobacteria,Burkholderiales,Neisseriaceae,Neisseria,Neisseria perflava_A,519.0,No,1,0.028366666666666623,,0.028366666666666623,20250920.0,0.09926666666666667,,0.09870000000000001,,0.003766666666666682,,0.0032000000000000223,,0.1001333333333333,,6.25,,0.016897185639379083,,0.9922843342780564,,no_growth,0,0.0,0,0.0,1,,,,,,0.0478,,20250920,0.0485,uncertain,0.0484,uncertain,0.0477,uncertain,0.0467,uncertain,0.0469,uncertain,0.0459,uncertain,0.0472,uncertain,0.047,uncertain,0.0478,uncertain,0.0469,uncertain,0.047,uncertain,0.0465,uncertain,0.0467,uncertain,0.0455,uncertain,0.0464,uncertain,0.0466,uncertain,0.0459,uncertain,0.0467,uncertain,0.049,uncertain,0.0466,uncertain
ASMA-1344,Bacteria,Pseudomonadota,Gammaproteobacteria,Burkholderiales,Neisseriaceae,Neisseria,Neisseria perflava_A,519.0,No,,,,,,,,,,,,,,,,,,,,,,,,,,,,,,,,,,,,,,,,,,,,,,,,,,,,,,,,,,,,,,,,,,,,,,,,,,,
ASMA-1345,Bacteria,Pseudomonadota,Gammaproteobacteria,Burkholderiales,Neisseriaceae,Neisseria,Neisseria perflava_A,519.0,No,,,,,,,,,,,,,,,,,,,,,,,,,,,,,,,,,,,,,,,,,,,,,,,,,,,,,,,,,,,,,,,,,,,,,,,,,,,
ASMA-1346,Bacteria,Pseudomonadota,Gammaproteobacteria,Burkholderiales,Neisseriaceae,Neisseria,Neisseria perflava_A,519.0,No,,,,,,,,,,,,,,,,,,,,,,,,,,,,,,,,,,,,,,,,,,,,,,,,,,,,,,,,,,,,,,,,,,,,,,,,,,,
ASMA-1347,Bacteria,Pseudomonadota,Gammaproteobacteria,Burkholderiales,Neisseriaceae,Neisseria,Neisseria perflava_A,519.0,No,,,,,,,,,,,,,,,,,,,,,,,,,,,,,,,,,,,,,,,,,,,,,,,,,,,,,,,,,,,,,,,,,,,,,,,,,,,
ASMA-1348,Bacteria,Bacillota,Bacilli,Lactobacillales,Streptococcaceae,Streptococcus,Streptococcus salivarius_D,511.0,No,1,0.0011333333333333334,,0.0011333333333333334,20250920.0,0.5795333333333333,,0.4576,,0.46586666666666665,,0.3439333333333333,,0.6137333333333334,,18.25,,0.10053795209683727,,0.9993099511002397,,no_growth,1,100.0,1,100.0,1,,,,,,0.0442,,20250920,0.0446,uncertain,0.0435,uncertain,0.0434,uncertain,0.0436,uncertain,0.0429,uncertain,0.0433,uncertain,0.0441,uncertain,0.0439,uncertain,0.0437,uncertain,0.0436,uncertain,0.0441,uncertain,0.0434,uncertain,0.0434,uncertain,0.0444,uncertain,0.0435,uncertain,0.0433,uncertain,0.0437,uncertain,0.0433,uncertain,0.0451,uncertain,0.044,uncertain
ASMA-1349,Bacteria,Bacillota,Bacilli,Lactobacillales,Streptococcaceae,Streptococcus,Streptococcus salivarius_D,511.0,No,,,,,,,,,,,,,,,,,,,,,,,,,,,,,,,,,,,,,,,,,,,,,,,,,,,,,,,,,,,,,,,,,,,,,,,,,,,
ASMA-135,Fungi,Saccharomycetes,Ascomycota,Saccharomycetales,Debaryomycetaceae,Candida,Candida albicans,,,,,,,,,,,,,,,,,,,,,,,,,,,,,,,,,,,,,,,,,,,,,,,,,,,,,,,,,,,,,,,,,,,,,,,,,,,,,
ASMA-1350,Bacteria,Pseudomonadota,Gammaproteobacteria,Pseudomonadales,Pseudomonadaceae,Pseudomonas,Pseudomonas aeruginosa,520.0,No,,,,,,,,,,,,,,,,,,,,,,,,,,,,,,,,,,,,,,,,,,,,,,,,,,,,,,,,,,,,,,,,,,,,,,,,,,,
ASMA-1351,Bacteria,Pseudomonadota,Gammaproteobacteria,Pseudomonadales,Pseudomonadaceae,Pseudomonas,Pseudomonas aeruginosa,520.0,No,,,,,,,,,,,,,,,,,,,,,,,,,,,,,,,,,,,,,,,,,,,,,,,,,,,,,,,,,,,,,,,,,,,,,,,,,,,
ASMA-1352,Bacteria,Pseudomonadota,Gammaproteobacteria,Pseudomonadales,Pseudomonadaceae,Pseudomonas,Pseudomonas aeruginosa,520.0,No,,,,,,,,,,,,,,,,,,,,,,,,,,,,,,,,,,,,,,,,,,,,,,,,,,,,,,,,,,,,,,,,,,,,,,,,,,,
ASMA-1353,Bacteria,Pseudomonadota,Gammaproteobacteria,Pseudomonadales,Pseudomonadaceae,Pseudomonas,Pseudomonas aeruginosa,520.0,No,,,,,,,,,,,,,,,,,,,,,,,,,,,,,,,,,,,,,,,,,,,,,,,,,,,,,,,,,,,,,,,,,,,,,,,,,,,
ASMA-1354,Bacteria,Bacillota,Bacilli,Lactobacillales,Streptococcaceae,Streptococcus,Streptococcus oralis_S,486.0,No,,,,,,,,,,,,,,,,,,,,,,,,,,,,,,,,,,,,,,,,,,,,,,,,,,,,,,,,,,,,,,,,,,,,,,,,,,,
ASMA-1355,Bacteria,Bacillota,Bacilli,Lactobacillales,Streptococcaceae,Streptococcus,Streptococcus sanguinis,479.0,No,1,0.0024000000000000132,,0.0024000000000000132,20250920.0,0.09343333333333333,,0.09286666666666667,,-0.0017333333333333367,,-0.0022999999999999965,,0.09516666666666666,,0.0,,0.002965283078156218,,0.9503417791368503,,no_growth,0,0.0,0,0.0,1,,,,,,0.0448,,20250920,0.0439,uncertain,0.0447,uncertain,0.0435,uncertain,0.0436,uncertain,0.0441,uncertain,0.0436,uncertain,0.0436,uncertain,0.0434,uncertain,0.0439,uncertain,0.0438,uncertain,0.0443,uncertain,0.0433,uncertain,0.0448,uncertain,0.0443,uncertain,0.044,uncertain,0.0437,uncertain,0.0439,uncertain,0.0438,uncertain,0.0456,uncertain,0.0442,uncertain
ASMA-1356,Bacteria,Bacillota,Bacilli,Lactobacillales,Streptococcaceae,Streptococcus,Streptococcus sp001556435,525.0,No,1,0.00539999999999996,,0.00539999999999996,20250920.0,0.09206666666666667,,0.0919,,-0.0016999999999999932,,-0.0018666666666666692,,0.09376666666666666,,0.0,,,,,,no_growth,0,0.0,0,0.0,0,,,,,,0.0452,,20250920,0.0453,uncertain,0.045,uncertain,0.0451,uncertain,0.0444,uncertain,0.0448,uncertain,0.0443,uncertain,0.0438,uncertain,0.0436,uncertain,0.0439,uncertain,0.0442,uncertain,0.0445,uncertain,0.0436,uncertain,0.0451,uncertain,0.0473,uncertain,0.0436,uncertain,0.043,uncertain,0.0447,uncertain,0.0436,uncertain,0.1502,uncertain,0.0451,uncertain
ASMA-1357,Bacteria,Bacillota,Bacilli,Lactobacillales,Streptococcaceae,Streptococcus,Streptococcus sp001556435,525.0,No,,,,,,,,,,,,,,,,,,,,,,,,,,,,,,,,,,,,,,,,,,,,,,,,,,,,,,,,,,,,,,,,,,,,,,,,,,,
ASMA-1358,Bacteria,Bacillota,Bacilli,Lactobacillales,Streptococcaceae,Streptococcus,Streptococcus sp001556435,525.0,No,,,,,,,,,,,,,,,,,,,,,,,,,,,,,,,,,,,,,,,,,,,,,,,,,,,,,,,,,,,,,,,,,,,,,,,,,,,
ASMA-1359,Bacteria,Actinomycetota,Actinomycetes,Micrococcales,Micrococcaceae,Rothia,Rothia dentocariosa,507.0,No,,,,,,,,,,,,,,,,,,,,,,,,,,,,,,,,,,,,,,,,,,,,,,,,,,,,,,,,,,,,,,,,,,,,,,,,,,,
ASMA-136,Bacteria,Bacillota,Bacilli,Staphylococcales,Staphylococcaceae,Staphylococcus,Staphylococcus aureus,471.0,No,1,0.004233333333333297,,0.004233333333333297,20251003.0,0.2508666666666667,,0.1887,,0.1481333333333334,,0.0859666666666667,,0.2579666666666667,,25.5,,0.0248354985915534,,0.9997647581893506,,no_growth,1,100.0,0,0.0,1,,,,,,0.0525,,20251003,0.0657,uncertain,0.0694,uncertain,0.0579,uncertain,0.056,uncertain,0.0489,uncertain,0.0543,uncertain,0.0735,uncertain,0.0534,uncertain,0.0515,uncertain,0.0594,uncertain,0.0601,uncertain,0.0719,uncertain,0.056,uncertain,0.0552,uncertain,0.0984,uncertain,0.058,uncertain,0.0854,uncertain,0.0737,uncertain,0.0656,uncertain,0.0592,uncertain
ASMA-1360,Bacteria,Bacillota,Bacilli,Lactobacillales,Streptococcaceae,Streptococcus,Streptococcus sp001556435,525.0,No,,,,,,,,,,,,,,,,,,,,,,,,,,,,,,,,,,,,,,,,,,,,,,,,,,,,,,,,,,,,,,,,,,,,,,,,,,,
ASMA-1361,Bacteria,Actinomycetota,Actinomycetes,Micrococcales,Micrococcaceae,Rothia,Rothia dentocariosa,507.0,No,1,0.0728333333333333,,0.0728333333333333,20250929.0,0.09453333333333334,,0.09343333333333333,,0.0003666666666666818,,-0.0007333333333333358,,0.0947,,18.75,,,,,,poor,0,0.0,0,0.0,0,,,,,,0.0507,,20250929,0.0542,uncertain,0.053,uncertain,0.055,uncertain,0.0546,uncertain,0.0544,uncertain,0.0547,uncertain,0.0562,uncertain,0.0547,uncertain,0.0531,uncertain,0.0545,uncertain,0.0529,uncertain,0.054,uncertain,0.0547,uncertain,0.0525,uncertain,0.0507,uncertain,0.0536,uncertain,0.0521,uncertain,0.0543,uncertain,0.1895,uncertain,0.0584,uncertain
ASMA-1362,Bacteria,Actinomycetota,Actinomycetes,Micrococcales,Micrococcaceae,Rothia,Rothia dentocariosa,507.0,No,,,,,,,,,,,,,,,,,,,,,,,,,,,,,,,,,,,,,,,,,,,,,,,,,,,,,,,,,,,,,,,,,,,,,,,,,,,
ASMA-1363,Bacteria,Actinomycetota,Actinomycetes,Micrococcales,Micrococcaceae,Rothia,Rothia dentocariosa,507.0,No,,,,,,,,,,,,,,,,,,,,,,,,,,,,,,,,,,,,,,,,,,,,,,,,,,,,,,,,,,,,,,,,,,,,,,,,,,,
ASMA-1364,Bacteria,Bacillota,Bacilli,Lactobacillales,Streptococcaceae,Streptococcus,Streptococcus sp001556435,525.0,No,,,,,,,,,,,,,,,,,,,,,,,,,,,,,,,,,,,,,,,,,,,,,,,,,,,,,,,,,,,,,,,,,,,,,,,,,,,
ASMA-1365,Bacteria,Bacillota,Bacilli,Lactobacillales,Streptococcaceae,Streptococcus,Streptococcus sp001556435,525.0,No,,,,,,,,,,,,,,,,,,,,,,,,,,,,,,,,,,,,,,,,,,,,,,,,,,,,,,,,,,,,,,,,,,,,,,,,,,,
ASMA-1366,Bacteria,Bacillota,Bacilli,Lactobacillales,Streptococcaceae,Streptococcus,Streptococcus sp001556435,525.0,No,,,,,,,,,,,,,,,,,,,,,,,,,,,,,,,,,,,,,,,,,,,,,,,,,,,,,,,,,,,,,,,,,,,,,,,,,,,
ASMA-1367,Bacteria,Bacillota,Bacilli,Lactobacillales,Streptococcaceae,Streptococcus,Streptococcus sp001556435,525.0,No,,,,,,,,,,,,,,,,,,,,,,,,,,,,,,,,,,,,,,,,,,,,,,,,,,,,,,,,,,,,,,,,,,,,,,,,,,,
ASMA-1368,Bacteria,Bacillota,Bacilli,Lactobacillales,Streptococcaceae,Streptococcus,Streptococcus sp001556435,525.0,No,,,,,,,,,,,,,,,,,,,,,,,,,,,,,,,,,,,,,,,,,,,,,,,,,,,,,,,,,,,,,,,,,,,,,,,,,,,
ASMA-1369,Bacteria,Bacillota,Bacilli,Lactobacillales,Streptococcaceae,Streptococcus,Streptococcus sp001556435,525.0,No,,,,,,,,,,,,,,,,,,,,,,,,,,,,,,,,,,,,,,,,,,,,,,,,,,,,,,,,,,,,,,,,,,,,,,,,,,,
ASMA-137,Bacteria,Pseudomonadota,Gammaproteobacteria,Pseudomonadales,Pseudomonadaceae,Pseudomonas,Pseudomonas aeruginosa,447.0,No,3,0.1678333333333333,0.017307898004475682,0.1871,20251006.0,0.27849999999999997,0.015014326491721165,0.24436666666666665,0.02309379426021923,0.16626666666666667,0.01863875890002694,0.13213333333333335,0.02815978219612741,0.3143,0.012473572062564955,38.583333333333336,3.1655699855370956,0.025398890867580085,0.006202347046391474,0.9986416948611706,0.000994561065676929,normal,3,100.0,3,100.0,3,,,,,,0.05106666666666667,0.007902742140126639,20251006,0.0482,no_growth,0.04526666666666667,no_growth,0.046966666666666664,no_growth,0.04633333333333334,no_growth,0.04833333333333334,no_growth,0.0467,no_growth,0.047466666666666664,no_growth,0.04866666666666667,no_growth,0.04826666666666667,no_growth,0.04743333333333333,no_growth,0.0496,no_growth,0.04783333333333334,no_growth,0.05206666666666667,no_growth,0.0483,no_growth,0.0826,utilizes,0.048499999999999995,no_growth,0.0709,utilizes,0.04736666666666667,no_growth,0.07686666666666667,utilizes,0.049633333333333335,no_growth
ASMA-1370,Bacteria,Bacillota,Bacilli,Lactobacillales,Streptococcaceae,Streptococcus,Streptococcus sp001556435,525.0,No,,,,,,,,,,,,,,,,,,,,,,,,,,,,,,,,,,,,,,,,,,,,,,,,,,,,,,,,,,,,,,,,,,,,,,,,,,,
ASMA-1371,Bacteria,Bacillota,Bacilli,Lactobacillales,Streptococcaceae,Streptococcus,Streptococcus sp001556435,525.0,No,,,,,,,,,,,,,,,,,,,,,,,,,,,,,,,,,,,,,,,,,,,,,,,,,,,,,,,,,,,,,,,,,,,,,,,,,,,
ASMA-1372,Bacteria,Actinomycetota,Actinomycetes,Micrococcales,Micrococcaceae,Rothia,Rothia dentocariosa,507.0,No,4,0.06005,0.009262289133902053,0.0699,20251017.0,0.179175,0.11254576476556843,0.18575,0.13646793274123656,0.06875,0.09887852817135444,0.075325,0.12274809910272882,0.21795,0.17092974190194835,25.0625,16.01350341638789,0.04990757060395291,0.01825794027980054,0.9864437454882726,0.00915574963106857,poor,1,25.0,1,25.0,4,3,-31.37680234783717,4.135258861534234,20251017,none,0.09123333333333333,0.0005859465277082339,20251017,0.07286666666666666,utilizes,0.07911666666666667,utilizes,0.07178333333333334,utilizes,0.06735000000000001,utilizes,0.061766666666666664,utilizes,0.06288333333333333,utilizes,0.06651666666666667,utilizes,0.06986666666666666,utilizes,0.0693,utilizes,0.06663333333333334,utilizes,0.07654999999999999,utilizes,0.07033333333333333,utilizes,0.06303333333333333,utilizes,0.06343333333333333,utilizes,0.06145,utilizes,0.060450000000000004,utilizes,0.06548333333333332,utilizes,0.06688333333333334,utilizes,0.10825,utilizes,0.06918333333333333,utilizes
ASMA-1373,Bacteria,Bacillota,Bacilli,Lactobacillales,Streptococcaceae,Streptococcus,Streptococcus sp001556435,525.0,No,,,,,,,,,,,,,,,,,,,,,,,,,,,,,,,,,,,,,,,,,,,,,,,,,,,,,,,,,,,,,,,,,,,,,,,,,,,
ASMA-1374,Bacteria,Bacillota,Bacilli,Lactobacillales,Streptococcaceae,Streptococcus,Streptococcus sp001556435,525.0,No,,,,,,,,,,,,,,,,,,,,,,,,,,,,,,,,,,,,,,,,,,,,,,,,,,,,,,,,,,,,,,,,,,,,,,,,,,,
ASMA-1375,Bacteria,Bacillota,Bacilli,Lactobacillales,Streptococcaceae,Streptococcus,Streptococcus sp001556435,525.0,No,,,,,,,,,,,,,,,,,,,,,,,,,,,,,,,,,,,,,,,,,,,,,,,,,,,,,,,,,,,,,,,,,,,,,,,,,,,
ASMA-1376,Bacteria,Bacillota,Bacilli,Lactobacillales,Streptococcaceae,Streptococcus,Streptococcus sp001556435,525.0,No,,,,,,,,,,,,,,,,,,,,,,,,,,,,,,,,,,,,,,,,,,,,,,,,,,,,,,,,,,,,,,,,,,,,,,,,,,,
ASMA-1377,Fungi,Saccharomycetes,Ascomycota,Saccharomycetales,Debaryomycetaceae,Candida,Candida albicans,,,,,,,,,,,,,,,,,,,,,,,,,,,,,,,,,,,,,,,,,,,,,,,,,,,,,,,,,,,,,,,,,,,,,,,,,,,,,
ASMA-1378,Bacteria,Bacillota,Bacilli,Staphylococcales,Staphylococcaceae,Staphylococcus,Staphylococcus epidermidis,521.0,No,,,,,,,,,,,,,,,,,,,,,,,,,,,,,,,,,,,,,,,,,,,,,,,,,,,,,,,,,,,,,,,,,,,,,,,,,,,
ASMA-1379,Bacteria,Bacillota,Bacilli,Staphylococcales,Staphylococcaceae,Staphylococcus,Staphylococcus epidermidis,521.0,No,,,,,,,,,,,,,,,,,,,,,,,,,,,,,,,,,,,,,,,,,,,,,,,,,,,,,,,,,,,,,,,,,,,,,,,,,,,
ASMA-138,Bacteria,Pseudomonadota,Gammaproteobacteria,Burkholderiales,Neisseriaceae,Neisseria,Neisseria perflava,522.0,No,1,0.010999999999999996,,0.010999999999999996,20250920.0,0.09516666666666666,,0.09596666666666666,,-0.002600000000000005,,-0.00180000000000001,,0.09776666666666667,,0.0,,0.004916888864970574,,0.96525094563138,,no_growth,0,0.0,0,0.0,1,,,,,,0.0489,,20250920,0.0497,uncertain,0.0519,uncertain,0.0478,uncertain,0.0471,uncertain,0.0481,uncertain,0.0481,uncertain,0.0483,uncertain,0.0475,uncertain,0.0478,uncertain,0.0485,uncertain,0.05,uncertain,0.051,uncertain,0.0461,uncertain,0.0475,uncertain,0.0477,uncertain,0.0468,uncertain,0.0472,uncertain,0.0461,uncertain,0.052,uncertain,0.0476,uncertain
ASMA-1380,Fungi,Saccharomycetes,Ascomycota,Saccharomycetales,Debaryomycetaceae,Candida,Candida albicans,,,,,,,,,,,,,,,,,,,,,,,,,,,,,,,,,,,,,,,,,,,,,,,,,,,,,,,,,,,,,,,,,,,,,,,,,,,,,
ASMA-1381,Fungi,Saccharomycetes,Ascomycota,Saccharomycetales,Debaryomycetaceae,Candida,Candida albicans,,,,,,,,,,,,,,,,,,,,,,,,,,,,,,,,,,,,,,,,,,,,,,,,,,,,,,,,,,,,,,,,,,,,,,,,,,,,,
ASMA-1382,Fungi,Saccharomycetes,Ascomycota,Saccharomycetales,Debaryomycetaceae,Candida,Candida albicans,,,,,,,,,,,,,,,,,,,,,,,,,,,,,,,,,,,,,,,,,,,,,,,,,,,,,,,,,,,,,,,,,,,,,,,,,,,,,
ASMA-1383,Fungi,Saccharomycetes,Ascomycota,Saccharomycetales,Debaryomycetaceae,Candida,Candida albicans,,,,,,,,,,,,,,,,,,,,,,,,,,,,,,,,,,,,,,,,,,,,,,,,,,,,,,,,,,,,,,,,,,,,,,,,,,,,,
ASMA-1384,Bacteria,Actinomycetota,Actinomycetes,Micrococcales,Micrococcaceae,Rothia,Rothia dentocariosa,507.0,No,,,,,,,,,,,,,,,,,,,,,,,,,,,,,,,,,,,,,,,,,,,,,,,,,,,,,,,,,,,,,,,,,,,,,,,,,,,
ASMA-1385,Bacteria,Pseudomonadota,Gammaproteobacteria,Burkholderiales,Neisseriaceae,Neisseria,Neisseria perflava_A,519.0,No,,,,,,,,,,,,,,,,,,,,,,,,,,,,,,,,,,,,,,,,,,,,,,,,,,,,,,,,,,,,,,,,,,,,,,,,,,,
ASMA-1386,Bacteria,Pseudomonadota,Gammaproteobacteria,Burkholderiales,Neisseriaceae,Neisseria,Neisseria perflava_A,519.0,No,,,,,,,,,,,,,,,,,,,,,,,,,,,,,,,,,,,,,,,,,,,,,,,,,,,,,,,,,,,,,,,,,,,,,,,,,,,
ASMA-1387,Bacteria,Actinomycetota,Actinomycetes,Micrococcales,Micrococcaceae,Rothia,Rothia dentocariosa,518.0,No,,,,,,,,,,,,,,,,,,,,,,,,,,,,,,,,,,,,,,,,,,,,,,,,,,,,,,,,,,,,,,,,,,,,,,,,,,,
ASMA-1388,Bacteria,Pseudomonadota,Gammaproteobacteria,Burkholderiales,Neisseriaceae,Neisseria,Neisseria perflava_A,519.0,No,,,,,,,,,,,,,,,,,,,,,,,,,,,,,,,,,,,,,,,,,,,,,,,,,,,,,,,,,,,,,,,,,,,,,,,,,,,
ASMA-1389,Bacteria,Pseudomonadota,Gammaproteobacteria,Burkholderiales,Neisseriaceae,Neisseria,Neisseria perflava_A,519.0,No,,,,,,,,,,,,,,,,,,,,,,,,,,,,,,,,,,,,,,,,,,,,,,,,,,,,,,,,,,,,,,,,,,,,,,,,,,,
ASMA-139,Bacteria,Pseudomonadota,Gammaproteobacteria,Pseudomonadales,Pseudomonadaceae,Pseudomonas,Pseudomonas aeruginosa,540.0,No,,,,,,,,,,,,,,,,,,,,,,,,,,,,,,,,,,,,,,,,,,,,,,,,,,,,,,,,,,,,,,,,,,,,,,,,,,,
ASMA-1390,Bacteria,Bacillota,Bacilli,Lactobacillales,Streptococcaceae,Streptococcus,Streptococcus sp001556435,525.0,No,,,,,,,,,,,,,,,,,,,,,,,,,,,,,,,,,,,,,,,,,,,,,,,,,,,,,,,,,,,,,,,,,,,,,,,,,,,
ASMA-1391,Bacteria,Bacillota,Bacilli,Lactobacillales,Streptococcaceae,Streptococcus,Streptococcus sp001556435,525.0,No,,,,,,,,,,,,,,,,,,,,,,,,,,,,,,,,,,,,,,,,,,,,,,,,,,,,,,,,,,,,,,,,,,,,,,,,,,,
ASMA-1392,Bacteria,Bacillota,Bacilli,Lactobacillales,Streptococcaceae,Streptococcus,Streptococcus oralis_S,486.0,No,,,,,,,,,,,,,,,,,,,,,,,,,,,,,,,,,,,,,,,,,,,,,,,,,,,,,,,,,,,,,,,,,,,,,,,,,,,
ASMA-1393,Bacteria,Bacillota,Bacilli,Lactobacillales,Streptococcaceae,Streptococcus,Streptococcus sp001556435,525.0,No,,,,,,,,,,,,,,,,,,,,,,,,,,,,,,,,,,,,,,,,,,,,,,,,,,,,,,,,,,,,,,,,,,,,,,,,,,,
ASMA-1394,Fungi,Saccharomycetes,Ascomycota,Saccharomycetales,Debaryomycetaceae,Candida,Candida albicans,,,,,,,,,,,,,,,,,,,,,,,,,,,,,,,,,,,,,,,,,,,,,,,,,,,,,,,,,,,,,,,,,,,,,,,,,,,,,
ASMA-1395,Fungi,Saccharomycetes,Ascomycota,Saccharomycetales,Debaryomycetaceae,Candida,Candida albicans,,,,,,,,,,,,,,,,,,,,,,,,,,,,,,,,,,,,,,,,,,,,,,,,,,,,,,,,,,,,,,,,,,,,,,,,,,,,,
ASMA-1396,Fungi,Saccharomycetes,Ascomycota,Saccharomycetales,Debaryomycetaceae,Candida,Candida albicans,,,,,,,,,,,,,,,,,,,,,,,,,,,,,,,,,,,,,,,,,,,,,,,,,,,,,,,,,,,,,,,,,,,,,,,,,,,,,
ASMA-1397,Bacteria,Bacillota,Bacilli,Staphylococcales,Staphylococcaceae,Staphylococcus,Staphylococcus epidermidis,521.0,No,,,,,,,,,,,,,,,,,,,,,,,,,,,,,,,,,,,,,,,,,,,,,,,,,,,,,,,,,,,,,,,,,,,,,,,,,,,
ASMA-1398,Bacteria,Bacillota,Bacilli,Staphylococcales,Staphylococcaceae,Staphylococcus,Staphylococcus epidermidis,521.0,No,,,,,,,,,,,,,,,,,,,,,,,,,,,,,,,,,,,,,,,,,,,,,,,,,,,,,,,,,,,,,,,,,,,,,,,,,,,
ASMA-1399,Bacteria,Bacillota,Bacilli,Staphylococcales,Staphylococcaceae,Staphylococcus,Staphylococcus epidermidis,521.0,No,,,,,,,,,,,,,,,,,,,,,,,,,,,,,,,,,,,,,,,,,,,,,,,,,,,,,,,,,,,,,,,,,,,,,,,,,,,
ASMA-14,Bacteria,Pseudomonadota,Gammaproteobacteria,Pseudomonadales,Pseudomonadaceae,Pseudomonas,Pseudomonas aeruginosa,536.0,No,,,,,,,,,,,,,,,,,,,,,,,,,,,,,,,,,,,,,,,,,,,,,,,,,,,,,,,,,,,,,,,,,,,,,,,,,,,
ASMA-140,Bacteria,Bacillota,Bacilli,Lactobacillales,Streptococcaceae,Streptococcus,Streptococcus sp001556435,294.0,No,1,0.005233333333333312,,0.005233333333333312,20250920.0,0.122,,0.1201666666666667,,0.018566666666666704,,0.016733333333333406,,0.1225666666666667,,13.25,,0.06174102899766028,,0.9884083185055382,,no_growth,0,0.0,0,0.0,1,,,,,,0.0449,,20250920,0.0455,uncertain,0.0448,uncertain,0.0451,uncertain,0.0444,uncertain,0.044,uncertain,0.0437,uncertain,0.0447,uncertain,0.0442,uncertain,0.0443,uncertain,0.0431,uncertain,0.0443,uncertain,0.0437,uncertain,0.0437,uncertain,0.0444,uncertain,0.0442,uncertain,0.0439,uncertain,0.0437,uncertain,0.0432,uncertain,0.0474,uncertain,0.044,uncertain
ASMA-1400,Bacteria,Bacillota,Bacilli,Lactobacillales,Streptococcaceae,Streptococcus,Streptococcus sp001556435,525.0,No,,,,,,,,,,,,,,,,,,,,,,,,,,,,,,,,,,,,,,,,,,,,,,,,,,,,,,,,,,,,,,,,,,,,,,,,,,,
ASMA-1401,Bacteria,Bacillota,Bacilli,Lactobacillales,Streptococcaceae,Streptococcus,Streptococcus sp001556435,525.0,No,,,,,,,,,,,,,,,,,,,,,,,,,,,,,,,,,,,,,,,,,,,,,,,,,,,,,,,,,,,,,,,,,,,,,,,,,,,
ASMA-1402,Bacteria,Bacillota,Bacilli,Lactobacillales,Streptococcaceae,Streptococcus,Streptococcus sp001556435,525.0,No,,,,,,,,,,,,,,,,,,,,,,,,,,,,,,,,,,,,,,,,,,,,,,,,,,,,,,,,,,,,,,,,,,,,,,,,,,,
ASMA-1403,Bacteria,Bacillota,Bacilli,Lactobacillales,Streptococcaceae,Streptococcus,Streptococcus sp001556435,525.0,No,1,0.002999999999999989,,0.002999999999999989,20251006.0,0.0935,,0.092,,-0.0012000000000000066,,-0.002700000000000008,,0.0963,,8.25,,,,,,no_growth,0,0.0,0,0.0,0,,,,,,0.0447,,20251006,0.0444,uncertain,0.045,uncertain,0.0466,uncertain,0.0449,uncertain,0.045,uncertain,0.0443,uncertain,0.0444,uncertain,0.0458,uncertain,0.0444,uncertain,0.0445,uncertain,0.0445,uncertain,0.0442,uncertain,0.0445,uncertain,0.0445,uncertain,0.0442,uncertain,0.044,uncertain,0.0441,uncertain,0.044,uncertain,0.0725,uncertain,0.045,uncertain
ASMA-1405,Bacteria,Bacillota,Bacilli,Lactobacillales,Streptococcaceae,Streptococcus,Streptococcus sp001556435,525.0,No,,,,,,,,,,,,,,,,,,,,,,,,,,,,,,,,,,,,,,,,,,,,,,,,,,,,,,,,,,,,,,,,,,,,,,,,,,,
ASMA-1406,Bacteria,Actinomycetota,Actinomycetes,Actinomycetales,Actinomycetaceae,Actinomyces,Actinomyces sp915069725,11.0,Yes,1,0.008166666666666697,,0.008166666666666697,20250929.0,0.1508333333333333,,0.1543,,0.04116666666666659,,0.04463333333333329,,0.1590666666666667,,42.0,,0.030872393937449134,,0.9971300648461767,,no_growth,0,0.0,0,0.0,1,,,,,,0.0462,,20250929,0.0485,uncertain,0.0452,uncertain,0.0463,uncertain,0.046,uncertain,0.046,uncertain,0.0457,uncertain,0.0471,uncertain,0.0482,uncertain,0.0471,uncertain,0.0463,uncertain,0.0469,uncertain,0.0464,uncertain,0.0485,uncertain,0.0505,uncertain,0.046,uncertain,0.0492,uncertain,0.0463,uncertain,0.0453,uncertain,0.0474,uncertain,0.0463,uncertain
ASMA-1407,Bacteria,Pseudomonadota,Gammaproteobacteria,Enterobacterales,Enterobacteriaceae,Klebsiella,Klebsiella pneumoniae,295.0,No,,,,,,,,,,,,,,,,,,,,,,,,,,,,,,,,,,,,,,,,,,,,,,,,,,,,,,,,,,,,,,,,,,,,,,,,,,,
ASMA-1408,Bacteria,Pseudomonadota,Gammaproteobacteria,Pseudomonadales,Pseudomonadaceae,Pseudomonas,Pseudomonas aeruginosa,520.0,No,,,,,,,,,,,,,,,,,,,,,,,,,,,,,,,,,,,,,,,,,,,,,,,,,,,,,,,,,,,,,,,,,,,,,,,,,,,
ASMA-1409,Bacteria,Bacillota,Bacilli,Lactobacillales,Streptococcaceae,Streptococcus,Streptococcus salivarius_D,511.0,No,,,,,,,,,,,,,,,,,,,,,,,,,,,,,,,,,,,,,,,,,,,,,,,,,,,,,,,,,,,,,,,,,,,,,,,,,,,
ASMA-141,Bacteria,Bacillota,Bacilli,Lactobacillales,Streptococcaceae,Streptococcus,Streptococcus sp001556435,294.0,No,,,,,,,,,,,,,,,,,,,,,,,,,,,,,,,,,,,,,,,,,,,,,,,,,,,,,,,,,,,,,,,,,,,,,,,,,,,
ASMA-1410,Bacteria,Pseudomonadota,Gammaproteobacteria,Enterobacterales,Enterobacteriaceae,Klebsiella,Klebsiella pneumoniae,295.0,No,1,0.5000666666666667,,0.5000666666666667,20250920.0,0.09156666666666667,,0.09096666666666668,,-0.0020000000000000018,,-0.002599999999999991,,0.09356666666666667,,0.0,,,,,,robust,0,0.0,0,0.0,0,,,,,,0.087,,20250920,0.2339,uncertain,0.212,uncertain,0.1119,uncertain,0.1235,uncertain,0.3702,uncertain,0.1,uncertain,0.4093,uncertain,0.0955,uncertain,0.0924,uncertain,0.0633,uncertain,0.2327,uncertain,0.3441,uncertain,0.1641,uncertain,0.0781,uncertain,0.0908,uncertain,0.4948,uncertain,0.1734,uncertain,0.1472,uncertain,0.1321,uncertain,0.0819,uncertain
ASMA-1411,Bacteria,Pseudomonadota,Gammaproteobacteria,Pseudomonadales,Pseudomonadaceae,Pseudomonas,Pseudomonas aeruginosa,520.0,No,,,,,,,,,,,,,,,,,,,,,,,,,,,,,,,,,,,,,,,,,,,,,,,,,,,,,,,,,,,,,,,,,,,,,,,,,,,
ASMA-1412,Bacteria,Bacillota,Bacilli,Lactobacillales,Streptococcaceae,Streptococcus,Streptococcus salivarius_D,511.0,No,,,,,,,,,,,,,,,,,,,,,,,,,,,,,,,,,,,,,,,,,,,,,,,,,,,,,,,,,,,,,,,,,,,,,,,,,,,
ASMA-1413,Bacteria,Pseudomonadota,Gammaproteobacteria,Pseudomonadales,Pseudomonadaceae,Pseudomonas,Pseudomonas aeruginosa,520.0,No,,,,,,,,,,,,,,,,,,,,,,,,,,,,,,,,,,,,,,,,,,,,,,,,,,,,,,,,,,,,,,,,,,,,,,,,,,,
ASMA-1414,Bacteria,Pseudomonadota,Gammaproteobacteria,Pseudomonadales,Pseudomonadaceae,Pseudomonas,Pseudomonas aeruginosa,520.0,No,,,,,,,,,,,,,,,,,,,,,,,,,,,,,,,,,,,,,,,,,,,,,,,,,,,,,,,,,,,,,,,,,,,,,,,,,,,
ASMA-1415,Bacteria,Bacillota,Bacilli,Bacillales,Bacillaceae_G,Bacillus_A,Bacillus_A cereus,,,,,,,,,,,,,,,,,,,,,,,,,,,,,,,,,,,,,,,,,,,,,,,,,,,,,,,,,,,,,,,,,,,,,,,,,,,,,
ASMA-1416,Bacteria,Bacillota,Bacilli,Bacillales,Bacillaceae_G,Bacillus_A,Bacillus_A cereus,,,,,,,,,,,,,,,,,,,,,,,,,,,,,,,,,,,,,,,,,,,,,,,,,,,,,,,,,,,,,,,,,,,,,,,,,,,,,
ASMA-1417,Bacteria,Pseudomonadota,Gammaproteobacteria,Pseudomonadales,Pseudomonadaceae,Pseudomonas,Pseudomonas aeruginosa,520.0,No,,,,,,,,,,,,,,,,,,,,,,,,,,,,,,,,,,,,,,,,,,,,,,,,,,,,,,,,,,,,,,,,,,,,,,,,,,,
ASMA-1418,Bacteria,Bacillota,Bacilli,Bacillales,Bacillaceae_G,Bacillus_A,Bacillus_A cereus,,,,,,,,,,,,,,,,,,,,,,,,,,,,,,,,,,,,,,,,,,,,,,,,,,,,,,,,,,,,,,,,,,,,,,,,,,,,,
ASMA-1419,Bacteria,Bacillota,Bacilli,Bacillales,Bacillaceae_G,Bacillus_A,Bacillus_A cereus,,,,,,,,,,,,,,,,,,,,,,,,,,,,,,,,,,,,,,,,,,,,,,,,,,,,,,,,,,,,,,,,,,,,,,,,,,,,,
ASMA-142,Bacteria,Actinomycetota,Actinomycetes,Micrococcales,Micrococcaceae,Rothia,Rothia sp029850875,352.0,No,,,,,,,,,,,,,,,,,,,,,,,,,,,,,,,,,,,,,,,,,,,,,,,,,,,,,,,,,,,,,,,,,,,,,,,,,,,
ASMA-1420,Bacteria,Bacillota,Bacilli,Bacillales,Bacillaceae_G,Bacillus_A,Bacillus_A cereus,,,,,,,,,,,,,,,,,,,,,,,,,,,,,,,,,,,,,,,,,,,,,,,,,,,,,,,,,,,,,,,,,,,,,,,,,,,,,
ASMA-1421,Bacteria,Bacillota,Bacilli,Lactobacillales,Streptococcaceae,Streptococcus,Streptococcus salivarius_D,511.0,No,,,,,,,,,,,,,,,,,,,,,,,,,,,,,,,,,,,,,,,,,,,,,,,,,,,,,,,,,,,,,,,,,,,,,,,,,,,
ASMA-1422,Bacteria,Bacillota,Bacilli,Lactobacillales,Streptococcaceae,Streptococcus,Streptococcus sp001556435,525.0,No,,,,,,,,,,,,,,,,,,,,,,,,,,,,,,,,,,,,,,,,,,,,,,,,,,,,,,,,,,,,,,,,,,,,,,,,,,,
ASMA-1423,Bacteria,Bacillota,Bacilli,Lactobacillales,Streptococcaceae,Streptococcus,Streptococcus hominis,457.0,No,1,0.0027333333333333376,,0.0027333333333333376,20250920.0,0.09330000000000001,,0.09273333333333333,,-0.0019666666666666582,,-0.002533333333333332,,0.09526666666666667,,0.0,,,,,,no_growth,0,0.0,0,0.0,0,,,,,,0.045,,20250920,0.0463,uncertain,0.0452,uncertain,0.0452,uncertain,0.0435,uncertain,0.045,uncertain,0.0448,uncertain,0.0439,uncertain,0.044,uncertain,0.0444,uncertain,0.0447,uncertain,0.044,uncertain,0.0438,uncertain,0.0443,uncertain,0.0456,uncertain,0.0441,uncertain,0.0434,uncertain,0.0467,uncertain,0.044,uncertain,0.1164,uncertain,0.044,uncertain
ASMA-1424,Bacteria,Bacillota,Bacilli,Bacillales,Bacillaceae_G,Bacillus_A,Bacillus_A cereus,,,,,,,,,,,,,,,,,,,,,,,,,,,,,,,,,,,,,,,,,,,,,,,,,,,,,,,,,,,,,,,,,,,,,,,,,,,,,
ASMA-1425,Bacteria,Pseudomonadota,Gammaproteobacteria,Pseudomonadales,Pseudomonadaceae,Pseudomonas,Pseudomonas aeruginosa,520.0,No,,,,,,,,,,,,,,,,,,,,,,,,,,,,,,,,,,,,,,,,,,,,,,,,,,,,,,,,,,,,,,,,,,,,,,,,,,,
ASMA-1426,Bacteria,Pseudomonadota,Gammaproteobacteria,Pseudomonadales,Pseudomonadaceae,Pseudomonas,Pseudomonas aeruginosa,520.0,No,,,,,,,,,,,,,,,,,,,,,,,,,,,,,,,,,,,,,,,,,,,,,,,,,,,,,,,,,,,,,,,,,,,,,,,,,,,
ASMA-1427,Bacteria,Bacillota,Bacilli,Lactobacillales,Streptococcaceae,Streptococcus,Streptococcus salivarius_D,511.0,No,,,,,,,,,,,,,,,,,,,,,,,,,,,,,,,,,,,,,,,,,,,,,,,,,,,,,,,,,,,,,,,,,,,,,,,,,,,
ASMA-1428,Bacteria,Bacillota,Bacilli,Lactobacillales,Streptococcaceae,Streptococcus,Streptococcus salivarius_D,511.0,Yes,,,,,,,,,,,,,,,,,,,,,,,,,,,,,,,,,,,,,,,,,,,,,,,,,,,,,,,,,,,,,,,,,,,,,,,,,,,
ASMA-1429,Bacteria,Pseudomonadota,Gammaproteobacteria,Pseudomonadales,Pseudomonadaceae,Pseudomonas,Pseudomonas aeruginosa,520.0,No,,,,,,,,,,,,,,,,,,,,,,,,,,,,,,,,,,,,,,,,,,,,,,,,,,,,,,,,,,,,,,,,,,,,,,,,,,,
ASMA-143,Bacteria,Pseudomonadota,Gammaproteobacteria,Pseudomonadales,Pseudomonadaceae,Pseudomonas,Pseudomonas aeruginosa,447.0,No,4,0.20120833333333338,0.01779776047085076,0.2194,20251006.0,0.22838333333333333,0.12455197487171546,0.312175,0.15799912183300263,0.103875,0.1245093403457481,0.18766666666666668,0.15854737111945091,0.3363583333333333,0.20633864896222318,45.5625,4.875,0.02428101249673635,0.014524017977769029,0.9994426885661598,0.00029812124854612133,robust,1,25.0,3,75.0,4,,,,,,0.052283333333333334,0.0029143323992525867,20251006,0.051199999999999996,uncertain,0.050716666666666674,uncertain,0.04998333333333334,uncertain,0.04998333333333333,uncertain,0.052083333333333336,uncertain,0.05188333333333334,uncertain,0.05333333333333333,uncertain,0.04973333333333334,uncertain,0.05048333333333334,uncertain,0.050600000000000006,uncertain,0.05103333333333333,uncertain,0.04816666666666666,uncertain,0.04946666666666667,uncertain,0.04816666666666667,uncertain,0.048549999999999996,uncertain,0.04993333333333333,uncertain,0.04903333333333333,uncertain,0.04978333333333333,uncertain,0.0513,uncertain,0.04978333333333333,uncertain
ASMA-1430,Bacteria,Bacillota,Bacilli,Bacillales,Bacillaceae_G,Bacillus_A,Bacillus_A cereus,,,4,0.35020833333333334,0.07833081024305401,0.4381,20251010.0,0.11259166666666667,0.009444236925824717,0.114025,0.014230571550948572,0.012491666666666679,0.009663462112514322,0.013925,0.014284111219580078,0.118475,0.011000719673427434,22.6875,17.760413611925447,0.018270689638100055,0.014970680259997628,0.9941713476459115,0.005882208873282617,robust,0,0.0,0,0.0,4,3,46.14861128833312,5.452999026078622,20251010,weak,0.05266666666666667,0.014973754817457554,20251010,0.09098333333333333,utilizes,0.057749999999999996,uncertain,0.04791666666666666,uncertain,0.0491,uncertain,0.0478,uncertain,0.04463333333333333,uncertain,0.049966666666666666,uncertain,0.06421666666666667,uncertain,0.06483333333333333,uncertain,0.0596,uncertain,0.054683333333333334,uncertain,0.0686,uncertain,0.0494,uncertain,0.04881666666666666,uncertain,0.04893333333333333,uncertain,0.052533333333333335,uncertain,0.04908333333333333,uncertain,0.049966666666666666,uncertain,0.04895,uncertain,0.04546666666666667,uncertain
ASMA-1431,Bacteria,Bacillota,Bacilli,Lactobacillales,Streptococcaceae,Streptococcus,Streptococcus salivarius,511.0,No,,,,,,,,,,,,,,,,,,,,,,,,,,,,,,,,,,,,,,,,,,,,,,,,,,,,,,,,,,,,,,,,,,,,,,,,,,,
ASMA-1432,Bacteria,Pseudomonadota,Gammaproteobacteria,Pseudomonadales,Pseudomonadaceae,Pseudomonas,Pseudomonas aeruginosa,520.0,No,,,,,,,,,,,,,,,,,,,,,,,,,,,,,,,,,,,,,,,,,,,,,,,,,,,,,,,,,,,,,,,,,,,,,,,,,,,
ASMA-1433,Bacteria,Actinomycetota,Actinomycetes,Micrococcales,Micrococcaceae,Rothia,Rothia dentocariosa,518.0,No,,,,,,,,,,,,,,,,,,,,,,,,,,,,,,,,,,,,,,,,,,,,,,,,,,,,,,,,,,,,,,,,,,,,,,,,,,,
ASMA-1434,Bacteria,Actinomycetota,Actinomycetes,Micrococcales,Micrococcaceae,Rothia,Rothia dentocariosa,518.0,No,,,,,,,,,,,,,,,,,,,,,,,,,,,,,,,,,,,,,,,,,,,,,,,,,,,,,,,,,,,,,,,,,,,,,,,,,,,
ASMA-1435,Bacteria,Actinomycetota,Actinomycetes,Micrococcales,Micrococcaceae,Rothia,Rothia dentocariosa,518.0,No,,,,,,,,,,,,,,,,,,,,,,,,,,,,,,,,,,,,,,,,,,,,,,,,,,,,,,,,,,,,,,,,,,,,,,,,,,,
ASMA-1436,Bacteria,Actinomycetota,Actinomycetes,Micrococcales,Micrococcaceae,Rothia,Rothia dentocariosa,518.0,No,1,0.16483333333333341,,0.16483333333333341,20250929.0,0.0969,,0.09633333333333334,,-0.0010666666666666602,,-0.00163333333333332,,0.09796666666666666,,0.0,,,,,,normal,0,0.0,0,0.0,0,,,,,,0.0566,,20250929,0.0758,uncertain,0.0581,uncertain,0.0569,uncertain,0.056,uncertain,0.0547,uncertain,0.0558,uncertain,0.0521,uncertain,0.0569,uncertain,0.0558,uncertain,0.0538,uncertain,0.0506,uncertain,0.0551,uncertain,0.0541,uncertain,0.0563,uncertain,0.0525,uncertain,0.0536,uncertain,0.0537,uncertain,0.0573,uncertain,0.0575,uncertain,0.0546,uncertain
ASMA-1437,Bacteria,Actinomycetota,Actinomycetes,Micrococcales,Micrococcaceae,Rothia,Rothia dentocariosa,518.0,Yes,,,,,,,,,,,,,,,,,,,,,,,,,,,,,,,,,,,,,,,,,,,,,,,,,,,,,,,,,,,,,,,,,,,,,,,,,,,
ASMA-1438,Bacteria,Pseudomonadota,Gammaproteobacteria,Enterobacterales,Enterobacteriaceae,Klebsiella,Klebsiella pneumoniae,295.0,Yes,,,,,,,,,,,,,,,,,,,,,,,,,,,,,,,,,,,,,,,,,,,,,,,,,,,,,,,,,,,,,,,,,,,,,,,,,,,
ASMA-144,Bacteria,Pseudomonadota,Gammaproteobacteria,Pseudomonadales,Pseudomonadaceae,Pseudomonas,Pseudomonas aeruginosa,540.0,No,,,,,,,,,,,,,,,,,,,,,,,,,,,,,,,,,,,,,,,,,,,,,,,,,,,,,,,,,,,,,,,,,,,,,,,,,,,
ASMA-1440,Bacteria,Bacillota,Bacilli,Lactobacillales,Streptococcaceae,Streptococcus,Streptococcus parasanguinis,472.0,No,1,0.0020333333333333314,,0.0020333333333333314,20250920.0,0.09486666666666665,,0.09476666666666667,,-0.0013666666666666827,,-0.0014666666666666717,,0.09623333333333334,,0.0,,,,,,no_growth,0,0.0,0,0.0,0,,,,,,0.0437,,20250920,0.0435,uncertain,0.0441,uncertain,0.0443,uncertain,0.0438,uncertain,0.0438,uncertain,0.0438,uncertain,0.0429,uncertain,0.0432,uncertain,0.0434,uncertain,0.0436,uncertain,0.0428,uncertain,0.0424,uncertain,0.0442,uncertain,0.0445,uncertain,0.0387,uncertain,0.0392,uncertain,0.0394,uncertain,0.0432,uncertain,0.0441,uncertain,0.043,uncertain
ASMA-1441,Fungi,Saccharomycetes,Ascomycota,Saccharomycetales,Debaryomycetaceae,Candida,Candida albicans,,,,,,,,,,,,,,,,,,,,,,,,,,,,,,,,,,,,,,,,,,,,,,,,,,,,,,,,,,,,,,,,,,,,,,,,,,,,,
ASMA-1442,Bacteria,Pseudomonadota,Alphaproteobacteria,Sphingomonadales,Sphingomonadaceae,Sphingomonas,Sphingomonas olei,214.0,No,1,0.17093333333333327,,0.17093333333333327,20250929.0,0.1274666666666667,,0.1307333333333333,,0.031400000000000025,,0.03466666666666664,,0.1309333333333333,,44.75,,0.02996367246484068,,0.9951339640193425,,normal,0,0.0,0,0.0,1,,,,,,0.0616,,20250929,0.1798,uncertain,0.0616,uncertain,0.0561,uncertain,0.0654,uncertain,0.1444,uncertain,0.0549,uncertain,0.1397,uncertain,0.1816,uncertain,0.0847,uncertain,0.0956,uncertain,0.1213,uncertain,0.1463,uncertain,0.0618,uncertain,0.0584,uncertain,0.0539,uncertain,0.056,uncertain,0.0732,uncertain,0.0761,uncertain,0.0586,uncertain,0.0605,uncertain
ASMA-1443,Bacteria,Bacillota,Bacilli,Lactobacillales,Streptococcaceae,Streptococcus,Streptococcus salivarius_D,511.0,No,,,,,,,,,,,,,,,,,,,,,,,,,,,,,,,,,,,,,,,,,,,,,,,,,,,,,,,,,,,,,,,,,,,,,,,,,,,
ASMA-1444,Bacteria,Pseudomonadota,Alphaproteobacteria,Sphingomonadales,Sphingomonadaceae,Sphingomonas,Sphingomonas olei,214.0,Yes,4,0.399275,0.06533464496982692,0.48869999999999997,20251010.0,0.124525,0.020956840569767824,0.122225,0.021913218993718526,0.019725000000000003,0.015414576434877036,0.017424999999999993,0.017161463612796347,0.144575,0.03386240540776748,14.5,21.35025370653317,0.015706132491962302,0.00414089487768393,0.9956274975255762,0.002954001065506479,robust,0,0.0,0,0.0,3,3,15.269448343328664,18.1630900832771,20251010,none,0.1375,0.005507267925205749,20251010,0.29800000000000004,utilizes,0.09583333333333333,uncertain,0.08501666666666666,uncertain,0.08896666666666667,uncertain,0.11991666666666666,utilizes,0.07168333333333335,uncertain,0.16588333333333333,utilizes,0.17418333333333333,utilizes,0.12915,utilizes,0.08120000000000001,utilizes,0.18168333333333334,utilizes,0.23813333333333334,utilizes,0.0808,utilizes,0.08566666666666667,utilizes,0.07355,uncertain,0.06580000000000001,uncertain,0.07395,uncertain,0.07811666666666667,uncertain,0.08126666666666668,uncertain,0.0621,uncertain
ASMA-1445,Bacteria,Bacillota,Bacilli,Bacillales,Bacillaceae_H,Priestia,Priestia megaterium,12.0,Yes,1,0.0010000000000000009,,0.0010000000000000009,20250929.0,0.09433333333333334,,0.09399999999999999,,-0.0009333333333333277,,-0.0012666666666666798,,0.09526666666666667,,0.0,,,,,,no_growth,0,0.0,0,0.0,0,,,,,,0.0439,,20250929,0.0435,uncertain,0.0438,uncertain,0.0447,uncertain,0.0435,uncertain,0.0437,uncertain,0.0431,uncertain,0.0436,uncertain,0.0435,uncertain,0.0433,uncertain,0.0433,uncertain,0.0436,uncertain,0.0435,uncertain,0.0441,uncertain,0.0439,uncertain,0.0433,uncertain,0.0431,uncertain,0.0435,uncertain,0.0434,uncertain,0.1473,uncertain,0.0431,uncertain
ASMA-1446,Bacteria,Bacillota,Bacilli,Lactobacillales,Streptococcaceae,Streptococcus,Streptococcus infantis_H,403.0,No,,,,,,,,,,,,,,,,,,,,,,,,,,,,,,,,,,,,,,,,,,,,,,,,,,,,,,,,,,,,,,,,,,,,,,,,,,,
ASMA-1447,Bacteria,Actinomycetota,Actinomycetes,Micrococcales,Micrococcaceae,Rothia,Rothia dentocariosa,518.0,No,,,,,,,,,,,,,,,,,,,,,,,,,,,,,,,,,,,,,,,,,,,,,,,,,,,,,,,,,,,,,,,,,,,,,,,,,,,
ASMA-1448,Bacteria,Bacillota,Bacilli,Lactobacillales,Streptococcaceae,Streptococcus,Streptococcus infantis_H,403.0,No,,,,,,,,,,,,,,,,,,,,,,,,,,,,,,,,,,,,,,,,,,,,,,,,,,,,,,,,,,,,,,,,,,,,,,,,,,,
ASMA-1449,Bacteria,Bacillota,Bacilli,Lactobacillales,Streptococcaceae,Streptococcus,Streptococcus infantis_H,403.0,Yes,4,0.305825,0.47998607879118044,1.0248,20251010.0,0.16544166666666668,0.03816566592574479,0.18764999999999998,0.08607920771010849,0.053675,0.03147510921347216,0.07588333333333333,0.07948490422715497,0.22005,0.06498699869973991,18.625,19.77846050631848,0.06328450772592828,0.04175436553747539,0.9981841855432447,0.0017909378553118123,robust,0,0.0,1,25.0,4,3,27.433967079239505,28.41931335382235,20251010,weak,0.0613,0.01004141424302374,20251010,0.07848333333333332,utilizes,0.07535,utilizes,0.0587,uncertain,0.05298333333333334,uncertain,0.06885,uncertain,0.053533333333333336,uncertain,0.08281666666666666,utilizes,0.05635,uncertain,0.0561,uncertain,0.056883333333333334,uncertain,0.07915000000000001,utilizes,0.061283333333333335,uncertain,0.0562,uncertain,0.060833333333333336,uncertain,0.05488333333333333,uncertain,0.053366666666666666,uncertain,0.054683333333333334,uncertain,0.058166666666666665,uncertain,0.060733333333333334,uncertain,0.05423333333333334,uncertain
ASMA-145,Bacteria,Bacillota,Bacilli,Staphylococcales,Staphylococcaceae,Staphylococcus,Staphylococcus aureus,471.0,Yes,,,,,,,,,,,,,,,,,,,,,,,,,,,,,,,,,,,,,,,,,,,,,,,,,,,,,,,,,,,,,,,,,,,,,,,,,,,
ASMA-1450,Bacteria,Bacillota,Bacilli,Lactobacillales,Streptococcaceae,Streptococcus,Streptococcus infantis_H,403.0,No,,,,,,,,,,,,,,,,,,,,,,,,,,,,,,,,,,,,,,,,,,,,,,,,,,,,,,,,,,,,,,,,,,,,,,,,,,,
ASMA-1451,Bacteria,Bacillota,Bacilli,Lactobacillales,Streptococcaceae,Streptococcus,Streptococcus infantis_H,403.0,No,,,,,,,,,,,,,,,,,,,,,,,,,,,,,,,,,,,,,,,,,,,,,,,,,,,,,,,,,,,,,,,,,,,,,,,,,,,
ASMA-1452,Bacteria,Actinomycetota,Actinomycetes,Micrococcales,Micrococcaceae,Rothia,Rothia dentocariosa,518.0,No,,,,,,,,,,,,,,,,,,,,,,,,,,,,,,,,,,,,,,,,,,,,,,,,,,,,,,,,,,,,,,,,,,,,,,,,,,,
ASMA-1453,Bacteria,Actinomycetota,Actinomycetes,Micrococcales,Micrococcaceae,Rothia,Rothia dentocariosa,518.0,No,,,,,,,,,,,,,,,,,,,,,,,,,,,,,,,,,,,,,,,,,,,,,,,,,,,,,,,,,,,,,,,,,,,,,,,,,,,
ASMA-1454,Bacteria,Actinomycetota,Actinomycetes,Micrococcales,Micrococcaceae,Rothia,Rothia dentocariosa,518.0,No,,,,,,,,,,,,,,,,,,,,,,,,,,,,,,,,,,,,,,,,,,,,,,,,,,,,,,,,,,,,,,,,,,,,,,,,,,,
ASMA-1455,Bacteria,Actinomycetota,Actinomycetes,Micrococcales,Micrococcaceae,Rothia,Rothia dentocariosa,518.0,No,,,,,,,,,,,,,,,,,,,,,,,,,,,,,,,,,,,,,,,,,,,,,,,,,,,,,,,,,,,,,,,,,,,,,,,,,,,
ASMA-1456,Bacteria,Actinomycetota,Actinomycetes,Micrococcales,Micrococcaceae,Rothia,Rothia dentocariosa,518.0,No,,,,,,,,,,,,,,,,,,,,,,,,,,,,,,,,,,,,,,,,,,,,,,,,,,,,,,,,,,,,,,,,,,,,,,,,,,,
ASMA-1457,Bacteria,Bacillota,Bacilli,Lactobacillales,Lactobacillaceae,Limosilactobacillus,Limosilactobacillus fermentum,13.0,Yes,1,0.002599999999999991,,0.002599999999999991,20250920.0,0.09670000000000001,,0.09613333333333333,,0.0009666666666666712,,0.0003999999999999976,,0.09960000000000001,,6.0,,0.006615325644115584,,0.9945310137137257,,no_growth,0,0.0,0,0.0,1,,,,,,0.0432,,20250920,0.0438,uncertain,0.0446,uncertain,0.0432,uncertain,0.0427,uncertain,0.0437,uncertain,0.0436,uncertain,0.0427,uncertain,0.0426,uncertain,0.043,uncertain,0.0436,uncertain,0.0429,uncertain,0.0429,uncertain,0.0431,uncertain,0.0438,uncertain,0.0423,uncertain,0.0423,uncertain,0.0425,uncertain,0.0426,uncertain,0.0431,uncertain,0.0422,uncertain
ASMA-1458,Bacteria,Actinomycetota,Actinomycetes,Micrococcales,Micrococcaceae,Rothia,Rothia dentocariosa,518.0,No,,,,,,,,,,,,,,,,,,,,,,,,,,,,,,,,,,,,,,,,,,,,,,,,,,,,,,,,,,,,,,,,,,,,,,,,,,,
ASMA-1459,Bacteria,Actinomycetota,Actinomycetes,Micrococcales,Micrococcaceae,Rothia,Rothia dentocariosa,518.0,No,4,0.12595,0.14452198218033593,0.3422,20251010.0,0.24519999999999997,0.10222749141008987,0.2262,0.08982097008308622,0.144275,0.09847495028347733,0.125275,0.08586657770440526,0.3217,0.1515883240886316,7.75,5.248015497944596,0.18372462660396272,0.14017725786113033,0.9954537045691353,0.0043620918405549965,normal,3,75.0,3,75.0,3,3,-3.304836034196749,2.435152064589412,20251010,none,0.11938333333333334,0.01029433501171073,20251010,0.14500000000000002,utilizes,0.09123333333333333,uncertain,0.08565,uncertain,0.08553333333333334,uncertain,0.07596666666666665,uncertain,0.06738333333333334,uncertain,0.09531666666666666,uncertain,0.07723333333333333,uncertain,0.07571666666666667,uncertain,0.06505,uncertain,0.06791666666666667,uncertain,0.0736,uncertain,0.06806666666666666,uncertain,0.07196666666666666,uncertain,0.06678333333333333,uncertain,0.06293333333333334,uncertain,0.06423333333333334,uncertain,0.06968333333333333,uncertain,0.07724999999999999,uncertain,0.06556666666666666,uncertain
ASMA-146,Bacteria,Bacillota,Bacilli,Lactobacillales,Streptococcaceae,Streptococcus,Streptococcus sp001556435,294.0,Yes,1,0.0027333333333333515,,0.0027333333333333515,20250920.0,0.1021,,0.1029,,0.0029333333333333295,,0.0037333333333333385,,0.1038,,38.75,,0.006033305373781617,,0.9965622356214422,,no_growth,0,0.0,0,0.0,1,,,,,,0.0438,,20250920,0.0447,uncertain,0.0436,uncertain,0.044,uncertain,0.044,uncertain,0.0434,uncertain,0.0437,uncertain,0.0434,uncertain,0.0435,uncertain,0.0437,uncertain,0.0434,uncertain,0.0433,uncertain,0.0434,uncertain,0.0431,uncertain,0.0441,uncertain,0.0429,uncertain,0.0427,uncertain,0.0431,uncertain,0.0425,uncertain,0.0644,uncertain,0.0431,uncertain
ASMA-1460,Bacteria,Actinomycetota,Actinomycetes,Micrococcales,Micrococcaceae,Rothia,Rothia dentocariosa,518.0,No,,,,,,,,,,,,,,,,,,,,,,,,,,,,,,,,,,,,,,,,,,,,,,,,,,,,,,,,,,,,,,,,,,,,,,,,,,,
ASMA-1461,Bacteria,Actinomycetota,Actinomycetes,Micrococcales,Micrococcaceae,Rothia,Rothia dentocariosa,518.0,No,,,,,,,,,,,,,,,,,,,,,,,,,,,,,,,,,,,,,,,,,,,,,,,,,,,,,,,,,,,,,,,,,,,,,,,,,,,
ASMA-1462,Bacteria,Actinomycetota,Actinomycetes,Micrococcales,Micrococcaceae,Rothia,Rothia dentocariosa,518.0,No,,,,,,,,,,,,,,,,,,,,,,,,,,,,,,,,,,,,,,,,,,,,,,,,,,,,,,,,,,,,,,,,,,,,,,,,,,,
ASMA-1463,Bacteria,Actinomycetota,Actinomycetes,Micrococcales,Micrococcaceae,Rothia,Rothia dentocariosa,518.0,No,,,,,,,,,,,,,,,,,,,,,,,,,,,,,,,,,,,,,,,,,,,,,,,,,,,,,,,,,,,,,,,,,,,,,,,,,,,
ASMA-1464,Fungi,Saccharomycetes,Ascomycota,Saccharomycetales,Debaryomycetaceae,Candida,Candida albicans,,,,,,,,,,,,,,,,,,,,,,,,,,,,,,,,,,,,,,,,,,,,,,,,,,,,,,,,,,,,,,,,,,,,,,,,,,,,,
ASMA-1465,Fungi,Saccharomycetes,Ascomycota,Saccharomycetales,Debaryomycetaceae,Candida,Candida albicans,,,,,,,,,,,,,,,,,,,,,,,,,,,,,,,,,,,,,,,,,,,,,,,,,,,,,,,,,,,,,,,,,,,,,,,,,,,,,
ASMA-1466,Fungi,Saccharomycetes,Ascomycota,Saccharomycetales,Debaryomycetaceae,Candida,Candida albicans,,,,,,,,,,,,,,,,,,,,,,,,,,,,,,,,,,,,,,,,,,,,,,,,,,,,,,,,,,,,,,,,,,,,,,,,,,,,,
ASMA-1467,Bacteria,Bacillota,Bacilli,Lactobacillales,Streptococcaceae,Streptococcus,Streptococcus salivarius_D,526.0,No,,,,,,,,,,,,,,,,,,,,,,,,,,,,,,,,,,,,,,,,,,,,,,,,,,,,,,,,,,,,,,,,,,,,,,,,,,,
ASMA-1468,Bacteria,Bacillota,Bacilli,Lactobacillales,Streptococcaceae,Streptococcus,Streptococcus salivarius_D,526.0,No,,,,,,,,,,,,,,,,,,,,,,,,,,,,,,,,,,,,,,,,,,,,,,,,,,,,,,,,,,,,,,,,,,,,,,,,,,,
ASMA-1469,Bacteria,Bacillota,Bacilli,Lactobacillales,Streptococcaceae,Streptococcus,undetermined species,424.0,No,1,0.002766666666666681,,0.002766666666666681,20250920.0,0.09349999999999999,,0.09323333333333333,,6.666666666665932e-05,,-0.00019999999999999185,,0.0937,,23.5,,,,,,no_growth,0,0.0,0,0.0,0,,,,,,0.0428,,20250920,0.0442,uncertain,0.0435,uncertain,0.0438,uncertain,0.043,uncertain,0.0432,uncertain,0.0428,uncertain,0.0425,uncertain,0.0426,uncertain,0.0428,uncertain,0.0436,uncertain,0.0426,uncertain,0.0431,uncertain,0.0433,uncertain,0.0445,uncertain,0.0422,uncertain,0.0418,uncertain,0.0425,uncertain,0.0427,uncertain,0.0434,uncertain,0.0428,uncertain
ASMA-147,Bacteria,Pseudomonadota,Gammaproteobacteria,Pseudomonadales,Pseudomonadaceae,Pseudomonas,Pseudomonas aeruginosa,540.0,No,,,,,,,,,,,,,,,,,,,,,,,,,,,,,,,,,,,,,,,,,,,,,,,,,,,,,,,,,,,,,,,,,,,,,,,,,,,
ASMA-1470,Bacteria,Bacillota,Bacilli,Lactobacillales,Streptococcaceae,Streptococcus,Streptococcus salivarius_D,526.0,No,1,0.0028333333333333405,,0.0028333333333333405,20250929.0,0.0943,,0.09396666666666666,,-0.0002333333333333215,,-0.0005666666666666598,,0.09453333333333332,,0.0,,,,,,no_growth,0,0.0,0,0.0,0,,,,,,0.045,,20250929,0.0461,uncertain,0.0448,uncertain,0.0454,uncertain,0.0456,uncertain,0.0446,uncertain,0.0453,uncertain,0.0455,uncertain,0.0452,uncertain,0.0453,uncertain,0.0443,uncertain,0.0452,uncertain,0.045,uncertain,0.0444,uncertain,0.0456,uncertain,0.0452,uncertain,0.0447,uncertain,0.0454,uncertain,0.0452,uncertain,0.0653,uncertain,0.0446,uncertain
ASMA-1471,Bacteria,Bacillota,Bacilli,Lactobacillales,Streptococcaceae,Streptococcus,Streptococcus salivarius_D,526.0,No,,,,,,,,,,,,,,,,,,,,,,,,,,,,,,,,,,,,,,,,,,,,,,,,,,,,,,,,,,,,,,,,,,,,,,,,,,,
ASMA-1472,Bacteria,Bacillota,Bacilli,Lactobacillales,Streptococcaceae,Streptococcus,Streptococcus salivarius_D,526.0,No,,,,,,,,,,,,,,,,,,,,,,,,,,,,,,,,,,,,,,,,,,,,,,,,,,,,,,,,,,,,,,,,,,,,,,,,,,,
ASMA-1473,Bacteria,Bacillota,Bacilli,Lactobacillales,Streptococcaceae,Streptococcus,Streptococcus sp902363395,402.0,No,,,,,,,,,,,,,,,,,,,,,,,,,,,,,,,,,,,,,,,,,,,,,,,,,,,,,,,,,,,,,,,,,,,,,,,,,,,
ASMA-1474,Bacteria,Bacillota,Bacilli,Lactobacillales,Streptococcaceae,Streptococcus,Streptococcus sp001813295,14.0,Yes,1,0.0016333333333333339,,0.0016333333333333339,20250929.0,0.09423333333333334,,0.0952,,0.0002666666666666512,,0.0012333333333333224,,0.09646666666666666,,46.5,,,,,,no_growth,0,0.0,0,0.0,0,,,,,,0.0455,,20250929,0.047,uncertain,0.0467,uncertain,0.0453,uncertain,0.0447,uncertain,0.045,uncertain,0.0445,uncertain,0.0494,uncertain,0.045,uncertain,0.046,uncertain,0.0449,uncertain,0.0445,uncertain,0.045,uncertain,0.0454,uncertain,0.0457,uncertain,0.0442,uncertain,0.0452,uncertain,0.0447,uncertain,0.0444,uncertain,0.0458,uncertain,0.0443,uncertain
ASMA-1475,Bacteria,Bacillota,Bacilli,Lactobacillales,Streptococcaceae,Streptococcus,Streptococcus salivarius_D,526.0,No,,,,,,,,,,,,,,,,,,,,,,,,,,,,,,,,,,,,,,,,,,,,,,,,,,,,,,,,,,,,,,,,,,,,,,,,,,,
ASMA-1476,Bacteria,Bacillota,Bacilli,Lactobacillales,Streptococcaceae,Streptococcus,Streptococcus sp001556435,353.0,No,1,0.00416666666666668,,0.00416666666666668,20250929.0,0.2821666666666667,,0.2709666666666666,,0.16276666666666667,,0.15156666666666657,,0.4143333333333333,,15.0,,0.02401552535498838,,0.9990531641496426,,no_growth,1,100.0,1,100.0,1,,,,,,0.0456,,20250929,0.0465,uncertain,0.0466,uncertain,0.0462,uncertain,0.046,uncertain,0.0446,uncertain,0.0448,uncertain,0.0457,uncertain,0.0449,uncertain,0.0457,uncertain,0.0451,uncertain,0.045,uncertain,0.0452,uncertain,0.045,uncertain,0.0458,uncertain,0.0448,uncertain,0.0447,uncertain,0.0448,uncertain,0.0445,uncertain,0.0499,uncertain,0.0447,uncertain
ASMA-1477,Bacteria,Bacillota,Bacilli,Lactobacillales,Streptococcaceae,Streptococcus,Streptococcus salivarius_D,526.0,No,,,,,,,,,,,,,,,,,,,,,,,,,,,,,,,,,,,,,,,,,,,,,,,,,,,,,,,,,,,,,,,,,,,,,,,,,,,
ASMA-1478,Bacteria,Bacillota,Bacilli,Lactobacillales,Streptococcaceae,Streptococcus,Streptococcus salivarius_D,526.0,Yes,1,0.004299999999999998,,0.004299999999999998,20251006.0,0.0927,,0.0919,,-0.0005000000000000004,,-0.0013000000000000095,,0.094,,0.5,,,,,,no_growth,0,0.0,0,0.0,0,,,,,,0.0442,,20251006,0.0456,uncertain,0.0439,uncertain,0.0452,uncertain,0.0441,uncertain,0.0441,uncertain,0.0439,uncertain,0.0438,uncertain,0.0438,uncertain,0.044,uncertain,0.0439,uncertain,0.0445,uncertain,0.0448,uncertain,0.0443,uncertain,0.0458,uncertain,0.0444,uncertain,0.0437,uncertain,0.0445,uncertain,0.0439,uncertain,0.0528,uncertain,0.0445,uncertain
ASMA-1479,Bacteria,Bacillota,Bacilli,Lactobacillales,Streptococcaceae,Streptococcus,Streptococcus caecimuris,404.0,No,,,,,,,,,,,,,,,,,,,,,,,,,,,,,,,,,,,,,,,,,,,,,,,,,,,,,,,,,,,,,,,,,,,,,,,,,,,
ASMA-148,Bacteria,Pseudomonadota,Gammaproteobacteria,Burkholderiales,Neisseriaceae,Neisseria,Neisseria perflava,354.0,No,,,,,,,,,,,,,,,,,,,,,,,,,,,,,,,,,,,,,,,,,,,,,,,,,,,,,,,,,,,,,,,,,,,,,,,,,,,
ASMA-1480,Bacteria,Bacillota,Bacilli,Lactobacillales,Streptococcaceae,Streptococcus,Streptococcus salivarius_D,526.0,No,,,,,,,,,,,,,,,,,,,,,,,,,,,,,,,,,,,,,,,,,,,,,,,,,,,,,,,,,,,,,,,,,,,,,,,,,,,
ASMA-1481,Bacteria,Bacillota,Bacilli,Lactobacillales,Streptococcaceae,Streptococcus,Streptococcus sp902363395,402.0,No,1,0.0020000000000000018,,0.0020000000000000018,20251006.0,0.1913,,0.1848,,0.0625,,0.055999999999999994,,0.2075,,9.5,,0.0648919866680671,,0.9990209947976267,,no_growth,0,0.0,0,0.0,1,,,,,,0.0438,,20251006,0.0436,uncertain,0.0433,uncertain,0.0445,uncertain,0.0436,uncertain,0.0434,uncertain,0.0431,uncertain,0.0434,uncertain,0.0438,uncertain,0.044,uncertain,0.0433,uncertain,0.0439,uncertain,0.0438,uncertain,0.0446,uncertain,0.0454,uncertain,0.044,uncertain,0.0431,uncertain,0.046,uncertain,0.0436,uncertain,0.0441,uncertain,0.0441,uncertain
ASMA-1482,Bacteria,Bacillota,Bacilli,Lactobacillales,Aerococcaceae,Granulicatella,undetermined species,,,,,,,,,,,,,,,,,,,,,,,,,,,,,,,,,,,,,,,,,,,,,,,,,,,,,,,,,,,,,,,,,,,,,,,,,,,,,
ASMA-1483,Bacteria,Bacillota,Bacilli,Lactobacillales,Aerococcaceae,Granulicatella,undetermined species,,,,,,,,,,,,,,,,,,,,,,,,,,,,,,,,,,,,,,,,,,,,,,,,,,,,,,,,,,,,,,,,,,,,,,,,,,,,,
ASMA-1484,Bacteria,Bacillota,Bacilli,Lactobacillales,Streptococcaceae,Streptococcus,Streptococcus sp900766505,404.0,No,1,0.000633333333333333,,0.000633333333333333,20250929.0,0.1732,,0.1251666666666667,,0.04616666666666669,,-0.0018666666666665999,,0.2019333333333333,,12.0,,0.07798745071194074,,0.998457071029462,,no_growth,0,0.0,0,0.0,1,,,,,,0.045,,20250929,0.045,uncertain,0.0476,uncertain,0.0459,uncertain,0.0452,uncertain,0.0446,uncertain,0.0442,uncertain,0.0461,uncertain,0.0445,uncertain,0.0449,uncertain,0.0444,uncertain,0.0447,uncertain,0.0446,uncertain,0.0446,uncertain,0.045,uncertain,0.0442,uncertain,0.0439,uncertain,0.0443,uncertain,0.0443,uncertain,0.0454,uncertain,0.0444,uncertain
ASMA-1485,Bacteria,Bacillota,Bacilli,Lactobacillales,Streptococcaceae,Streptococcus,Streptococcus salivarius_D,526.0,No,,,,,,,,,,,,,,,,,,,,,,,,,,,,,,,,,,,,,,,,,,,,,,,,,,,,,,,,,,,,,,,,,,,,,,,,,,,
ASMA-1486,Bacteria,Bacillota,Bacilli,Bacillales,Bacillaceae,Bacillus,Bacillus licheniformis,,,,,,,,,,,,,,,,,,,,,,,,,,,,,,,,,,,,,,,,,,,,,,,,,,,,,,,,,,,,,,,,,,,,,,,,,,,,,
ASMA-1487,Bacteria,Bacillota,Bacilli,Staphylococcales,Staphylococcaceae,Staphylococcus,Staphylococcus aureus,471.0,No,,,,,,,,,,,,,,,,,,,,,,,,,,,,,,,,,,,,,,,,,,,,,,,,,,,,,,,,,,,,,,,,,,,,,,,,,,,
ASMA-1488,Bacteria,Bacillota,Bacilli,Staphylococcales,Staphylococcaceae,Staphylococcus,Staphylococcus aureus,471.0,No,,,,,,,,,,,,,,,,,,,,,,,,,,,,,,,,,,,,,,,,,,,,,,,,,,,,,,,,,,,,,,,,,,,,,,,,,,,
ASMA-1489,Bacteria,Pseudomonadota,Gammaproteobacteria,Burkholderiales,Neisseriaceae,Neisseria,Neisseria perflava,522.0,No,,,,,,,,,,,,,,,,,,,,,,,,,,,,,,,,,,,,,,,,,,,,,,,,,,,,,,,,,,,,,,,,,,,,,,,,,,,
ASMA-149,Bacteria,Pseudomonadota,Gammaproteobacteria,Pseudomonadales,Pseudomonadaceae,Pseudomonas,Pseudomonas aeruginosa,540.0,No,,,,,,,,,,,,,,,,,,,,,,,,,,,,,,,,,,,,,,,,,,,,,,,,,,,,,,,,,,,,,,,,,,,,,,,,,,,
ASMA-1490,Bacteria,Bacillota,Bacilli,Staphylococcales,Staphylococcaceae,Staphylococcus,Staphylococcus aureus,471.0,No,,,,,,,,,,,,,,,,,,,,,,,,,,,,,,,,,,,,,,,,,,,,,,,,,,,,,,,,,,,,,,,,,,,,,,,,,,,
ASMA-1491,Bacteria,Pseudomonadota,Gammaproteobacteria,Burkholderiales,Neisseriaceae,Neisseria,Neisseria perflava,522.0,No,,,,,,,,,,,,,,,,,,,,,,,,,,,,,,,,,,,,,,,,,,,,,,,,,,,,,,,,,,,,,,,,,,,,,,,,,,,
ASMA-1492,Bacteria,Pseudomonadota,Gammaproteobacteria,Burkholderiales,Neisseriaceae,Neisseria,Neisseria perflava,522.0,No,,,,,,,,,,,,,,,,,,,,,,,,,,,,,,,,,,,,,,,,,,,,,,,,,,,,,,,,,,,,,,,,,,,,,,,,,,,
ASMA-1493,Bacteria,Bacillota,Bacilli,Lactobacillales,Streptococcaceae,Streptococcus,Streptococcus salivarius_D,526.0,No,,,,,,,,,,,,,,,,,,,,,,,,,,,,,,,,,,,,,,,,,,,,,,,,,,,,,,,,,,,,,,,,,,,,,,,,,,,
ASMA-1494,Bacteria,Pseudomonadota,Gammaproteobacteria,Burkholderiales,Neisseriaceae,Neisseria,Neisseria perflava,522.0,No,,,,,,,,,,,,,,,,,,,,,,,,,,,,,,,,,,,,,,,,,,,,,,,,,,,,,,,,,,,,,,,,,,,,,,,,,,,
ASMA-1495,Bacteria,Pseudomonadota,Gammaproteobacteria,Burkholderiales,Neisseriaceae,Neisseria,Neisseria perflava,522.0,No,,,,,,,,,,,,,,,,,,,,,,,,,,,,,,,,,,,,,,,,,,,,,,,,,,,,,,,,,,,,,,,,,,,,,,,,,,,
ASMA-1496,Bacteria,Pseudomonadota,Gammaproteobacteria,Burkholderiales,Neisseriaceae,Neisseria,Neisseria perflava,522.0,No,,,,,,,,,,,,,,,,,,,,,,,,,,,,,,,,,,,,,,,,,,,,,,,,,,,,,,,,,,,,,,,,,,,,,,,,,,,
ASMA-1497,Bacteria,Pseudomonadota,Gammaproteobacteria,Burkholderiales,Neisseriaceae,Neisseria,Neisseria perflava,522.0,No,,,,,,,,,,,,,,,,,,,,,,,,,,,,,,,,,,,,,,,,,,,,,,,,,,,,,,,,,,,,,,,,,,,,,,,,,,,
ASMA-1498,Bacteria,Pseudomonadota,Gammaproteobacteria,Burkholderiales,Neisseriaceae,Neisseria,Neisseria perflava,522.0,No,,,,,,,,,,,,,,,,,,,,,,,,,,,,,,,,,,,,,,,,,,,,,,,,,,,,,,,,,,,,,,,,,,,,,,,,,,,
ASMA-1499,Bacteria,Bacillota,Bacilli,Lactobacillales,Streptococcaceae,Streptococcus,Streptococcus salivarius_D,526.0,No,,,,,,,,,,,,,,,,,,,,,,,,,,,,,,,,,,,,,,,,,,,,,,,,,,,,,,,,,,,,,,,,,,,,,,,,,,,
ASMA-15,Bacteria,Pseudomonadota,Gammaproteobacteria,Pseudomonadales,Pseudomonadaceae,Pseudomonas,Pseudomonas aeruginosa,536.0,No,,,,,,,,,,,,,,,,,,,,,,,,,,,,,,,,,,,,,,,,,,,,,,,,,,,,,,,,,,,,,,,,,,,,,,,,,,,
ASMA-150,Bacteria,Pseudomonadota,Gammaproteobacteria,Pseudomonadales,Pseudomonadaceae,Pseudomonas,Pseudomonas aeruginosa,540.0,No,,,,,,,,,,,,,,,,,,,,,,,,,,,,,,,,,,,,,,,,,,,,,,,,,,,,,,,,,,,,,,,,,,,,,,,,,,,
ASMA-1500,Bacteria,Pseudomonadota,Gammaproteobacteria,Burkholderiales,Neisseriaceae,Neisseria,Neisseria perflava,522.0,No,1,0.003599999999999992,,0.003599999999999992,20251006.0,0.0944,,0.0934,,-0.001899999999999999,,-0.0029,,0.0963,,0.0,,,,,,no_growth,0,0.0,0,0.0,0,,,,,,0.044,,20251006,0.0444,uncertain,0.043,uncertain,0.0441,uncertain,0.0439,uncertain,0.0442,uncertain,0.0441,uncertain,0.0443,uncertain,0.0471,uncertain,0.045,uncertain,0.0457,uncertain,0.0477,uncertain,0.0482,uncertain,0.0452,uncertain,0.0505,uncertain,0.0446,uncertain,0.0446,uncertain,0.0443,uncertain,0.0448,uncertain,0.0842,uncertain,0.0453,uncertain
ASMA-1501,Bacteria,Actinomycetota,Actinomycetes,Micrococcales,Micrococcaceae,Rothia,Rothia dentocariosa,405.0,No,,,,,,,,,,,,,,,,,,,,,,,,,,,,,,,,,,,,,,,,,,,,,,,,,,,,,,,,,,,,,,,,,,,,,,,,,,,
ASMA-1502,Bacteria,Bacillota,Bacilli,Lactobacillales,Streptococcaceae,Streptococcus,undetermined species,355.0,No,1,0.0021000000000000046,,0.0021000000000000046,20251006.0,0.0915,,0.0908,,-0.0021000000000000046,,-0.002799999999999997,,0.0936,,0.0,,,,,,no_growth,0,0.0,0,0.0,0,,,,,,0.0437,,20251006,0.0445,uncertain,0.0429,uncertain,0.0444,uncertain,0.044,uncertain,0.0431,uncertain,0.0436,uncertain,0.0436,uncertain,0.0433,uncertain,0.0436,uncertain,0.0436,uncertain,0.0435,uncertain,0.044,uncertain,0.0435,uncertain,0.0441,uncertain,0.0432,uncertain,0.0432,uncertain,0.0433,uncertain,0.0432,uncertain,0.0447,uncertain,0.0435,uncertain
ASMA-1503,Bacteria,Actinomycetota,Actinomycetes,Micrococcales,Micrococcaceae,Rothia,Rothia dentocariosa,405.0,Yes,1,0.017033333333333303,,0.017033333333333303,20250929.0,0.0914,,0.0906,,-0.0011333333333333473,,-0.0019333333333333425,,0.09253333333333334,,0.0,,,,,,no_growth,0,0.0,0,0.0,0,,,,,,0.0459,,20250929,0.0461,uncertain,0.0459,uncertain,0.0462,uncertain,0.0459,uncertain,0.0453,uncertain,0.0462,uncertain,0.0451,uncertain,0.0453,uncertain,0.0451,uncertain,0.0461,uncertain,0.0498,uncertain,0.0467,uncertain,0.0453,uncertain,0.0458,uncertain,0.0451,uncertain,0.045,uncertain,0.0458,uncertain,0.0447,uncertain,0.0479,uncertain,0.0446,uncertain
ASMA-1504,Bacteria,Bacillota,Bacilli,Lactobacillales,Streptococcaceae,Streptococcus,undetermined species,355.0,No,1,0.0026333333333333347,,0.0026333333333333347,20250929.0,0.1310666666666667,,0.1167,,0.03263333333333336,,0.018266666666666667,,0.1455,,7.5,,0.03329546061622744,,0.9973046405425874,,no_growth,0,0.0,0,0.0,1,,,,,,0.0454,,20250929,0.0459,uncertain,0.0446,uncertain,0.0447,uncertain,0.0447,uncertain,0.0446,uncertain,0.0446,uncertain,0.0438,uncertain,0.044,uncertain,0.0446,uncertain,0.0443,uncertain,0.0436,uncertain,0.0441,uncertain,0.0444,uncertain,0.0451,uncertain,0.0434,uncertain,0.0445,uncertain,0.0441,uncertain,0.0446,uncertain,0.0445,uncertain,0.0446,uncertain
ASMA-1505,Bacteria,Actinomycetota,Actinomycetes,Micrococcales,Micrococcaceae,Rothia,Rothia dentocariosa,405.0,No,,,,,,,,,,,,,,,,,,,,,,,,,,,,,,,,,,,,,,,,,,,,,,,,,,,,,,,,,,,,,,,,,,,,,,,,,,,
ASMA-1506,Bacteria,Actinomycetota,Actinomycetes,Micrococcales,Micrococcaceae,Rothia,Rothia dentocariosa,405.0,No,,,,,,,,,,,,,,,,,,,,,,,,,,,,,,,,,,,,,,,,,,,,,,,,,,,,,,,,,,,,,,,,,,,,,,,,,,,
ASMA-1507,Bacteria,Actinomycetota,Actinomycetes,Micrococcales,Micrococcaceae,Rothia,Rothia dentocariosa,405.0,No,4,0.0281,0.034309668219516976,0.07869999999999999,20251017.0,0.2646,0.10920558593771656,0.259175,0.10628027019787507,0.16759999999999997,0.10908537940530802,0.16217499999999999,0.10616347064786455,0.2875,0.09094144636339731,24.0,10.008329864001619,0.05122141005482903,0.025891050709574863,0.9932225518321227,0.009617810585415016,no_growth,3,75.0,3,75.0,4,3,-49.951086725362586,9.599353809573662,20251017,none,0.04883333333333334,0.00011547005383792846,20251017,0.0502,utilizes,0.04935,utilizes,0.051949999999999996,utilizes,0.049383333333333335,uncertain,0.0472,utilizes,0.04955,utilizes,0.049100000000000005,utilizes,0.05061666666666667,utilizes,0.051166666666666666,utilizes,0.05151666666666667,utilizes,0.04903333333333333,utilizes,0.05101666666666667,utilizes,0.050633333333333336,utilizes,0.0514,utilizes,0.05048333333333334,utilizes,0.05051666666666667,utilizes,0.0501,utilizes,0.05276666666666667,utilizes,0.06898333333333334,utilizes,0.05186666666666667,utilizes
ASMA-1508,Bacteria,Bacillota,Bacilli,Staphylococcales,Staphylococcaceae,Staphylococcus,Staphylococcus aureus,532.0,No,,,,,,,,,,,,,,,,,,,,,,,,,,,,,,,,,,,,,,,,,,,,,,,,,,,,,,,,,,,,,,,,,,,,,,,,,,,
ASMA-1509,Bacteria,Bacillota,Bacilli,Staphylococcales,Staphylococcaceae,Staphylococcus,Staphylococcus aureus,532.0,No,,,,,,,,,,,,,,,,,,,,,,,,,,,,,,,,,,,,,,,,,,,,,,,,,,,,,,,,,,,,,,,,,,,,,,,,,,,
ASMA-151,Bacteria,Pseudomonadota,Gammaproteobacteria,Pseudomonadales,Pseudomonadaceae,Pseudomonas,Pseudomonas aeruginosa,540.0,No,,,,,,,,,,,,,,,,,,,,,,,,,,,,,,,,,,,,,,,,,,,,,,,,,,,,,,,,,,,,,,,,,,,,,,,,,,,
ASMA-1510,Bacteria,Bacillota,Bacilli,Staphylococcales,Staphylococcaceae,Staphylococcus,Staphylococcus aureus,532.0,No,,,,,,,,,,,,,,,,,,,,,,,,,,,,,,,,,,,,,,,,,,,,,,,,,,,,,,,,,,,,,,,,,,,,,,,,,,,
ASMA-1511,Bacteria,Bacillota,Bacilli,Staphylococcales,Staphylococcaceae,Staphylococcus,Staphylococcus aureus,532.0,No,,,,,,,,,,,,,,,,,,,,,,,,,,,,,,,,,,,,,,,,,,,,,,,,,,,,,,,,,,,,,,,,,,,,,,,,,,,
ASMA-1512,Bacteria,Bacillota,Bacilli,Staphylococcales,Staphylococcaceae,Staphylococcus,Staphylococcus epidermidis,521.0,No,,,,,,,,,,,,,,,,,,,,,,,,,,,,,,,,,,,,,,,,,,,,,,,,,,,,,,,,,,,,,,,,,,,,,,,,,,,
ASMA-1513,Bacteria,Bacillota,Bacilli,Lactobacillales,Streptococcaceae,Streptococcus,Streptococcus parasanguinis_F,215.0,No,,,,,,,,,,,,,,,,,,,,,,,,,,,,,,,,,,,,,,,,,,,,,,,,,,,,,,,,,,,,,,,,,,,,,,,,,,,
ASMA-1514,Bacteria,Bacillota,Bacilli,Lactobacillales,Streptococcaceae,Streptococcus,Streptococcus sanguinis_G,406.0,Yes,,,,,,,,,,,,,,,,,,,,,,,,,,,,,,,,,,,,,,,,,,,,,,,,,,,,,,,,,,,,,,,,,,,,,,,,,,,
ASMA-1515,Bacteria,Bacillota,Bacilli,Staphylococcales,Staphylococcaceae,Staphylococcus,Staphylococcus aureus,532.0,No,,,,,,,,,,,,,,,,,,,,,,,,,,,,,,,,,,,,,,,,,,,,,,,,,,,,,,,,,,,,,,,,,,,,,,,,,,,
ASMA-1516,Bacteria,Bacillota,Bacilli,Staphylococcales,Staphylococcaceae,Staphylococcus,Staphylococcus aureus,532.0,No,,,,,,,,,,,,,,,,,,,,,,,,,,,,,,,,,,,,,,,,,,,,,,,,,,,,,,,,,,,,,,,,,,,,,,,,,,,
ASMA-1517,Bacteria,Bacillota,Bacilli,Staphylococcales,Staphylococcaceae,Staphylococcus,Staphylococcus epidermidis,521.0,No,1,0.2949666666666666,,0.2949666666666666,20250929.0,0.09316666666666666,,0.09323333333333333,,-3.333333333334354e-05,,3.333333333332966e-05,,0.09443333333333333,,22.75,,0.0021919164751899828,,0.9917368658131098,,robust,0,0.0,0,0.0,1,,,,,,0.0462,,20250929,0.0512,uncertain,0.053,uncertain,0.0466,uncertain,0.046,uncertain,0.0539,uncertain,0.0452,uncertain,0.0474,uncertain,0.051,uncertain,0.0449,uncertain,0.0549,uncertain,0.0659,uncertain,0.0471,uncertain,0.0454,uncertain,0.046,uncertain,0.05,uncertain,0.0459,uncertain,0.0457,uncertain,0.0453,uncertain,0.0481,uncertain,0.0454,uncertain
ASMA-1518,Bacteria,Actinomycetota,Actinomycetes,Micrococcales,Micrococcaceae,Rothia,Rothia sp001808955,296.0,No,,,,,,,,,,,,,,,,,,,,,,,,,,,,,,,,,,,,,,,,,,,,,,,,,,,,,,,,,,,,,,,,,,,,,,,,,,,
ASMA-1519,Bacteria,Actinomycetota,Actinomycetes,Micrococcales,Micrococcaceae,Rothia,Rothia sp001808955,296.0,No,1,0.004900000000000043,,0.004900000000000043,20250929.0,0.09449999999999999,,0.09396666666666666,,-0.0005333333333333579,,-0.001066666666666688,,0.09503333333333334,,0.0,,,,,,no_growth,0,0.0,0,0.0,0,,,,,,0.0457,,20250929,0.0466,uncertain,0.0466,uncertain,0.0544,uncertain,0.0542,uncertain,0.056,uncertain,0.0578,uncertain,0.0504,uncertain,0.0453,uncertain,0.049,uncertain,0.0542,uncertain,0.0522,uncertain,0.0492,uncertain,0.0454,uncertain,0.0443,uncertain,0.0469,uncertain,0.0464,uncertain,0.0537,uncertain,0.0437,uncertain,0.0453,uncertain,0.0444,uncertain
ASMA-152,Bacteria,Pseudomonadota,Gammaproteobacteria,Pseudomonadales,Pseudomonadaceae,Pseudomonas,Pseudomonas aeruginosa,540.0,No,,,,,,,,,,,,,,,,,,,,,,,,,,,,,,,,,,,,,,,,,,,,,,,,,,,,,,,,,,,,,,,,,,,,,,,,,,,
ASMA-1520,Bacteria,Actinomycetota,Actinomycetes,Micrococcales,Micrococcaceae,Rothia,Rothia sp001808955,296.0,Yes,1,0.003799999999999998,,0.003799999999999998,20251006.0,0.0912,,0.0905,,-0.002799999999999997,,-0.003500000000000003,,0.094,,0.0,,,,,,no_growth,0,0.0,0,0.0,0,,,,,,0.0531,,20251006,0.0552,uncertain,0.0571,uncertain,0.0556,uncertain,0.05,uncertain,0.0496,uncertain,0.0558,uncertain,0.0582,uncertain,0.0536,uncertain,0.0512,uncertain,0.0567,uncertain,0.0526,uncertain,0.0528,uncertain,0.0508,uncertain,0.054,uncertain,0.0497,uncertain,0.0524,uncertain,0.0531,uncertain,0.0511,uncertain,0.112,uncertain,0.0513,uncertain
ASMA-1521,Bacteria,Bacillota,Bacilli,Lactobacillales,Streptococcaceae,Streptococcus,undetermined species,355.0,No,,,,,,,,,,,,,,,,,,,,,,,,,,,,,,,,,,,,,,,,,,,,,,,,,,,,,,,,,,,,,,,,,,,,,,,,,,,
ASMA-1523,Fungi,Saccharomycetes,Ascomycota,Saccharomycetales,Debaryomycetaceae,Candida,Candida albicans,,,,,,,,,,,,,,,,,,,,,,,,,,,,,,,,,,,,,,,,,,,,,,,,,,,,,,,,,,,,,,,,,,,,,,,,,,,,,
ASMA-1524,Bacteria,Bacillota,Bacilli,Staphylococcales,Staphylococcaceae,Staphylococcus,Staphylococcus aureus,532.0,No,1,0.0767666666666666,,0.0767666666666666,20250929.0,0.09436666666666667,,0.09400000000000001,,3.333333333332966e-05,,-0.0003333333333333244,,0.09476666666666667,,36.5,,,,,,poor,0,0.0,0,0.0,0,,,,,,0.0491,,20250929,0.0559,uncertain,0.0539,uncertain,0.0502,uncertain,0.052,uncertain,0.0483,uncertain,0.0531,uncertain,0.0553,uncertain,0.0472,uncertain,0.0481,uncertain,0.053,uncertain,0.055,uncertain,0.0591,uncertain,0.0501,uncertain,0.0531,uncertain,0.0558,uncertain,0.0512,uncertain,0.0534,uncertain,0.0538,uncertain,0.0563,uncertain,0.052,uncertain
ASMA-1525,Bacteria,Bacillota,Bacilli,Staphylococcales,Staphylococcaceae,Staphylococcus,Staphylococcus aureus,532.0,No,,,,,,,,,,,,,,,,,,,,,,,,,,,,,,,,,,,,,,,,,,,,,,,,,,,,,,,,,,,,,,,,,,,,,,,,,,,
ASMA-1527,Bacteria,Bacillota,Bacilli,Paenibacillales,Paenibacillaceae,Paenibacillus,Paenibacillus lactis,15.0,Yes,1,0.048,,0.048,20250929.0,0.1553666666666667,,0.1516666666666667,,0.04240000000000001,,0.0387,,0.1657,,10.0,,0.0898366398654465,,0.9973758053128482,,no_growth,0,0.0,0,0.0,1,,,,,,0.0453,,20250929,0.0654,uncertain,0.0442,uncertain,0.0471,uncertain,0.0445,uncertain,0.0443,uncertain,0.0427,uncertain,0.0439,uncertain,0.0436,uncertain,0.0438,uncertain,0.0441,uncertain,0.0444,uncertain,0.0434,uncertain,0.0449,uncertain,0.0445,uncertain,0.0442,uncertain,0.0442,uncertain,0.0439,uncertain,0.0428,uncertain,0.1043,uncertain,0.0444,uncertain
ASMA-1528,Bacteria,Bacillota,Bacilli,Lactobacillales,Streptococcaceae,Streptococcus,Streptococcus mitis_DA,465.0,No,,,,,,,,,,,,,,,,,,,,,,,,,,,,,,,,,,,,,,,,,,,,,,,,,,,,,,,,,,,,,,,,,,,,,,,,,,,
ASMA-1529,Bacteria,Bacillota,Bacilli,Lactobacillales,Streptococcaceae,Streptococcus,Streptococcus mitis_DA,465.0,No,,,,,,,,,,,,,,,,,,,,,,,,,,,,,,,,,,,,,,,,,,,,,,,,,,,,,,,,,,,,,,,,,,,,,,,,,,,
ASMA-153,Bacteria,Pseudomonadota,Gammaproteobacteria,Pseudomonadales,Pseudomonadaceae,Pseudomonas,Pseudomonas aeruginosa,540.0,No,,,,,,,,,,,,,,,,,,,,,,,,,,,,,,,,,,,,,,,,,,,,,,,,,,,,,,,,,,,,,,,,,,,,,,,,,,,
ASMA-1530,Bacteria,Bacillota,Bacilli,Lactobacillales,Streptococcaceae,Streptococcus,undetermined species,297.0,No,,,,,,,,,,,,,,,,,,,,,,,,,,,,,,,,,,,,,,,,,,,,,,,,,,,,,,,,,,,,,,,,,,,,,,,,,,,
ASMA-1531,Bacteria,Bacillota,Bacilli,Lactobacillales,Streptococcaceae,Streptococcus,Streptococcus sp900766505,448.0,No,1,0.0016000000000000042,,0.0016000000000000042,20250929.0,0.09636666666666667,,0.09643333333333333,,-0.0003666666666666679,,-0.0003000000000000086,,0.09693333333333333,,40.5,,0.001595845947046648,,0.9650590560855219,,no_growth,0,0.0,0,0.0,1,,,,,,0.0439,,20250929,0.0436,uncertain,0.0427,uncertain,0.0441,uncertain,0.0436,uncertain,0.043,uncertain,0.043,uncertain,0.043,uncertain,0.0431,uncertain,0.0429,uncertain,0.0424,uncertain,0.0433,uncertain,0.0431,uncertain,0.0428,uncertain,0.0435,uncertain,0.043,uncertain,0.0433,uncertain,0.0428,uncertain,0.0429,uncertain,0.0449,uncertain,0.043,uncertain
ASMA-1532,Bacteria,Bacillota,Bacilli,Lactobacillales,Lactobacillaceae,Weissella,Weissella cibaria,16.0,Yes,1,0.0007666666666666516,,0.0007666666666666516,20250929.0,0.3100666666666667,,0.3841666666666666,,0.1551666666666667,,0.2292666666666666,,0.3841666666666666,,48.0,,0.09586015474794425,,0.9997764596805901,,no_growth,1,100.0,1,100.0,1,,,,,,0.0432,,20250929,0.0459,uncertain,0.0434,uncertain,0.0436,uncertain,0.0434,uncertain,0.043,uncertain,0.0428,uncertain,0.0431,uncertain,0.0431,uncertain,0.043,uncertain,0.0431,uncertain,0.043,uncertain,0.0427,uncertain,0.0428,uncertain,0.0433,uncertain,0.0428,uncertain,0.0429,uncertain,0.0427,uncertain,0.0429,uncertain,0.0452,uncertain,0.043,uncertain
ASMA-1533,Bacteria,Actinomycetota,Actinomycetes,Micrococcales,Micrococcaceae,Rothia,Rothia sp001808955,425.0,No,1,0.052733333333333285,,0.052733333333333285,20250929.0,0.2815,,0.2542666666666667,,0.1712333333333333,,0.14400000000000002,,0.3161666666666667,,33.75,,0.04413148247768178,,0.9999060461978493,,poor,1,100.0,1,100.0,1,,,,,,0.0544,,20250929,0.057,uncertain,0.0567,uncertain,0.0576,uncertain,0.0534,uncertain,0.0499,uncertain,0.0542,uncertain,0.0636,uncertain,0.0548,uncertain,0.0565,uncertain,0.0538,uncertain,0.0534,uncertain,0.0532,uncertain,0.0532,uncertain,0.0535,uncertain,0.0515,uncertain,0.0541,uncertain,0.0546,uncertain,0.0539,uncertain,0.0587,uncertain,0.0526,uncertain
ASMA-1534,Bacteria,Bacillota,Bacilli,Lactobacillales,Streptococcaceae,Streptococcus,Streptococcus sp900766505,448.0,Yes,1,0.0029,,0.0029,20251006.0,0.0908,,0.0908,,-0.001899999999999999,,-0.001899999999999999,,0.0927,,0.0,,,,,,no_growth,0,0.0,0,0.0,0,,,,,,0.0435,,20251006,0.0433,uncertain,0.0443,uncertain,0.0437,uncertain,0.0425,uncertain,0.0429,uncertain,0.0431,uncertain,0.0431,uncertain,0.0431,uncertain,0.0428,uncertain,0.0439,uncertain,0.0435,uncertain,0.0435,uncertain,0.0434,uncertain,0.0446,uncertain,0.0423,uncertain,0.0425,uncertain,0.0428,uncertain,0.0437,uncertain,0.0579,uncertain,0.0438,uncertain
ASMA-1535,Bacteria,Bacillota,Bacilli,Lactobacillales,Streptococcaceae,Streptococcus,undetermined species,297.0,Yes,,,,,,,,,,,,,,,,,,,,,,,,,,,,,,,,,,,,,,,,,,,,,,,,,,,,,,,,,,,,,,,,,,,,,,,,,,,
ASMA-1536,Bacteria,Bacillota,Bacilli,Lactobacillales,Streptococcaceae,Streptococcus,undetermined species,297.0,No,,,,,,,,,,,,,,,,,,,,,,,,,,,,,,,,,,,,,,,,,,,,,,,,,,,,,,,,,,,,,,,,,,,,,,,,,,,
ASMA-1537,Fungi,Saccharomycetes,Ascomycota,Saccharomycetales,Debaryomycetaceae,Candida,Candida albicans,,,,,,,,,,,,,,,,,,,,,,,,,,,,,,,,,,,,,,,,,,,,,,,,,,,,,,,,,,,,,,,,,,,,,,,,,,,,,
ASMA-1538,Fungi,Saccharomycetes,Ascomycota,Saccharomycetales,Debaryomycetaceae,Candida,Candida albicans,,,,,,,,,,,,,,,,,,,,,,,,,,,,,,,,,,,,,,,,,,,,,,,,,,,,,,,,,,,,,,,,,,,,,,,,,,,,,
ASMA-1539,Fungi,Saccharomycetes,Ascomycota,Saccharomycetales,Debaryomycetaceae,Candida,Candida albicans,,,,,,,,,,,,,,,,,,,,,,,,,,,,,,,,,,,,,,,,,,,,,,,,,,,,,,,,,,,,,,,,,,,,,,,,,,,,,
ASMA-154,Bacteria,Pseudomonadota,Gammaproteobacteria,Pseudomonadales,Pseudomonadaceae,Pseudomonas,Pseudomonas aeruginosa,540.0,No,,,,,,,,,,,,,,,,,,,,,,,,,,,,,,,,,,,,,,,,,,,,,,,,,,,,,,,,,,,,,,,,,,,,,,,,,,,
ASMA-1540,Fungi,Saccharomycetes,Ascomycota,Saccharomycetales,Debaryomycetaceae,Candida,Candida albicans,,,,,,,,,,,,,,,,,,,,,,,,,,,,,,,,,,,,,,,,,,,,,,,,,,,,,,,,,,,,,,,,,,,,,,,,,,,,,
ASMA-1541,Fungi,Saccharomycetes,Ascomycota,Saccharomycetales,Debaryomycetaceae,Candida,Candida albicans,,,,,,,,,,,,,,,,,,,,,,,,,,,,,,,,,,,,,,,,,,,,,,,,,,,,,,,,,,,,,,,,,,,,,,,,,,,,,
ASMA-1542,Fungi,Saccharomycetes,Ascomycota,Saccharomycetales,Debaryomycetaceae,Candida,Candida albicans,,,,,,,,,,,,,,,,,,,,,,,,,,,,,,,,,,,,,,,,,,,,,,,,,,,,,,,,,,,,,,,,,,,,,,,,,,,,,
ASMA-1543,Bacteria,Bacillota,Bacilli,Lactobacillales,Enterococcaceae,Enterococcus_B,Enterococcus_B lactis,298.0,No,,,,,,,,,,,,,,,,,,,,,,,,,,,,,,,,,,,,,,,,,,,,,,,,,,,,,,,,,,,,,,,,,,,,,,,,,,,
ASMA-1544,Bacteria,Bacillota,Bacilli,Staphylococcales,Staphylococcaceae,Staphylococcus,Staphylococcus epidermidis,530.0,Yes,,,,,,,,,,,,,,,,,,,,,,,,,,,,,,,,,,,,,,,,,,,,,,,,,,,,,,,,,,,,,,,,,,,,,,,,,,,
ASMA-1545,Bacteria,Bacillota,Bacilli,Lactobacillales,Enterococcaceae,Enterococcus_B,Enterococcus_B lactis,298.0,Yes,1,0.0010000000000000009,,0.0010000000000000009,20250929.0,0.125,,0.1224,,0.0126,,0.009999999999999995,,0.1250666666666667,,23.75,,0.009492157935468546,,0.996252926644906,,no_growth,0,0.0,0,0.0,1,,,,,,0.0442,,20250929,0.0443,uncertain,0.0448,uncertain,0.0444,uncertain,0.0449,uncertain,0.0446,uncertain,0.0439,uncertain,0.0433,uncertain,0.0432,uncertain,0.0435,uncertain,0.0437,uncertain,0.0432,uncertain,0.0433,uncertain,0.0433,uncertain,0.0449,uncertain,0.0433,uncertain,0.0433,uncertain,0.0428,uncertain,0.0425,uncertain,0.0441,uncertain,0.0441,uncertain
ASMA-1546,Bacteria,Actinomycetota,Actinomycetes,Actinomycetales,Micrococcaceae,Micrococcus,Micrococcus luteus,17.0,Yes,4,0.20704166666666665,0.016864632617799063,0.2292666666666666,20251010.0,0.20130833333333334,0.08371143722468406,0.26406666666666667,0.11904547217111806,0.099575,0.0789928425027652,0.16233333333333333,0.1148513919037215,0.352475,0.18611706665429692,28.4375,12.398546621815532,0.11689887556661001,0.011307678967974057,0.9992126621118111,0.0002706692179874539,robust,2,50.0,3,75.0,3,3,-4.006635192037763,2.761202900369619,20251010,none,0.15483333333333332,0.041722455983958254,20251010,0.22244999999999998,uncertain,0.3001,utilizes,0.11093333333333333,uncertain,0.06921666666666666,uncertain,0.08166666666666667,uncertain,0.12115000000000001,uncertain,0.12666666666666668,uncertain,0.10983333333333334,uncertain,0.10788333333333333,uncertain,0.11716666666666667,uncertain,0.15711666666666665,uncertain,0.22618333333333335,utilizes,0.16431666666666667,uncertain,0.08243333333333333,uncertain,0.1303666666666667,uncertain,0.16496666666666665,uncertain,0.1033,uncertain,0.08905000000000002,uncertain,0.07508333333333334,uncertain,0.07193333333333334,uncertain
ASMA-1547,Fungi,Saccharomycetes,Ascomycota,Saccharomycetales,Debaryomycetaceae,Candida,Candida albicans,,,,,,,,,,,,,,,,,,,,,,,,,,,,,,,,,,,,,,,,,,,,,,,,,,,,,,,,,,,,,,,,,,,,,,,,,,,,,
ASMA-1548,Bacteria,Actinomycetota,Actinomycetes,Actinomycetales,Micrococcaceae,Micrococcus,Micrococcus luteus,18.0,Yes,4,0.21676666666666666,0.01920769521716634,0.24379999999999996,20251017.0,0.103325,0.0077452673721871475,0.10053333333333334,0.005625141973516951,-0.004416666666666666,0.008624706114155748,-0.0072083333333333305,0.009772424355183204,0.10979166666666668,0.014682349569768762,2.0,2.345207879911715,0.020595902985913232,,0.9564459759553475,,robust,0,0.0,0,0.0,1,3,-16.311513759516817,4.112167796855004,20251017,none,0.11021666666666666,0.11611758408326164,20251017,0.20368333333333333,uncertain,0.24193333333333333,uncertain,0.1061,uncertain,0.07395,uncertain,0.08755,uncertain,0.07718333333333333,uncertain,0.1253,uncertain,0.089,uncertain,0.11480000000000001,uncertain,0.13465000000000002,uncertain,0.08295,uncertain,0.18453333333333333,uncertain,0.16616666666666666,uncertain,0.07616666666666666,uncertain,0.08343333333333333,uncertain,0.10775000000000001,uncertain,0.10093333333333333,uncertain,0.07701666666666666,uncertain,0.06398333333333334,uncertain,0.06251666666666666,uncertain
ASMA-1549,Bacteria,Bacillota,Bacilli,Staphylococcales,Staphylococcaceae,Staphylococcus,Staphylococcus haemolyticus,529.0,No,,,,,,,,,,,,,,,,,,,,,,,,,,,,,,,,,,,,,,,,,,,,,,,,,,,,,,,,,,,,,,,,,,,,,,,,,,,
ASMA-155,Bacteria,Pseudomonadota,Gammaproteobacteria,Burkholderiales,Neisseriaceae,Neisseria,Neisseria perflava,354.0,No,1,0.0030000000000000027,,0.0030000000000000027,20250920.0,0.1584,,0.1723666666666667,,0.05590000000000002,,0.0698666666666667,,0.1956666666666667,,7.0,,0.13569544327411276,,0.9988764009897693,,no_growth,0,0.0,0,0.0,1,,,,,,0.046,,20250920,0.0472,uncertain,0.049,uncertain,0.0467,uncertain,0.0456,uncertain,0.045,uncertain,0.0451,uncertain,0.0501,uncertain,0.0454,uncertain,0.0459,uncertain,0.0451,uncertain,0.0441,uncertain,0.0504,uncertain,0.0449,uncertain,0.0468,uncertain,0.0453,uncertain,0.0446,uncertain,0.0445,uncertain,0.0442,uncertain,0.0458,uncertain,0.0473,uncertain
ASMA-1550,Bacteria,Bacillota,Bacilli,Staphylococcales,Staphylococcaceae,Staphylococcus,Staphylococcus haemolyticus,529.0,No,,,,,,,,,,,,,,,,,,,,,,,,,,,,,,,,,,,,,,,,,,,,,,,,,,,,,,,,,,,,,,,,,,,,,,,,,,,
ASMA-1551,Bacteria,Bacillota,Bacilli,Staphylococcales,Staphylococcaceae,Staphylococcus,Staphylococcus haemolyticus,529.0,No,,,,,,,,,,,,,,,,,,,,,,,,,,,,,,,,,,,,,,,,,,,,,,,,,,,,,,,,,,,,,,,,,,,,,,,,,,,
ASMA-1552,Bacteria,Bacillota,Bacilli,Staphylococcales,Staphylococcaceae,Staphylococcus,Staphylococcus haemolyticus,529.0,No,,,,,,,,,,,,,,,,,,,,,,,,,,,,,,,,,,,,,,,,,,,,,,,,,,,,,,,,,,,,,,,,,,,,,,,,,,,
ASMA-1553,Bacteria,Bacillota,Bacilli,Staphylococcales,Staphylococcaceae,Staphylococcus,Staphylococcus epidermidis,502.0,No,,,,,,,,,,,,,,,,,,,,,,,,,,,,,,,,,,,,,,,,,,,,,,,,,,,,,,,,,,,,,,,,,,,,,,,,,,,
ASMA-1554,Bacteria,Bacillota,Bacilli,Staphylococcales,Staphylococcaceae,Staphylococcus,Staphylococcus haemolyticus,529.0,No,,,,,,,,,,,,,,,,,,,,,,,,,,,,,,,,,,,,,,,,,,,,,,,,,,,,,,,,,,,,,,,,,,,,,,,,,,,
ASMA-1555,Bacteria,Bacillota,Bacilli,Staphylococcales,Staphylococcaceae,Staphylococcus,Staphylococcus epidermidis,502.0,No,,,,,,,,,,,,,,,,,,,,,,,,,,,,,,,,,,,,,,,,,,,,,,,,,,,,,,,,,,,,,,,,,,,,,,,,,,,
ASMA-1556,Bacteria,Bacillota,Bacilli,Staphylococcales,Staphylococcaceae,Staphylococcus,Staphylococcus epidermidis,502.0,No,,,,,,,,,,,,,,,,,,,,,,,,,,,,,,,,,,,,,,,,,,,,,,,,,,,,,,,,,,,,,,,,,,,,,,,,,,,
ASMA-1557,Bacteria,Bacillota,Bacilli,Staphylococcales,Staphylococcaceae,Staphylococcus,Staphylococcus haemolyticus,529.0,No,,,,,,,,,,,,,,,,,,,,,,,,,,,,,,,,,,,,,,,,,,,,,,,,,,,,,,,,,,,,,,,,,,,,,,,,,,,
ASMA-1558,Bacteria,Bacillota,Bacilli,Staphylococcales,Staphylococcaceae,Staphylococcus,Staphylococcus haemolyticus,529.0,No,,,,,,,,,,,,,,,,,,,,,,,,,,,,,,,,,,,,,,,,,,,,,,,,,,,,,,,,,,,,,,,,,,,,,,,,,,,
ASMA-1559,Bacteria,Bacillota,Bacilli,Staphylococcales,Staphylococcaceae,Staphylococcus,Staphylococcus haemolyticus,529.0,No,,,,,,,,,,,,,,,,,,,,,,,,,,,,,,,,,,,,,,,,,,,,,,,,,,,,,,,,,,,,,,,,,,,,,,,,,,,
ASMA-156,Bacteria,Bacillota,Bacilli,Lactobacillales,Streptococcaceae,Streptococcus,Streptococcus salivarius,299.0,No,2,0.0037166666666666667,0.003464823227814084,0.0061666666666666675,20250929.0,0.2292833333333333,0.18948104713195515,0.21945,0.17599887783733165,0.12351666666666666,0.1748675069874332,0.11368333333333334,0.1613853376928097,0.23303333333333331,0.19431294347006323,13.125,18.2079996155536,0.027132158365884996,,0.9993622701248055,,no_growth,1,50.0,1,50.0,1,,,,,,0.04435,,20250929,0.0433,uncertain,0.04315,uncertain,0.04325,uncertain,0.0434,uncertain,0.04295,uncertain,0.0431,uncertain,0.0425,uncertain,0.0426,uncertain,0.0427,uncertain,0.0424,uncertain,0.042249999999999996,uncertain,0.043149999999999994,uncertain,0.042050000000000004,uncertain,0.0434,uncertain,0.049699999999999994,uncertain,0.04285,uncertain,0.0422,uncertain,0.04245,uncertain,0.0445,uncertain,0.04385,uncertain
ASMA-1560,Bacteria,Bacillota,Bacilli,Staphylococcales,Staphylococcaceae,Staphylococcus,Staphylococcus haemolyticus,529.0,No,,,,,,,,,,,,,,,,,,,,,,,,,,,,,,,,,,,,,,,,,,,,,,,,,,,,,,,,,,,,,,,,,,,,,,,,,,,
ASMA-1561,Fungi,Saccharomycetes,Ascomycota,Saccharomycetales,Debaryomycetaceae,Candida,Candida albicans,,,,,,,,,,,,,,,,,,,,,,,,,,,,,,,,,,,,,,,,,,,,,,,,,,,,,,,,,,,,,,,,,,,,,,,,,,,,,
ASMA-1562,Bacteria,Bacillota,Bacilli,Staphylococcales,Staphylococcaceae,Staphylococcus,Staphylococcus epidermidis,502.0,No,,,,,,,,,,,,,,,,,,,,,,,,,,,,,,,,,,,,,,,,,,,,,,,,,,,,,,,,,,,,,,,,,,,,,,,,,,,
ASMA-1563,Bacteria,Bacillota,Bacilli,Staphylococcales,Staphylococcaceae,Staphylococcus,Staphylococcus haemolyticus,529.0,No,,,,,,,,,,,,,,,,,,,,,,,,,,,,,,,,,,,,,,,,,,,,,,,,,,,,,,,,,,,,,,,,,,,,,,,,,,,
ASMA-1564,Fungi,Saccharomycetes,Ascomycota,Saccharomycetales,Debaryomycetaceae,Candida,Candida albicans,,,,,,,,,,,,,,,,,,,,,,,,,,,,,,,,,,,,,,,,,,,,,,,,,,,,,,,,,,,,,,,,,,,,,,,,,,,,,
ASMA-1565,Bacteria,Bacillota,Bacilli,Staphylococcales,Staphylococcaceae,Staphylococcus,Staphylococcus haemolyticus,529.0,No,,,,,,,,,,,,,,,,,,,,,,,,,,,,,,,,,,,,,,,,,,,,,,,,,,,,,,,,,,,,,,,,,,,,,,,,,,,
ASMA-1566,Bacteria,Bacillota,Bacilli,Staphylococcales,Staphylococcaceae,Staphylococcus,Staphylococcus haemolyticus,529.0,No,,,,,,,,,,,,,,,,,,,,,,,,,,,,,,,,,,,,,,,,,,,,,,,,,,,,,,,,,,,,,,,,,,,,,,,,,,,
ASMA-1567,Bacteria,Bacillota,Bacilli,Staphylococcales,Staphylococcaceae,Staphylococcus,Staphylococcus epidermidis,502.0,No,,,,,,,,,,,,,,,,,,,,,,,,,,,,,,,,,,,,,,,,,,,,,,,,,,,,,,,,,,,,,,,,,,,,,,,,,,,
ASMA-1568,Bacteria,Bacillota,Bacilli,Staphylococcales,Staphylococcaceae,Staphylococcus,Staphylococcus epidermidis,502.0,Yes,,,,,,,,,,,,,,,,,,,,,,,,,,,,,,,,,,,,,,,,,,,,,,,,,,,,,,,,,,,,,,,,,,,,,,,,,,,
ASMA-1569,Bacteria,Pseudomonadota,Gammaproteobacteria,Pseudomonadales,Pseudomonadaceae,Pseudomonas,Pseudomonas aeruginosa,536.0,No,,,,,,,,,,,,,,,,,,,,,,,,,,,,,,,,,,,,,,,,,,,,,,,,,,,,,,,,,,,,,,,,,,,,,,,,,,,
ASMA-157,Bacteria,Bacillota,Bacilli,Lactobacillales,Streptococcaceae,Streptococcus,Streptococcus salivarius,299.0,Yes,1,0.0019333333333333425,,0.0019333333333333425,20251003.0,0.1165666666666667,,0.1258666666666667,,0.007299999999999987,,0.016600000000000004,,0.1258666666666667,,48.0,,0.02763235090255748,,0.9995285781799347,,no_growth,0,0.0,0,0.0,1,,,,,,0.0436,,20251003,0.0426,uncertain,0.0428,uncertain,0.0438,uncertain,0.0431,uncertain,0.0432,uncertain,0.0431,uncertain,0.0429,uncertain,0.0432,uncertain,0.043,uncertain,0.043,uncertain,0.0426,uncertain,0.0434,uncertain,0.0432,uncertain,0.0439,uncertain,0.0435,uncertain,0.0431,uncertain,0.0431,uncertain,0.0452,uncertain,0.0439,uncertain,0.0432,uncertain
ASMA-1570,Bacteria,Pseudomonadota,Gammaproteobacteria,Pseudomonadales,Pseudomonadaceae,Pseudomonas,Pseudomonas aeruginosa,536.0,No,,,,,,,,,,,,,,,,,,,,,,,,,,,,,,,,,,,,,,,,,,,,,,,,,,,,,,,,,,,,,,,,,,,,,,,,,,,
ASMA-1571,Bacteria,Pseudomonadota,Gammaproteobacteria,Pseudomonadales,Pseudomonadaceae,Pseudomonas,Pseudomonas aeruginosa,536.0,No,,,,,,,,,,,,,,,,,,,,,,,,,,,,,,,,,,,,,,,,,,,,,,,,,,,,,,,,,,,,,,,,,,,,,,,,,,,
ASMA-1572,Bacteria,Pseudomonadota,Gammaproteobacteria,Pseudomonadales,Pseudomonadaceae,Pseudomonas,Pseudomonas aeruginosa,536.0,No,,,,,,,,,,,,,,,,,,,,,,,,,,,,,,,,,,,,,,,,,,,,,,,,,,,,,,,,,,,,,,,,,,,,,,,,,,,
ASMA-1573,Bacteria,Pseudomonadota,Gammaproteobacteria,Pseudomonadales,Pseudomonadaceae,Pseudomonas,Pseudomonas aeruginosa,536.0,No,,,,,,,,,,,,,,,,,,,,,,,,,,,,,,,,,,,,,,,,,,,,,,,,,,,,,,,,,,,,,,,,,,,,,,,,,,,
ASMA-1574,Bacteria,Pseudomonadota,Gammaproteobacteria,Pseudomonadales,Pseudomonadaceae,Pseudomonas,Pseudomonas aeruginosa,536.0,No,,,,,,,,,,,,,,,,,,,,,,,,,,,,,,,,,,,,,,,,,,,,,,,,,,,,,,,,,,,,,,,,,,,,,,,,,,,
ASMA-1575,Bacteria,Pseudomonadota,Gammaproteobacteria,Pseudomonadales,Pseudomonadaceae,Pseudomonas,Pseudomonas aeruginosa,536.0,No,,,,,,,,,,,,,,,,,,,,,,,,,,,,,,,,,,,,,,,,,,,,,,,,,,,,,,,,,,,,,,,,,,,,,,,,,,,
ASMA-1576,Bacteria,Pseudomonadota,Gammaproteobacteria,Pseudomonadales,Pseudomonadaceae,Pseudomonas,Pseudomonas aeruginosa,536.0,No,,,,,,,,,,,,,,,,,,,,,,,,,,,,,,,,,,,,,,,,,,,,,,,,,,,,,,,,,,,,,,,,,,,,,,,,,,,
ASMA-1577,Bacteria,Pseudomonadota,Gammaproteobacteria,Pseudomonadales,Pseudomonadaceae,Pseudomonas,Pseudomonas aeruginosa,536.0,No,,,,,,,,,,,,,,,,,,,,,,,,,,,,,,,,,,,,,,,,,,,,,,,,,,,,,,,,,,,,,,,,,,,,,,,,,,,
ASMA-1578,Bacteria,Pseudomonadota,Gammaproteobacteria,Pseudomonadales,Pseudomonadaceae,Pseudomonas,Pseudomonas aeruginosa,536.0,No,,,,,,,,,,,,,,,,,,,,,,,,,,,,,,,,,,,,,,,,,,,,,,,,,,,,,,,,,,,,,,,,,,,,,,,,,,,
ASMA-1579,Bacteria,Pseudomonadota,Gammaproteobacteria,Pseudomonadales,Pseudomonadaceae,Pseudomonas,Pseudomonas aeruginosa,536.0,No,,,,,,,,,,,,,,,,,,,,,,,,,,,,,,,,,,,,,,,,,,,,,,,,,,,,,,,,,,,,,,,,,,,,,,,,,,,
ASMA-158,Bacteria,Pseudomonadota,Gammaproteobacteria,Pseudomonadales,Pseudomonadaceae,Pseudomonas,Pseudomonas aeruginosa,540.0,No,,,,,,,,,,,,,,,,,,,,,,,,,,,,,,,,,,,,,,,,,,,,,,,,,,,,,,,,,,,,,,,,,,,,,,,,,,,
ASMA-1580,Bacteria,Pseudomonadota,Gammaproteobacteria,Pseudomonadales,Pseudomonadaceae,Pseudomonas,Pseudomonas aeruginosa,536.0,No,,,,,,,,,,,,,,,,,,,,,,,,,,,,,,,,,,,,,,,,,,,,,,,,,,,,,,,,,,,,,,,,,,,,,,,,,,,
ASMA-1581,Bacteria,Pseudomonadota,Gammaproteobacteria,Pseudomonadales,Pseudomonadaceae,Pseudomonas,Pseudomonas aeruginosa,536.0,No,,,,,,,,,,,,,,,,,,,,,,,,,,,,,,,,,,,,,,,,,,,,,,,,,,,,,,,,,,,,,,,,,,,,,,,,,,,
ASMA-1582,Bacteria,Pseudomonadota,Gammaproteobacteria,Pseudomonadales,Pseudomonadaceae,Pseudomonas,Pseudomonas aeruginosa,536.0,No,,,,,,,,,,,,,,,,,,,,,,,,,,,,,,,,,,,,,,,,,,,,,,,,,,,,,,,,,,,,,,,,,,,,,,,,,,,
ASMA-1583,Bacteria,Bacillota,Bacilli,Lactobacillales,Lactobacillaceae,Lacticaseibacillus,Lacticaseibacillus rhamnosus,300.0,No,1,0.001966666666666672,,0.001966666666666672,20250929.0,0.0947,,0.09393333333333333,,0.00033333333333333826,,-0.0004333333333333411,,0.0951,,22.75,,0.001994282793472278,,0.9591746921036823,,no_growth,0,0.0,0,0.0,1,,,,,,0.0445,,20250929,0.0441,uncertain,0.0453,uncertain,0.0454,uncertain,0.046,uncertain,0.0453,uncertain,0.0481,uncertain,0.0444,uncertain,0.0441,uncertain,0.0445,uncertain,0.0463,uncertain,0.0446,uncertain,0.0436,uncertain,0.0446,uncertain,0.046,uncertain,0.044,uncertain,0.043,uncertain,0.0447,uncertain,0.0452,uncertain,0.0453,uncertain,0.0465,uncertain
ASMA-1584,Bacteria,Bacillota,Bacilli,Staphylococcales,Staphylococcaceae,Staphylococcus,Staphylococcus aureus,356.0,Yes,1,0.013066666666666685,,0.013066666666666685,20250929.0,0.09446666666666666,,0.09446666666666666,,0.0005333333333333301,,0.0005333333333333301,,0.09483333333333333,,19.5,,,,,,no_growth,0,0.0,0,0.0,0,,,,,,0.0553,,20250929,0.0588,uncertain,0.0547,uncertain,0.0529,uncertain,0.0541,uncertain,0.0544,uncertain,0.0522,uncertain,0.0546,uncertain,0.0546,uncertain,0.0523,uncertain,0.0565,uncertain,0.0533,uncertain,0.057,uncertain,0.0533,uncertain,0.053,uncertain,0.0505,uncertain,0.0513,uncertain,0.0548,uncertain,0.0555,uncertain,0.0605,uncertain,0.0523,uncertain
ASMA-1585,Bacteria,Bacillota,Bacilli,Staphylococcales,Staphylococcaceae,Staphylococcus,Staphylococcus aureus,356.0,No,1,0.056199999999999986,,0.056199999999999986,20251006.0,0.2242,,0.2093,,0.06740000000000002,,0.05250000000000002,,0.2367,,13.25,,0.10564468042782936,,0.9993082794167601,,poor,0,0.0,0,0.0,1,,,,,,0.051,,20251006,0.5799,uncertain,0.1442,uncertain,0.0456,uncertain,0.0447,uncertain,0.37,uncertain,0.0492,uncertain,0.4858,uncertain,0.0493,uncertain,0.0497,uncertain,0.0518,uncertain,0.2696,uncertain,0.247,uncertain,0.0518,uncertain,0.1084,uncertain,0.1256,uncertain,0.5712,uncertain,0.4388,uncertain,0.3915,uncertain,0.0604,uncertain,0.056,uncertain
ASMA-1586,Bacteria,Bacillota,Bacilli,Staphylococcales,Staphylococcaceae,Staphylococcus,Staphylococcus aureus,356.0,No,,,,,,,,,,,,,,,,,,,,,,,,,,,,,,,,,,,,,,,,,,,,,,,,,,,,,,,,,,,,,,,,,,,,,,,,,,,
ASMA-1587,Bacteria,Bacillota,Bacilli,Lactobacillales,Streptococcaceae,Streptococcus,Streptococcus xiaochunlingii,449.0,No,1,0.0014000000000000123,,0.0014000000000000123,20250929.0,0.09403333333333334,,0.09393333333333333,,-0.0004999999999999727,,-0.0005999999999999894,,0.09493333333333333,,1.75,,0.003615319786654917,,0.9656846407526763,,no_growth,0,0.0,0,0.0,1,,,,,,0.0438,,20250929,0.0433,uncertain,0.047,uncertain,0.0458,uncertain,0.0434,uncertain,0.0469,uncertain,0.0438,uncertain,0.0448,uncertain,0.0434,uncertain,0.0454,uncertain,0.0437,uncertain,0.0427,uncertain,0.0427,uncertain,0.0438,uncertain,0.0436,uncertain,0.042,uncertain,0.0425,uncertain,0.0435,uncertain,0.0423,uncertain,0.0453,uncertain,0.043,uncertain
ASMA-1588,Bacteria,Bacillota,Bacilli,Lactobacillales,Streptococcaceae,Streptococcus,Streptococcus xiaochunlingii,449.0,No,1,0.003500000000000003,,0.003500000000000003,20251006.0,0.2746,,0.1667,,0.14450000000000002,,0.036599999999999994,,0.3009,,10.25,,0.09965480810435123,,0.9988662802316018,,no_growth,1,100.0,0,0.0,1,,,,,,0.0472,,20251006,0.044,uncertain,0.047,uncertain,0.0464,uncertain,0.0449,uncertain,0.0456,uncertain,0.0447,uncertain,0.0446,uncertain,0.0441,uncertain,0.0449,uncertain,0.0472,uncertain,0.0445,uncertain,0.044,uncertain,0.0444,uncertain,0.0449,uncertain,0.044,uncertain,0.0438,uncertain,0.0465,uncertain,0.0441,uncertain,0.0523,uncertain,0.0448,uncertain
ASMA-1589,Bacteria,Bacillota,Bacilli,Lactobacillales,Streptococcaceae,Streptococcus,Streptococcus salivarius,527.0,No,,,,,,,,,,,,,,,,,,,,,,,,,,,,,,,,,,,,,,,,,,,,,,,,,,,,,,,,,,,,,,,,,,,,,,,,,,,
ASMA-159,Bacteria,Actinomycetota,Actinomycetes,Micrococcales,Micrococcaceae,Rothia,Rothia sp029850875,352.0,No,,,,,,,,,,,,,,,,,,,,,,,,,,,,,,,,,,,,,,,,,,,,,,,,,,,,,,,,,,,,,,,,,,,,,,,,,,,
ASMA-1590,Bacteria,Bacillota,Bacilli,Lactobacillales,Streptococcaceae,Streptococcus,Streptococcus sp001811305,503.0,No,,,,,,,,,,,,,,,,,,,,,,,,,,,,,,,,,,,,,,,,,,,,,,,,,,,,,,,,,,,,,,,,,,,,,,,,,,,
ASMA-1591,Bacteria,Bacillota,Bacilli,Lactobacillales,Streptococcaceae,Streptococcus,Streptococcus sanguinis,480.0,No,,,,,,,,,,,,,,,,,,,,,,,,,,,,,,,,,,,,,,,,,,,,,,,,,,,,,,,,,,,,,,,,,,,,,,,,,,,
ASMA-1592,Bacteria,Bacillota,Bacilli,Lactobacillales,Streptococcaceae,Streptococcus,Streptococcus salivarius,527.0,No,,,,,,,,,,,,,,,,,,,,,,,,,,,,,,,,,,,,,,,,,,,,,,,,,,,,,,,,,,,,,,,,,,,,,,,,,,,
ASMA-1593,Bacteria,Bacillota,Bacilli,Lactobacillales,Streptococcaceae,Streptococcus,Streptococcus salivarius,527.0,No,,,,,,,,,,,,,,,,,,,,,,,,,,,,,,,,,,,,,,,,,,,,,,,,,,,,,,,,,,,,,,,,,,,,,,,,,,,
ASMA-1594,Bacteria,Bacillota,Bacilli,Lactobacillales,Streptococcaceae,Streptococcus,Streptococcus xiaochunlingii,449.0,No,,,,,,,,,,,,,,,,,,,,,,,,,,,,,,,,,,,,,,,,,,,,,,,,,,,,,,,,,,,,,,,,,,,,,,,,,,,
ASMA-1595,Bacteria,Bacillota,Bacilli,Lactobacillales,Streptococcaceae,Streptococcus,Streptococcus infantis_M,216.0,Yes,1,0.034866666666666615,,0.034866666666666615,20250929.0,0.0937,,0.0931,,-0.0011333333333333195,,-0.0017333333333333228,,0.09483333333333333,,0.0,,,,,,no_growth,0,0.0,0,0.0,0,,,,,,0.0432,,20250929,0.0442,uncertain,0.0434,uncertain,0.0441,uncertain,0.0436,uncertain,0.0431,uncertain,0.0429,uncertain,0.0437,uncertain,0.0436,uncertain,0.0433,uncertain,0.0432,uncertain,0.0429,uncertain,0.0437,uncertain,0.0424,uncertain,0.0441,uncertain,0.0442,uncertain,0.0432,uncertain,0.0426,uncertain,0.0432,uncertain,0.0443,uncertain,0.0435,uncertain
ASMA-1596,Bacteria,Bacillota,Bacilli,Lactobacillales,Streptococcaceae,Streptococcus,Streptococcus xiaochunlingii,449.0,No,,,,,,,,,,,,,,,,,,,,,,,,,,,,,,,,,,,,,,,,,,,,,,,,,,,,,,,,,,,,,,,,,,,,,,,,,,,
ASMA-1597,Bacteria,Bacillota,Bacilli,Lactobacillales,Streptococcaceae,Streptococcus,Streptococcus sp001811305,503.0,No,1,0.0021000000000000046,,0.0021000000000000046,20251006.0,0.0924,,0.0921,,-0.0013999999999999985,,-0.0016999999999999932,,0.0938,,0.0,,0.002508550859246881,,0.9608235822125503,,no_growth,0,0.0,0,0.0,1,,,,,,0.0443,,20251006,0.0455,uncertain,0.0447,uncertain,0.0465,uncertain,0.0447,uncertain,0.0447,uncertain,0.0443,uncertain,0.044,uncertain,0.0447,uncertain,0.0444,uncertain,0.0446,uncertain,0.0437,uncertain,0.0435,uncertain,0.0444,uncertain,0.0444,uncertain,0.0439,uncertain,0.0435,uncertain,0.044,uncertain,0.0442,uncertain,0.0759,uncertain,0.0449,uncertain
ASMA-1598,Bacteria,Bacillota,Bacilli,Staphylococcales,Gemellaceae,Gemella,Gemella sp927911745,19.0,Yes,1,0.0008333333333333248,,0.0008333333333333248,20250929.0,0.09670000000000001,,0.0961,,-0.0005333333333333162,,-0.0011333333333333195,,0.09870000000000001,,3.75,,,,,,no_growth,0,0.0,0,0.0,0,,,,,,0.0471,,20250929,0.0446,uncertain,0.046,uncertain,0.0454,uncertain,0.0446,uncertain,0.0462,uncertain,0.0443,uncertain,0.044,uncertain,0.0442,uncertain,0.0456,uncertain,0.0455,uncertain,0.0441,uncertain,0.0442,uncertain,0.0447,uncertain,0.0459,uncertain,0.0437,uncertain,0.0442,uncertain,0.045,uncertain,0.0443,uncertain,0.0457,uncertain,0.0442,uncertain
ASMA-1599,Bacteria,Bacillota,Bacilli,Lactobacillales,Streptococcaceae,Streptococcus,Streptococcus sanguinis,480.0,No,,,,,,,,,,,,,,,,,,,,,,,,,,,,,,,,,,,,,,,,,,,,,,,,,,,,,,,,,,,,,,,,,,,,,,,,,,,
ASMA-16,Bacteria,Pseudomonadota,Gammaproteobacteria,Pseudomonadales,Pseudomonadaceae,Pseudomonas,Pseudomonas aeruginosa,536.0,No,,,,,,,,,,,,,,,,,,,,,,,,,,,,,,,,,,,,,,,,,,,,,,,,,,,,,,,,,,,,,,,,,,,,,,,,,,,
ASMA-160,Bacteria,Pseudomonadota,Gammaproteobacteria,Pseudomonadales,Pseudomonadaceae,Pseudomonas,Pseudomonas aeruginosa,540.0,No,,,,,,,,,,,,,,,,,,,,,,,,,,,,,,,,,,,,,,,,,,,,,,,,,,,,,,,,,,,,,,,,,,,,,,,,,,,
ASMA-1600,Bacteria,Bacillota,Bacilli,Lactobacillales,Streptococcaceae,Streptococcus,Streptococcus sanguinis,480.0,No,,,,,,,,,,,,,,,,,,,,,,,,,,,,,,,,,,,,,,,,,,,,,,,,,,,,,,,,,,,,,,,,,,,,,,,,,,,
ASMA-1601,Bacteria,Bacillota,Bacilli,Lactobacillales,Streptococcaceae,Streptococcus,Streptococcus sp030825805,,,1,0.002600000000000005,,0.002600000000000005,20251006.0,0.0933,,0.0925,,-0.0021000000000000046,,-0.0029,,0.0958,,7.25,,,,,,no_growth,0,0.0,0,0.0,0,,,,,,0.0429,,20251006,0.0438,uncertain,0.0434,uncertain,0.0461,uncertain,0.0441,uncertain,0.0436,uncertain,0.0433,uncertain,0.0436,uncertain,0.0435,uncertain,0.0443,uncertain,0.044,uncertain,0.0459,uncertain,0.0438,uncertain,0.0463,uncertain,0.0445,uncertain,0.0451,uncertain,0.0438,uncertain,0.1567,uncertain,0.0845,uncertain,0.0445,uncertain,0.0432,uncertain
ASMA-1602,Bacteria,Bacillota,Bacilli,Lactobacillales,Streptococcaceae,Streptococcus,Streptococcus sanguinis,480.0,No,,,,,,,,,,,,,,,,,,,,,,,,,,,,,,,,,,,,,,,,,,,,,,,,,,,,,,,,,,,,,,,,,,,,,,,,,,,
ASMA-1603,Bacteria,Bacillota,Bacilli,Lactobacillales,Streptococcaceae,Streptococcus,Streptococcus salivarius,527.0,No,,,,,,,,,,,,,,,,,,,,,,,,,,,,,,,,,,,,,,,,,,,,,,,,,,,,,,,,,,,,,,,,,,,,,,,,,,,
ASMA-1604,Bacteria,Bacillota,Bacilli,Staphylococcales,Staphylococcaceae,Staphylococcus,Staphylococcus aureus,532.0,No,,,,,,,,,,,,,,,,,,,,,,,,,,,,,,,,,,,,,,,,,,,,,,,,,,,,,,,,,,,,,,,,,,,,,,,,,,,
ASMA-1605,Bacteria,Actinomycetota,Actinomycetes,Micrococcales,Micrococcaceae,Rothia,Rothia sp001836735,20.0,Yes,1,0.0009666666666666712,,0.0009666666666666712,20250929.0,0.3331666666666667,,0.2289666666666667,,0.21223333333333344,,0.10803333333333341,,0.4395,,14.25,,0.18195893358491222,,0.999874645093372,,no_growth,1,100.0,1,100.0,1,,,,,,0.0448,,20250929,0.0443,uncertain,0.0474,uncertain,0.0454,uncertain,0.0451,uncertain,0.0438,uncertain,0.0437,uncertain,0.0442,uncertain,0.0447,uncertain,0.0447,uncertain,0.045,uncertain,0.044,uncertain,0.0443,uncertain,0.0443,uncertain,0.045,uncertain,0.0441,uncertain,0.044,uncertain,0.044,uncertain,0.0445,uncertain,0.0454,uncertain,0.0446,uncertain
ASMA-1606,Bacteria,Bacillota,Bacilli,Lactobacillales,Streptococcaceae,Streptococcus,Streptococcus salivarius,527.0,No,,,,,,,,,,,,,,,,,,,,,,,,,,,,,,,,,,,,,,,,,,,,,,,,,,,,,,,,,,,,,,,,,,,,,,,,,,,
ASMA-1607,Bacteria,Bacillota,Bacilli,Staphylococcales,Staphylococcaceae,Staphylococcus,Staphylococcus aureus,532.0,No,,,,,,,,,,,,,,,,,,,,,,,,,,,,,,,,,,,,,,,,,,,,,,,,,,,,,,,,,,,,,,,,,,,,,,,,,,,
ASMA-1608,Bacteria,Bacillota,Bacilli,Staphylococcales,Staphylococcaceae,Staphylococcus,Staphylococcus aureus,532.0,No,,,,,,,,,,,,,,,,,,,,,,,,,,,,,,,,,,,,,,,,,,,,,,,,,,,,,,,,,,,,,,,,,,,,,,,,,,,
ASMA-1609,Bacteria,Bacillota,Bacilli,Lactobacillales,Streptococcaceae,Streptococcus,Streptococcus sanguinis,480.0,No,,,,,,,,,,,,,,,,,,,,,,,,,,,,,,,,,,,,,,,,,,,,,,,,,,,,,,,,,,,,,,,,,,,,,,,,,,,
ASMA-161,Bacteria,Actinomycetota,Actinomycetes,Micrococcales,Micrococcaceae,Rothia,Rothia sp029850875,352.0,Yes,1,0.019133333333333405,,0.019133333333333405,20250920.0,0.1008333333333333,,0.09903333333333335,,0.003099999999999964,,0.0013000000000000095,,0.1020333333333333,,10.75,,0.004408841155511951,,0.9782565786868813,,no_growth,0,0.0,0,0.0,1,,,,,,0.0554,,20250920,0.0562,uncertain,0.0564,uncertain,0.0559,uncertain,0.0535,uncertain,0.054,uncertain,0.0521,uncertain,0.0553,uncertain,0.0531,uncertain,0.0527,uncertain,0.0532,uncertain,0.0516,uncertain,0.0495,uncertain,0.0531,uncertain,0.0518,uncertain,0.0505,uncertain,0.0493,uncertain,0.0494,uncertain,0.0501,uncertain,0.0544,uncertain,0.0519,uncertain
ASMA-1610,Bacteria,Bacillota,Bacilli,Lactobacillales,Streptococcaceae,Streptococcus,Streptococcus sanguinis,480.0,No,1,0.001166666666666677,,0.001166666666666677,20250929.0,0.1461666666666667,,0.1316,,0.03323333333333339,,0.018666666666666692,,0.152,,4.0,,0.10574500842736205,,0.967507296341582,,no_growth,0,0.0,0,0.0,1,,,,,,0.0442,,20250929,0.0445,uncertain,0.0435,uncertain,0.0436,uncertain,0.0438,uncertain,0.0436,uncertain,0.0434,uncertain,0.0435,uncertain,0.0432,uncertain,0.0433,uncertain,0.043,uncertain,0.0436,uncertain,0.0435,uncertain,0.0428,uncertain,0.0439,uncertain,0.0477,uncertain,0.0429,uncertain,0.0433,uncertain,0.0439,uncertain,0.0439,uncertain,0.0436,uncertain
ASMA-1611,Bacteria,Bacillota,Bacilli,Lactobacillales,Streptococcaceae,Streptococcus,Streptococcus sp001811305,503.0,No,,,,,,,,,,,,,,,,,,,,,,,,,,,,,,,,,,,,,,,,,,,,,,,,,,,,,,,,,,,,,,,,,,,,,,,,,,,
ASMA-1612,Bacteria,Bacillota,Bacilli,Lactobacillales,Streptococcaceae,Streptococcus,Streptococcus sanguinis,480.0,No,,,,,,,,,,,,,,,,,,,,,,,,,,,,,,,,,,,,,,,,,,,,,,,,,,,,,,,,,,,,,,,,,,,,,,,,,,,
ASMA-1613,Bacteria,Bacillota,Bacilli,Lactobacillales,Streptococcaceae,Streptococcus,Streptococcus salivarius,527.0,No,,,,,,,,,,,,,,,,,,,,,,,,,,,,,,,,,,,,,,,,,,,,,,,,,,,,,,,,,,,,,,,,,,,,,,,,,,,
ASMA-1614,Bacteria,Pseudomonadota,Gammaproteobacteria,Burkholderiales,Neisseriaceae,Neisseria,undetermined species,475.0,Yes,3,0.022000000000000006,0.010209309477138995,0.03340000000000001,20251010.0,0.41063333333333335,0.4736614015658584,0.4525333333333333,0.54123555254005,0.3065,0.4742828375558196,0.3484,0.5418553404738204,0.4880666666666667,0.5539286085167775,39.666666666666664,1.8929694486000916,0.06281243934808964,0.013207917989163142,0.9961669861430708,0.003869344112610825,no_growth,1,33.33333333333333,1,33.33333333333333,3,,,,,,0.094,,20250929,0.0671,uncertain,0.0955,uncertain,0.048,uncertain,0.0475,uncertain,0.1057,uncertain,0.0563,uncertain,0.2072,uncertain,0.0874,uncertain,0.1153,uncertain,0.0881,uncertain,0.2683,uncertain,0.1981,uncertain,0.2649,uncertain,0.2269,uncertain,0.0739,uncertain,0.2417,uncertain,0.1144,uncertain,0.2333,uncertain,0.0689,uncertain,0.0843,uncertain
ASMA-1615,Bacteria,Bacillota,Bacilli,Lactobacillales,Streptococcaceae,Streptococcus,Streptococcus salivarius,527.0,No,,,,,,,,,,,,,,,,,,,,,,,,,,,,,,,,,,,,,,,,,,,,,,,,,,,,,,,,,,,,,,,,,,,,,,,,,,,
ASMA-1616,Bacteria,Bacillota,Bacilli,Lactobacillales,Streptococcaceae,Streptococcus,Streptococcus sp001811305,503.0,No,,,,,,,,,,,,,,,,,,,,,,,,,,,,,,,,,,,,,,,,,,,,,,,,,,,,,,,,,,,,,,,,,,,,,,,,,,,
ASMA-1617,Bacteria,Bacillota,Bacilli,Lactobacillales,Streptococcaceae,Streptococcus,Streptococcus salivarius,527.0,No,,,,,,,,,,,,,,,,,,,,,,,,,,,,,,,,,,,,,,,,,,,,,,,,,,,,,,,,,,,,,,,,,,,,,,,,,,,
ASMA-1618,Bacteria,Bacillota,Bacilli,Lactobacillales,Streptococcaceae,Streptococcus,Streptococcus salivarius,527.0,No,,,,,,,,,,,,,,,,,,,,,,,,,,,,,,,,,,,,,,,,,,,,,,,,,,,,,,,,,,,,,,,,,,,,,,,,,,,
ASMA-1619,Bacteria,Bacillota,Bacilli,Lactobacillales,Streptococcaceae,Streptococcus,Streptococcus xiaochunlingii,449.0,Yes,,,,,,,,,,,,,,,,,,,,,,,,,,,,,,,,,,,,,,,,,,,,,,,,,,,,,,,,,,,,,,,,,,,,,,,,,,,
ASMA-162,Bacteria,Bacillota,Bacilli,Lactobacillales,Streptococcaceae,Streptococcus,Streptococcus salivarius,299.0,No,,,,,,,,,,,,,,,,,,,,,,,,,,,,,,,,,,,,,,,,,,,,,,,,,,,,,,,,,,,,,,,,,,,,,,,,,,,
ASMA-1620,Bacteria,Bacillota,Bacilli,Lactobacillales,Streptococcaceae,Streptococcus,Streptococcus xiaochunlingii,449.0,No,,,,,,,,,,,,,,,,,,,,,,,,,,,,,,,,,,,,,,,,,,,,,,,,,,,,,,,,,,,,,,,,,,,,,,,,,,,
ASMA-1622,Bacteria,Bacillota,Bacilli,Lactobacillales,Streptococcaceae,Streptococcus,Streptococcus salivarius,527.0,No,,,,,,,,,,,,,,,,,,,,,,,,,,,,,,,,,,,,,,,,,,,,,,,,,,,,,,,,,,,,,,,,,,,,,,,,,,,
ASMA-1623,Bacteria,Bacillota,Bacilli,Staphylococcales,Staphylococcaceae,Staphylococcus,Staphylococcus aureus,532.0,No,1,0.08679999999999999,,0.08679999999999999,20251006.0,0.1402,,0.3907,,0.036799999999999986,,0.2873,,0.3907,,48.0,,0.04995910131588525,,0.9997866274252636,,poor,0,0.0,1,100.0,1,,,,,,0.0618,,20251006,0.0766,uncertain,0.078,uncertain,0.0677,uncertain,0.0666,uncertain,0.0577,uncertain,0.05,uncertain,0.0701,uncertain,0.0516,uncertain,0.0495,uncertain,0.0571,uncertain,0.0666,uncertain,0.0641,uncertain,0.0512,uncertain,0.0501,uncertain,0.0497,uncertain,0.0582,uncertain,0.0582,uncertain,0.0596,uncertain,0.0649,uncertain,0.0508,uncertain
ASMA-1624,Bacteria,Bacillota,Bacilli,Staphylococcales,Staphylococcaceae,Staphylococcus,Staphylococcus aureus,532.0,No,,,,,,,,,,,,,,,,,,,,,,,,,,,,,,,,,,,,,,,,,,,,,,,,,,,,,,,,,,,,,,,,,,,,,,,,,,,
ASMA-1625,Bacteria,Bacillota,Bacilli,Staphylococcales,Staphylococcaceae,Staphylococcus,Staphylococcus aureus,532.0,No,,,,,,,,,,,,,,,,,,,,,,,,,,,,,,,,,,,,,,,,,,,,,,,,,,,,,,,,,,,,,,,,,,,,,,,,,,,
ASMA-1626,Bacteria,Bacillota,Bacilli,Lactobacillales,Streptococcaceae,Streptococcus,Streptococcus salivarius,527.0,No,,,,,,,,,,,,,,,,,,,,,,,,,,,,,,,,,,,,,,,,,,,,,,,,,,,,,,,,,,,,,,,,,,,,,,,,,,,
ASMA-1627,Fungi,Saccharomycetes,Ascomycota,Saccharomycetales,Debaryomycetaceae,Candida,Candida albicans,,,,,,,,,,,,,,,,,,,,,,,,,,,,,,,,,,,,,,,,,,,,,,,,,,,,,,,,,,,,,,,,,,,,,,,,,,,,,
ASMA-1628,Fungi,Saccharomycetes,Ascomycota,Saccharomycetales,Debaryomycetaceae,Candida,Candida albicans,,,,,,,,,,,,,,,,,,,,,,,,,,,,,,,,,,,,,,,,,,,,,,,,,,,,,,,,,,,,,,,,,,,,,,,,,,,,,
ASMA-1629,Fungi,Saccharomycetes,Ascomycota,Saccharomycetales,Debaryomycetaceae,Candida,Candida albicans,,,,,,,,,,,,,,,,,,,,,,,,,,,,,,,,,,,,,,,,,,,,,,,,,,,,,,,,,,,,,,,,,,,,,,,,,,,,,
ASMA-163,Bacteria,Pseudomonadota,Gammaproteobacteria,Burkholderiales,Neisseriaceae,Neisseria,Neisseria perflava,354.0,Yes,1,0.006033333333333335,,0.006033333333333335,20250920.0,0.5959333333333333,,0.6739999999999999,,0.48893333333333333,,0.567,,0.6739999999999999,,48.0,,0.07602101781039276,,0.9997693802821539,,no_growth,1,100.0,1,100.0,1,,,,,,0.0469,,20250920,0.0506,uncertain,0.0474,uncertain,0.0478,uncertain,0.0474,uncertain,0.0472,uncertain,0.0455,uncertain,0.0517,uncertain,0.0465,uncertain,0.0466,uncertain,0.0486,uncertain,0.0458,uncertain,0.049,uncertain,0.0458,uncertain,0.0462,uncertain,0.0451,uncertain,0.0453,uncertain,0.0443,uncertain,0.0447,uncertain,0.0483,uncertain,0.0459,uncertain
ASMA-1630,Fungi,Saccharomycetes,Ascomycota,Saccharomycetales,Debaryomycetaceae,Candida,Candida albicans,,,,,,,,,,,,,,,,,,,,,,,,,,,,,,,,,,,,,,,,,,,,,,,,,,,,,,,,,,,,,,,,,,,,,,,,,,,,,
ASMA-1631,Bacteria,Bacillota,Bacilli,Lactobacillales,Streptococcaceae,Streptococcus,Streptococcus sp001072385,21.0,Yes,1,0.0012333333333333224,,0.0012333333333333224,20250929.0,0.1606666666666667,,0.3616333333333333,,0.06136666666666671,,0.2623333333333333,,0.3616333333333333,,48.0,,0.08025450145767347,,0.9999063444626545,,no_growth,0,0.0,1,100.0,1,,,,,,0.0442,,20250929,0.0439,uncertain,0.0445,uncertain,0.0443,uncertain,0.0438,uncertain,0.043,uncertain,0.0457,uncertain,0.044,uncertain,0.0425,uncertain,0.0426,uncertain,0.0425,uncertain,0.0426,uncertain,0.0422,uncertain,0.0423,uncertain,0.0431,uncertain,0.0426,uncertain,0.042,uncertain,0.0429,uncertain,0.0423,uncertain,0.0437,uncertain,0.0431,uncertain
ASMA-1632,Bacteria,Bacillota,Bacilli,Lactobacillales,Streptococcaceae,Streptococcus,undetermined species,,,1,0.0029,,0.0029,20251006.0,0.0933,,0.0931,,-0.0023000000000000104,,-0.0025000000000000022,,0.0962,,8.0,,,,,,no_growth,0,0.0,0,0.0,0,,,,,,0.0435,,20251006,0.0441,uncertain,0.0431,uncertain,0.0448,uncertain,0.0448,uncertain,0.0431,uncertain,0.0432,uncertain,0.0428,uncertain,0.0442,uncertain,0.043,uncertain,0.0426,uncertain,0.0434,uncertain,0.0441,uncertain,0.0434,uncertain,0.0444,uncertain,0.0457,uncertain,0.0437,uncertain,0.0447,uncertain,0.0438,uncertain,0.0542,uncertain,0.0441,uncertain
ASMA-1633,Bacteria,Bacillota,Bacilli,Lactobacillales,Streptococcaceae,Streptococcus,Streptococcus sp001072385,22.0,Yes,1,0.0017999999999999822,,0.0017999999999999822,20250929.0,0.09713333333333334,,0.09653333333333335,,-0.0005000000000000004,,-0.0010999999999999899,,0.09766666666666667,,10.25,,,,,,no_growth,0,0.0,0,0.0,0,,,,,,0.0436,,20250929,0.0445,uncertain,0.044,uncertain,0.0444,uncertain,0.0429,uncertain,0.0453,uncertain,0.043,uncertain,0.0428,uncertain,0.0424,uncertain,0.0426,uncertain,0.0427,uncertain,0.0423,uncertain,0.0424,uncertain,0.042,uncertain,0.0437,uncertain,0.0422,uncertain,0.0424,uncertain,0.042,uncertain,0.0425,uncertain,0.0479,uncertain,0.0422,uncertain
ASMA-1634,Bacteria,Bacillota,Bacilli,Lactobacillales,Streptococcaceae,Streptococcus,Streptococcus sp001811305,503.0,No,,,,,,,,,,,,,,,,,,,,,,,,,,,,,,,,,,,,,,,,,,,,,,,,,,,,,,,,,,,,,,,,,,,,,,,,,,,
ASMA-1635,Bacteria,Bacillota,Bacilli,Lactobacillales,Streptococcaceae,Streptococcus,Streptococcus salivarius,527.0,No,,,,,,,,,,,,,,,,,,,,,,,,,,,,,,,,,,,,,,,,,,,,,,,,,,,,,,,,,,,,,,,,,,,,,,,,,,,
ASMA-1636,Bacteria,Bacillota,Bacilli,Lactobacillales,Streptococcaceae,Streptococcus,Streptococcus sp001811305,503.0,No,1,0.0010000000000000009,,0.0010000000000000009,20250929.0,0.09803333333333335,,0.09756666666666668,,0.002800000000000011,,0.00233333333333334,,0.09843333333333333,,22.5,,0.002219956272577998,,0.9678907812718851,,no_growth,0,0.0,0,0.0,1,,,,,,0.0443,,20250929,0.0445,uncertain,0.0444,uncertain,0.0454,uncertain,0.0446,uncertain,0.0439,uncertain,0.0436,uncertain,0.0441,uncertain,0.0436,uncertain,0.0442,uncertain,0.0434,uncertain,0.044,uncertain,0.0455,uncertain,0.0443,uncertain,0.0445,uncertain,0.0437,uncertain,0.0436,uncertain,0.0443,uncertain,0.0441,uncertain,0.0455,uncertain,0.0441,uncertain
ASMA-1637,Bacteria,Bacillota,Bacilli,Lactobacillales,Streptococcaceae,Streptococcus,Streptococcus sp001811305,503.0,No,,,,,,,,,,,,,,,,,,,,,,,,,,,,,,,,,,,,,,,,,,,,,,,,,,,,,,,,,,,,,,,,,,,,,,,,,,,
ASMA-1638,Bacteria,Bacillota,Bacilli,Lactobacillales,Streptococcaceae,Streptococcus,Streptococcus salivarius,527.0,No,1,0.0027333333333333515,,0.0027333333333333515,20250929.0,0.1529333333333333,,0.1570333333333333,,0.05559999999999997,,0.05969999999999996,,0.1574,,47.75,,0.03388504790516998,,0.9986801631814909,,no_growth,0,0.0,0,0.0,1,,,,,,0.0453,,20250929,0.0452,uncertain,0.045,uncertain,0.046,uncertain,0.0476,uncertain,0.0449,uncertain,0.046,uncertain,0.045,uncertain,0.0454,uncertain,0.0453,uncertain,0.0454,uncertain,0.0447,uncertain,0.0451,uncertain,0.0455,uncertain,0.0451,uncertain,0.0452,uncertain,0.0454,uncertain,0.0455,uncertain,0.0454,uncertain,0.0463,uncertain,0.0453,uncertain
ASMA-1639,Bacteria,Bacillota,Bacilli,Lactobacillales,Streptococcaceae,Streptococcus,Streptococcus sp001811305,503.0,Yes,,,,,,,,,,,,,,,,,,,,,,,,,,,,,,,,,,,,,,,,,,,,,,,,,,,,,,,,,,,,,,,,,,,,,,,,,,,
ASMA-164,Bacteria,Pseudomonadota,Gammaproteobacteria,Pseudomonadales,Pseudomonadaceae,Pseudomonas,Pseudomonas aeruginosa,540.0,No,,,,,,,,,,,,,,,,,,,,,,,,,,,,,,,,,,,,,,,,,,,,,,,,,,,,,,,,,,,,,,,,,,,,,,,,,,,
ASMA-1640,Bacteria,Pseudomonadota,Gammaproteobacteria,Pseudomonadales,Pseudomonadaceae,Pseudomonas,Pseudomonas aeruginosa,491.0,Yes,,,,,,,,,,,,,,,,,,,,,,,,,,,,,,,,,,,,,,,,,,,,,,,,,,,,,,,,,,,,,,,,,,,,,,,,,,,
ASMA-1641,Bacteria,Pseudomonadota,Gammaproteobacteria,Pseudomonadales,Pseudomonadaceae,Pseudomonas,Pseudomonas aeruginosa,491.0,No,,,,,,,,,,,,,,,,,,,,,,,,,,,,,,,,,,,,,,,,,,,,,,,,,,,,,,,,,,,,,,,,,,,,,,,,,,,
ASMA-1642,Bacteria,Pseudomonadota,Gammaproteobacteria,Pseudomonadales,Pseudomonadaceae,Pseudomonas,Pseudomonas aeruginosa,491.0,No,,,,,,,,,,,,,,,,,,,,,,,,,,,,,,,,,,,,,,,,,,,,,,,,,,,,,,,,,,,,,,,,,,,,,,,,,,,
ASMA-1643,Bacteria,Pseudomonadota,Gammaproteobacteria,Pseudomonadales,Pseudomonadaceae,Pseudomonas,Pseudomonas aeruginosa,491.0,No,,,,,,,,,,,,,,,,,,,,,,,,,,,,,,,,,,,,,,,,,,,,,,,,,,,,,,,,,,,,,,,,,,,,,,,,,,,
ASMA-1644,Bacteria,Pseudomonadota,Gammaproteobacteria,Pseudomonadales,Pseudomonadaceae,Pseudomonas,Pseudomonas aeruginosa,491.0,No,,,,,,,,,,,,,,,,,,,,,,,,,,,,,,,,,,,,,,,,,,,,,,,,,,,,,,,,,,,,,,,,,,,,,,,,,,,
ASMA-1645,Bacteria,Bacillota,Bacilli,Staphylococcales,Staphylococcaceae,Staphylococcus,Staphylococcus epidermidis,530.0,No,4,0.1373,0.03992401115452538,0.1766,20251017.0,0.277675,0.10619260410530795,0.2521,0.08988129208387396,0.158375,0.10641943353228928,0.1328,0.09050528529686355,0.2903,0.08822943575322997,18.375,7.628073151196179,0.05001923546364162,0.026067784915129608,0.9971875289224014,0.0044044723309997315,normal,3,75.0,3,75.0,4,3,-11.819999149334345,5.465629383212809,20251017,none,0.04833333333333334,0.0003511884584284242,20251017,0.0486,utilizes,0.04816666666666666,uncertain,0.046299999999999994,uncertain,0.04588333333333333,uncertain,0.04756666666666667,utilizes,0.044833333333333336,uncertain,0.04558333333333334,uncertain,0.045450000000000004,uncertain,0.04588333333333333,uncertain,0.04578333333333333,uncertain,0.04533333333333334,uncertain,0.04591666666666666,uncertain,0.04528333333333334,uncertain,0.0453,uncertain,0.04453333333333333,uncertain,0.04451666666666666,uncertain,0.044866666666666666,uncertain,0.04505000000000001,uncertain,0.0468,utilizes,0.045233333333333334,uncertain
ASMA-1646,Bacteria,Bacillota,Bacilli,Staphylococcales,Staphylococcaceae,Staphylococcus,Staphylococcus epidermidis,521.0,No,,,,,,,,,,,,,,,,,,,,,,,,,,,,,,,,,,,,,,,,,,,,,,,,,,,,,,,,,,,,,,,,,,,,,,,,,,,
ASMA-1647,Bacteria,Actinomycetota,Actinomycetes,Micrococcales,Micrococcaceae,Rothia,Rothia dentocariosa,450.0,No,,,,,,,,,,,,,,,,,,,,,,,,,,,,,,,,,,,,,,,,,,,,,,,,,,,,,,,,,,,,,,,,,,,,,,,,,,,
ASMA-1648,Bacteria,Bacillota,Bacilli,Staphylococcales,Staphylococcaceae,Staphylococcus,Staphylococcus epidermidis,357.0,Yes,4,0.2998666666666667,0.10001143267980253,0.42900000000000005,20251017.0,0.39631666666666665,0.1335625987235116,0.693725,0.35265740102825005,0.27948333333333336,0.1341105141292061,0.5768916666666667,0.3532583635087624,0.7214333333333334,0.3124227228896416,39.25,16.354153397022216,0.05560835368773863,0.03442547594735672,0.9996382575543655,0.0003446177830306558,robust,3,75.0,3,75.0,4,3,9.374335417464176,6.014764076533067,20251017,none,0.043616666666666665,0.00015275252316519525,20251017,0.05003333333333333,utilizes,0.046566666666666666,utilizes,0.044783333333333335,utilizes,0.043166666666666666,uncertain,0.047016666666666665,utilizes,0.0432,uncertain,0.046299999999999994,utilizes,0.04398333333333333,utilizes,0.043866666666666665,uncertain,0.046049999999999994,uncertain,0.04441666666666667,uncertain,0.04621666666666667,uncertain,0.04343333333333334,uncertain,0.044066666666666664,utilizes,0.0437,uncertain,0.04413333333333333,uncertain,0.043550000000000005,uncertain,0.0455,uncertain,0.08038333333333333,utilizes,0.043083333333333335,uncertain
ASMA-1649,Bacteria,Pseudomonadota,Gammaproteobacteria,Pseudomonadales,Pseudomonadaceae,Pseudomonas,Pseudomonas aeruginosa,,,,,,,,,,,,,,,,,,,,,,,,,,,,,,,,,,,,,,,,,,,,,,,,,,,,,,,,,,,,,,,,,,,,,,,,,,,,,
ASMA-165,Bacteria,Bacillota,Bacilli,Bacillales,Bacillaceae,Bacillus_P,Bacillus_P sp002858905,,,4,0.003758333333333322,0.004460723658281857,0.010433333333333308,20251017.0,0.114525,0.013927760049627504,0.11084166666666667,0.01198741237947354,0.009250000000000001,0.006461423991660041,0.005566666666666668,0.004401262445152649,0.12165,0.01865234569698943,9.125,9.116148675107635,0.06492684662814896,0.010950512693920516,0.9816113140958246,0.012211521272856057,no_growth,0,0.0,0,0.0,3,3,-14.861128833312051,2.811871400016731,20251017,none,0.04491666666666667,0.0005686240703077307,20251017,0.05326666666666667,utilizes,0.04613333333333333,uncertain,0.044366666666666665,uncertain,0.04786666666666667,utilizes,0.049049999999999996,utilizes,0.043583333333333335,uncertain,0.06351666666666667,utilizes,0.048883333333333334,utilizes,0.0465,utilizes,0.04901666666666667,utilizes,0.047799999999999995,utilizes,0.08673333333333333,utilizes,0.043916666666666666,uncertain,0.04446666666666666,uncertain,0.04475,uncertain,0.04348333333333333,uncertain,0.04468333333333334,uncertain,0.04476666666666666,uncertain,0.06359999999999999,uncertain,0.04418333333333333,uncertain
ASMA-1650,Bacteria,Bacillota,Bacilli,Lactobacillales,Streptococcaceae,Streptococcus,Streptococcus salivarius,476.0,Yes,,,,,,,,,,,,,,,,,,,,,,,,,,,,,,,,,,,,,,,,,,,,,,,,,,,,,,,,,,,,,,,,,,,,,,,,,,,
ASMA-1651,Bacteria,Actinomycetota,Actinomycetes,Micrococcales,Micrococcaceae,Rothia,Rothia dentocariosa,450.0,No,1,0.039066666666666694,,0.039066666666666694,20250929.0,0.09400000000000001,,0.09356666666666667,,0.0002000000000000196,,-0.0002333333333333215,,0.0941,,25.0,,,,,,no_growth,0,0.0,0,0.0,0,,,,,,0.0547,,20250929,0.0587,uncertain,0.05,uncertain,0.0536,uncertain,0.0523,uncertain,0.0505,uncertain,0.0502,uncertain,0.0535,uncertain,0.0511,uncertain,0.0514,uncertain,0.0502,uncertain,0.0485,uncertain,0.0544,uncertain,0.0534,uncertain,0.0531,uncertain,0.0502,uncertain,0.0507,uncertain,0.0503,uncertain,0.0517,uncertain,0.0643,uncertain,0.0525,uncertain
ASMA-1652,Bacteria,Bacillota,Bacilli,Lactobacillales,Streptococcaceae,Streptococcus,Streptococcus salivarius,426.0,No,1,0.001899999999999999,,0.001899999999999999,20251006.0,0.1002,,0.0991,,0.0015000000000000013,,0.0003999999999999976,,0.1031,,4.75,,0.014374431508353814,,0.9749857862926287,,no_growth,0,0.0,0,0.0,1,,,,,,0.0443,,20251006,0.0438,uncertain,0.0443,uncertain,0.0452,uncertain,0.0443,uncertain,0.0449,uncertain,0.0439,uncertain,0.0441,uncertain,0.0438,uncertain,0.0438,uncertain,0.0446,uncertain,0.0444,uncertain,0.0438,uncertain,0.0443,uncertain,0.044,uncertain,0.0444,uncertain,0.0434,uncertain,0.0467,uncertain,0.044,uncertain,0.071,uncertain,0.0439,uncertain
ASMA-1653,Bacteria,Pseudomonadota,Gammaproteobacteria,Pseudomonadales,Pseudomonadaceae,Pseudomonas,Pseudomonas aeruginosa,491.0,No,,,,,,,,,,,,,,,,,,,,,,,,,,,,,,,,,,,,,,,,,,,,,,,,,,,,,,,,,,,,,,,,,,,,,,,,,,,
ASMA-1654,Bacteria,Pseudomonadota,Gammaproteobacteria,Pseudomonadales,Pseudomonadaceae,Pseudomonas,Pseudomonas aeruginosa,491.0,No,,,,,,,,,,,,,,,,,,,,,,,,,,,,,,,,,,,,,,,,,,,,,,,,,,,,,,,,,,,,,,,,,,,,,,,,,,,
ASMA-1655,Bacteria,Pseudomonadota,Gammaproteobacteria,Pseudomonadales,Pseudomonadaceae,Pseudomonas,Pseudomonas aeruginosa,491.0,No,,,,,,,,,,,,,,,,,,,,,,,,,,,,,,,,,,,,,,,,,,,,,,,,,,,,,,,,,,,,,,,,,,,,,,,,,,,
ASMA-1656,Bacteria,Actinomycetota,Actinomycetes,Micrococcales,Micrococcaceae,Rothia,Rothia dentocariosa,450.0,No,,,,,,,,,,,,,,,,,,,,,,,,,,,,,,,,,,,,,,,,,,,,,,,,,,,,,,,,,,,,,,,,,,,,,,,,,,,
ASMA-1657,Bacteria,Pseudomonadota,Gammaproteobacteria,Pseudomonadales,Pseudomonadaceae,Pseudomonas,Pseudomonas aeruginosa,491.0,No,,,,,,,,,,,,,,,,,,,,,,,,,,,,,,,,,,,,,,,,,,,,,,,,,,,,,,,,,,,,,,,,,,,,,,,,,,,
ASMA-1658,Bacteria,Pseudomonadota,Gammaproteobacteria,Pseudomonadales,Pseudomonadaceae,Pseudomonas,Pseudomonas aeruginosa,491.0,No,1,0.29,,0.29,20251006.0,0.0956,,0.0951,,-0.0003999999999999976,,-0.000899999999999998,,0.0965,,0.75,,,,,,robust,0,0.0,0,0.0,0,,,,,,0.0494,,20251006,0.0464,uncertain,0.0461,uncertain,0.0484,uncertain,0.048,uncertain,0.0536,uncertain,0.0517,uncertain,0.0481,uncertain,0.0489,uncertain,0.0622,uncertain,0.062,uncertain,0.0511,uncertain,0.0503,uncertain,0.05,uncertain,0.0506,uncertain,0.0487,uncertain,0.053,uncertain,0.0503,uncertain,0.0518,uncertain,0.0564,uncertain,0.0477,uncertain
ASMA-1659,Bacteria,Bacillota,Bacilli,Staphylococcales,Staphylococcaceae,Staphylococcus,Staphylococcus epidermidis,530.0,No,,,,,,,,,,,,,,,,,,,,,,,,,,,,,,,,,,,,,,,,,,,,,,,,,,,,,,,,,,,,,,,,,,,,,,,,,,,
ASMA-166,Bacteria,Pseudomonadota,Gammaproteobacteria,Burkholderiales,Neisseriaceae,Neisseria,Neisseria perflava,354.0,No,,,,,,,,,,,,,,,,,,,,,,,,,,,,,,,,,,,,,,,,,,,,,,,,,,,,,,,,,,,,,,,,,,,,,,,,,,,
ASMA-1660,Bacteria,Actinomycetota,Actinomycetes,Micrococcales,Micrococcaceae,Rothia,Rothia dentocariosa,301.0,Yes,1,0.04369999999999999,,0.04369999999999999,20251006.0,0.1092,,0.1099,,0.009500000000000008,,0.0102,,0.1147,,9.75,,0.016716441510282964,,0.9788363046642475,,no_growth,0,0.0,0,0.0,1,,,,,,0.1266,,20251006,0.0975,uncertain,0.0587,uncertain,0.0687,uncertain,0.0614,uncertain,0.0579,uncertain,0.0574,uncertain,0.054,uncertain,0.0609,uncertain,0.0665,uncertain,0.0578,uncertain,0.0624,uncertain,0.0617,uncertain,0.0585,uncertain,0.0608,uncertain,0.0568,uncertain,0.0584,uncertain,0.0555,uncertain,0.055,uncertain,0.0786,uncertain,0.0564,uncertain
ASMA-1661,Bacteria,Bacillota,Bacilli,Lactobacillales,Streptococcaceae,Streptococcus,Streptococcus salivarius,426.0,Yes,1,0.0031999999999999945,,0.0031999999999999945,20250929.0,0.1018666666666667,,0.1017666666666667,,0.000800000000000009,,0.0007000000000000062,,0.1047,,4.75,,0.009652099807931313,,0.9528897742665208,,no_growth,0,0.0,0,0.0,1,,,,,,0.0456,,20250929,0.0473,uncertain,0.0484,uncertain,0.0462,uncertain,0.0453,uncertain,0.0453,uncertain,0.0453,uncertain,0.0449,uncertain,0.0442,uncertain,0.0455,uncertain,0.0451,uncertain,0.0462,uncertain,0.0449,uncertain,0.0452,uncertain,0.0463,uncertain,0.0448,uncertain,0.0448,uncertain,0.0458,uncertain,0.0451,uncertain,0.0467,uncertain,0.0441,uncertain
ASMA-1662,Bacteria,Bacillota,Bacilli,Bacillales,Bacillaceae_G,Bacillus_A,Bacillus_A cereus,,,4,0.231325,0.008858070707928814,0.24100000000000002,20251121.0,0.14375625,0.0380921600365482,0.14353749999999998,0.03895480554437412,0.03893125000000001,0.03048404893683471,0.0387125,0.03153453464061267,0.15488125,0.04202930215437005,16.0,13.277487212069408,0.03689505448049,0.041033624633800725,0.9865911859352599,0.008313143943718836,robust,0,0.0,0,0.0,3,1,42.733188720173544,,20251111,weak,0.07476666666666666,0.0067678159943465755,20251121,0.10336666666666666,utilizes,0.054933333333333334,no_growth,0.045599999999999995,no_growth,0.04783333333333334,no_growth,0.045899999999999996,no_growth,0.045500000000000006,no_growth,0.04936666666666667,no_growth,0.05136666666666667,no_growth,0.05636666666666667,no_growth,0.0603,no_growth,0.05223333333333333,no_growth,0.0939,utilizes,0.05123333333333333,no_growth,0.05349999999999999,no_growth,0.049633333333333335,no_growth,0.04743333333333333,no_growth,0.05229999999999999,no_growth,0.04783333333333333,no_growth,0.04676666666666667,no_growth,0.04750000000000001,no_growth
ASMA-1663,Bacteria,Bacillota,Bacilli,Lactobacillales,Streptococcaceae,Streptococcus,Streptococcus salivarius,426.0,No,,,,,,,,,,,,,,,,,,,,,,,,,,,,,,,,,,,,,,,,,,,,,,,,,,,,,,,,,,,,,,,,,,,,,,,,,,,
ASMA-1664,Bacteria,Bacillota,Bacilli,Lactobacillales,Streptococcaceae,Streptococcus,Streptococcus salivarius,,,1,0.034449999999999995,,0.034449999999999995,20251111.0,0.25495,,0.2836,,0.10735,,0.136,,0.31545,,14.75,,0.03857740186403882,,0.9994547328726955,,no_growth,1,100.0,1,100.0,1,1,71.64731402322317,,20251111,strong,,,,,,,,,,,,,,,,,,,,,,,,,,,,,,,,,,,,,,,,,,,
ASMA-1665,Bacteria,Bacillota,Bacilli,Lactobacillales,Streptococcaceae,Streptococcus,Streptococcus salivarius,426.0,No,,,,,,,,,,,,,,,,,,,,,,,,,,,,,,,,,,,,,,,,,,,,,,,,,,,,,,,,,,,,,,,,,,,,,,,,,,,
ASMA-1666,Bacteria,Bacillota,Bacilli,Lactobacillales,Streptococcaceae,Streptococcus,Streptococcus salivarius,476.0,No,,,,,,,,,,,,,,,,,,,,,,,,,,,,,,,,,,,,,,,,,,,,,,,,,,,,,,,,,,,,,,,,,,,,,,,,,,,
ASMA-1667,Bacteria,Pseudomonadota,Gammaproteobacteria,Pseudomonadales,Pseudomonadaceae,Pseudomonas,Pseudomonas aeruginosa,491.0,No,1,0.26399999999999996,,0.26399999999999996,20250929.0,0.1099333333333333,,0.1077333333333333,,0.004799999999999999,,0.002600000000000005,,0.1238,,4.0,,0.06764621367488022,,0.9989141365006835,,robust,0,0.0,0,0.0,1,,,,,,0.049,,20250929,0.0463,uncertain,0.0488,uncertain,0.0488,uncertain,0.0474,uncertain,0.0584,uncertain,0.048,uncertain,0.0567,uncertain,0.0496,uncertain,0.0502,uncertain,0.0588,uncertain,0.047,uncertain,0.0554,uncertain,0.0464,uncertain,0.0457,uncertain,0.0465,uncertain,0.0462,uncertain,0.047,uncertain,0.0471,uncertain,0.0469,uncertain,0.0465,uncertain
ASMA-1668,Bacteria,Pseudomonadota,Gammaproteobacteria,Pseudomonadales,Pseudomonadaceae,Pseudomonas,Pseudomonas aeruginosa,491.0,No,,,,,,,,,,,,,,,,,,,,,,,,,,,,,,,,,,,,,,,,,,,,,,,,,,,,,,,,,,,,,,,,,,,,,,,,,,,
ASMA-1669,Bacteria,Bacillota,Bacilli,Lactobacillales,Streptococcaceae,Streptococcus,Streptococcus salivarius,426.0,No,,,,,,,,,,,,,,,,,,,,,,,,,,,,,,,,,,,,,,,,,,,,,,,,,,,,,,,,,,,,,,,,,,,,,,,,,,,
ASMA-167,Bacteria,Actinomycetota,Actinomycetes,Micrococcales,Micrococcaceae,Rothia,Rothia sp029850875,352.0,No,,,,,,,,,,,,,,,,,,,,,,,,,,,,,,,,,,,,,,,,,,,,,,,,,,,,,,,,,,,,,,,,,,,,,,,,,,,
ASMA-1670,Bacteria,Bacillota,Bacilli,Lactobacillales,Streptococcaceae,Streptococcus,Streptococcus sanguinis_H,23.0,Yes,1,0.0011333333333333195,,0.0011333333333333195,20250929.0,0.09366666666666668,,0.0934,,-0.0004999999999999866,,-0.0007666666666666655,,0.09416666666666666,,0.0,,,,,,no_growth,0,0.0,0,0.0,0,,,,,,0.0463,,20250929,0.0485,uncertain,0.0463,uncertain,0.046,uncertain,0.0452,uncertain,0.0455,uncertain,0.0451,uncertain,0.0454,uncertain,0.0464,uncertain,0.0457,uncertain,0.0453,uncertain,0.0464,uncertain,0.0465,uncertain,0.0461,uncertain,0.0466,uncertain,0.0453,uncertain,0.0455,uncertain,0.0455,uncertain,0.0452,uncertain,0.0466,uncertain,0.0452,uncertain
ASMA-1671,Bacteria,Pseudomonadota,Gammaproteobacteria,Pseudomonadales,Pseudomonadaceae,Pseudomonas,Pseudomonas aeruginosa,491.0,No,,,,,,,,,,,,,,,,,,,,,,,,,,,,,,,,,,,,,,,,,,,,,,,,,,,,,,,,,,,,,,,,,,,,,,,,,,,
ASMA-1672,Bacteria,Pseudomonadota,Gammaproteobacteria,Pseudomonadales,Pseudomonadaceae,Pseudomonas,Pseudomonas aeruginosa,491.0,No,,,,,,,,,,,,,,,,,,,,,,,,,,,,,,,,,,,,,,,,,,,,,,,,,,,,,,,,,,,,,,,,,,,,,,,,,,,
ASMA-1673,Fungi,Saccharomycetes,Ascomycota,Saccharomycetales,Debaryomycetaceae,Candida,Candida albicans,,,,,,,,,,,,,,,,,,,,,,,,,,,,,,,,,,,,,,,,,,,,,,,,,,,,,,,,,,,,,,,,,,,,,,,,,,,,,
ASMA-1674,Fungi,Saccharomycetes,Ascomycota,Saccharomycetales,Debaryomycetaceae,Candida,Candida albicans,,,,,,,,,,,,,,,,,,,,,,,,,,,,,,,,,,,,,,,,,,,,,,,,,,,,,,,,,,,,,,,,,,,,,,,,,,,,,
ASMA-1675,Bacteria,Bacillota,Bacilli,Staphylococcales,Staphylococcaceae,Staphylococcus,Staphylococcus epidermidis,521.0,No,,,,,,,,,,,,,,,,,,,,,,,,,,,,,,,,,,,,,,,,,,,,,,,,,,,,,,,,,,,,,,,,,,,,,,,,,,,
ASMA-1676,Bacteria,Bacillota,Bacilli,Lactobacillales,Streptococcaceae,Streptococcus,Streptococcus gordonii,24.0,Yes,1,0.0007666666666666655,,0.0007666666666666655,20250929.0,0.09316666666666666,,0.09286666666666667,,-0.00040000000000001146,,-0.0007000000000000062,,0.09356666666666667,,0.0,,,,,,no_growth,0,0.0,0,0.0,0,,,,,,0.046,,20250929,0.0457,uncertain,0.0464,uncertain,0.0448,uncertain,0.0454,uncertain,0.0447,uncertain,0.0437,uncertain,0.0442,uncertain,0.0441,uncertain,0.0458,uncertain,0.0444,uncertain,0.0447,uncertain,0.0443,uncertain,0.0449,uncertain,0.0457,uncertain,0.0448,uncertain,0.0441,uncertain,0.045,uncertain,0.0443,uncertain,0.0558,uncertain,0.0441,uncertain
ASMA-1677,Bacteria,Bacillota,Bacilli,Lactobacillales,Streptococcaceae,Streptococcus,Streptococcus salivarius,476.0,No,1,0.06006666666666667,,0.06006666666666667,20250929.0,0.0956,,0.09506666666666667,,0.0008666666666666684,,0.00033333333333333826,,0.09623333333333334,,3.25,,0.006687036030474284,,0.9923919564146094,,poor,0,0.0,0,0.0,1,,,,,,0.0433,,20250929,0.0442,uncertain,0.0431,uncertain,0.0429,uncertain,0.0432,uncertain,0.0427,uncertain,0.0427,uncertain,0.0429,uncertain,0.0421,uncertain,0.0426,uncertain,0.0428,uncertain,0.0424,uncertain,0.0423,uncertain,0.0426,uncertain,0.0431,uncertain,0.0426,uncertain,0.0422,uncertain,0.043,uncertain,0.043,uncertain,0.0431,uncertain,0.0424,uncertain
ASMA-1678,Bacteria,Bacillota,Bacilli,Lactobacillales,Streptococcaceae,Streptococcus,Streptococcus salivarius,,,,,,,,,,,,,,,,,,,,,,,,,,,,,,,,,,,,,,,,,,,,,,,,,,,,,,,,,,,,,,,,,,,,,,,,,,,,,
ASMA-1679,Bacteria,Bacillota,Bacilli,Lactobacillales,Streptococcaceae,Streptococcus,Streptococcus salivarius,,,,,,,,,,,,,,,,,,,,,,,,,,,,,,,,,,,,,,,,,,,,,,,,,,,,,,,,,,,,,,,,,,,,,,,,,,,,,
ASMA-168,Bacteria,Pseudomonadota,Gammaproteobacteria,Pseudomonadales,Pseudomonadaceae,Pseudomonas,Pseudomonas aeruginosa,533.0,No,1,0.09316666666666672,,0.09316666666666672,20250920.0,0.2101,,0.2010333333333333,,0.11170000000000001,,0.10263333333333328,,0.2246,,17.75,,0.010574256610785796,,0.9989002918555623,,poor,1,100.0,1,100.0,1,,,,,,0.0529,,20250920,0.0557,uncertain,0.0516,uncertain,0.0504,uncertain,0.0492,uncertain,0.0505,uncertain,0.0488,uncertain,0.0497,uncertain,0.0495,uncertain,0.0492,uncertain,0.0516,uncertain,0.0479,uncertain,0.0573,uncertain,0.0495,uncertain,0.1685,uncertain,0.0474,uncertain,0.0479,uncertain,0.0481,uncertain,0.0463,uncertain,0.0468,uncertain,0.0514,uncertain
ASMA-1680,Bacteria,Bacillota,Bacilli,Lactobacillales,Streptococcaceae,Streptococcus,Streptococcus salivarius,426.0,No,,,,,,,,,,,,,,,,,,,,,,,,,,,,,,,,,,,,,,,,,,,,,,,,,,,,,,,,,,,,,,,,,,,,,,,,,,,
ASMA-1681,Bacteria,Bacillota,Bacilli,Lactobacillales,Streptococcaceae,Streptococcus,Streptococcus salivarius,476.0,No,,,,,,,,,,,,,,,,,,,,,,,,,,,,,,,,,,,,,,,,,,,,,,,,,,,,,,,,,,,,,,,,,,,,,,,,,,,
ASMA-1682,Bacteria,Bacillota,Bacilli,Lactobacillales,Streptococcaceae,Streptococcus,Streptococcus salivarius,476.0,No,,,,,,,,,,,,,,,,,,,,,,,,,,,,,,,,,,,,,,,,,,,,,,,,,,,,,,,,,,,,,,,,,,,,,,,,,,,
ASMA-1683,Bacteria,Actinomycetota,Actinomycetes,Micrococcales,Micrococcaceae,Rothia,Rothia dentocariosa,301.0,No,,,,,,,,,,,,,,,,,,,,,,,,,,,,,,,,,,,,,,,,,,,,,,,,,,,,,,,,,,,,,,,,,,,,,,,,,,,
ASMA-1684,Bacteria,Actinomycetota,Actinomycetes,Micrococcales,Micrococcaceae,Rothia,Rothia dentocariosa,301.0,No,1,0.018666666666666692,,0.018666666666666692,20250929.0,0.1496333333333333,,0.1557333333333333,,0.0561333333333333,,0.06223333333333329,,0.1561333333333333,,47.75,,0.03538903841920195,,0.9979222981248779,,no_growth,0,0.0,0,0.0,1,,,,,,0.047,,20250929,0.0549,uncertain,0.0465,uncertain,0.049,uncertain,0.0475,uncertain,0.05,uncertain,0.0492,uncertain,0.0485,uncertain,0.0496,uncertain,0.0505,uncertain,0.0515,uncertain,0.0507,uncertain,0.05,uncertain,0.05,uncertain,0.0533,uncertain,0.0486,uncertain,0.051,uncertain,0.0516,uncertain,0.0517,uncertain,0.0542,uncertain,0.0513,uncertain
ASMA-1685,Bacteria,Actinomycetota,Actinomycetes,Micrococcales,Micrococcaceae,Rothia,Rothia dentocariosa,450.0,Yes,,,,,,,,,,,,,,,,,,,,,,,,,,,,,,,,,,,,,,,,,,,,,,,,,,,,,,,,,,,,,,,,,,,,,,,,,,,
ASMA-1686,Bacteria,Bacillota,Bacilli,Staphylococcales,Staphylococcaceae,Staphylococcus,Staphylococcus epidermidis,530.0,No,,,,,,,,,,,,,,,,,,,,,,,,,,,,,,,,,,,,,,,,,,,,,,,,,,,,,,,,,,,,,,,,,,,,,,,,,,,
ASMA-1687,Bacteria,Bacillota,Bacilli,Staphylococcales,Staphylococcaceae,Staphylococcus,Staphylococcus epidermidis,530.0,No,,,,,,,,,,,,,,,,,,,,,,,,,,,,,,,,,,,,,,,,,,,,,,,,,,,,,,,,,,,,,,,,,,,,,,,,,,,
ASMA-1688,Bacteria,Bacillota,Bacilli,Staphylococcales,Staphylococcaceae,Staphylococcus,Staphylococcus epidermidis,530.0,No,1,0.13623333333333332,,0.13623333333333332,20250929.0,0.09526666666666667,,0.09526666666666667,,-0.001433333333333342,,-0.001433333333333342,,0.09670000000000001,,0.0,,,,,,normal,0,0.0,0,0.0,0,,,,,,0.0449,,20250929,0.0707,uncertain,0.0456,uncertain,0.0445,uncertain,0.0436,uncertain,0.0456,uncertain,0.0514,uncertain,0.0438,uncertain,0.0441,uncertain,0.0446,uncertain,0.0456,uncertain,0.0453,uncertain,0.0448,uncertain,0.045,uncertain,0.0445,uncertain,0.044,uncertain,0.0445,uncertain,0.0443,uncertain,0.0441,uncertain,0.07,uncertain,0.0442,uncertain
ASMA-1689,Bacteria,Bacillota,Bacilli,Staphylococcales,Staphylococcaceae,Staphylococcus,Staphylococcus epidermidis,530.0,No,,,,,,,,,,,,,,,,,,,,,,,,,,,,,,,,,,,,,,,,,,,,,,,,,,,,,,,,,,,,,,,,,,,,,,,,,,,
ASMA-169,Bacteria,Pseudomonadota,Gammaproteobacteria,Pseudomonadales,Pseudomonadaceae,Pseudomonas,Pseudomonas aeruginosa,533.0,No,,,,,,,,,,,,,,,,,,,,,,,,,,,,,,,,,,,,,,,,,,,,,,,,,,,,,,,,,,,,,,,,,,,,,,,,,,,
ASMA-1690,Bacteria,Bacillota,Bacilli,Lactobacillales,Streptococcaceae,Streptococcus,Streptococcus salivarius,476.0,No,1,0.004500000000000004,,0.004500000000000004,20251006.0,0.0969,,0.0954,,0.0005000000000000004,,-0.0010000000000000009,,0.099,,12.0,,,,,,no_growth,0,0.0,0,0.0,0,,,,,,0.0434,,20251006,0.0437,uncertain,0.0431,uncertain,0.0447,uncertain,0.044,uncertain,0.043,uncertain,0.0429,uncertain,0.0428,uncertain,0.0429,uncertain,0.0428,uncertain,0.0429,uncertain,0.0434,uncertain,0.0434,uncertain,0.0427,uncertain,0.0438,uncertain,0.0437,uncertain,0.0438,uncertain,0.043,uncertain,0.0435,uncertain,0.1046,uncertain,0.0433,uncertain
ASMA-1691,Bacteria,Bacillota,Bacilli,Lactobacillales,Streptococcaceae,Streptococcus,Streptococcus salivarius,476.0,No,,,,,,,,,,,,,,,,,,,,,,,,,,,,,,,,,,,,,,,,,,,,,,,,,,,,,,,,,,,,,,,,,,,,,,,,,,,
ASMA-1692,Bacteria,Bacillota,Bacilli,Lactobacillales,Streptococcaceae,Streptococcus,Streptococcus salivarius,476.0,No,,,,,,,,,,,,,,,,,,,,,,,,,,,,,,,,,,,,,,,,,,,,,,,,,,,,,,,,,,,,,,,,,,,,,,,,,,,
ASMA-1693,Bacteria,Bacillota,Bacilli,Lactobacillales,Streptococcaceae,Streptococcus,Streptococcus salivarius,476.0,No,,,,,,,,,,,,,,,,,,,,,,,,,,,,,,,,,,,,,,,,,,,,,,,,,,,,,,,,,,,,,,,,,,,,,,,,,,,
ASMA-1694,Bacteria,Bacillota,Bacilli,Lactobacillales,Lactobacillaceae,Lactiplantibacillus,Lactiplantibacillus plantarum,,,1,0.0009333333333333277,,0.0009333333333333277,20250929.0,0.0934,,0.0929,,9.999999999998899e-05,,-0.00040000000000001146,,0.0937,,16.5,,,,,,no_growth,0,0.0,0,0.0,0,,,,,,0.0447,,20250929,0.044,uncertain,0.0443,uncertain,0.0452,uncertain,0.0439,uncertain,0.0442,uncertain,0.0446,uncertain,0.0445,uncertain,0.044,uncertain,0.044,uncertain,0.0442,uncertain,0.044,uncertain,0.0444,uncertain,0.045,uncertain,0.0487,uncertain,0.0451,uncertain,0.0436,uncertain,0.0451,uncertain,0.0434,uncertain,0.0456,uncertain,0.0448,uncertain
ASMA-1695,Bacteria,Actinomycetota,Actinomycetes,Micrococcales,Micrococcaceae,Rothia,Rothia dentocariosa,450.0,No,,,,,,,,,,,,,,,,,,,,,,,,,,,,,,,,,,,,,,,,,,,,,,,,,,,,,,,,,,,,,,,,,,,,,,,,,,,
ASMA-1696,Bacteria,Bacillota,Bacilli,Lactobacillales,Lactobacillaceae,Lacticaseibacillus,Lacticaseibacillus rhamnosus,300.0,No,1,0.001700000000000007,,0.001700000000000007,20251006.0,0.096,,0.1023,,-0.009899999999999992,,-0.003599999999999992,,0.1419,,5.25,,,,,,no_growth,0,0.0,0,0.0,0,,,,,,0.0443,,20251006,0.0438,uncertain,0.0434,uncertain,0.0446,uncertain,0.0442,uncertain,0.0432,uncertain,0.0427,uncertain,0.0434,uncertain,0.0431,uncertain,0.0434,uncertain,0.0434,uncertain,0.0447,uncertain,0.0436,uncertain,0.0429,uncertain,0.0444,uncertain,0.0439,uncertain,0.0446,uncertain,0.0438,uncertain,0.0438,uncertain,0.0453,uncertain,0.0443,uncertain
ASMA-1697,Bacteria,Bacillota,Bacilli,Lactobacillales,Lactobacillaceae,Lacticaseibacillus,Lacticaseibacillus rhamnosus,300.0,Yes,,,,,,,,,,,,,,,,,,,,,,,,,,,,,,,,,,,,,,,,,,,,,,,,,,,,,,,,,,,,,,,,,,,,,,,,,,,
ASMA-1698,Bacteria,Bacillota,Bacilli,Staphylococcales,Staphylococcaceae,Staphylococcus,Staphylococcus epidermidis,530.0,No,,,,,,,,,,,,,,,,,,,,,,,,,,,,,,,,,,,,,,,,,,,,,,,,,,,,,,,,,,,,,,,,,,,,,,,,,,,
ASMA-1699,Bacteria,Bacillota,Bacilli,Lactobacillales,Streptococcaceae,Streptococcus,Streptococcus gordonii,427.0,No,,,,,,,,,,,,,,,,,,,,,,,,,,,,,,,,,,,,,,,,,,,,,,,,,,,,,,,,,,,,,,,,,,,,,,,,,,,
ASMA-17,Bacteria,Pseudomonadota,Gammaproteobacteria,Pseudomonadales,Pseudomonadaceae,Pseudomonas,Pseudomonas aeruginosa,536.0,No,,,,,,,,,,,,,,,,,,,,,,,,,,,,,,,,,,,,,,,,,,,,,,,,,,,,,,,,,,,,,,,,,,,,,,,,,,,
ASMA-170,Fungi,Saccharomycetes,Ascomycota,Saccharomycetales,Debaryomycetaceae,Candida,Candida albicans,,,,,,,,,,,,,,,,,,,,,,,,,,,,,,,,,,,,,,,,,,,,,,,,,,,,,,,,,,,,,,,,,,,,,,,,,,,,,
ASMA-1700,Bacteria,Bacillota,Bacilli,Lactobacillales,Streptococcaceae,Streptococcus,Streptococcus gordonii,427.0,No,1,0.0012000000000000066,,0.0012000000000000066,20250929.0,0.1907666666666667,,0.1877666666666667,,0.06616666666666669,,0.06316666666666669,,0.2073,,40.75,,0.011578559944003168,,0.9986628176640479,,no_growth,0,0.0,0,0.0,1,,,,,,0.0442,,20250929,0.0466,uncertain,0.0435,uncertain,0.0448,uncertain,0.0468,uncertain,0.0431,uncertain,0.0439,uncertain,0.0424,uncertain,0.0448,uncertain,0.0428,uncertain,0.0433,uncertain,0.0423,uncertain,0.0444,uncertain,0.0425,uncertain,0.0431,uncertain,0.0429,uncertain,0.0436,uncertain,0.0437,uncertain,0.0519,uncertain,0.0441,uncertain,0.0454,uncertain
ASMA-1701,Bacteria,Pseudomonadota,Gammaproteobacteria,Burkholderiales,Alcaligenaceae,Achromobacter,Achromobacter xylosoxidans,537.0,No,,,,,,,,,,,,,,,,,,,,,,,,,,,,,,,,,,,,,,,,,,,,,,,,,,,,,,,,,,,,,,,,,,,,,,,,,,,
ASMA-1702,Bacteria,Pseudomonadota,Gammaproteobacteria,Burkholderiales,Alcaligenaceae,Achromobacter,Achromobacter xylosoxidans,537.0,No,,,,,,,,,,,,,,,,,,,,,,,,,,,,,,,,,,,,,,,,,,,,,,,,,,,,,,,,,,,,,,,,,,,,,,,,,,,
ASMA-1703,Bacteria,Pseudomonadota,Gammaproteobacteria,Burkholderiales,Alcaligenaceae,Achromobacter,Achromobacter xylosoxidans,537.0,No,,,,,,,,,,,,,,,,,,,,,,,,,,,,,,,,,,,,,,,,,,,,,,,,,,,,,,,,,,,,,,,,,,,,,,,,,,,
ASMA-1704,Bacteria,Pseudomonadota,Gammaproteobacteria,Burkholderiales,Alcaligenaceae,Achromobacter,Achromobacter xylosoxidans,537.0,No,,,,,,,,,,,,,,,,,,,,,,,,,,,,,,,,,,,,,,,,,,,,,,,,,,,,,,,,,,,,,,,,,,,,,,,,,,,
ASMA-1705,Bacteria,Actinomycetota,Actinomycetes,Micrococcales,Micrococcaceae,Rothia,Rothia sp001808955,358.0,No,,,,,,,,,,,,,,,,,,,,,,,,,,,,,,,,,,,,,,,,,,,,,,,,,,,,,,,,,,,,,,,,,,,,,,,,,,,
ASMA-1706,Bacteria,Actinomycetota,Actinomycetes,Micrococcales,Micrococcaceae,Rothia,Rothia sp001808955,358.0,No,,,,,,,,,,,,,,,,,,,,,,,,,,,,,,,,,,,,,,,,,,,,,,,,,,,,,,,,,,,,,,,,,,,,,,,,,,,
ASMA-1707,Bacteria,Actinomycetota,Actinomycetes,Micrococcales,Micrococcaceae,Rothia,Rothia sp001808955,358.0,Yes,1,0.003799999999999998,,0.003799999999999998,20250929.0,0.0951,,0.09476666666666667,,-0.0005000000000000004,,-0.0008333333333333387,,0.09573333333333334,,3.25,,,,,,no_growth,0,0.0,0,0.0,0,,,,,,0.0531,,20250929,0.0504,uncertain,0.0521,uncertain,0.0466,uncertain,0.046,uncertain,0.0458,uncertain,0.0472,uncertain,0.0458,uncertain,0.0465,uncertain,0.0445,uncertain,0.0462,uncertain,0.0444,uncertain,0.0436,uncertain,0.0456,uncertain,0.0463,uncertain,0.0462,uncertain,0.0479,uncertain,0.0446,uncertain,0.0455,uncertain,0.0536,uncertain,0.0471,uncertain
ASMA-1708,Bacteria,Bacillota,Bacilli,Lactobacillales,Streptococcaceae,Streptococcus,Streptococcus salivarius,534.0,No,,,,,,,,,,,,,,,,,,,,,,,,,,,,,,,,,,,,,,,,,,,,,,,,,,,,,,,,,,,,,,,,,,,,,,,,,,,
ASMA-1709,Bacteria,Bacillota,Bacilli,Lactobacillales,Streptococcaceae,Streptococcus,Streptococcus salivarius,534.0,No,,,,,,,,,,,,,,,,,,,,,,,,,,,,,,,,,,,,,,,,,,,,,,,,,,,,,,,,,,,,,,,,,,,,,,,,,,,
ASMA-171,Bacteria,Pseudomonadota,Gammaproteobacteria,Pseudomonadales,Pseudomonadaceae,Pseudomonas,Pseudomonas aeruginosa,533.0,No,,,,,,,,,,,,,,,,,,,,,,,,,,,,,,,,,,,,,,,,,,,,,,,,,,,,,,,,,,,,,,,,,,,,,,,,,,,
ASMA-1710,Bacteria,Bacillota,Bacilli,Lactobacillales,Streptococcaceae,Streptococcus,Streptococcus salivarius,534.0,No,,,,,,,,,,,,,,,,,,,,,,,,,,,,,,,,,,,,,,,,,,,,,,,,,,,,,,,,,,,,,,,,,,,,,,,,,,,
ASMA-1711,Bacteria,Bacillota,Bacilli,Lactobacillales,Streptococcaceae,Streptococcus,Streptococcus salivarius,534.0,No,,,,,,,,,,,,,,,,,,,,,,,,,,,,,,,,,,,,,,,,,,,,,,,,,,,,,,,,,,,,,,,,,,,,,,,,,,,
ASMA-1712,Bacteria,Bacillota,Bacilli,Lactobacillales,Streptococcaceae,Streptococcus,Streptococcus salivarius,534.0,No,,,,,,,,,,,,,,,,,,,,,,,,,,,,,,,,,,,,,,,,,,,,,,,,,,,,,,,,,,,,,,,,,,,,,,,,,,,
ASMA-1713,Bacteria,Bacillota,Bacilli,Lactobacillales,Streptococcaceae,Streptococcus,Streptococcus salivarius,534.0,No,1,0.015,,0.015,20251006.0,0.0888,,0.0886,,-0.0025000000000000022,,-0.002700000000000008,,0.0913,,0.0,,,,,,no_growth,0,0.0,0,0.0,0,,,,,,0.0447,,20251006,0.0448,uncertain,0.045,uncertain,0.0449,uncertain,0.0442,uncertain,0.0442,uncertain,0.0434,uncertain,0.0446,uncertain,0.0436,uncertain,0.0435,uncertain,0.0432,uncertain,0.0443,uncertain,0.0445,uncertain,0.0434,uncertain,0.0454,uncertain,0.044,uncertain,0.0466,uncertain,0.0439,uncertain,0.0454,uncertain,0.0774,uncertain,0.0457,uncertain
ASMA-1714,Bacteria,Bacillota,Bacilli,Lactobacillales,Streptococcaceae,Streptococcus,Streptococcus salivarius,534.0,No,,,,,,,,,,,,,,,,,,,,,,,,,,,,,,,,,,,,,,,,,,,,,,,,,,,,,,,,,,,,,,,,,,,,,,,,,,,
ASMA-1715,Bacteria,Bacillota,Bacilli,Lactobacillales,Streptococcaceae,Streptococcus,Streptococcus salivarius,534.0,No,,,,,,,,,,,,,,,,,,,,,,,,,,,,,,,,,,,,,,,,,,,,,,,,,,,,,,,,,,,,,,,,,,,,,,,,,,,
ASMA-1716,Bacteria,Bacillota,Bacilli,Lactobacillales,Streptococcaceae,Streptococcus,Streptococcus salivarius,534.0,No,,,,,,,,,,,,,,,,,,,,,,,,,,,,,,,,,,,,,,,,,,,,,,,,,,,,,,,,,,,,,,,,,,,,,,,,,,,
ASMA-1717,Bacteria,Bacillota,Bacilli,Lactobacillales,Streptococcaceae,Streptococcus,Streptococcus salivarius,534.0,No,,,,,,,,,,,,,,,,,,,,,,,,,,,,,,,,,,,,,,,,,,,,,,,,,,,,,,,,,,,,,,,,,,,,,,,,,,,
ASMA-1718,Bacteria,Bacillota,Bacilli,Lactobacillales,Streptococcaceae,Streptococcus,Streptococcus salivarius,534.0,No,,,,,,,,,,,,,,,,,,,,,,,,,,,,,,,,,,,,,,,,,,,,,,,,,,,,,,,,,,,,,,,,,,,,,,,,,,,
ASMA-1719,Bacteria,Pseudomonadota,Gammaproteobacteria,Burkholderiales,Alcaligenaceae,Achromobacter,Achromobacter xylosoxidans,537.0,No,,,,,,,,,,,,,,,,,,,,,,,,,,,,,,,,,,,,,,,,,,,,,,,,,,,,,,,,,,,,,,,,,,,,,,,,,,,
ASMA-172,Bacteria,Pseudomonadota,Gammaproteobacteria,Pseudomonadales,Pseudomonadaceae,Pseudomonas,Pseudomonas aeruginosa,533.0,No,,,,,,,,,,,,,,,,,,,,,,,,,,,,,,,,,,,,,,,,,,,,,,,,,,,,,,,,,,,,,,,,,,,,,,,,,,,
ASMA-1720,Bacteria,Pseudomonadota,Gammaproteobacteria,Burkholderiales,Alcaligenaceae,Achromobacter,Achromobacter xylosoxidans,537.0,No,,,,,,,,,,,,,,,,,,,,,,,,,,,,,,,,,,,,,,,,,,,,,,,,,,,,,,,,,,,,,,,,,,,,,,,,,,,
ASMA-1721,Bacteria,Pseudomonadota,Gammaproteobacteria,Burkholderiales,Alcaligenaceae,Achromobacter,Achromobacter xylosoxidans,537.0,No,,,,,,,,,,,,,,,,,,,,,,,,,,,,,,,,,,,,,,,,,,,,,,,,,,,,,,,,,,,,,,,,,,,,,,,,,,,
ASMA-1722,Bacteria,Pseudomonadota,Gammaproteobacteria,Burkholderiales,Alcaligenaceae,Achromobacter,Achromobacter xylosoxidans,537.0,No,,,,,,,,,,,,,,,,,,,,,,,,,,,,,,,,,,,,,,,,,,,,,,,,,,,,,,,,,,,,,,,,,,,,,,,,,,,
ASMA-1723,Bacteria,Pseudomonadota,Gammaproteobacteria,Burkholderiales,Alcaligenaceae,Achromobacter,Achromobacter xylosoxidans,537.0,No,,,,,,,,,,,,,,,,,,,,,,,,,,,,,,,,,,,,,,,,,,,,,,,,,,,,,,,,,,,,,,,,,,,,,,,,,,,
ASMA-1724,Bacteria,Bacillota,Bacilli,Lactobacillales,Streptococcaceae,Streptococcus,Streptococcus salivarius,,,,,,,,,,,,,,,,,,,,,,,,,,,,,,,,,,,,,,,,,,,,,,,,,,,,,,,,,,,,,,,,,,,,,,,,,,,,,
ASMA-1725,Bacteria,Bacillota,Bacilli,Lactobacillales,Streptococcaceae,Streptococcus,Streptococcus salivarius,534.0,No,,,,,,,,,,,,,,,,,,,,,,,,,,,,,,,,,,,,,,,,,,,,,,,,,,,,,,,,,,,,,,,,,,,,,,,,,,,
ASMA-1726,Bacteria,Bacillota,Bacilli,Lactobacillales,Streptococcaceae,Streptococcus,Streptococcus salivarius,534.0,No,,,,,,,,,,,,,,,,,,,,,,,,,,,,,,,,,,,,,,,,,,,,,,,,,,,,,,,,,,,,,,,,,,,,,,,,,,,
ASMA-1727,Bacteria,Bacillota,Bacilli,Lactobacillales,Streptococcaceae,Streptococcus,Streptococcus salivarius,534.0,No,,,,,,,,,,,,,,,,,,,,,,,,,,,,,,,,,,,,,,,,,,,,,,,,,,,,,,,,,,,,,,,,,,,,,,,,,,,
ASMA-1728,Bacteria,Bacillota,Bacilli,Lactobacillales,Streptococcaceae,Streptococcus,Streptococcus salivarius,534.0,No,,,,,,,,,,,,,,,,,,,,,,,,,,,,,,,,,,,,,,,,,,,,,,,,,,,,,,,,,,,,,,,,,,,,,,,,,,,
ASMA-1729,Bacteria,Bacillota,Bacilli,Lactobacillales,Streptococcaceae,Streptococcus,Streptococcus salivarius,534.0,No,,,,,,,,,,,,,,,,,,,,,,,,,,,,,,,,,,,,,,,,,,,,,,,,,,,,,,,,,,,,,,,,,,,,,,,,,,,
ASMA-173,Bacteria,Pseudomonadota,Gammaproteobacteria,Pseudomonadales,Pseudomonadaceae,Pseudomonas,Pseudomonas aeruginosa,533.0,No,,,,,,,,,,,,,,,,,,,,,,,,,,,,,,,,,,,,,,,,,,,,,,,,,,,,,,,,,,,,,,,,,,,,,,,,,,,
ASMA-1730,Bacteria,Bacillota,Bacilli,Lactobacillales,Streptococcaceae,Streptococcus,Streptococcus salivarius,534.0,No,,,,,,,,,,,,,,,,,,,,,,,,,,,,,,,,,,,,,,,,,,,,,,,,,,,,,,,,,,,,,,,,,,,,,,,,,,,
ASMA-1731,Bacteria,Bacillota,Bacilli,Lactobacillales,Streptococcaceae,Streptococcus,Streptococcus salivarius,534.0,No,,,,,,,,,,,,,,,,,,,,,,,,,,,,,,,,,,,,,,,,,,,,,,,,,,,,,,,,,,,,,,,,,,,,,,,,,,,
ASMA-1732,Bacteria,Bacillota,Bacilli,Lactobacillales,Streptococcaceae,Streptococcus,Streptococcus salivarius,534.0,No,,,,,,,,,,,,,,,,,,,,,,,,,,,,,,,,,,,,,,,,,,,,,,,,,,,,,,,,,,,,,,,,,,,,,,,,,,,
ASMA-1733,Bacteria,Bacillota,Bacilli,Lactobacillales,Streptococcaceae,Streptococcus,Streptococcus salivarius,534.0,No,,,,,,,,,,,,,,,,,,,,,,,,,,,,,,,,,,,,,,,,,,,,,,,,,,,,,,,,,,,,,,,,,,,,,,,,,,,
ASMA-1734,Bacteria,Bacillota,Bacilli,Lactobacillales,Streptococcaceae,Streptococcus,Streptococcus salivarius,534.0,No,1,0.0015000000000000013,,0.0015000000000000013,20250929.0,0.09519999999999999,,0.09446666666666666,,-0.0024666666666666864,,-0.0032000000000000223,,0.09970000000000001,,20.25,,0.01827203281833876,,0.966814132907753,,no_growth,0,0.0,0,0.0,1,,,,,,0.0457,,20250929,0.0443,uncertain,0.0533,uncertain,0.0442,uncertain,0.0444,uncertain,0.044,uncertain,0.0442,uncertain,0.0437,uncertain,0.0433,uncertain,0.0435,uncertain,0.0437,uncertain,0.043,uncertain,0.0435,uncertain,0.0432,uncertain,0.0445,uncertain,0.0435,uncertain,0.0429,uncertain,0.043,uncertain,0.0449,uncertain,0.0445,uncertain,0.0449,uncertain
ASMA-1735,Bacteria,Bacillota,Bacilli,Staphylococcales,Staphylococcaceae,Staphylococcus,Staphylococcus epidermidis,530.0,No,,,,,,,,,,,,,,,,,,,,,,,,,,,,,,,,,,,,,,,,,,,,,,,,,,,,,,,,,,,,,,,,,,,,,,,,,,,
ASMA-1736,Bacteria,Actinomycetota,Actinomycetes,Micrococcales,Micrococcaceae,Rothia,Rothia dentocariosa,518.0,No,,,,,,,,,,,,,,,,,,,,,,,,,,,,,,,,,,,,,,,,,,,,,,,,,,,,,,,,,,,,,,,,,,,,,,,,,,,
ASMA-1737,Bacteria,Actinomycetota,Actinomycetes,Micrococcales,Micrococcaceae,Rothia,Rothia dentocariosa,518.0,No,,,,,,,,,,,,,,,,,,,,,,,,,,,,,,,,,,,,,,,,,,,,,,,,,,,,,,,,,,,,,,,,,,,,,,,,,,,
ASMA-1738,Bacteria,Actinomycetota,Actinomycetes,Micrococcales,Micrococcaceae,Rothia,Rothia dentocariosa,518.0,No,,,,,,,,,,,,,,,,,,,,,,,,,,,,,,,,,,,,,,,,,,,,,,,,,,,,,,,,,,,,,,,,,,,,,,,,,,,
ASMA-1739,Bacteria,Actinomycetota,Actinomycetes,Micrococcales,Micrococcaceae,Rothia,Rothia dentocariosa,518.0,No,,,,,,,,,,,,,,,,,,,,,,,,,,,,,,,,,,,,,,,,,,,,,,,,,,,,,,,,,,,,,,,,,,,,,,,,,,,
ASMA-174,Bacteria,Pseudomonadota,Gammaproteobacteria,Pseudomonadales,Pseudomonadaceae,Pseudomonas,Pseudomonas aeruginosa,533.0,No,,,,,,,,,,,,,,,,,,,,,,,,,,,,,,,,,,,,,,,,,,,,,,,,,,,,,,,,,,,,,,,,,,,,,,,,,,,
ASMA-1740,Bacteria,Actinomycetota,Actinomycetes,Micrococcales,Micrococcaceae,Rothia,Rothia dentocariosa,518.0,No,,,,,,,,,,,,,,,,,,,,,,,,,,,,,,,,,,,,,,,,,,,,,,,,,,,,,,,,,,,,,,,,,,,,,,,,,,,
ASMA-1741,Bacteria,Bacillota,Bacilli,Lactobacillales,Streptococcaceae,Streptococcus,undetermined species,215.0,Yes,1,0.06266666666666663,,0.06266666666666663,20250929.0,0.4804666666666667,,0.28,,0.38580000000000003,,0.18533333333333335,,0.4883,,22.5,,0.019745517983844333,,0.9987154222046676,,poor,1,100.0,1,100.0,1,,,,,,0.046,,20250929,0.0438,uncertain,0.0445,uncertain,0.0462,uncertain,0.0439,uncertain,0.0429,uncertain,0.0435,uncertain,0.0446,uncertain,0.0437,uncertain,0.0419,uncertain,0.0429,uncertain,0.0434,uncertain,0.0433,uncertain,0.0426,uncertain,0.0439,uncertain,0.0431,uncertain,0.0435,uncertain,0.0422,uncertain,0.0432,uncertain,0.0438,uncertain,0.0468,uncertain
ASMA-1742,Bacteria,Bacillota,Bacilli,Lactobacillales,Streptococcaceae,Streptococcus,undetermined species,,,1,0.0020000000000000018,,0.0020000000000000018,20251006.0,0.4881,,0.5727,,0.29489999999999994,,0.37949999999999995,,0.5727,,48.0,,0.024898087153771457,,0.9988013822074474,,no_growth,1,100.0,1,100.0,1,,,,,,0.0428,,20251006,0.0433,uncertain,0.0425,uncertain,0.0448,uncertain,0.0432,uncertain,0.0429,uncertain,0.0434,uncertain,0.0433,uncertain,0.0432,uncertain,0.0426,uncertain,0.0433,uncertain,0.0435,uncertain,0.043,uncertain,0.0431,uncertain,0.044,uncertain,0.0449,uncertain,0.0458,uncertain,0.0436,uncertain,0.0431,uncertain,0.0475,uncertain,0.0425,uncertain
ASMA-1743,Bacteria,Bacillota,Bacilli,Lactobacillales,Streptococcaceae,Streptococcus,Streptococcus sanguinis_G,406.0,No,1,0.0009333333333333416,,0.0009333333333333416,20250929.0,0.2696333333333333,,0.2371333333333333,,0.13759999999999997,,0.1051,,0.2968666666666667,,35.0,,0.01933867354101535,,0.9984623337162051,,no_growth,1,100.0,1,100.0,1,,,,,,0.0429,,20250929,0.0435,uncertain,0.0428,uncertain,0.0452,uncertain,0.0458,uncertain,0.043,uncertain,0.044,uncertain,0.0431,uncertain,0.0435,uncertain,0.0429,uncertain,0.0434,uncertain,0.0431,uncertain,0.0433,uncertain,0.0434,uncertain,0.0442,uncertain,0.0429,uncertain,0.0428,uncertain,0.043,uncertain,0.0434,uncertain,0.0458,uncertain,0.0424,uncertain
ASMA-1744,Bacteria,Bacillota,Bacilli,Lactobacillales,Streptococcaceae,Streptococcus,Streptococcus sanguinis_G,,,,,,,,,,,,,,,,,,,,,,,,,,,,,,,,,,,,,,,,,,,,,,,,,,,,,,,,,,,,,,,,,,,,,,,,,,,,,
ASMA-1745,Bacteria,Bacillota,Bacilli,Lactobacillales,Aerococcaceae,Granulicatella,Granulicatella sp916049935,,,,,,,,,,,,,,,,,,,,,,,,,,,,,,,,,,,,,,,,,,,,,,,,,,,,,,,,,,,,,,,,,,,,,,,,,,,,,
ASMA-1746,Bacteria,Pseudomonadota,Gammaproteobacteria,Burkholderiales,Neisseriaceae,Neisseria,Neisseria perflava,522.0,No,1,0.00180000000000001,,0.00180000000000001,20250929.0,0.0946,,0.09456666666666667,,-6.66666666666732e-05,,-0.00010000000000000286,,0.09496666666666666,,29.75,,,,,,no_growth,0,0.0,0,0.0,0,,,,,,0.0478,,20250929,0.0466,uncertain,0.0487,uncertain,0.0481,uncertain,0.0456,uncertain,0.0458,uncertain,0.0452,uncertain,0.0465,uncertain,0.0454,uncertain,0.047,uncertain,0.0459,uncertain,0.0468,uncertain,0.0461,uncertain,0.0464,uncertain,0.0465,uncertain,0.0594,uncertain,0.0456,uncertain,0.0465,uncertain,0.0455,uncertain,0.0479,uncertain,0.0457,uncertain
ASMA-1747,Bacteria,Actinomycetota,Actinomycetes,Micrococcales,Micrococcaceae,Rothia,Rothia dentocariosa,466.0,No,4,0.03705,0.03049213013221609,0.08270000000000001,20251017.0,0.18051666666666666,0.05540039109368572,0.16466666666666668,0.05077545338711085,0.06892499999999999,0.04896014535653805,0.05307499999999999,0.04446364619926412,0.20526666666666665,0.06882891834105774,33.0,18.843654988704643,0.051179964009528296,0.061218379953863575,0.9971589615632523,0.002802129460441894,no_growth,1,25.0,1,25.0,3,3,-16.077580706903145,7.085043976284976,20251017,none,0.05011666666666667,0.0016196707484341791,20251017,0.05225,uncertain,0.0491,uncertain,0.04976666666666667,uncertain,0.04953333333333333,uncertain,0.049949999999999994,uncertain,0.0503,uncertain,0.05716666666666667,utilizes,0.05026666666666667,uncertain,0.0527,uncertain,0.05026666666666667,uncertain,0.051166666666666666,utilizes,0.07701666666666666,utilizes,0.05105,utilizes,0.05276666666666667,utilizes,0.05106666666666667,utilizes,0.05105,uncertain,0.05035,uncertain,0.053983333333333335,utilizes,0.0529,utilizes,0.05210000000000001,utilizes
ASMA-1748,Bacteria,Bacillota,Bacilli,Lactobacillales,Streptococcaceae,Streptococcus,Streptococcus sanguinis,25.0,Yes,1,0.0012333333333333502,,0.0012333333333333502,20250929.0,0.09693333333333333,,0.09670000000000001,,0.0018333333333333257,,0.0016000000000000042,,0.0978,,7.5,,0.00914164871478936,,0.981225860394604,,no_growth,0,0.0,0,0.0,1,,,,,,0.0466,,20250929,0.0459,uncertain,0.0473,uncertain,0.0463,uncertain,0.0453,uncertain,0.045,uncertain,0.0446,uncertain,0.0449,uncertain,0.0458,uncertain,0.0451,uncertain,0.0452,uncertain,0.0461,uncertain,0.0458,uncertain,0.0448,uncertain,0.0458,uncertain,0.045,uncertain,0.0452,uncertain,0.0445,uncertain,0.0448,uncertain,0.0468,uncertain,0.045,uncertain
ASMA-175,Bacteria,Pseudomonadota,Gammaproteobacteria,Pseudomonadales,Pseudomonadaceae,Pseudomonas,Pseudomonas aeruginosa,533.0,No,,,,,,,,,,,,,,,,,,,,,,,,,,,,,,,,,,,,,,,,,,,,,,,,,,,,,,,,,,,,,,,,,,,,,,,,,,,
ASMA-1750,Bacteria,Bacillota,Bacilli,Staphylococcales,Gemellaceae,Gemella,undetermined species,302.0,No,1,0.0011333333333333195,,0.0011333333333333195,20250929.0,0.09803333333333335,,0.09673333333333334,,0.002433333333333343,,0.0011333333333333334,,0.1028,,8.5,,0.03794776896266091,,0.9922670725753591,,no_growth,0,0.0,0,0.0,1,,,,,,0.0436,,20250929,0.0439,uncertain,0.0445,uncertain,0.0432,uncertain,0.0441,uncertain,0.0439,uncertain,0.0435,uncertain,0.0431,uncertain,0.0437,uncertain,0.0432,uncertain,0.0434,uncertain,0.0428,uncertain,0.0429,uncertain,0.0442,uncertain,0.0443,uncertain,0.043,uncertain,0.0422,uncertain,0.0432,uncertain,0.0426,uncertain,0.044,uncertain,0.0433,uncertain
ASMA-1751,Bacteria,Bacillota,Bacilli,Staphylococcales,Gemellaceae,Gemella,undetermined species,302.0,No,1,0.0040000000000000036,,0.0040000000000000036,20251006.0,0.3593,,0.4383,,0.2383,,0.3173,,0.4384,,47.75,,0.2061259568521081,,0.9993534915626918,,no_growth,1,100.0,1,100.0,1,,,,,,0.0446,,20251006,0.0439,uncertain,0.0434,uncertain,0.0438,uncertain,0.0433,uncertain,0.0432,uncertain,0.0436,uncertain,0.0439,uncertain,0.0435,uncertain,0.0435,uncertain,0.0436,uncertain,0.0434,uncertain,0.0434,uncertain,0.0439,uncertain,0.0445,uncertain,0.0435,uncertain,0.0433,uncertain,0.0435,uncertain,0.0432,uncertain,0.0988,uncertain,0.0447,uncertain
ASMA-1752,Bacteria,Actinomycetota,Actinomycetes,Micrococcales,Micrococcaceae,Rothia,Rothia dentocariosa,466.0,No,,,,,,,,,,,,,,,,,,,,,,,,,,,,,,,,,,,,,,,,,,,,,,,,,,,,,,,,,,,,,,,,,,,,,,,,,,,
ASMA-1753,Bacteria,Bacillota,Bacilli,Lactobacillales,Streptococcaceae,Streptococcus,Streptococcus salivarius,217.0,Yes,1,0.0015000000000000013,,0.0015000000000000013,20250929.0,0.09300000000000001,,0.09213333333333333,,-0.0014333333333333143,,-0.0022999999999999965,,0.09443333333333333,,0.0,,,,,,no_growth,0,0.0,0,0.0,0,,,,,,0.043,,20250929,0.0443,uncertain,0.0429,uncertain,0.0435,uncertain,0.0424,uncertain,0.0425,uncertain,0.0425,uncertain,0.0426,uncertain,0.0425,uncertain,0.0423,uncertain,0.0429,uncertain,0.0419,uncertain,0.043,uncertain,0.0424,uncertain,0.0438,uncertain,0.0608,uncertain,0.0417,uncertain,0.0419,uncertain,0.0423,uncertain,0.0462,uncertain,0.0423,uncertain
ASMA-1754,Bacteria,Pseudomonadota,Gammaproteobacteria,Burkholderiales,Neisseriaceae,Neisseria,Neisseria perflava,218.0,No,1,0.0461,,0.0461,20251006.0,0.1733,,0.1729,,0.060600000000000015,,0.060200000000000004,,0.1803,,27.5,,0.05953128646236914,,0.9960559744247489,,no_growth,0,0.0,0,0.0,1,,,,,,0.0462,,20251006,0.0464,uncertain,0.0466,uncertain,0.0449,uncertain,0.0473,uncertain,0.0444,uncertain,0.0451,uncertain,0.0473,uncertain,0.0463,uncertain,0.0462,uncertain,0.0462,uncertain,0.047,uncertain,0.051,uncertain,0.0474,uncertain,0.0504,uncertain,0.0503,uncertain,0.0482,uncertain,0.0469,uncertain,0.0456,uncertain,0.2479,uncertain,0.0514,uncertain
ASMA-1755,Bacteria,Pseudomonadota,Gammaproteobacteria,Burkholderiales,Neisseriaceae,Neisseria,Neisseria perflava,218.0,Yes,1,0.0058000000000000135,,0.0058000000000000135,20250929.0,0.0948,,0.0941,,0.000633333333333333,,-6.666666666665932e-05,,0.09486666666666667,,23.75,,,,,,no_growth,0,0.0,0,0.0,0,,,,,,0.047,,20250929,0.0482,uncertain,0.053,uncertain,0.0472,uncertain,0.0468,uncertain,0.046,uncertain,0.0467,uncertain,0.049,uncertain,0.0471,uncertain,0.0471,uncertain,0.046,uncertain,0.0464,uncertain,0.0501,uncertain,0.0465,uncertain,0.0463,uncertain,0.0462,uncertain,0.0461,uncertain,0.0462,uncertain,0.0462,uncertain,0.1118,uncertain,0.0467,uncertain
ASMA-1756,Bacteria,Actinomycetota,Actinomycetes,Micrococcales,Micrococcaceae,Rothia,Rothia dentocariosa,466.0,No,,,,,,,,,,,,,,,,,,,,,,,,,,,,,,,,,,,,,,,,,,,,,,,,,,,,,,,,,,,,,,,,,,,,,,,,,,,
ASMA-176,Bacteria,Pseudomonadota,Gammaproteobacteria,Pseudomonadales,Pseudomonadaceae,Pseudomonas,Pseudomonas aeruginosa,533.0,No,,,,,,,,,,,,,,,,,,,,,,,,,,,,,,,,,,,,,,,,,,,,,,,,,,,,,,,,,,,,,,,,,,,,,,,,,,,
ASMA-1760,Bacteria,Bacillota,Bacilli,Lactobacillales,Streptococcaceae,Streptococcus,Streptococcus sp001813105,26.0,Yes,1,0.0007999999999999952,,0.0007999999999999952,20250929.0,0.1494666666666667,,0.1545666666666667,,0.053966666666666704,,0.059066666666666726,,0.1547333333333333,,46.5,,0.044451159811232946,,0.9990472673794083,,no_growth,0,0.0,0,0.0,1,,,,,,0.0445,,20250929,0.0455,uncertain,0.0439,uncertain,0.0451,uncertain,0.0443,uncertain,0.0433,uncertain,0.0443,uncertain,0.046,uncertain,0.0441,uncertain,0.0443,uncertain,0.0443,uncertain,0.0439,uncertain,0.0444,uncertain,0.0443,uncertain,0.0448,uncertain,0.0439,uncertain,0.0442,uncertain,0.0442,uncertain,0.0447,uncertain,0.0512,uncertain,0.0443,uncertain
ASMA-1761,Bacteria,Bacillota,Bacilli,Lactobacillales,Streptococcaceae,Streptococcus,Streptococcus salivarius_D,498.0,No,1,0.002699999999999994,,0.002699999999999994,20250929.0,0.09766666666666667,,0.09696666666666666,,0.0023666666666666697,,0.0016666666666666635,,0.09813333333333334,,7.5,,0.00999706245199103,,0.9844291856731062,,no_growth,0,0.0,0,0.0,1,,,,,,0.0458,,20250929,0.0456,uncertain,0.0451,uncertain,0.0466,uncertain,0.0451,uncertain,0.045,uncertain,0.0449,uncertain,0.0452,uncertain,0.0445,uncertain,0.0461,uncertain,0.0446,uncertain,0.045,uncertain,0.0501,uncertain,0.047,uncertain,0.0457,uncertain,0.0458,uncertain,0.0449,uncertain,0.0462,uncertain,0.0449,uncertain,0.0577,uncertain,0.0463,uncertain
ASMA-1762,Bacteria,Bacillota,Bacilli,Lactobacillales,Streptococcaceae,Streptococcus,Streptococcus salivarius_D,498.0,No,,,,,,,,,,,,,,,,,,,,,,,,,,,,,,,,,,,,,,,,,,,,,,,,,,,,,,,,,,,,,,,,,,,,,,,,,,,
ASMA-1763,Fungi,Saccharomycetes,Ascomycota,Saccharomycetales,Debaryomycetaceae,Candida,Candida albicans,,,,,,,,,,,,,,,,,,,,,,,,,,,,,,,,,,,,,,,,,,,,,,,,,,,,,,,,,,,,,,,,,,,,,,,,,,,,,
ASMA-1764,Fungi,Saccharomycetes,Ascomycota,Saccharomycetales,Debaryomycetaceae,Candida,Candida albicans,,,,,,,,,,,,,,,,,,,,,,,,,,,,,,,,,,,,,,,,,,,,,,,,,,,,,,,,,,,,,,,,,,,,,,,,,,,,,
ASMA-1765,Fungi,Saccharomycetes,Ascomycota,Saccharomycetales,Debaryomycetaceae,Candida,Candida albicans,,,,,,,,,,,,,,,,,,,,,,,,,,,,,,,,,,,,,,,,,,,,,,,,,,,,,,,,,,,,,,,,,,,,,,,,,,,,,
ASMA-1766,Fungi,Saccharomycetes,Ascomycota,Saccharomycetales,Debaryomycetaceae,Candida,Candida albicans,,,,,,,,,,,,,,,,,,,,,,,,,,,,,,,,,,,,,,,,,,,,,,,,,,,,,,,,,,,,,,,,,,,,,,,,,,,,,
ASMA-1767,Fungi,Saccharomycetes,Ascomycota,Saccharomycetales,Debaryomycetaceae,Candida,Candida albicans,,,,,,,,,,,,,,,,,,,,,,,,,,,,,,,,,,,,,,,,,,,,,,,,,,,,,,,,,,,,,,,,,,,,,,,,,,,,,
ASMA-1768,Fungi,Saccharomycetes,Ascomycota,Saccharomycetales,Debaryomycetaceae,Candida,Candida albicans,,,,,,,,,,,,,,,,,,,,,,,,,,,,,,,,,,,,,,,,,,,,,,,,,,,,,,,,,,,,,,,,,,,,,,,,,,,,,
ASMA-1769,Bacteria,Bacillota,Bacilli,Lactobacillales,Streptococcaceae,Streptococcus,Streptococcus caecimuris,219.0,Yes,1,0.0029,,0.0029,20251006.0,0.0951,,0.0949,,-0.0016999999999999932,,-0.001899999999999999,,0.0968,,0.0,,0.002003959332403176,,0.9523807415487242,,no_growth,0,0.0,0,0.0,1,,,,,,0.0449,,20251006,0.0443,uncertain,0.0449,uncertain,0.0463,uncertain,0.0449,uncertain,0.0449,uncertain,0.0451,uncertain,0.0446,uncertain,0.0448,uncertain,0.0449,uncertain,0.0452,uncertain,0.0442,uncertain,0.0436,uncertain,0.0446,uncertain,0.0461,uncertain,0.0465,uncertain,0.0447,uncertain,0.0444,uncertain,0.0448,uncertain,0.1106,uncertain,0.0439,uncertain
ASMA-177,Bacteria,Pseudomonadota,Gammaproteobacteria,Pseudomonadales,Pseudomonadaceae,Pseudomonas,Pseudomonas aeruginosa,533.0,No,,,,,,,,,,,,,,,,,,,,,,,,,,,,,,,,,,,,,,,,,,,,,,,,,,,,,,,,,,,,,,,,,,,,,,,,,,,
ASMA-1770,Fungi,Saccharomycetes,Ascomycota,Saccharomycetales,Debaryomycetaceae,Candida,Candida albicans,,,,,,,,,,,,,,,,,,,,,,,,,,,,,,,,,,,,,,,,,,,,,,,,,,,,,,,,,,,,,,,,,,,,,,,,,,,,,
ASMA-1771,Fungi,Saccharomycetes,Ascomycota,Saccharomycetales,Debaryomycetaceae,Candida,Candida albicans,,,,,,,,,,,,,,,,,,,,,,,,,,,,,,,,,,,,,,,,,,,,,,,,,,,,,,,,,,,,,,,,,,,,,,,,,,,,,
ASMA-1772,Fungi,Saccharomycetes,Ascomycota,Saccharomycetales,Debaryomycetaceae,Candida,Candida albicans,,,,,,,,,,,,,,,,,,,,,,,,,,,,,,,,,,,,,,,,,,,,,,,,,,,,,,,,,,,,,,,,,,,,,,,,,,,,,
ASMA-1773,Bacteria,Bacillota,Bacilli,Lactobacillales,Streptococcaceae,Streptococcus,Streptococcus salivarius_D,,,,,,,,,,,,,,,,,,,,,,,,,,,,,,,,,,,,,,,,,,,,,,,,,,,,,,,,,,,,,,,,,,,,,,,,,,,,,
ASMA-1774,Bacteria,Bacillota,Bacilli,Lactobacillales,Streptococcaceae,Streptococcus,Streptococcus salivarius_D,498.0,No,,,,,,,,,,,,,,,,,,,,,,,,,,,,,,,,,,,,,,,,,,,,,,,,,,,,,,,,,,,,,,,,,,,,,,,,,,,
ASMA-1775,Fungi,Saccharomycetes,Ascomycota,Saccharomycetales,Debaryomycetaceae,Candida,Candida albicans,,,,,,,,,,,,,,,,,,,,,,,,,,,,,,,,,,,,,,,,,,,,,,,,,,,,,,,,,,,,,,,,,,,,,,,,,,,,,
ASMA-1776,Bacteria,Bacillota,Bacilli,Lactobacillales,Streptococcaceae,Streptococcus,Streptococcus salivarius_D,498.0,Yes,,,,,,,,,,,,,,,,,,,,,,,,,,,,,,,,,,,,,,,,,,,,,,,,,,,,,,,,,,,,,,,,,,,,,,,,,,,
ASMA-1777,Bacteria,Bacillota,Bacilli,Staphylococcales,Gemellaceae,Gemella,Gemella haemolysans_D,27.0,Yes,1,0.0011333333333333334,,0.0011333333333333334,20250929.0,0.1052666666666667,,0.1053333333333333,,0.0005666666666667014,,0.0006333333333333052,,0.1122333333333333,,8.0,,0.020957989361475762,,0.9623772271207789,,no_growth,0,0.0,0,0.0,1,,,,,,0.044,,20250929,0.0441,uncertain,0.0431,uncertain,0.0442,uncertain,0.0439,uncertain,0.0437,uncertain,0.0437,uncertain,0.0431,uncertain,0.0434,uncertain,0.0437,uncertain,0.0435,uncertain,0.044,uncertain,0.0435,uncertain,0.0435,uncertain,0.0438,uncertain,0.0448,uncertain,0.0432,uncertain,0.0435,uncertain,0.0431,uncertain,0.1234,uncertain,0.0439,uncertain
ASMA-1778,Bacteria,Actinomycetota,Actinomycetes,Micrococcales,Micrococcaceae,Rothia,Rothia dentocariosa,466.0,No,,,,,,,,,,,,,,,,,,,,,,,,,,,,,,,,,,,,,,,,,,,,,,,,,,,,,,,,,,,,,,,,,,,,,,,,,,,
ASMA-1779,Bacteria,Bacillota,Bacilli,Lactobacillales,Streptococcaceae,Streptococcus,Streptococcus caecimuris,219.0,No,1,0.05923333333333332,,0.05923333333333332,20250929.0,0.1031333333333333,,0.1023333333333333,,0.0006333333333333052,,-0.00016666666666668994,,0.1115,,12.25,,0.03153065161100176,,0.9879047710110826,,poor,0,0.0,0,0.0,1,,,,,,0.0436,,20250929,0.0446,uncertain,0.0437,uncertain,0.0439,uncertain,0.0444,uncertain,0.0433,uncertain,0.0434,uncertain,0.043,uncertain,0.0434,uncertain,0.043,uncertain,0.0438,uncertain,0.0429,uncertain,0.0437,uncertain,0.0433,uncertain,0.0441,uncertain,0.043,uncertain,0.0431,uncertain,0.0437,uncertain,0.0464,uncertain,0.0458,uncertain,0.0455,uncertain
ASMA-178,Bacteria,Pseudomonadota,Gammaproteobacteria,Pseudomonadales,Pseudomonadaceae,Pseudomonas,Pseudomonas aeruginosa,533.0,No,,,,,,,,,,,,,,,,,,,,,,,,,,,,,,,,,,,,,,,,,,,,,,,,,,,,,,,,,,,,,,,,,,,,,,,,,,,
ASMA-1780,Bacteria,Actinomycetota,Actinomycetes,Micrococcales,Micrococcaceae,Rothia,Rothia dentocariosa,466.0,No,1,0.01029999999999999,,0.01029999999999999,20250929.0,0.09383333333333332,,0.0937,,-0.00013333333333333253,,-0.0002666666666666512,,0.09396666666666666,,0.0,,,,,,no_growth,0,0.0,0,0.0,0,,,,,,0.0522,,20250929,0.0557,uncertain,0.0501,uncertain,0.05,uncertain,0.0496,uncertain,0.0492,uncertain,0.0501,uncertain,0.0499,uncertain,0.049,uncertain,0.0525,uncertain,0.0496,uncertain,0.0489,uncertain,0.0503,uncertain,0.0493,uncertain,0.0554,uncertain,0.0504,uncertain,0.0501,uncertain,0.0508,uncertain,0.05,uncertain,0.0502,uncertain,0.0487,uncertain
ASMA-1781,Bacteria,Actinomycetota,Actinomycetes,Micrococcales,Micrococcaceae,Rothia,Rothia dentocariosa,466.0,No,,,,,,,,,,,,,,,,,,,,,,,,,,,,,,,,,,,,,,,,,,,,,,,,,,,,,,,,,,,,,,,,,,,,,,,,,,,
ASMA-1783,Bacteria,Bacillota,Bacilli,Lactobacillales,Streptococcaceae,Streptococcus,Streptococcus xiaochunlingii,303.0,No,,,,,,,,,,,,,,,,,,,,,,,,,,,,,,,,,,,,,,,,,,,,,,,,,,,,,,,,,,,,,,,,,,,,,,,,,,,
ASMA-1784,Bacteria,Bacillota,Bacilli,Lactobacillales,Streptococcaceae,Streptococcus,Streptococcus xiaochunlingii,303.0,Yes,,,,,,,,,,,,,,,,,,,,,,,,,,,,,,,,,,,,,,,,,,,,,,,,,,,,,,,,,,,,,,,,,,,,,,,,,,,
ASMA-1785,Bacteria,Bacillota,Bacilli,Lactobacillales,Streptococcaceae,Streptococcus,Streptococcus xiaochunlingii,303.0,No,1,0.0016999999999999932,,0.0016999999999999932,20250929.0,0.09896666666666666,,0.0981,,0.0021999999999999936,,0.0013333333333333391,,0.0999,,10.75,,0.011898555888276919,,0.9517213566389349,,no_growth,0,0.0,0,0.0,1,,,,,,0.0469,,20250929,0.0463,uncertain,0.0464,uncertain,0.0459,uncertain,0.045,uncertain,0.0456,uncertain,0.0453,uncertain,0.0455,uncertain,0.0451,uncertain,0.0458,uncertain,0.0451,uncertain,0.0462,uncertain,0.0458,uncertain,0.0456,uncertain,0.046,uncertain,0.0458,uncertain,0.0456,uncertain,0.0456,uncertain,0.0454,uncertain,0.0466,uncertain,0.0443,uncertain
ASMA-1786,Bacteria,Bacillota,Bacilli,Lactobacillales,Streptococcaceae,Streptococcus,undetermined species,28.0,Yes,1,0.0012000000000000205,,0.0012000000000000205,20250929.0,0.4586333333333334,,0.5214,,0.35053333333333336,,0.4133,,0.5321333333333333,,47.5,,0.1021812913939088,,0.999479118104651,,no_growth,1,100.0,1,100.0,1,,,,,,0.0468,,20250929,0.0457,uncertain,0.0453,uncertain,0.0456,uncertain,0.0455,uncertain,0.0448,uncertain,0.0446,uncertain,0.0444,uncertain,0.0451,uncertain,0.0451,uncertain,0.0449,uncertain,0.0463,uncertain,0.045,uncertain,0.0454,uncertain,0.0463,uncertain,0.0467,uncertain,0.0454,uncertain,0.0456,uncertain,0.0448,uncertain,0.0455,uncertain,0.0444,uncertain
ASMA-1787,Bacteria,Bacillota,Bacilli,Lactobacillales,Streptococcaceae,Streptococcus,Streptococcus xiaochunlingii,208.0,No,1,0.000633333333333333,,0.000633333333333333,20250929.0,0.09423333333333334,,0.09336666666666667,,-0.0009333333333333277,,-0.001799999999999996,,0.09516666666666666,,0.0,,,,,,no_growth,0,0.0,0,0.0,0,,,,,,0.0448,,20250929,0.0436,uncertain,0.0436,uncertain,0.0459,uncertain,0.0435,uncertain,0.044,uncertain,0.0435,uncertain,0.0436,uncertain,0.0444,uncertain,0.0435,uncertain,0.0443,uncertain,0.044,uncertain,0.0442,uncertain,0.0442,uncertain,0.0455,uncertain,0.0442,uncertain,0.044,uncertain,0.0442,uncertain,0.0447,uncertain,0.0462,uncertain,0.0439,uncertain
ASMA-1788,Bacteria,Bacillota,Bacilli,Lactobacillales,Aerococcaceae,Granulicatella,Granulicatella sp001058355,,,,,,,,,,,,,,,,,,,,,,,,,,,,,,,,,,,,,,,,,,,,,,,,,,,,,,,,,,,,,,,,,,,,,,,,,,,,,
ASMA-1789,Bacteria,Actinomycetota,Actinomycetes,Micrococcales,Micrococcaceae,Rothia,Rothia dentocariosa,466.0,No,,,,,,,,,,,,,,,,,,,,,,,,,,,,,,,,,,,,,,,,,,,,,,,,,,,,,,,,,,,,,,,,,,,,,,,,,,,
ASMA-179,Bacteria,Pseudomonadota,Gammaproteobacteria,Pseudomonadales,Pseudomonadaceae,Pseudomonas,Pseudomonas aeruginosa,533.0,No,,,,,,,,,,,,,,,,,,,,,,,,,,,,,,,,,,,,,,,,,,,,,,,,,,,,,,,,,,,,,,,,,,,,,,,,,,,
ASMA-1790,Bacteria,Bacillota,Bacilli,Staphylococcales,Gemellaceae,Gemella,undetermined species,302.0,Yes,,,,,,,,,,,,,,,,,,,,,,,,,,,,,,,,,,,,,,,,,,,,,,,,,,,,,,,,,,,,,,,,,,,,,,,,,,,
ASMA-1791,Bacteria,Bacillota,Bacilli,Lactobacillales,Aerococcaceae,Granulicatella,Granulicatella sp001058355,,,,,,,,,,,,,,,,,,,,,,,,,,,,,,,,,,,,,,,,,,,,,,,,,,,,,,,,,,,,,,,,,,,,,,,,,,,,,
ASMA-1792,Bacteria,Bacillota,Bacilli,Lactobacillales,Aerococcaceae,Granulicatella,Granulicatella sp001058355,,,,,,,,,,,,,,,,,,,,,,,,,,,,,,,,,,,,,,,,,,,,,,,,,,,,,,,,,,,,,,,,,,,,,,,,,,,,,
ASMA-1793,Bacteria,Actinomycetota,Actinomycetes,Micrococcales,Micrococcaceae,Rothia,Rothia dentocariosa,466.0,No,,,,,,,,,,,,,,,,,,,,,,,,,,,,,,,,,,,,,,,,,,,,,,,,,,,,,,,,,,,,,,,,,,,,,,,,,,,
ASMA-1794,Bacteria,Pseudomonadota,Gammaproteobacteria,Pseudomonadales,Pseudomonadaceae,Pseudomonas,Pseudomonas aeruginosa,458.0,No,,,,,,,,,,,,,,,,,,,,,,,,,,,,,,,,,,,,,,,,,,,,,,,,,,,,,,,,,,,,,,,,,,,,,,,,,,,
ASMA-1795,Bacteria,Pseudomonadota,Gammaproteobacteria,Pseudomonadales,Pseudomonadaceae,Pseudomonas,Pseudomonas aeruginosa,458.0,No,,,,,,,,,,,,,,,,,,,,,,,,,,,,,,,,,,,,,,,,,,,,,,,,,,,,,,,,,,,,,,,,,,,,,,,,,,,
ASMA-1796,Bacteria,Bacillota,Bacilli,Lactobacillales,Streptococcaceae,Streptococcus,Streptococcus salivarius_D,498.0,No,1,0.003133333333333335,,0.003133333333333335,20250929.0,0.09349999999999999,,0.0929,,-0.0004333333333333411,,-0.0010333333333333306,,0.09393333333333333,,0.0,,,,,,no_growth,0,0.0,0,0.0,0,,,,,,0.0448,,20250929,0.0437,uncertain,0.045,uncertain,0.0451,uncertain,0.0448,uncertain,0.0448,uncertain,0.0444,uncertain,0.0456,uncertain,0.0442,uncertain,0.0454,uncertain,0.0454,uncertain,0.0453,uncertain,0.0456,uncertain,0.0462,uncertain,0.0459,uncertain,0.0456,uncertain,0.0447,uncertain,0.0455,uncertain,0.0454,uncertain,0.3988,uncertain,0.0453,uncertain
ASMA-1797,Fungi,Saccharomycetes,Ascomycota,Saccharomycetales,Debaryomycetaceae,Candida,Candida albicans,,,,,,,,,,,,,,,,,,,,,,,,,,,,,,,,,,,,,,,,,,,,,,,,,,,,,,,,,,,,,,,,,,,,,,,,,,,,,
ASMA-1798,Bacteria,Pseudomonadota,Gammaproteobacteria,Pseudomonadales,Pseudomonadaceae,Pseudomonas,Pseudomonas aeruginosa,458.0,No,1,0.4240333333333334,,0.4240333333333334,20250929.0,0.09483333333333333,,0.09433333333333334,,-0.000633333333333333,,-0.0011333333333333195,,0.09546666666666666,,0.0,,,,,,robust,0,0.0,0,0.0,0,,,,,,0.0503,,20250929,0.2262,uncertain,0.2271,uncertain,0.0489,uncertain,0.0484,uncertain,0.1626,uncertain,0.0538,uncertain,0.1951,uncertain,0.1244,uncertain,0.1398,uncertain,0.0791,uncertain,0.3113,uncertain,0.2518,uncertain,0.0527,uncertain,0.061,uncertain,0.0529,uncertain,0.2829,uncertain,0.1625,uncertain,0.1542,uncertain,0.1149,uncertain,0.0626,uncertain
ASMA-1799,Bacteria,Pseudomonadota,Gammaproteobacteria,Pseudomonadales,Pseudomonadaceae,Pseudomonas,Pseudomonas aeruginosa,458.0,No,,,,,,,,,,,,,,,,,,,,,,,,,,,,,,,,,,,,,,,,,,,,,,,,,,,,,,,,,,,,,,,,,,,,,,,,,,,
ASMA-18,Bacteria,Pseudomonadota,Gammaproteobacteria,Pseudomonadales,Pseudomonadaceae,Pseudomonas,Pseudomonas aeruginosa,536.0,No,,,,,,,,,,,,,,,,,,,,,,,,,,,,,,,,,,,,,,,,,,,,,,,,,,,,,,,,,,,,,,,,,,,,,,,,,,,
ASMA-180,Bacteria,Pseudomonadota,Gammaproteobacteria,Pseudomonadales,Pseudomonadaceae,Pseudomonas,Pseudomonas aeruginosa,533.0,No,,,,,,,,,,,,,,,,,,,,,,,,,,,,,,,,,,,,,,,,,,,,,,,,,,,,,,,,,,,,,,,,,,,,,,,,,,,
ASMA-1800,Bacteria,Bacillota,Bacilli,Lactobacillales,Streptococcaceae,Streptococcus,Streptococcus salivarius_D,498.0,No,,,,,,,,,,,,,,,,,,,,,,,,,,,,,,,,,,,,,,,,,,,,,,,,,,,,,,,,,,,,,,,,,,,,,,,,,,,
ASMA-1801,Bacteria,Bacillota,Bacilli,Lactobacillales,Streptococcaceae,Streptococcus,Streptococcus salivarius,217.0,No,1,0.001899999999999999,,0.001899999999999999,20250929.0,0.1423666666666667,,0.1284333333333333,,0.0355333333333334,,0.021599999999999994,,0.1487333333333334,,16.0,,0.014315443821970883,,0.9956012101968406,,no_growth,0,0.0,0,0.0,1,,,,,,0.0442,,20250929,0.0436,uncertain,0.0452,uncertain,0.0441,uncertain,0.0436,uncertain,0.0444,uncertain,0.0435,uncertain,0.0424,uncertain,0.0434,uncertain,0.0433,uncertain,0.0425,uncertain,0.0429,uncertain,0.0427,uncertain,0.044,uncertain,0.0452,uncertain,0.0427,uncertain,0.0426,uncertain,0.0445,uncertain,0.0436,uncertain,0.0442,uncertain,0.0439,uncertain
ASMA-1802,Bacteria,Pseudomonadota,Gammaproteobacteria,Pseudomonadales,Pseudomonadaceae,Pseudomonas,Pseudomonas aeruginosa,458.0,No,,,,,,,,,,,,,,,,,,,,,,,,,,,,,,,,,,,,,,,,,,,,,,,,,,,,,,,,,,,,,,,,,,,,,,,,,,,
ASMA-1803,Bacteria,Bacillota,Bacilli,Lactobacillales,Streptococcaceae,Streptococcus,Streptococcus oralis_BW,220.0,Yes,,,,,,,,,,,,,,,,,,,,,,,,,,,,,,,,,,,,,,,,,,,,,,,,,,,,,,,,,,,,,,,,,,,,,,,,,,,
ASMA-1804,Bacteria,Pseudomonadota,Gammaproteobacteria,Pseudomonadales,Pseudomonadaceae,Pseudomonas,Pseudomonas aeruginosa,458.0,No,,,,,,,,,,,,,,,,,,,,,,,,,,,,,,,,,,,,,,,,,,,,,,,,,,,,,,,,,,,,,,,,,,,,,,,,,,,
ASMA-1805,Bacteria,Actinomycetota,Actinomycetes,Micrococcales,Micrococcaceae,Rothia,Rothia dentocariosa,466.0,Yes,,,,,,,,,,,,,,,,,,,,,,,,,,,,,,,,,,,,,,,,,,,,,,,,,,,,,,,,,,,,,,,,,,,,,,,,,,,
ASMA-1806,Bacteria,Pseudomonadota,Gammaproteobacteria,Pseudomonadales,Pseudomonadaceae,Pseudomonas,Pseudomonas aeruginosa,458.0,No,,,,,,,,,,,,,,,,,,,,,,,,,,,,,,,,,,,,,,,,,,,,,,,,,,,,,,,,,,,,,,,,,,,,,,,,,,,
ASMA-1807,Bacteria,Pseudomonadota,Gammaproteobacteria,Pseudomonadales,Pseudomonadaceae,Pseudomonas,Pseudomonas aeruginosa,458.0,Yes,,,,,,,,,,,,,,,,,,,,,,,,,,,,,,,,,,,,,,,,,,,,,,,,,,,,,,,,,,,,,,,,,,,,,,,,,,,
ASMA-1808,Bacteria,Bacillota,Bacilli,Lactobacillales,Streptococcaceae,Streptococcus,Streptococcus mitis_DA,465.0,No,,,,,,,,,,,,,,,,,,,,,,,,,,,,,,,,,,,,,,,,,,,,,,,,,,,,,,,,,,,,,,,,,,,,,,,,,,,
ASMA-1809,Fungi,Saccharomycetes,Ascomycota,Saccharomycetales,Debaryomycetaceae,Candida,Candida albicans,,,,,,,,,,,,,,,,,,,,,,,,,,,,,,,,,,,,,,,,,,,,,,,,,,,,,,,,,,,,,,,,,,,,,,,,,,,,,
ASMA-181,Bacteria,Pseudomonadota,Gammaproteobacteria,Pseudomonadales,Pseudomonadaceae,Pseudomonas,Pseudomonas aeruginosa,533.0,No,,,,,,,,,,,,,,,,,,,,,,,,,,,,,,,,,,,,,,,,,,,,,,,,,,,,,,,,,,,,,,,,,,,,,,,,,,,
ASMA-1810,Bacteria,Bacillota,Bacilli,Lactobacillales,Streptococcaceae,Streptococcus,Streptococcus mitis_DA,465.0,Yes,,,,,,,,,,,,,,,,,,,,,,,,,,,,,,,,,,,,,,,,,,,,,,,,,,,,,,,,,,,,,,,,,,,,,,,,,,,
ASMA-1811,Bacteria,Bacillota,Bacilli,Lactobacillales,Streptococcaceae,Streptococcus,Streptococcus oralis_BW,220.0,No,,,,,,,,,,,,,,,,,,,,,,,,,,,,,,,,,,,,,,,,,,,,,,,,,,,,,,,,,,,,,,,,,,,,,,,,,,,
ASMA-1812,Bacteria,Bacillota,Bacilli,Lactobacillales,Streptococcaceae,Streptococcus,Streptococcus mitis_DA,465.0,No,,,,,,,,,,,,,,,,,,,,,,,,,,,,,,,,,,,,,,,,,,,,,,,,,,,,,,,,,,,,,,,,,,,,,,,,,,,
ASMA-1813,Bacteria,Bacillota,Bacilli,Lactobacillales,Streptococcaceae,Streptococcus,Streptococcus sp902363395,402.0,No,,,,,,,,,,,,,,,,,,,,,,,,,,,,,,,,,,,,,,,,,,,,,,,,,,,,,,,,,,,,,,,,,,,,,,,,,,,
ASMA-1814,Bacteria,Bacillota,Bacilli,Lactobacillales,Streptococcaceae,Streptococcus,Streptococcus mitis_DA,465.0,No,,,,,,,,,,,,,,,,,,,,,,,,,,,,,,,,,,,,,,,,,,,,,,,,,,,,,,,,,,,,,,,,,,,,,,,,,,,
ASMA-1815,Bacteria,Bacillota,Bacilli,Lactobacillales,Streptococcaceae,Streptococcus,Streptococcus gordonii,359.0,Yes,1,0.0011000000000000038,,0.0011000000000000038,20250929.0,0.09393333333333333,,0.09346666666666666,,-0.0003666666666666818,,-0.0008333333333333526,,0.09449999999999999,,25.75,,0.0031060953408528513,,0.959147059090785,,no_growth,0,0.0,0,0.0,1,,,,,,0.0436,,20250929,0.0441,uncertain,0.0433,uncertain,0.0451,uncertain,0.0436,uncertain,0.0428,uncertain,0.0434,uncertain,0.0459,uncertain,0.044,uncertain,0.0434,uncertain,0.0432,uncertain,0.043,uncertain,0.0438,uncertain,0.0429,uncertain,0.0442,uncertain,0.0429,uncertain,0.0437,uncertain,0.0433,uncertain,0.0441,uncertain,0.0438,uncertain,0.0428,uncertain
ASMA-1816,Bacteria,Bacillota,Bacilli,Lactobacillales,Streptococcaceae,Streptococcus,Streptococcus sanguinis,480.0,No,,,,,,,,,,,,,,,,,,,,,,,,,,,,,,,,,,,,,,,,,,,,,,,,,,,,,,,,,,,,,,,,,,,,,,,,,,,
ASMA-1817,Bacteria,Bacillota,Bacilli,Lactobacillales,Streptococcaceae,Streptococcus,undetermined species,355.0,Yes,,,,,,,,,,,,,,,,,,,,,,,,,,,,,,,,,,,,,,,,,,,,,,,,,,,,,,,,,,,,,,,,,,,,,,,,,,,
ASMA-1818,Bacteria,Bacillota,Bacilli,Lactobacillales,Streptococcaceae,Streptococcus,Streptococcus sanguinis,480.0,Yes,,,,,,,,,,,,,,,,,,,,,,,,,,,,,,,,,,,,,,,,,,,,,,,,,,,,,,,,,,,,,,,,,,,,,,,,,,,
ASMA-1819,Bacteria,Bacillota,Bacilli,Lactobacillales,Streptococcaceae,Streptococcus,Streptococcus mitis,221.0,No,,,,,,,,,,,,,,,,,,,,,,,,,,,,,,,,,,,,,,,,,,,,,,,,,,,,,,,,,,,,,,,,,,,,,,,,,,,
ASMA-182,Bacteria,Pseudomonadota,Gammaproteobacteria,Pseudomonadales,Pseudomonadaceae,Pseudomonas,Pseudomonas aeruginosa,533.0,No,,,,,,,,,,,,,,,,,,,,,,,,,,,,,,,,,,,,,,,,,,,,,,,,,,,,,,,,,,,,,,,,,,,,,,,,,,,
ASMA-1820,Bacteria,Bacillota,Bacilli,Lactobacillales,Streptococcaceae,Streptococcus,Streptococcus mitis,221.0,Yes,,,,,,,,,,,,,,,,,,,,,,,,,,,,,,,,,,,,,,,,,,,,,,,,,,,,,,,,,,,,,,,,,,,,,,,,,,,
ASMA-1821,Bacteria,Bacillota,Bacilli,Lactobacillales,Streptococcaceae,Streptococcus,Streptococcus salivarius,527.0,No,,,,,,,,,,,,,,,,,,,,,,,,,,,,,,,,,,,,,,,,,,,,,,,,,,,,,,,,,,,,,,,,,,,,,,,,,,,
ASMA-1822,Bacteria,Bacillota,Bacilli,Lactobacillales,Streptococcaceae,Streptococcus,Streptococcus sp001811305,503.0,No,,,,,,,,,,,,,,,,,,,,,,,,,,,,,,,,,,,,,,,,,,,,,,,,,,,,,,,,,,,,,,,,,,,,,,,,,,,
ASMA-1823,Bacteria,Bacillota,Bacilli,Lactobacillales,Streptococcaceae,Streptococcus,Streptococcus oralis_BY,459.0,Yes,,,,,,,,,,,,,,,,,,,,,,,,,,,,,,,,,,,,,,,,,,,,,,,,,,,,,,,,,,,,,,,,,,,,,,,,,,,
ASMA-1824,Bacteria,Bacillota,Bacilli,Lactobacillales,Streptococcaceae,Streptococcus,Streptococcus oralis_BY,459.0,No,1,0.002150000000000013,,0.002150000000000013,20251111.0,0.1048,,0.140525,,-0.005650000000000002,,0.030075000000000005,,0.1447,,45.5,,0.04961184370266679,,0.9992317078666549,,no_growth,0,0.0,0,0.0,1,1,2.3095572285313466,,20251111,none,,,,,,,,,,,,,,,,,,,,,,,,,,,,,,,,,,,,,,,,,,,
ASMA-1825,Bacteria,Bacillota,Bacilli,Lactobacillales,Streptococcaceae,Streptococcus,Streptococcus oralis_BY,459.0,No,,,,,,,,,,,,,,,,,,,,,,,,,,,,,,,,,,,,,,,,,,,,,,,,,,,,,,,,,,,,,,,,,,,,,,,,,,,
ASMA-1826,Bacteria,Bacillota,Bacilli,Lactobacillales,Streptococcaceae,Streptococcus,Streptococcus sanguinis_G,406.0,No,,,,,,,,,,,,,,,,,,,,,,,,,,,,,,,,,,,,,,,,,,,,,,,,,,,,,,,,,,,,,,,,,,,,,,,,,,,
ASMA-1827,Bacteria,Bacillota,Bacilli,Lactobacillales,Streptococcaceae,Streptococcus,undetermined species,29.0,Yes,1,0.001366666666666655,,0.001366666666666655,20250929.0,0.1456,,0.1658333333333333,,0.04050000000000001,,0.060733333333333306,,0.1658333333333333,,48.0,,0.05698740280277495,,0.9992238332560437,,no_growth,0,0.0,0,0.0,1,,,,,,0.0445,,20250929,0.0434,uncertain,0.0436,uncertain,0.0436,uncertain,0.0433,uncertain,0.0434,uncertain,0.0427,uncertain,0.0429,uncertain,0.0448,uncertain,0.0432,uncertain,0.0435,uncertain,0.0433,uncertain,0.0427,uncertain,0.0437,uncertain,0.0436,uncertain,0.0435,uncertain,0.0427,uncertain,0.043,uncertain,0.0429,uncertain,0.0446,uncertain,0.043,uncertain
ASMA-1828,Bacteria,Actinomycetota,Actinomycetes,Micrococcales,Micrococcaceae,Rothia,Rothia sp024294905,304.0,Yes,1,0.04190000000000012,,0.04190000000000012,20250929.0,0.1015,,0.1011,,0.0016000000000000042,,0.0011999999999999927,,0.102,,27.0,,0.009147118887730047,,0.978999404374529,,no_growth,0,0.0,0,0.0,1,,,,,,0.0473,,20250929,0.0513,uncertain,0.0472,uncertain,0.0453,uncertain,0.0456,uncertain,0.0485,uncertain,0.0469,uncertain,0.0477,uncertain,0.0488,uncertain,0.0521,uncertain,0.0516,uncertain,0.0516,uncertain,0.0515,uncertain,0.0541,uncertain,0.0516,uncertain,0.054,uncertain,0.0528,uncertain,0.053,uncertain,0.0524,uncertain,0.0541,uncertain,0.0502,uncertain
ASMA-1829,Bacteria,Bacillota,Bacilli,Lactobacillales,Streptococcaceae,Streptococcus,Streptococcus pseudopneumoniae_N,30.0,Yes,1,0.001266666666666652,,0.001266666666666652,20250929.0,0.0951,,0.09513333333333333,,-0.0013333333333333253,,-0.0012999999999999956,,0.09643333333333333,,0.0,,,,,,no_growth,0,0.0,0,0.0,0,,,,,,0.0425,,20250929,0.0444,uncertain,0.0427,uncertain,0.0426,uncertain,0.0429,uncertain,0.0429,uncertain,0.0429,uncertain,0.0422,uncertain,0.0424,uncertain,0.0428,uncertain,0.0433,uncertain,0.043,uncertain,0.0423,uncertain,0.0421,uncertain,0.0432,uncertain,0.0421,uncertain,0.0418,uncertain,0.0427,uncertain,0.0419,uncertain,0.0752,uncertain,0.0424,uncertain
ASMA-183,Bacteria,Pseudomonadota,Gammaproteobacteria,Pseudomonadales,Pseudomonadaceae,Pseudomonas,Pseudomonas aeruginosa,533.0,No,,,,,,,,,,,,,,,,,,,,,,,,,,,,,,,,,,,,,,,,,,,,,,,,,,,,,,,,,,,,,,,,,,,,,,,,,,,
ASMA-1830,Bacteria,Actinomycetota,Actinomycetes,Micrococcales,Micrococcaceae,Rothia,Rothia sp001808955,31.0,Yes,1,0.060733333333333306,,0.060733333333333306,20250929.0,0.09453333333333334,,0.09423333333333334,,-0.0002333333333333215,,-0.0005333333333333301,,0.09476666666666667,,0.0,,,,,,poor,0,0.0,0,0.0,0,,,,,,0.0578,,20250929,0.0723,uncertain,0.0534,uncertain,0.0543,uncertain,0.0559,uncertain,0.0554,uncertain,0.0542,uncertain,0.0568,uncertain,0.0541,uncertain,0.0529,uncertain,0.0551,uncertain,0.0507,uncertain,0.0528,uncertain,0.0523,uncertain,0.0535,uncertain,0.0558,uncertain,0.0555,uncertain,0.0519,uncertain,0.0525,uncertain,0.1207,uncertain,0.0523,uncertain
ASMA-1831,Bacteria,Actinomycetota,Actinomycetes,Micrococcales,Micrococcaceae,Rothia,Rothia sp024294905,304.0,No,,,,,,,,,,,,,,,,,,,,,,,,,,,,,,,,,,,,,,,,,,,,,,,,,,,,,,,,,,,,,,,,,,,,,,,,,,,
ASMA-1832,Bacteria,Actinomycetota,Actinomycetes,Micrococcales,Micrococcaceae,Rothia,Rothia sp024294905,304.0,No,,,,,,,,,,,,,,,,,,,,,,,,,,,,,,,,,,,,,,,,,,,,,,,,,,,,,,,,,,,,,,,,,,,,,,,,,,,
ASMA-1833,Fungi,Saccharomycetes,Ascomycota,Saccharomycetales,Debaryomycetaceae,Candida,Candida albicans,,,,,,,,,,,,,,,,,,,,,,,,,,,,,,,,,,,,,,,,,,,,,,,,,,,,,,,,,,,,,,,,,,,,,,,,,,,,,
ASMA-1834,Bacteria,Pseudomonadota,Gammaproteobacteria,Pseudomonadales,Moraxellaceae,Acinetobacter,Acinetobacter ursingii,222.0,Yes,,,,,,,,,,,,,,,,,,,,,,,,,,,,,,,,,,,,,,,,,,,,,,,,,,,,,,,,,,,,,,,,,,,,,,,,,,,
ASMA-1835,Fungi,Saccharomycetes,Ascomycota,Saccharomycetales,Debaryomycetaceae,Candida,Candida albicans,,,,,,,,,,,,,,,,,,,,,,,,,,,,,,,,,,,,,,,,,,,,,,,,,,,,,,,,,,,,,,,,,,,,,,,,,,,,,
ASMA-1836,Bacteria,Bacillota,Bacilli,Staphylococcales,Staphylococcaceae,Staphylococcus,Staphylococcus aureus,532.0,No,,,,,,,,,,,,,,,,,,,,,,,,,,,,,,,,,,,,,,,,,,,,,,,,,,,,,,,,,,,,,,,,,,,,,,,,,,,
ASMA-1837,Bacteria,Bacillota,Bacilli,Staphylococcales,Staphylococcaceae,Staphylococcus,Staphylococcus aureus,532.0,No,,,,,,,,,,,,,,,,,,,,,,,,,,,,,,,,,,,,,,,,,,,,,,,,,,,,,,,,,,,,,,,,,,,,,,,,,,,
ASMA-1838,Bacteria,Bacillota,Bacilli,Lactobacillales,Streptococcaceae,Streptococcus,Streptococcus salivarius,32.0,Yes,1,0.0020999999999999908,,0.0020999999999999908,20250929.0,0.0949,,0.09466666666666666,,-0.0013999999999999985,,-0.0016333333333333339,,0.09703333333333335,,13.0,,,,,,no_growth,0,0.0,0,0.0,0,,,,,,0.0472,,20250929,0.0467,uncertain,0.0467,uncertain,0.0467,uncertain,0.046,uncertain,0.0469,uncertain,0.0462,uncertain,0.0465,uncertain,0.0468,uncertain,0.0471,uncertain,0.0469,uncertain,0.0469,uncertain,0.0471,uncertain,0.0475,uncertain,0.0477,uncertain,0.0463,uncertain,0.0465,uncertain,0.0473,uncertain,0.0465,uncertain,0.048,uncertain,0.046,uncertain
ASMA-1839,Bacteria,Bacillota,Bacilli,Staphylococcales,Staphylococcaceae,Staphylococcus,Staphylococcus aureus,532.0,No,,,,,,,,,,,,,,,,,,,,,,,,,,,,,,,,,,,,,,,,,,,,,,,,,,,,,,,,,,,,,,,,,,,,,,,,,,,
ASMA-184,Bacteria,Pseudomonadota,Gammaproteobacteria,Pseudomonadales,Pseudomonadaceae,Pseudomonas,Pseudomonas aeruginosa,533.0,No,,,,,,,,,,,,,,,,,,,,,,,,,,,,,,,,,,,,,,,,,,,,,,,,,,,,,,,,,,,,,,,,,,,,,,,,,,,
ASMA-1840,Fungi,Saccharomycetes,Ascomycota,Saccharomycetales,Debaryomycetaceae,Candida,Candida albicans,,,,,,,,,,,,,,,,,,,,,,,,,,,,,,,,,,,,,,,,,,,,,,,,,,,,,,,,,,,,,,,,,,,,,,,,,,,,,
ASMA-1841,Fungi,Saccharomycetes,Ascomycota,Saccharomycetales,Debaryomycetaceae,Candida,Candida albicans,,,,,,,,,,,,,,,,,,,,,,,,,,,,,,,,,,,,,,,,,,,,,,,,,,,,,,,,,,,,,,,,,,,,,,,,,,,,,
ASMA-1842,Bacteria,Bacillota,Bacilli,Lactobacillales,Streptococcaceae,Streptococcus,Streptococcus sp001553685,467.0,Yes,,,,,,,,,,,,,,,,,,,,,,,,,,,,,,,,,,,,,,,,,,,,,,,,,,,,,,,,,,,,,,,,,,,,,,,,,,,
ASMA-1843,Bacteria,Bacillota,Bacilli,Lactobacillales,Streptococcaceae,Streptococcus,Streptococcus sp030825805,495.0,No,1,0.002066666666666661,,0.002066666666666661,20250929.0,0.1011333333333333,,0.1013666666666667,,0.00546666666666662,,0.0057000000000000245,,0.1061333333333333,,26.0,,0.007704435437813147,,0.977876879009484,,no_growth,0,0.0,0,0.0,1,,,,,,0.0489,,20250929,0.0453,uncertain,0.0456,uncertain,0.0464,uncertain,0.0448,uncertain,0.0451,uncertain,0.0451,uncertain,0.0459,uncertain,0.046,uncertain,0.0464,uncertain,0.0457,uncertain,0.0466,uncertain,0.0461,uncertain,0.0457,uncertain,0.0465,uncertain,0.0456,uncertain,0.0453,uncertain,0.0466,uncertain,0.0453,uncertain,0.0468,uncertain,0.0472,uncertain
ASMA-1844,Bacteria,Bacillota,Bacilli,Lactobacillales,Streptococcaceae,Streptococcus,Streptococcus sp030825805,495.0,No,,,,,,,,,,,,,,,,,,,,,,,,,,,,,,,,,,,,,,,,,,,,,,,,,,,,,,,,,,,,,,,,,,,,,,,,,,,
ASMA-1845,Bacteria,Bacillota,Bacilli,Lactobacillales,Streptococcaceae,Streptococcus,Streptococcus sanguinis,508.0,No,,,,,,,,,,,,,,,,,,,,,,,,,,,,,,,,,,,,,,,,,,,,,,,,,,,,,,,,,,,,,,,,,,,,,,,,,,,
ASMA-1846,Bacteria,Bacillota,Bacilli,Lactobacillales,Streptococcaceae,Streptococcus,Streptococcus sanguinis,508.0,No,1,0.0010333333333333306,,0.0010333333333333306,20250929.0,0.1871666666666667,,0.3145333333333333,,0.04593333333333341,,0.17329999999999998,,0.3145333333333333,,48.0,,0.013950827260455947,,0.9989577885844304,,no_growth,0,0.0,1,100.0,1,,,,,,0.0449,,20250929,0.0448,uncertain,0.0454,uncertain,0.0481,uncertain,0.0445,uncertain,0.0448,uncertain,0.0436,uncertain,0.0445,uncertain,0.0444,uncertain,0.0445,uncertain,0.0448,uncertain,0.0453,uncertain,0.0448,uncertain,0.0447,uncertain,0.0452,uncertain,0.0452,uncertain,0.0451,uncertain,0.0443,uncertain,0.0445,uncertain,0.0465,uncertain,0.0433,uncertain
ASMA-1847,Bacteria,Bacillota,Bacilli,Lactobacillales,Streptococcaceae,Streptococcus,Streptococcus sanguinis,508.0,No,,,,,,,,,,,,,,,,,,,,,,,,,,,,,,,,,,,,,,,,,,,,,,,,,,,,,,,,,,,,,,,,,,,,,,,,,,,
ASMA-1848,Bacteria,Bacillota,Bacilli,Lactobacillales,Streptococcaceae,Streptococcus,Streptococcus sanguinis,508.0,No,,,,,,,,,,,,,,,,,,,,,,,,,,,,,,,,,,,,,,,,,,,,,,,,,,,,,,,,,,,,,,,,,,,,,,,,,,,
ASMA-1849,Bacteria,Bacillota,Bacilli,Lactobacillales,Streptococcaceae,Streptococcus,Streptococcus sanguinis,508.0,No,,,,,,,,,,,,,,,,,,,,,,,,,,,,,,,,,,,,,,,,,,,,,,,,,,,,,,,,,,,,,,,,,,,,,,,,,,,
ASMA-185,Bacteria,Bacillota,Bacilli,Lactobacillales,Enterococcaceae,Enterococcus,Enterococcus faecalis,428.0,No,1,0.005599999999999966,,0.005599999999999966,20250920.0,0.2943,,0.3561333333333334,,0.19680000000000003,,0.25863333333333344,,0.3564,,47.75,,0.07149982747316648,,0.9999181457175125,,no_growth,1,100.0,1,100.0,1,,,,,,0.0468,,20250920,0.0488,uncertain,0.0473,uncertain,0.0486,uncertain,0.0467,uncertain,0.047,uncertain,0.0471,uncertain,0.0465,uncertain,0.0472,uncertain,0.0487,uncertain,0.0472,uncertain,0.0471,uncertain,0.0473,uncertain,0.0468,uncertain,0.0488,uncertain,0.0481,uncertain,0.0482,uncertain,0.0498,uncertain,0.0474,uncertain,0.0788,uncertain,0.0483,uncertain
ASMA-1850,Bacteria,Bacillota,Bacilli,Lactobacillales,Streptococcaceae,Streptococcus,Streptococcus sanguinis,508.0,No,,,,,,,,,,,,,,,,,,,,,,,,,,,,,,,,,,,,,,,,,,,,,,,,,,,,,,,,,,,,,,,,,,,,,,,,,,,
ASMA-1851,Bacteria,Bacillota,Bacilli,Lactobacillales,Streptococcaceae,Streptococcus,Streptococcus sanguinis,508.0,No,,,,,,,,,,,,,,,,,,,,,,,,,,,,,,,,,,,,,,,,,,,,,,,,,,,,,,,,,,,,,,,,,,,,,,,,,,,
ASMA-1852,Bacteria,Bacillota,Bacilli,Staphylococcales,Gemellaceae,Gemella,Gemella sanguinis,360.0,Yes,1,0.002700000000000022,,0.002700000000000022,20250929.0,0.1162,,0.1118333333333333,,0.003633333333333294,,-0.0007333333333334052,,0.1319333333333333,,6.0,,0.02823929318803533,,0.9622845042033571,,no_growth,0,0.0,0,0.0,1,,,,,,0.0448,,20250929,0.0437,uncertain,0.045,uncertain,0.0438,uncertain,0.0442,uncertain,0.0444,uncertain,0.0436,uncertain,0.0438,uncertain,0.0444,uncertain,0.0467,uncertain,0.0433,uncertain,0.0439,uncertain,0.0442,uncertain,0.0442,uncertain,0.0456,uncertain,0.0444,uncertain,0.0441,uncertain,0.0437,uncertain,0.0444,uncertain,0.0451,uncertain,0.0434,uncertain
ASMA-1853,Bacteria,Actinomycetota,Actinomycetes,Actinomycetales,Actinomycetaceae,Actinomyces,Actinomyces oris_A,407.0,No,,,,,,,,,,,,,,,,,,,,,,,,,,,,,,,,,,,,,,,,,,,,,,,,,,,,,,,,,,,,,,,,,,,,,,,,,,,
ASMA-1854,Bacteria,Actinomycetota,Actinomycetes,Actinomycetales,Actinomycetaceae,Actinomyces,Actinomyces oris_A,407.0,No,,,,,,,,,,,,,,,,,,,,,,,,,,,,,,,,,,,,,,,,,,,,,,,,,,,,,,,,,,,,,,,,,,,,,,,,,,,
ASMA-1855,Bacteria,Actinomycetota,Actinomycetes,Micrococcales,Micrococcaceae,Rothia,Rothia aeria,429.0,No,,,,,,,,,,,,,,,,,,,,,,,,,,,,,,,,,,,,,,,,,,,,,,,,,,,,,,,,,,,,,,,,,,,,,,,,,,,
ASMA-1856,Bacteria,Actinomycetota,Actinomycetes,Micrococcales,Micrococcaceae,Rothia,Rothia aeria,429.0,No,,,,,,,,,,,,,,,,,,,,,,,,,,,,,,,,,,,,,,,,,,,,,,,,,,,,,,,,,,,,,,,,,,,,,,,,,,,
ASMA-1857,Bacteria,Actinomycetota,Actinomycetes,Micrococcales,Micrococcaceae,Rothia,Rothia aeria,429.0,Yes,1,0.010733333333333303,,0.010733333333333303,20250929.0,0.09413333333333333,,0.09356666666666667,,9.999999999998899e-05,,-0.0004666666666666708,,0.09430000000000001,,20.25,,,,,,no_growth,0,0.0,0,0.0,0,,,,,,0.0455,,20250929,0.0454,uncertain,0.046,uncertain,0.0445,uncertain,0.0465,uncertain,0.0455,uncertain,0.0443,uncertain,0.046,uncertain,0.0439,uncertain,0.045,uncertain,0.0452,uncertain,0.0442,uncertain,0.0454,uncertain,0.0456,uncertain,0.0451,uncertain,0.0453,uncertain,0.0448,uncertain,0.0454,uncertain,0.0448,uncertain,0.0723,uncertain,0.0443,uncertain
ASMA-1858,Bacteria,Actinomycetota,Actinomycetes,Micrococcales,Micrococcaceae,Rothia,Rothia aeria,429.0,No,,,,,,,,,,,,,,,,,,,,,,,,,,,,,,,,,,,,,,,,,,,,,,,,,,,,,,,,,,,,,,,,,,,,,,,,,,,
ASMA-1859,Bacteria,Bacillota,Bacilli,Staphylococcales,Gemellaceae,Gemella,Gemella sanguinis,360.0,No,,,,,,,,,,,,,,,,,,,,,,,,,,,,,,,,,,,,,,,,,,,,,,,,,,,,,,,,,,,,,,,,,,,,,,,,,,,
ASMA-186,Bacteria,Pseudomonadota,Gammaproteobacteria,Pseudomonadales,Pseudomonadaceae,Pseudomonas,Pseudomonas aeruginosa,533.0,No,,,,,,,,,,,,,,,,,,,,,,,,,,,,,,,,,,,,,,,,,,,,,,,,,,,,,,,,,,,,,,,,,,,,,,,,,,,
ASMA-1860,Bacteria,Bacillota,Bacilli,Staphylococcales,Gemellaceae,Gemella,Gemella sanguinis,360.0,No,,,,,,,,,,,,,,,,,,,,,,,,,,,,,,,,,,,,,,,,,,,,,,,,,,,,,,,,,,,,,,,,,,,,,,,,,,,
ASMA-1861,Bacteria,Actinomycetota,Actinomycetes,Actinomycetales,Actinomycetaceae,Actinomyces,Actinomyces oris_A,407.0,Yes,,,,,,,,,,,,,,,,,,,,,,,,,,,,,,,,,,,,,,,,,,,,,,,,,,,,,,,,,,,,,,,,,,,,,,,,,,,
ASMA-1862,Bacteria,Actinomycetota,Actinomycetes,Actinomycetales,Actinomycetaceae,Actinomyces,Actinomyces oris,305.0,No,,,,,,,,,,,,,,,,,,,,,,,,,,,,,,,,,,,,,,,,,,,,,,,,,,,,,,,,,,,,,,,,,,,,,,,,,,,
ASMA-1863,Bacteria,Actinomycetota,Actinomycetes,Actinomycetales,Actinomycetaceae,Actinomyces,Actinomyces oris,305.0,No,,,,,,,,,,,,,,,,,,,,,,,,,,,,,,,,,,,,,,,,,,,,,,,,,,,,,,,,,,,,,,,,,,,,,,,,,,,
ASMA-1864,Bacteria,Actinomycetota,Actinomycetes,Actinomycetales,Actinomycetaceae,Actinomyces,Actinomyces oris,305.0,Yes,1,0.006799999999999973,,0.006799999999999973,20251003.0,0.1404,,0.1406333333333333,,0.04179999999999999,,0.0420333333333333,,0.153,,18.25,,0.019054175933425774,,0.9981712741034201,,no_growth,0,0.0,0,0.0,1,,,,,,0.0484,,20251003,0.053,uncertain,0.0496,uncertain,0.049,uncertain,0.047,uncertain,0.0493,uncertain,0.0464,uncertain,0.0502,uncertain,0.0481,uncertain,0.049,uncertain,0.0488,uncertain,0.0475,uncertain,0.0475,uncertain,0.049,uncertain,0.048,uncertain,0.047,uncertain,0.0473,uncertain,0.0475,uncertain,0.0474,uncertain,0.0491,uncertain,0.0482,uncertain
ASMA-1865,Bacteria,Pseudomonadota,Gammaproteobacteria,Enterobacterales,Enterobacteriaceae,Escherichia,Escherichia coli,223.0,No,4,0.16765,0.01660692626586871,0.1864,20251017.0,0.103625,0.0012816005617976257,0.11158333333333333,0.006618408670770729,0.0038083333333333337,0.003766556045573256,0.011766666666666658,0.009226411364483288,0.11384166666666667,0.010037609830587735,47.0,1.3540064007726595,0.009257577673860123,0.0033457486849110857,0.9874521007449389,0.009498262093148378,normal,0,0.0,0,0.0,4,3,42.35889583599167,4.351909335938694,20251017,weak,0.13071666666666665,0.0420049203467086,20251017,0.08591666666666667,uncertain,0.07196666666666665,uncertain,0.04608333333333333,uncertain,0.06368333333333333,uncertain,0.07768333333333333,uncertain,0.09161666666666667,uncertain,0.08199999999999999,uncertain,0.09558333333333333,uncertain,0.10066666666666665,uncertain,0.05635,uncertain,0.061649999999999996,uncertain,0.0726,uncertain,0.06548333333333334,uncertain,0.044566666666666664,uncertain,0.06848333333333333,uncertain,0.07045,uncertain,0.06285,uncertain,0.06596666666666666,uncertain,0.07168333333333334,uncertain,0.08586666666666666,uncertain
ASMA-1866,Bacteria,Pseudomonadota,Gammaproteobacteria,Enterobacterales,Enterobacteriaceae,Escherichia,Escherichia coli,223.0,Yes,,,,,,,,,,,,,,,,,,,,,,,,,,,,,,,,,,,,,,,,,,,,,,,,,,,,,,,,,,,,,,,,,,,,,,,,,,,
ASMA-1867,Bacteria,Pseudomonadota,Gammaproteobacteria,Burkholderiales,Neisseriaceae,Neisseria,Neisseria flavescens_B,504.0,No,,,,,,,,,,,,,,,,,,,,,,,,,,,,,,,,,,,,,,,,,,,,,,,,,,,,,,,,,,,,,,,,,,,,,,,,,,,
ASMA-1868,Bacteria,Pseudomonadota,Gammaproteobacteria,Burkholderiales,Neisseriaceae,Neisseria,Neisseria sp915066515,451.0,No,,,,,,,,,,,,,,,,,,,,,,,,,,,,,,,,,,,,,,,,,,,,,,,,,,,,,,,,,,,,,,,,,,,,,,,,,,,
ASMA-1869,Bacteria,Pseudomonadota,Gammaproteobacteria,Burkholderiales,Neisseriaceae,Neisseria,Neisseria sp915066515,451.0,Yes,,,,,,,,,,,,,,,,,,,,,,,,,,,,,,,,,,,,,,,,,,,,,,,,,,,,,,,,,,,,,,,,,,,,,,,,,,,
ASMA-187,Bacteria,Pseudomonadota,Gammaproteobacteria,Pseudomonadales,Pseudomonadaceae,Pseudomonas,Pseudomonas aeruginosa,533.0,No,1,0.1558,,0.1558,20251003.0,0.8139333333333333,,0.7748333333333334,,0.6905333333333333,,0.6514333333333334,,0.9091666666666667,,33.25,,0.08646673554517627,,0.9998902300099526,,normal,1,100.0,1,100.0,1,,,,,,0.048,,20251003,0.0523,uncertain,0.0506,uncertain,0.0487,uncertain,0.0486,uncertain,0.0524,uncertain,0.05,uncertain,0.0508,uncertain,0.0504,uncertain,0.0499,uncertain,0.0498,uncertain,0.0511,uncertain,0.0528,uncertain,0.0496,uncertain,0.2527,uncertain,0.0491,uncertain,0.0488,uncertain,0.0492,uncertain,0.0493,uncertain,0.0488,uncertain,0.0483,uncertain
ASMA-1870,Bacteria,Bacillota,Bacilli,Lactobacillales,Streptococcaceae,Streptococcus,Streptococcus sp030825805,495.0,No,,,,,,,,,,,,,,,,,,,,,,,,,,,,,,,,,,,,,,,,,,,,,,,,,,,,,,,,,,,,,,,,,,,,,,,,,,,
ASMA-1871,Bacteria,Bacillota,Bacilli,Lactobacillales,Streptococcaceae,Streptococcus,Streptococcus sp030825805,495.0,No,,,,,,,,,,,,,,,,,,,,,,,,,,,,,,,,,,,,,,,,,,,,,,,,,,,,,,,,,,,,,,,,,,,,,,,,,,,
ASMA-1872,Bacteria,Actinomycetota,Actinomycetes,Micrococcales,Micrococcaceae,Rothia,Rothia mucilaginosa,481.0,No,,,,,,,,,,,,,,,,,,,,,,,,,,,,,,,,,,,,,,,,,,,,,,,,,,,,,,,,,,,,,,,,,,,,,,,,,,,
ASMA-1873,Bacteria,Actinomycetota,Actinomycetes,Micrococcales,Micrococcaceae,Rothia,Rothia mucilaginosa,481.0,No,,,,,,,,,,,,,,,,,,,,,,,,,,,,,,,,,,,,,,,,,,,,,,,,,,,,,,,,,,,,,,,,,,,,,,,,,,,
ASMA-1874,Bacteria,Actinomycetota,Actinomycetes,Micrococcales,Micrococcaceae,Rothia,Rothia mucilaginosa,481.0,Yes,,,,,,,,,,,,,,,,,,,,,,,,,,,,,,,,,,,,,,,,,,,,,,,,,,,,,,,,,,,,,,,,,,,,,,,,,,,
ASMA-1875,Bacteria,Actinomycetota,Actinomycetes,Micrococcales,Micrococcaceae,Rothia,Rothia mucilaginosa,481.0,No,,,,,,,,,,,,,,,,,,,,,,,,,,,,,,,,,,,,,,,,,,,,,,,,,,,,,,,,,,,,,,,,,,,,,,,,,,,
ASMA-1876,Bacteria,Actinomycetota,Actinomycetes,Micrococcales,Micrococcaceae,Rothia,Rothia mucilaginosa,481.0,No,,,,,,,,,,,,,,,,,,,,,,,,,,,,,,,,,,,,,,,,,,,,,,,,,,,,,,,,,,,,,,,,,,,,,,,,,,,
ASMA-1877,Bacteria,Actinomycetota,Actinomycetes,Micrococcales,Micrococcaceae,Rothia,Rothia mucilaginosa,481.0,No,1,0.020099999999999993,,0.020099999999999993,20250929.0,0.1952666666666667,,0.1727666666666667,,0.0799,,0.05740000000000001,,0.2146333333333333,,11.25,,0.13285883309882798,,0.9994387840603753,,no_growth,0,0.0,0,0.0,1,,,,,,0.049,,20250929,0.0581,uncertain,0.0488,uncertain,0.0509,uncertain,0.0505,uncertain,0.0506,uncertain,0.0499,uncertain,0.0507,uncertain,0.0535,uncertain,0.0534,uncertain,0.0571,uncertain,0.0566,uncertain,0.0567,uncertain,0.0521,uncertain,0.055,uncertain,0.053,uncertain,0.0547,uncertain,0.0541,uncertain,0.0577,uncertain,0.0572,uncertain,0.0541,uncertain
ASMA-1878,Bacteria,Actinomycetota,Actinomycetes,Micrococcales,Micrococcaceae,Rothia,Rothia mucilaginosa,481.0,No,,,,,,,,,,,,,,,,,,,,,,,,,,,,,,,,,,,,,,,,,,,,,,,,,,,,,,,,,,,,,,,,,,,,,,,,,,,
ASMA-1879,Bacteria,Actinomycetota,Actinomycetes,Micrococcales,Micrococcaceae,Rothia,Rothia mucilaginosa,481.0,No,,,,,,,,,,,,,,,,,,,,,,,,,,,,,,,,,,,,,,,,,,,,,,,,,,,,,,,,,,,,,,,,,,,,,,,,,,,
ASMA-188,Bacteria,Pseudomonadota,Gammaproteobacteria,Pseudomonadales,Pseudomonadaceae,Pseudomonas,Pseudomonas aeruginosa,533.0,No,,,,,,,,,,,,,,,,,,,,,,,,,,,,,,,,,,,,,,,,,,,,,,,,,,,,,,,,,,,,,,,,,,,,,,,,,,,
ASMA-1880,Bacteria,Bacillota,Bacilli,Lactobacillales,Streptococcaceae,Streptococcus,Streptococcus sanguinis,508.0,No,,,,,,,,,,,,,,,,,,,,,,,,,,,,,,,,,,,,,,,,,,,,,,,,,,,,,,,,,,,,,,,,,,,,,,,,,,,
ASMA-1881,Bacteria,Bacillota,Bacilli,Lactobacillales,Streptococcaceae,Streptococcus,Streptococcus sanguinis,508.0,No,,,,,,,,,,,,,,,,,,,,,,,,,,,,,,,,,,,,,,,,,,,,,,,,,,,,,,,,,,,,,,,,,,,,,,,,,,,
ASMA-1882,Bacteria,Bacillota,Bacilli,Lactobacillales,Streptococcaceae,Streptococcus,Streptococcus sp001553685,467.0,No,,,,,,,,,,,,,,,,,,,,,,,,,,,,,,,,,,,,,,,,,,,,,,,,,,,,,,,,,,,,,,,,,,,,,,,,,,,
ASMA-1883,Bacteria,Bacillota,Bacilli,Lactobacillales,Streptococcaceae,Streptococcus,Streptococcus sp001553685,467.0,No,1,0.0007666666666666933,,0.0007666666666666933,20250929.0,0.1127,,0.1351333333333333,,0.008066666666666694,,0.0305,,0.1560666666666667,,43.75,,0.02243096367002599,,0.9901054108319183,,no_growth,0,0.0,0,0.0,1,,,,,,0.0437,,20250929,0.0499,uncertain,0.044,uncertain,0.0446,uncertain,0.0439,uncertain,0.0443,uncertain,0.0435,uncertain,0.043,uncertain,0.0432,uncertain,0.0445,uncertain,0.0443,uncertain,0.0434,uncertain,0.0447,uncertain,0.0442,uncertain,0.0446,uncertain,0.0438,uncertain,0.0435,uncertain,0.0441,uncertain,0.0441,uncertain,0.0445,uncertain,0.0428,uncertain
ASMA-1884,Bacteria,Bacillota,Bacilli,Lactobacillales,Streptococcaceae,Streptococcus,Streptococcus sanguinis,508.0,No,,,,,,,,,,,,,,,,,,,,,,,,,,,,,,,,,,,,,,,,,,,,,,,,,,,,,,,,,,,,,,,,,,,,,,,,,,,
ASMA-1885,Bacteria,Bacillota,Bacilli,Lactobacillales,Streptococcaceae,Streptococcus,Streptococcus sanguinis,508.0,No,,,,,,,,,,,,,,,,,,,,,,,,,,,,,,,,,,,,,,,,,,,,,,,,,,,,,,,,,,,,,,,,,,,,,,,,,,,
ASMA-1886,Bacteria,Pseudomonadota,Gammaproteobacteria,Burkholderiales,Neisseriaceae,Neisseria,Neisseria sp915066515,451.0,No,1,0.030400000000000038,,0.030400000000000038,20250929.0,0.0932,,0.09273333333333333,,-0.0005333333333333301,,-0.0010000000000000009,,0.09373333333333334,,0.0,,,,,,no_growth,0,0.0,0,0.0,0,,,,,,0.0446,,20250929,0.0531,uncertain,0.1066,uncertain,0.0442,uncertain,0.0432,uncertain,0.0433,uncertain,0.0431,uncertain,0.0445,uncertain,0.0433,uncertain,0.0465,uncertain,0.043,uncertain,0.0435,uncertain,0.0492,uncertain,0.0432,uncertain,0.0439,uncertain,0.0434,uncertain,0.0426,uncertain,0.043,uncertain,0.0427,uncertain,0.0436,uncertain,0.0423,uncertain
ASMA-1887,Bacteria,Pseudomonadota,Gammaproteobacteria,Burkholderiales,Neisseriaceae,Neisseria,Neisseria sp915066515,451.0,No,,,,,,,,,,,,,,,,,,,,,,,,,,,,,,,,,,,,,,,,,,,,,,,,,,,,,,,,,,,,,,,,,,,,,,,,,,,
ASMA-1887,Bacteria,Pseudomonadota,Gammaproteobacteria,Burkholderiales,Neisseriaceae,Neisseria,Neisseria sp915066515,451.0,No,,,,,,,,,,,,,,,,,,,,,,,,,,,,,,,,,,,,,,,,,,,,,,,,,,,,,,,,,,,,,,,,,,,,,,,,,,,
ASMA-1888,Bacteria,Bacillota,Bacilli,Lactobacillales,Streptococcaceae,Streptococcus,Streptococcus sp001553685,467.0,No,,,,,,,,,,,,,,,,,,,,,,,,,,,,,,,,,,,,,,,,,,,,,,,,,,,,,,,,,,,,,,,,,,,,,,,,,,,
ASMA-1889,Bacteria,Bacillota,Bacilli,Lactobacillales,Streptococcaceae,Streptococcus,Streptococcus sanguinis,508.0,No,,,,,,,,,,,,,,,,,,,,,,,,,,,,,,,,,,,,,,,,,,,,,,,,,,,,,,,,,,,,,,,,,,,,,,,,,,,
ASMA-189,Bacteria,Pseudomonadota,Gammaproteobacteria,Pseudomonadales,Pseudomonadaceae,Pseudomonas,Pseudomonas aeruginosa,533.0,No,,,,,,,,,,,,,,,,,,,,,,,,,,,,,,,,,,,,,,,,,,,,,,,,,,,,,,,,,,,,,,,,,,,,,,,,,,,
ASMA-1890,Bacteria,Bacillota,Bacilli,Lactobacillales,Streptococcaceae,Streptococcus,Streptococcus sanguinis,508.0,Yes,,,,,,,,,,,,,,,,,,,,,,,,,,,,,,,,,,,,,,,,,,,,,,,,,,,,,,,,,,,,,,,,,,,,,,,,,,,
ASMA-1891,Bacteria,Bacillota,Bacilli,Lactobacillales,Streptococcaceae,Streptococcus,Streptococcus sanguinis,508.0,No,,,,,,,,,,,,,,,,,,,,,,,,,,,,,,,,,,,,,,,,,,,,,,,,,,,,,,,,,,,,,,,,,,,,,,,,,,,
ASMA-1892,Bacteria,Bacillota,Bacilli,Lactobacillales,Streptococcaceae,Streptococcus,Streptococcus sp001553685,467.0,No,,,,,,,,,,,,,,,,,,,,,,,,,,,,,,,,,,,,,,,,,,,,,,,,,,,,,,,,,,,,,,,,,,,,,,,,,,,
ASMA-1893,Bacteria,Bacillota,Bacilli,Lactobacillales,Streptococcaceae,Streptococcus,Streptococcus sp001553685,467.0,No,,,,,,,,,,,,,,,,,,,,,,,,,,,,,,,,,,,,,,,,,,,,,,,,,,,,,,,,,,,,,,,,,,,,,,,,,,,
ASMA-1894,Bacteria,Actinomycetota,Actinomycetes,Micrococcales,Micrococcaceae,Rothia,Rothia sp001836735,481.0,No,,,,,,,,,,,,,,,,,,,,,,,,,,,,,,,,,,,,,,,,,,,,,,,,,,,,,,,,,,,,,,,,,,,,,,,,,,,
ASMA-1895,Bacteria,Actinomycetota,Actinomycetes,Micrococcales,Micrococcaceae,Rothia,Rothia mucilaginosa,481.0,No,,,,,,,,,,,,,,,,,,,,,,,,,,,,,,,,,,,,,,,,,,,,,,,,,,,,,,,,,,,,,,,,,,,,,,,,,,,
ASMA-1896,Bacteria,Actinomycetota,Actinomycetes,Micrococcales,Micrococcaceae,Rothia,Rothia aeria,429.0,No,,,,,,,,,,,,,,,,,,,,,,,,,,,,,,,,,,,,,,,,,,,,,,,,,,,,,,,,,,,,,,,,,,,,,,,,,,,
ASMA-1897,Bacteria,Actinomycetota,Actinomycetes,Micrococcales,Micrococcaceae,Rothia,Rothia aeria,429.0,No,,,,,,,,,,,,,,,,,,,,,,,,,,,,,,,,,,,,,,,,,,,,,,,,,,,,,,,,,,,,,,,,,,,,,,,,,,,
ASMA-1898,Bacteria,Actinomycetota,Actinomycetes,Actinomycetales,Actinomycetaceae,Actinomyces,Actinomyces oris_A,407.0,No,,,,,,,,,,,,,,,,,,,,,,,,,,,,,,,,,,,,,,,,,,,,,,,,,,,,,,,,,,,,,,,,,,,,,,,,,,,
ASMA-1899,Bacteria,Actinomycetota,Actinomycetes,Actinomycetales,Actinomycetaceae,Actinomyces,Actinomyces oris_A,407.0,No,1,0.002533333333333332,,0.002533333333333332,20251003.0,0.1068333333333333,,0.1152,,0.005366666666666589,,0.013733333333333292,,0.1152,,48.0,,0.009378486354431725,,0.991234147893227,,no_growth,0,0.0,0,0.0,1,,,,,,0.046,,20251003,0.047,uncertain,0.0468,uncertain,0.0469,uncertain,0.0461,uncertain,0.046,uncertain,0.046,uncertain,0.0469,uncertain,0.0444,uncertain,0.0467,uncertain,0.0465,uncertain,0.0462,uncertain,0.0462,uncertain,0.046,uncertain,0.0471,uncertain,0.0459,uncertain,0.046,uncertain,0.0458,uncertain,0.045,uncertain,0.0467,uncertain,0.0463,uncertain
ASMA-19,Bacteria,Pseudomonadota,Gammaproteobacteria,Pseudomonadales,Pseudomonadaceae,Pseudomonas,Pseudomonas aeruginosa,536.0,No,,,,,,,,,,,,,,,,,,,,,,,,,,,,,,,,,,,,,,,,,,,,,,,,,,,,,,,,,,,,,,,,,,,,,,,,,,,
ASMA-190,Bacteria,Pseudomonadota,Gammaproteobacteria,Pseudomonadales,Pseudomonadaceae,Pseudomonas,Pseudomonas aeruginosa,533.0,No,,,,,,,,,,,,,,,,,,,,,,,,,,,,,,,,,,,,,,,,,,,,,,,,,,,,,,,,,,,,,,,,,,,,,,,,,,,
ASMA-1900,Bacteria,Bacillota,Bacilli,Lactobacillales,Streptococcaceae,Streptococcus,Streptococcus sp001813105,361.0,Yes,,,,,,,,,,,,,,,,,,,,,,,,,,,,,,,,,,,,,,,,,,,,,,,,,,,,,,,,,,,,,,,,,,,,,,,,,,,
ASMA-1901,Bacteria,Bacillota,Bacilli,Lactobacillales,Streptococcaceae,Streptococcus,undetermined species,487.0,No,,,,,,,,,,,,,,,,,,,,,,,,,,,,,,,,,,,,,,,,,,,,,,,,,,,,,,,,,,,,,,,,,,,,,,,,,,,
ASMA-1902,Bacteria,Bacillota,Bacilli,Lactobacillales,Streptococcaceae,Streptococcus,Streptococcus caecimuris,361.0,No,,,,,,,,,,,,,,,,,,,,,,,,,,,,,,,,,,,,,,,,,,,,,,,,,,,,,,,,,,,,,,,,,,,,,,,,,,,
ASMA-1903,Bacteria,Bacillota,Bacilli,Lactobacillales,Streptococcaceae,Streptococcus,undetermined species,487.0,No,,,,,,,,,,,,,,,,,,,,,,,,,,,,,,,,,,,,,,,,,,,,,,,,,,,,,,,,,,,,,,,,,,,,,,,,,,,
ASMA-1904,Bacteria,Pseudomonadota,Gammaproteobacteria,Burkholderiales,Neisseriaceae,Neisseria,Neisseria sp001809325,468.0,No,,,,,,,,,,,,,,,,,,,,,,,,,,,,,,,,,,,,,,,,,,,,,,,,,,,,,,,,,,,,,,,,,,,,,,,,,,,
ASMA-1905,Bacteria,Pseudomonadota,Gammaproteobacteria,Burkholderiales,Neisseriaceae,Neisseria,Neisseria sp001809325,468.0,No,,,,,,,,,,,,,,,,,,,,,,,,,,,,,,,,,,,,,,,,,,,,,,,,,,,,,,,,,,,,,,,,,,,,,,,,,,,
ASMA-1906,Bacteria,Pseudomonadota,Gammaproteobacteria,Burkholderiales,Neisseriaceae,Neisseria,Neisseria sp001809325,468.0,No,,,,,,,,,,,,,,,,,,,,,,,,,,,,,,,,,,,,,,,,,,,,,,,,,,,,,,,,,,,,,,,,,,,,,,,,,,,
ASMA-1907,Bacteria,Actinomycetota,Actinomycetes,Micrococcales,Micrococcaceae,Rothia,Rothia mucilaginosa,492.0,No,,,,,,,,,,,,,,,,,,,,,,,,,,,,,,,,,,,,,,,,,,,,,,,,,,,,,,,,,,,,,,,,,,,,,,,,,,,
ASMA-1908,Bacteria,Actinomycetota,Actinomycetes,Micrococcales,Micrococcaceae,Rothia,Rothia mucilaginosa,492.0,No,,,,,,,,,,,,,,,,,,,,,,,,,,,,,,,,,,,,,,,,,,,,,,,,,,,,,,,,,,,,,,,,,,,,,,,,,,,
ASMA-1909,Bacteria,Actinomycetota,Actinomycetes,Micrococcales,Micrococcaceae,Rothia,Rothia mucilaginosa,492.0,No,,,,,,,,,,,,,,,,,,,,,,,,,,,,,,,,,,,,,,,,,,,,,,,,,,,,,,,,,,,,,,,,,,,,,,,,,,,
ASMA-191,Bacteria,Pseudomonadota,Gammaproteobacteria,Pseudomonadales,Pseudomonadaceae,Pseudomonas,Pseudomonas aeruginosa,533.0,No,,,,,,,,,,,,,,,,,,,,,,,,,,,,,,,,,,,,,,,,,,,,,,,,,,,,,,,,,,,,,,,,,,,,,,,,,,,
ASMA-1910,Bacteria,Actinomycetota,Actinomycetes,Micrococcales,Micrococcaceae,Rothia,Rothia mucilaginosa,492.0,No,,,,,,,,,,,,,,,,,,,,,,,,,,,,,,,,,,,,,,,,,,,,,,,,,,,,,,,,,,,,,,,,,,,,,,,,,,,
ASMA-1911,Bacteria,Actinomycetota,Actinomycetes,Micrococcales,Micrococcaceae,Rothia,Rothia mucilaginosa,492.0,No,,,,,,,,,,,,,,,,,,,,,,,,,,,,,,,,,,,,,,,,,,,,,,,,,,,,,,,,,,,,,,,,,,,,,,,,,,,
ASMA-1912,Bacteria,Actinomycetota,Actinomycetes,Micrococcales,Micrococcaceae,Rothia,Rothia mucilaginosa,492.0,No,,,,,,,,,,,,,,,,,,,,,,,,,,,,,,,,,,,,,,,,,,,,,,,,,,,,,,,,,,,,,,,,,,,,,,,,,,,
ASMA-1913,Bacteria,Bacillota,Bacilli,Lactobacillales,Streptococcaceae,Streptococcus,Streptococcus sp001556435,512.0,No,,,,,,,,,,,,,,,,,,,,,,,,,,,,,,,,,,,,,,,,,,,,,,,,,,,,,,,,,,,,,,,,,,,,,,,,,,,
ASMA-1913,Bacteria,Bacillota,Bacilli,Lactobacillales,Streptococcaceae,Streptococcus,Streptococcus sp001556435,512.0,No,,,,,,,,,,,,,,,,,,,,,,,,,,,,,,,,,,,,,,,,,,,,,,,,,,,,,,,,,,,,,,,,,,,,,,,,,,,
ASMA-1914,Bacteria,Bacillota,Bacilli,Lactobacillales,Streptococcaceae,Streptococcus,Streptococcus sp001556435,512.0,No,,,,,,,,,,,,,,,,,,,,,,,,,,,,,,,,,,,,,,,,,,,,,,,,,,,,,,,,,,,,,,,,,,,,,,,,,,,
ASMA-1915,Bacteria,Bacillota,Bacilli,Lactobacillales,Streptococcaceae,Streptococcus,Streptococcus sp001556435,512.0,No,,,,,,,,,,,,,,,,,,,,,,,,,,,,,,,,,,,,,,,,,,,,,,,,,,,,,,,,,,,,,,,,,,,,,,,,,,,
ASMA-1916,Bacteria,Bacillota,Bacilli,Lactobacillales,Streptococcaceae,Streptococcus,Streptococcus sp001556435,512.0,Yes,,,,,,,,,,,,,,,,,,,,,,,,,,,,,,,,,,,,,,,,,,,,,,,,,,,,,,,,,,,,,,,,,,,,,,,,,,,
ASMA-1917,Bacteria,Actinomycetota,Actinomycetes,Actinomycetales,Actinomycetaceae,Actinomyces,Actinomyces oris,306.0,Yes,,,,,,,,,,,,,,,,,,,,,,,,,,,,,,,,,,,,,,,,,,,,,,,,,,,,,,,,,,,,,,,,,,,,,,,,,,,
ASMA-1918,Bacteria,Actinomycetota,Actinomycetes,Micrococcales,Micrococcaceae,Rothia,Rothia aeria,33.0,Yes,4,0.08519166666666664,0.015158725027008161,0.09926666666666659,20251010.0,0.2705416666666667,0.3328490419427736,0.23800833333333332,0.2439809060152044,0.17299166666666668,0.331932379743559,0.14045833333333332,0.24303409054424166,0.314925,0.39571001482567175,31.625,22.63984319733686,0.0469399147907959,0.035097313713183705,0.9963089891545777,0.005150631514359969,poor,1,25.0,1,25.0,3,3,8.672536259623158,2.945327686460094,20251010,none,0.06015,0.0036510272527057377,20251010,0.06540000000000001,utilizes,0.060783333333333335,uncertain,0.06001666666666666,uncertain,0.05756666666666667,uncertain,0.05988333333333334,uncertain,0.055766666666666666,uncertain,0.059583333333333335,uncertain,0.058800000000000005,uncertain,0.060333333333333336,uncertain,0.06181666666666666,uncertain,0.0572,uncertain,0.060050000000000006,uncertain,0.060183333333333325,uncertain,0.05968333333333334,uncertain,0.05885,uncertain,0.05663333333333333,uncertain,0.057633333333333335,uncertain,0.05856666666666666,uncertain,0.07995,utilizes,0.05508333333333333,uncertain
ASMA-1919,Bacteria,Bacillota,Bacilli,Lactobacillales,Streptococcaceae,Streptococcus,Streptococcus sp001556435,512.0,No,,,,,,,,,,,,,,,,,,,,,,,,,,,,,,,,,,,,,,,,,,,,,,,,,,,,,,,,,,,,,,,,,,,,,,,,,,,
ASMA-192,Bacteria,Pseudomonadota,Gammaproteobacteria,Pseudomonadales,Pseudomonadaceae,Pseudomonas,Pseudomonas aeruginosa,533.0,No,,,,,,,,,,,,,,,,,,,,,,,,,,,,,,,,,,,,,,,,,,,,,,,,,,,,,,,,,,,,,,,,,,,,,,,,,,,
ASMA-1920,Bacteria,Bacillota,Bacilli,Lactobacillales,Streptococcaceae,Streptococcus,Streptococcus sp001556435,512.0,No,,,,,,,,,,,,,,,,,,,,,,,,,,,,,,,,,,,,,,,,,,,,,,,,,,,,,,,,,,,,,,,,,,,,,,,,,,,
ASMA-1921,Bacteria,Bacillota,Bacilli,Lactobacillales,Streptococcaceae,Streptococcus,Streptococcus sp001556435,512.0,No,,,,,,,,,,,,,,,,,,,,,,,,,,,,,,,,,,,,,,,,,,,,,,,,,,,,,,,,,,,,,,,,,,,,,,,,,,,
ASMA-1922,Bacteria,Bacillota,Bacilli,Lactobacillales,Streptococcaceae,Streptococcus,undetermined species,487.0,No,,,,,,,,,,,,,,,,,,,,,,,,,,,,,,,,,,,,,,,,,,,,,,,,,,,,,,,,,,,,,,,,,,,,,,,,,,,
ASMA-1923,Bacteria,Bacillota,Bacilli,Lactobacillales,Streptococcaceae,Streptococcus,undetermined species,487.0,Yes,,,,,,,,,,,,,,,,,,,,,,,,,,,,,,,,,,,,,,,,,,,,,,,,,,,,,,,,,,,,,,,,,,,,,,,,,,,
ASMA-1924,Bacteria,Bacillota,Bacilli,Lactobacillales,Streptococcaceae,Streptococcus,undetermined species,487.0,No,,,,,,,,,,,,,,,,,,,,,,,,,,,,,,,,,,,,,,,,,,,,,,,,,,,,,,,,,,,,,,,,,,,,,,,,,,,
ASMA-1925,Bacteria,Bacillota,Bacilli,Lactobacillales,Streptococcaceae,Streptococcus,undetermined species,487.0,No,,,,,,,,,,,,,,,,,,,,,,,,,,,,,,,,,,,,,,,,,,,,,,,,,,,,,,,,,,,,,,,,,,,,,,,,,,,
ASMA-1926,Bacteria,Pseudomonadota,Gammaproteobacteria,Burkholderiales,Neisseriaceae,Neisseria,Neisseria sp001809325,468.0,No,,,,,,,,,,,,,,,,,,,,,,,,,,,,,,,,,,,,,,,,,,,,,,,,,,,,,,,,,,,,,,,,,,,,,,,,,,,
ASMA-1927,Bacteria,Pseudomonadota,Gammaproteobacteria,Burkholderiales,Neisseriaceae,Neisseria,Neisseria sp001809325,468.0,No,4,0.022333333333333347,0.020539176657738224,0.05153333333333339,20251017.0,0.09513333333333333,0.003415975539855174,0.095,0.003488074922742724,0.0005666666666666632,0.001268419839362692,0.00043333333333332724,0.001497405163014411,0.09696666666666667,0.005426887792382604,6.5625,9.33044970334585,0.005164654941759707,,0.9841466876100464,,no_growth,0,0.0,0,0.0,1,3,-6.767045212879078,7.81028159651423,20251017,none,0.0465,0.001670329308849005,20251017,0.05146666666666666,uncertain,0.08181666666666666,utilizes,0.04479999999999999,uncertain,0.04443333333333334,uncertain,0.04578333333333333,uncertain,0.044033333333333334,uncertain,0.04998333333333334,uncertain,0.046266666666666664,uncertain,0.04761666666666667,uncertain,0.0451,uncertain,0.04691666666666667,uncertain,0.05821666666666667,utilizes,0.045366666666666666,uncertain,0.04583333333333334,uncertain,0.044800000000000006,uncertain,0.04488333333333333,uncertain,0.04593333333333333,uncertain,0.045450000000000004,uncertain,0.04585,uncertain,0.04585,uncertain
ASMA-1928,Bacteria,Actinomycetota,Actinomycetes,Actinomycetales,Actinomycetaceae,Pauljensenia,Pauljensenia sp902373545,34.0,Yes,,,,,,,,,,,,,,,,,,,,,,,,,,,,,,,,,,,,,,,,,,,,,,,,,,,,,,,,,,,,,,,,,,,,,,,,,,,
ASMA-1928,Bacteria,Actinomycetota,Actinomycetes,Actinomycetales,Actinomycetaceae,Pauljensenia,Pauljensenia sp902373545,34.0,Yes,,,,,,,,,,,,,,,,,,,,,,,,,,,,,,,,,,,,,,,,,,,,,,,,,,,,,,,,,,,,,,,,,,,,,,,,,,,
ASMA-1929,Bacteria,Bacillota,Bacilli,Lactobacillales,Streptococcaceae,Streptococcus,undetermined species,487.0,No,,,,,,,,,,,,,,,,,,,,,,,,,,,,,,,,,,,,,,,,,,,,,,,,,,,,,,,,,,,,,,,,,,,,,,,,,,,
ASMA-193,Bacteria,Pseudomonadota,Gammaproteobacteria,Pseudomonadales,Pseudomonadaceae,Pseudomonas,Pseudomonas aeruginosa,533.0,No,,,,,,,,,,,,,,,,,,,,,,,,,,,,,,,,,,,,,,,,,,,,,,,,,,,,,,,,,,,,,,,,,,,,,,,,,,,
ASMA-1930,Bacteria,Bacillota,Bacilli,Lactobacillales,Streptococcaceae,Streptococcus,Streptococcus sp001556435,512.0,No,,,,,,,,,,,,,,,,,,,,,,,,,,,,,,,,,,,,,,,,,,,,,,,,,,,,,,,,,,,,,,,,,,,,,,,,,,,
ASMA-1931,Bacteria,Actinomycetota,Actinomycetes,Actinomycetales,Actinomycetaceae,Actinomyces,Actinomyces oris,306.0,No,1,0.004733333333333339,,0.004733333333333339,20251003.0,0.1477333333333334,,0.1283333333333333,,0.04003333333333341,,0.020633333333333295,,0.1493,,22.75,,0.008237353120625604,,0.9962247334097024,,no_growth,0,0.0,0,0.0,1,,,,,,0.0465,,20251003,0.0503,uncertain,0.0465,uncertain,0.0469,uncertain,0.0461,uncertain,0.0462,uncertain,0.0452,uncertain,0.0467,uncertain,0.0467,uncertain,0.0463,uncertain,0.0464,uncertain,0.0465,uncertain,0.0463,uncertain,0.0459,uncertain,0.0464,uncertain,0.0457,uncertain,0.0451,uncertain,0.0455,uncertain,0.0459,uncertain,0.0457,uncertain,0.0463,uncertain
ASMA-1932,Bacteria,Actinomycetota,Actinomycetes,Micrococcales,Micrococcaceae,Rothia,Rothia mucilaginosa,492.0,No,,,,,,,,,,,,,,,,,,,,,,,,,,,,,,,,,,,,,,,,,,,,,,,,,,,,,,,,,,,,,,,,,,,,,,,,,,,
ASMA-1933,Bacteria,Actinomycetota,Actinomycetes,Micrococcales,Micrococcaceae,Rothia,Rothia mucilaginosa,492.0,No,,,,,,,,,,,,,,,,,,,,,,,,,,,,,,,,,,,,,,,,,,,,,,,,,,,,,,,,,,,,,,,,,,,,,,,,,,,
ASMA-1934,Bacteria,Bacillota,Bacilli,Lactobacillales,Streptococcaceae,Streptococcus,Streptococcus sp001556435,512.0,No,,,,,,,,,,,,,,,,,,,,,,,,,,,,,,,,,,,,,,,,,,,,,,,,,,,,,,,,,,,,,,,,,,,,,,,,,,,
ASMA-1935,Bacteria,Bacillota,Bacilli,Lactobacillales,Streptococcaceae,Streptococcus,Streptococcus sp001556435,512.0,No,,,,,,,,,,,,,,,,,,,,,,,,,,,,,,,,,,,,,,,,,,,,,,,,,,,,,,,,,,,,,,,,,,,,,,,,,,,
ASMA-1936,Bacteria,Bacillota,Bacilli,Lactobacillales,Streptococcaceae,Streptococcus,Streptococcus sp001556435,512.0,No,,,,,,,,,,,,,,,,,,,,,,,,,,,,,,,,,,,,,,,,,,,,,,,,,,,,,,,,,,,,,,,,,,,,,,,,,,,
ASMA-1937,Bacteria,Bacillota,Bacilli,Lactobacillales,Streptococcaceae,Streptococcus,undetermined species,487.0,No,1,0.0010666666666666602,,0.0010666666666666602,20250929.0,0.1723666666666667,,0.1377,,0.059,,0.02433333333333329,,0.1809666666666667,,38.25,,0.08114451793404835,,0.9990445437769986,,no_growth,0,0.0,0,0.0,1,,,,,,0.0424,,20250929,0.0425,uncertain,0.0432,uncertain,0.0426,uncertain,0.0421,uncertain,0.0424,uncertain,0.0424,uncertain,0.0419,uncertain,0.0422,uncertain,0.0422,uncertain,0.0423,uncertain,0.0417,uncertain,0.0425,uncertain,0.042,uncertain,0.0434,uncertain,0.0427,uncertain,0.0425,uncertain,0.0425,uncertain,0.0422,uncertain,0.0429,uncertain,0.0427,uncertain
ASMA-1938,Bacteria,Bacillota,Bacilli,Lactobacillales,Streptococcaceae,Streptococcus,undetermined species,487.0,No,,,,,,,,,,,,,,,,,,,,,,,,,,,,,,,,,,,,,,,,,,,,,,,,,,,,,,,,,,,,,,,,,,,,,,,,,,,
ASMA-1939,Bacteria,Bacillota,Bacilli,Lactobacillales,Streptococcaceae,Streptococcus,Streptococcus sp001556435,512.0,No,,,,,,,,,,,,,,,,,,,,,,,,,,,,,,,,,,,,,,,,,,,,,,,,,,,,,,,,,,,,,,,,,,,,,,,,,,,
ASMA-194,Bacteria,Pseudomonadota,Gammaproteobacteria,Pseudomonadales,Pseudomonadaceae,Pseudomonas,Pseudomonas aeruginosa,533.0,No,,,,,,,,,,,,,,,,,,,,,,,,,,,,,,,,,,,,,,,,,,,,,,,,,,,,,,,,,,,,,,,,,,,,,,,,,,,
ASMA-1940,Bacteria,Actinomycetota,Actinomycetes,Actinomycetales,Actinomycetaceae,Actinomyces,Actinomyces oris,306.0,No,,,,,,,,,,,,,,,,,,,,,,,,,,,,,,,,,,,,,,,,,,,,,,,,,,,,,,,,,,,,,,,,,,,,,,,,,,,
ASMA-1941,Bacteria,Actinomycetota,Actinomycetes,Micrococcales,Micrococcaceae,Rothia,Rothia mucilaginosa,492.0,No,,,,,,,,,,,,,,,,,,,,,,,,,,,,,,,,,,,,,,,,,,,,,,,,,,,,,,,,,,,,,,,,,,,,,,,,,,,
ASMA-1942,Bacteria,Bacillota,Bacilli,Lactobacillales,Streptococcaceae,Streptococcus,Streptococcus sp001556435,512.0,No,,,,,,,,,,,,,,,,,,,,,,,,,,,,,,,,,,,,,,,,,,,,,,,,,,,,,,,,,,,,,,,,,,,,,,,,,,,
ASMA-1943,Bacteria,Pseudomonadota,Gammaproteobacteria,Burkholderiales,Neisseriaceae,Neisseria,Neisseria sp001809325,468.0,No,,,,,,,,,,,,,,,,,,,,,,,,,,,,,,,,,,,,,,,,,,,,,,,,,,,,,,,,,,,,,,,,,,,,,,,,,,,
ASMA-1944,Bacteria,Pseudomonadota,Gammaproteobacteria,Burkholderiales,Neisseriaceae,Neisseria,Neisseria sp001809325,468.0,Yes,,,,,,,,,,,,,,,,,,,,,,,,,,,,,,,,,,,,,,,,,,,,,,,,,,,,,,,,,,,,,,,,,,,,,,,,,,,
ASMA-1945,Bacteria,Bacillota,Bacilli,Lactobacillales,Streptococcaceae,Streptococcus,undetermined species,487.0,No,,,,,,,,,,,,,,,,,,,,,,,,,,,,,,,,,,,,,,,,,,,,,,,,,,,,,,,,,,,,,,,,,,,,,,,,,,,
ASMA-1946,Bacteria,Bacillota,Bacilli,Lactobacillales,Streptococcaceae,Streptococcus,undetermined species,487.0,No,,,,,,,,,,,,,,,,,,,,,,,,,,,,,,,,,,,,,,,,,,,,,,,,,,,,,,,,,,,,,,,,,,,,,,,,,,,
ASMA-1947,Bacteria,Bacillota,Bacilli,Lactobacillales,Streptococcaceae,Streptococcus,undetermined species,487.0,No,,,,,,,,,,,,,,,,,,,,,,,,,,,,,,,,,,,,,,,,,,,,,,,,,,,,,,,,,,,,,,,,,,,,,,,,,,,
ASMA-1948,Bacteria,Bacillota,Bacilli,Lactobacillales,Streptococcaceae,Streptococcus,Streptococcus sanguinis_K,362.0,Yes,1,0.0019333333333333425,,0.0019333333333333425,20251003.0,0.1010333333333333,,0.1006,,0.0021333333333333065,,0.001700000000000007,,0.1025666666666667,,7.0,,0.013502648402625243,,0.9531586849440494,,no_growth,0,0.0,0,0.0,1,,,,,,0.044,,20251003,0.0445,uncertain,0.0452,uncertain,0.0448,uncertain,0.0443,uncertain,0.0449,uncertain,0.0438,uncertain,0.044,uncertain,0.0441,uncertain,0.0449,uncertain,0.044,uncertain,0.0438,uncertain,0.0439,uncertain,0.0452,uncertain,0.0451,uncertain,0.0437,uncertain,0.0442,uncertain,0.0446,uncertain,0.0439,uncertain,0.0442,uncertain,0.0439,uncertain
ASMA-1949,Bacteria,Bacillota,Bacilli,Lactobacillales,Streptococcaceae,Streptococcus,Streptococcus sanguinis_K,362.0,No,,,,,,,,,,,,,,,,,,,,,,,,,,,,,,,,,,,,,,,,,,,,,,,,,,,,,,,,,,,,,,,,,,,,,,,,,,,
ASMA-195,Bacteria,Pseudomonadota,Gammaproteobacteria,Pseudomonadales,Pseudomonadaceae,Pseudomonas,Pseudomonas aeruginosa,533.0,No,,,,,,,,,,,,,,,,,,,,,,,,,,,,,,,,,,,,,,,,,,,,,,,,,,,,,,,,,,,,,,,,,,,,,,,,,,,
ASMA-1950,Bacteria,Bacillota,Bacilli,Lactobacillales,Streptococcaceae,Streptococcus,Streptococcus sanguinis_H,362.0,No,,,,,,,,,,,,,,,,,,,,,,,,,,,,,,,,,,,,,,,,,,,,,,,,,,,,,,,,,,,,,,,,,,,,,,,,,,,
ASMA-1950,Bacteria,Bacillota,Bacilli,Lactobacillales,Streptococcaceae,Streptococcus,Streptococcus sanguinis_K,362.0,No,,,,,,,,,,,,,,,,,,,,,,,,,,,,,,,,,,,,,,,,,,,,,,,,,,,,,,,,,,,,,,,,,,,,,,,,,,,
ASMA-1951,Bacteria,Bacillota,Bacilli,Lactobacillales,Streptococcaceae,Streptococcus,Streptococcus sanguinis_K,362.0,No,,,,,,,,,,,,,,,,,,,,,,,,,,,,,,,,,,,,,,,,,,,,,,,,,,,,,,,,,,,,,,,,,,,,,,,,,,,
ASMA-1952,Bacteria,Bacillota,Bacilli,Lactobacillales,Streptococcaceae,Streptococcus,Streptococcus sp001556435,512.0,No,,,,,,,,,,,,,,,,,,,,,,,,,,,,,,,,,,,,,,,,,,,,,,,,,,,,,,,,,,,,,,,,,,,,,,,,,,,
ASMA-1953,Bacteria,Bacillota,Bacilli,Lactobacillales,Streptococcaceae,Streptococcus,Streptococcus sp001556435,512.0,No,,,,,,,,,,,,,,,,,,,,,,,,,,,,,,,,,,,,,,,,,,,,,,,,,,,,,,,,,,,,,,,,,,,,,,,,,,,
ASMA-1954,Bacteria,Bacillota,Bacilli,Lactobacillales,Streptococcaceae,Streptococcus,Streptococcus sp001556435,512.0,No,1,0.007300000000000015,,0.007300000000000015,20251003.0,0.0948,,0.09406666666666667,,-0.0011333333333333334,,-0.0018666666666666554,,0.09593333333333333,,0.0,,,,,,no_growth,0,0.0,0,0.0,0,,,,,,0.0461,,20251003,0.0473,uncertain,0.0461,uncertain,0.0464,uncertain,0.0462,uncertain,0.0455,uncertain,0.0463,uncertain,0.0462,uncertain,0.0458,uncertain,0.0458,uncertain,0.0461,uncertain,0.0454,uncertain,0.0461,uncertain,0.046,uncertain,0.0468,uncertain,0.0468,uncertain,0.0462,uncertain,0.0456,uncertain,0.0458,uncertain,0.0457,uncertain,0.0453,uncertain
ASMA-1955,Bacteria,Bacillota,Bacilli,Lactobacillales,Streptococcaceae,Streptococcus,Streptococcus sp001556435,512.0,No,,,,,,,,,,,,,,,,,,,,,,,,,,,,,,,,,,,,,,,,,,,,,,,,,,,,,,,,,,,,,,,,,,,,,,,,,,,
ASMA-1956,Bacteria,Bacillota,Bacilli,Lactobacillales,Streptococcaceae,Streptococcus,Streptococcus caecimuris,361.0,No,,,,,,,,,,,,,,,,,,,,,,,,,,,,,,,,,,,,,,,,,,,,,,,,,,,,,,,,,,,,,,,,,,,,,,,,,,,
ASMA-1957,Bacteria,Bacillota,Bacilli,Lactobacillales,Streptococcaceae,Streptococcus,Streptococcus sp001553685,487.0,No,,,,,,,,,,,,,,,,,,,,,,,,,,,,,,,,,,,,,,,,,,,,,,,,,,,,,,,,,,,,,,,,,,,,,,,,,,,
ASMA-1958,Bacteria,Bacillota,Bacilli,Lactobacillales,Streptococcaceae,Streptococcus,Streptococcus caecimuris,361.0,No,1,0.0022999999999999965,,0.0022999999999999965,20251003.0,0.09266666666666667,,0.09213333333333333,,-0.0013333333333333391,,-0.0018666666666666831,,0.09400000000000001,,0.0,,,,,,no_growth,0,0.0,0,0.0,0,,,,,,0.0437,,20251003,0.044,uncertain,0.0439,uncertain,0.044,uncertain,0.0437,uncertain,0.0439,uncertain,0.0437,uncertain,0.0436,uncertain,0.0433,uncertain,0.0435,uncertain,0.0433,uncertain,0.0438,uncertain,0.0436,uncertain,0.044,uncertain,0.0447,uncertain,0.0436,uncertain,0.0436,uncertain,0.0436,uncertain,0.0437,uncertain,0.0435,uncertain,0.0439,uncertain
ASMA-1959,Bacteria,Actinomycetota,Actinomycetes,Micrococcales,Micrococcaceae,Rothia,Rothia mucilaginosa,492.0,No,,,,,,,,,,,,,,,,,,,,,,,,,,,,,,,,,,,,,,,,,,,,,,,,,,,,,,,,,,,,,,,,,,,,,,,,,,,
ASMA-196,Bacteria,Pseudomonadota,Gammaproteobacteria,Pseudomonadales,Pseudomonadaceae,Pseudomonas,Pseudomonas aeruginosa,533.0,No,,,,,,,,,,,,,,,,,,,,,,,,,,,,,,,,,,,,,,,,,,,,,,,,,,,,,,,,,,,,,,,,,,,,,,,,,,,
ASMA-1960,Bacteria,Bacillota,Bacilli,Lactobacillales,Streptococcaceae,Streptococcus,Streptococcus sp001556435,512.0,No,,,,,,,,,,,,,,,,,,,,,,,,,,,,,,,,,,,,,,,,,,,,,,,,,,,,,,,,,,,,,,,,,,,,,,,,,,,
ASMA-1961,Bacteria,Actinomycetota,Actinomycetes,Micrococcales,Micrococcaceae,Rothia,Rothia mucilaginosa,492.0,No,,,,,,,,,,,,,,,,,,,,,,,,,,,,,,,,,,,,,,,,,,,,,,,,,,,,,,,,,,,,,,,,,,,,,,,,,,,
ASMA-1962,Bacteria,Bacillota,Bacilli,Lactobacillales,Streptococcaceae,Streptococcus,Streptococcus sp001556435,512.0,No,,,,,,,,,,,,,,,,,,,,,,,,,,,,,,,,,,,,,,,,,,,,,,,,,,,,,,,,,,,,,,,,,,,,,,,,,,,
ASMA-1963,Bacteria,Actinomycetota,Actinomycetes,Micrococcales,Micrococcaceae,Rothia,Rothia mucilaginosa,492.0,No,1,0.004266666666666696,,0.004266666666666696,20251003.0,0.09206666666666667,,0.09146666666666665,,-0.001166666666666663,,-0.0017666666666666803,,0.09323333333333333,,0.0,,,,,,no_growth,0,0.0,0,0.0,0,,,,,,0.0623,,20251003,0.0786,uncertain,0.0597,uncertain,0.0596,uncertain,0.0626,uncertain,0.064,uncertain,0.0641,uncertain,0.0699,uncertain,0.0618,uncertain,0.0632,uncertain,0.0633,uncertain,0.0562,uncertain,0.0531,uncertain,0.0628,uncertain,0.0621,uncertain,0.0598,uncertain,0.0617,uncertain,0.0623,uncertain,0.0697,uncertain,0.0607,uncertain,0.0634,uncertain
ASMA-1964,Bacteria,Actinomycetota,Actinomycetes,Micrococcales,Micrococcaceae,Rothia,Rothia mucilaginosa,492.0,No,,,,,,,,,,,,,,,,,,,,,,,,,,,,,,,,,,,,,,,,,,,,,,,,,,,,,,,,,,,,,,,,,,,,,,,,,,,
ASMA-1965,Bacteria,Actinomycetota,Actinomycetes,Micrococcales,Micrococcaceae,Rothia,Rothia mucilaginosa,492.0,Yes,,,,,,,,,,,,,,,,,,,,,,,,,,,,,,,,,,,,,,,,,,,,,,,,,,,,,,,,,,,,,,,,,,,,,,,,,,,
ASMA-1966,Bacteria,Bacillota,Bacilli,Staphylococcales,Staphylococcaceae,Staphylococcus,Staphylococcus epidermidis,521.0,No,,,,,,,,,,,,,,,,,,,,,,,,,,,,,,,,,,,,,,,,,,,,,,,,,,,,,,,,,,,,,,,,,,,,,,,,,,,
ASMA-1967,Bacteria,Bacillota,Bacilli,Lactobacillales,Streptococcaceae,Streptococcus,Streptococcus sp001556435,512.0,No,,,,,,,,,,,,,,,,,,,,,,,,,,,,,,,,,,,,,,,,,,,,,,,,,,,,,,,,,,,,,,,,,,,,,,,,,,,
ASMA-1968,Bacteria,Bacillota,Bacilli,Lactobacillales,Streptococcaceae,Streptococcus,undetermined species,424.0,Yes,,,,,,,,,,,,,,,,,,,,,,,,,,,,,,,,,,,,,,,,,,,,,,,,,,,,,,,,,,,,,,,,,,,,,,,,,,,
ASMA-1969,Bacteria,Bacillota,Bacilli,Lactobacillales,Streptococcaceae,Streptococcus,undetermined species,424.0,No,1,0.001966666666666672,,0.001966666666666672,20251003.0,0.1332,,0.1761333333333333,,0.029133333333333317,,0.07206666666666661,,0.1949,,43.25,,0.022400591412937643,,0.9953908365897344,,no_growth,0,0.0,0,0.0,1,,,,,,0.0449,,20251003,0.0442,uncertain,0.0449,uncertain,0.0454,uncertain,0.0443,uncertain,0.0439,uncertain,0.0438,uncertain,0.044,uncertain,0.0435,uncertain,0.0437,uncertain,0.0435,uncertain,0.0444,uncertain,0.0438,uncertain,0.0446,uncertain,0.0448,uncertain,0.0442,uncertain,0.0441,uncertain,0.044,uncertain,0.0437,uncertain,0.0448,uncertain,0.0444,uncertain
ASMA-197,Bacteria,Pseudomonadota,Gammaproteobacteria,Pseudomonadales,Pseudomonadaceae,Pseudomonas,Pseudomonas aeruginosa,533.0,No,,,,,,,,,,,,,,,,,,,,,,,,,,,,,,,,,,,,,,,,,,,,,,,,,,,,,,,,,,,,,,,,,,,,,,,,,,,
ASMA-1970,Bacteria,Bacillota,Bacilli,Lactobacillales,Streptococcaceae,Streptococcus,undetermined species,424.0,No,,,,,,,,,,,,,,,,,,,,,,,,,,,,,,,,,,,,,,,,,,,,,,,,,,,,,,,,,,,,,,,,,,,,,,,,,,,
ASMA-1971,Bacteria,Bacillota,Bacilli,Lactobacillales,Streptococcaceae,Streptococcus,undetermined species,424.0,No,,,,,,,,,,,,,,,,,,,,,,,,,,,,,,,,,,,,,,,,,,,,,,,,,,,,,,,,,,,,,,,,,,,,,,,,,,,
ASMA-1972,Bacteria,Bacillota,Bacilli,Lactobacillales,Streptococcaceae,Streptococcus,undetermined species,424.0,No,,,,,,,,,,,,,,,,,,,,,,,,,,,,,,,,,,,,,,,,,,,,,,,,,,,,,,,,,,,,,,,,,,,,,,,,,,,
ASMA-1973,Bacteria,Bacillota,Bacilli,Lactobacillales,Streptococcaceae,Streptococcus,Streptococcus dentisani,363.0,No,1,0.017100000000000004,,0.017100000000000004,20251111.0,0.09275,,0.09225,,-0.001350000000000004,,-0.0018500000000000044,,0.0953,,8.25,,0.009044755815439164,,0.9907588386627291,,no_growth,0,0.0,0,0.0,1,1,21.117774658670413,,20251111,none,,,,,,,,,,,,,,,,,,,,,,,,,,,,,,,,,,,,,,,,,,,
ASMA-1974,Bacteria,Bacillota,Bacilli,Lactobacillales,Streptococcaceae,Streptococcus,Streptococcus caecimuris,404.0,No,,,,,,,,,,,,,,,,,,,,,,,,,,,,,,,,,,,,,,,,,,,,,,,,,,,,,,,,,,,,,,,,,,,,,,,,,,,
ASMA-1975,Bacteria,Bacillota,Bacilli,Lactobacillales,Streptococcaceae,Streptococcus,Streptococcus parasanguinis_C,224.0,Yes,1,0.0019333333333333425,,0.0019333333333333425,20251003.0,0.09273333333333333,,0.0921,,-0.0012666666666666798,,-0.0019000000000000128,,0.09400000000000001,,0.0,,,,,,no_growth,0,0.0,0,0.0,0,,,,,,0.0446,,20251003,0.0425,uncertain,0.0441,uncertain,0.0441,uncertain,0.0432,uncertain,0.0432,uncertain,0.0428,uncertain,0.0429,uncertain,0.0424,uncertain,0.0432,uncertain,0.0423,uncertain,0.0432,uncertain,0.0421,uncertain,0.0432,uncertain,0.0437,uncertain,0.0443,uncertain,0.0425,uncertain,0.0434,uncertain,0.0427,uncertain,0.0432,uncertain,0.0426,uncertain
ASMA-1976,Bacteria,Bacillota,Bacilli,Lactobacillales,Streptococcaceae,Streptococcus,Streptococcus parasanguinis_C,224.0,No,,,,,,,,,,,,,,,,,,,,,,,,,,,,,,,,,,,,,,,,,,,,,,,,,,,,,,,,,,,,,,,,,,,,,,,,,,,
ASMA-1977,Bacteria,Bacillota,Bacilli,Lactobacillales,Streptococcaceae,Streptococcus,Streptococcus caecimuris,404.0,Yes,,,,,,,,,,,,,,,,,,,,,,,,,,,,,,,,,,,,,,,,,,,,,,,,,,,,,,,,,,,,,,,,,,,,,,,,,,,
ASMA-1978,Bacteria,Bacillota,Bacilli,Staphylococcales,Gemellaceae,Gemella,Gemella sanguinis,307.0,Yes,,,,,,,,,,,,,,,,,,,,,,,,,,,,,,,,,,,,,,,,,,,,,,,,,,,,,,,,,,,,,,,,,,,,,,,,,,,
ASMA-1979,Bacteria,Bacillota,Bacilli,Staphylococcales,Gemellaceae,Gemella,Gemella sanguinis,307.0,No,,,,,,,,,,,,,,,,,,,,,,,,,,,,,,,,,,,,,,,,,,,,,,,,,,,,,,,,,,,,,,,,,,,,,,,,,,,
ASMA-198,Bacteria,Pseudomonadota,Gammaproteobacteria,Pseudomonadales,Pseudomonadaceae,Pseudomonas,Pseudomonas aeruginosa,533.0,No,,,,,,,,,,,,,,,,,,,,,,,,,,,,,,,,,,,,,,,,,,,,,,,,,,,,,,,,,,,,,,,,,,,,,,,,,,,
ASMA-1980,Bacteria,Bacillota,Bacilli,Staphylococcales,Gemellaceae,Gemella,Gemella sanguinis,307.0,No,1,0.001966666666666672,,0.001966666666666672,20251003.0,0.0931,,0.09250000000000001,,-0.0014333333333333143,,-0.0020333333333333037,,0.09453333333333332,,0.0,,,,,,no_growth,0,0.0,0,0.0,0,,,,,,0.0432,,20251003,0.0428,uncertain,0.0433,uncertain,0.0435,uncertain,0.043,uncertain,0.0426,uncertain,0.0424,uncertain,0.0429,uncertain,0.0429,uncertain,0.0426,uncertain,0.0421,uncertain,0.0427,uncertain,0.0426,uncertain,0.0426,uncertain,0.0431,uncertain,0.0429,uncertain,0.0427,uncertain,0.0426,uncertain,0.0424,uncertain,0.0432,uncertain,0.0427,uncertain
ASMA-1981,Bacteria,Actinomycetota,Actinomycetes,Micrococcales,Micrococcaceae,Rothia,Rothia mucilaginosa,35.0,Yes,4,0.240325,0.380767806543568,0.8097000000000001,20251010.0,0.3617083333333333,0.18363877056753444,0.2668833333333333,0.11676161374546194,0.2677333333333333,0.1835716693223052,0.17290833333333333,0.11663408235445875,0.37605,0.18868507271818474,16.125,11.493657671371054,0.09320468476343119,0.010291429316790869,0.9996981668451127,0.00015300760017647244,robust,3,75.0,3,75.0,3,,,,,,0.06558333333333333,0.003950105483823604,20251010,0.11435,utilizes,0.09061666666666665,utilizes,0.06316666666666666,uncertain,0.0597,uncertain,0.07006666666666667,utilizes,0.06566666666666666,uncertain,0.0901,utilizes,0.06598333333333334,uncertain,0.06381666666666666,uncertain,0.06801666666666667,uncertain,0.09166666666666666,utilizes,0.06688333333333334,uncertain,0.06548333333333334,uncertain,0.06496666666666667,uncertain,0.06238333333333333,uncertain,0.06535,uncertain,0.06545,uncertain,0.06361666666666667,uncertain,0.06646666666666667,uncertain,0.06493333333333334,uncertain
ASMA-1982,Bacteria,Bacillota,Bacilli,Lactobacillales,Streptococcaceae,Streptococcus,Streptococcus vestibularis,225.0,No,,,,,,,,,,,,,,,,,,,,,,,,,,,,,,,,,,,,,,,,,,,,,,,,,,,,,,,,,,,,,,,,,,,,,,,,,,,
ASMA-1983,Bacteria,Bacillota,Bacilli,Lactobacillales,Streptococcaceae,Streptococcus,Streptococcus vestibularis,225.0,Yes,1,0.0020000000000000018,,0.0020000000000000018,20251003.0,0.1935666666666667,,0.2035666666666667,,0.09670000000000002,,0.10670000000000003,,0.2039333333333333,,43.0,,0.04476951793465734,,0.9964231932826744,,no_growth,0,0.0,1,100.0,1,,,,,,0.0421,,20251003,0.0425,uncertain,0.0424,uncertain,0.0428,uncertain,0.0469,uncertain,0.0421,uncertain,0.0417,uncertain,0.0426,uncertain,0.0424,uncertain,0.0423,uncertain,0.042,uncertain,0.0419,uncertain,0.0419,uncertain,0.0417,uncertain,0.0425,uncertain,0.042,uncertain,0.042,uncertain,0.0419,uncertain,0.0415,uncertain,0.0419,uncertain,0.0421,uncertain
ASMA-1984,Bacteria,Bacillota,Bacilli,Lactobacillales,Streptococcaceae,Streptococcus,Streptococcus sp001556435,353.0,No,1,0.0021999999999999797,,0.0021999999999999797,20251003.0,0.1090666666666667,,0.1096333333333333,,0.000899999999999998,,0.0014666666666666023,,0.1133,,4.75,,0.01910852202172743,,0.9945095887879349,,no_growth,0,0.0,0,0.0,1,,,,,,0.0431,,20251003,0.0429,uncertain,0.0421,uncertain,0.0432,uncertain,0.0423,uncertain,0.0421,uncertain,0.042,uncertain,0.0417,uncertain,0.0416,uncertain,0.0417,uncertain,0.0411,uncertain,0.042,uncertain,0.042,uncertain,0.0417,uncertain,0.0424,uncertain,0.0426,uncertain,0.0418,uncertain,0.0421,uncertain,0.0419,uncertain,0.0421,uncertain,0.0424,uncertain
ASMA-1985,Bacteria,Bacillota,Bacilli,Lactobacillales,Streptococcaceae,Streptococcus,Streptococcus salivarius_D,526.0,No,,,,,,,,,,,,,,,,,,,,,,,,,,,,,,,,,,,,,,,,,,,,,,,,,,,,,,,,,,,,,,,,,,,,,,,,,,,
ASMA-1986,Bacteria,Bacillota,Bacilli,Lactobacillales,Streptococcaceae,Streptococcus,Streptococcus salivarius_D,526.0,No,,,,,,,,,,,,,,,,,,,,,,,,,,,,,,,,,,,,,,,,,,,,,,,,,,,,,,,,,,,,,,,,,,,,,,,,,,,
ASMA-1987,Bacteria,Bacillota,Bacilli,Lactobacillales,Streptococcaceae,Streptococcus,Streptococcus salivarius_D,526.0,No,,,,,,,,,,,,,,,,,,,,,,,,,,,,,,,,,,,,,,,,,,,,,,,,,,,,,,,,,,,,,,,,,,,,,,,,,,,
ASMA-1988,Bacteria,Pseudomonadota,Gammaproteobacteria,Burkholderiales,Neisseriaceae,Neisseria,Neisseria perflava,522.0,No,,,,,,,,,,,,,,,,,,,,,,,,,,,,,,,,,,,,,,,,,,,,,,,,,,,,,,,,,,,,,,,,,,,,,,,,,,,
ASMA-1989,Bacteria,Pseudomonadota,Gammaproteobacteria,Burkholderiales,Neisseriaceae,Neisseria,Neisseria perflava,522.0,No,,,,,,,,,,,,,,,,,,,,,,,,,,,,,,,,,,,,,,,,,,,,,,,,,,,,,,,,,,,,,,,,,,,,,,,,,,,
ASMA-199,Bacteria,Pseudomonadota,Gammaproteobacteria,Pseudomonadales,Pseudomonadaceae,Pseudomonas,Pseudomonas aeruginosa,533.0,No,,,,,,,,,,,,,,,,,,,,,,,,,,,,,,,,,,,,,,,,,,,,,,,,,,,,,,,,,,,,,,,,,,,,,,,,,,,
ASMA-1990,Bacteria,Bacillota,Bacilli,Lactobacillales,Streptococcaceae,Streptococcus,Streptococcus sp001556435,353.0,Yes,,,,,,,,,,,,,,,,,,,,,,,,,,,,,,,,,,,,,,,,,,,,,,,,,,,,,,,,,,,,,,,,,,,,,,,,,,,
ASMA-1991,Bacteria,Bacillota,Bacilli,Lactobacillales,Streptococcaceae,Streptococcus,Streptococcus salivarius,308.0,No,,,,,,,,,,,,,,,,,,,,,,,,,,,,,,,,,,,,,,,,,,,,,,,,,,,,,,,,,,,,,,,,,,,,,,,,,,,
ASMA-1992,Bacteria,Bacillota,Bacilli,Lactobacillales,Streptococcaceae,Streptococcus,Streptococcus salivarius_D,526.0,No,,,,,,,,,,,,,,,,,,,,,,,,,,,,,,,,,,,,,,,,,,,,,,,,,,,,,,,,,,,,,,,,,,,,,,,,,,,
ASMA-1993,Bacteria,Bacillota,Bacilli,Lactobacillales,Streptococcaceae,Streptococcus,Streptococcus salivarius_D,526.0,No,,,,,,,,,,,,,,,,,,,,,,,,,,,,,,,,,,,,,,,,,,,,,,,,,,,,,,,,,,,,,,,,,,,,,,,,,,,
ASMA-1994,Bacteria,Bacillota,Bacilli,Lactobacillales,Streptococcaceae,Streptococcus,Streptococcus parasanguinis_F,36.0,Yes,1,0.0021333333333333204,,0.0021333333333333204,20251003.0,0.0946,,0.09433333333333334,,-0.001366666666666655,,-0.00163333333333332,,0.09656666666666668,,3.75,,,,,,no_growth,0,0.0,0,0.0,0,,,,,,0.0428,,20251003,0.0421,uncertain,0.0413,uncertain,0.043,uncertain,0.042,uncertain,0.0427,uncertain,0.0418,uncertain,0.0408,uncertain,0.0409,uncertain,0.0411,uncertain,0.0411,uncertain,0.0416,uncertain,0.0414,uncertain,0.0415,uncertain,0.0429,uncertain,0.0419,uncertain,0.0414,uncertain,0.0417,uncertain,0.0413,uncertain,0.0419,uncertain,0.0418,uncertain
ASMA-1995,Bacteria,Bacillota,Bacilli,Lactobacillales,Streptococcaceae,Streptococcus,Streptococcus sp001556435,353.0,No,,,,,,,,,,,,,,,,,,,,,,,,,,,,,,,,,,,,,,,,,,,,,,,,,,,,,,,,,,,,,,,,,,,,,,,,,,,
ASMA-1996,Bacteria,Bacillota,Bacilli,Lactobacillales,Streptococcaceae,Streptococcus,Streptococcus gordonii,359.0,No,,,,,,,,,,,,,,,,,,,,,,,,,,,,,,,,,,,,,,,,,,,,,,,,,,,,,,,,,,,,,,,,,,,,,,,,,,,
ASMA-1997,Bacteria,Bacillota,Bacilli,Lactobacillales,Streptococcaceae,Streptococcus,undetermined species,226.0,Yes,4,0.03619166666666666,0.04742022833723551,0.10706666666666663,20251017.0,0.09640833333333333,0.00304526043403698,0.09600833333333333,0.002813903970563951,-0.0007166666666666641,0.0008212456663169976,-0.0011166666666666616,0.0004533823502911802,0.0975,0.00294392028877595,14.375,18.235153778713613,,,,,no_growth,0,0.0,0,0.0,0,3,-7.375271149674627,1.4244967106802873,20251017,none,0.04335,0.0006244997998398394,20251017,0.04588333333333333,uncertain,0.04281666666666667,uncertain,0.04363333333333333,uncertain,0.0427,uncertain,0.042833333333333334,uncertain,0.0423,uncertain,0.04248333333333333,uncertain,0.04393333333333334,uncertain,0.042616666666666664,uncertain,0.04281666666666667,uncertain,0.04343333333333333,uncertain,0.04323333333333333,uncertain,0.04263333333333333,uncertain,0.043866666666666665,uncertain,0.0426,uncertain,0.04266666666666666,uncertain,0.042749999999999996,uncertain,0.04263333333333333,uncertain,0.04348333333333333,uncertain,0.0431,uncertain
ASMA-1998,Bacteria,Bacillota,Bacilli,Lactobacillales,Streptococcaceae,Streptococcus,undetermined species,227.0,No,,,,,,,,,,,,,,,,,,,,,,,,,,,,,,,,,,,,,,,,,,,,,,,,,,,,,,,,,,,,,,,,,,,,,,,,,,,
ASMA-1999,Bacteria,Bacillota,Bacilli,Lactobacillales,Streptococcaceae,Streptococcus,Streptococcus salivarius_D,526.0,No,,,,,,,,,,,,,,,,,,,,,,,,,,,,,,,,,,,,,,,,,,,,,,,,,,,,,,,,,,,,,,,,,,,,,,,,,,,
ASMA-2,Bacteria,Bacillota,Bacilli,Brevibacillales,Brevibacillaceae,Brevibacillus,Brevibacillus agri,37.0,Yes,7,0.17583809523809527,0.13456741038047787,0.3287,20251017.0,0.696695238095238,0.2514865119927622,0.4619095238095238,0.16113605214720667,0.5898476190476191,0.2474555656761977,0.35506190476190475,0.1572629861900022,0.7546047619047619,0.274632854194786,25.892857142857142,6.6768523379551485,0.08878236314685699,0.038361907179839436,0.9993037840769899,0.0013975098382015912,normal,6,85.71428571428571,6,85.71428571428571,7,3,-25.01382331674534,6.970576931402518,20251017,none,0.060444444444444446,0.004248235291568477,20251017,0.06399999999999999,uncertain,0.057633333333333335,uncertain,0.05153333333333334,uncertain,0.05502222222222222,uncertain,0.06212222222222222,uncertain,0.047455555555555556,uncertain,0.08024444444444445,utilizes,0.06178888888888889,uncertain,0.08121111111111111,utilizes,0.06544444444444446,uncertain,0.07542222222222222,utilizes,0.10215555555555557,utilizes,0.07051111111111111,utilizes,0.05131111111111111,uncertain,0.0656111111111111,uncertain,0.08628888888888887,utilizes,0.10501111111111111,utilizes,0.0762111111111111,utilizes,0.07425555555555556,utilizes,0.059033333333333333,uncertain
ASMA-20,Bacteria,Pseudomonadota,Gammaproteobacteria,Pseudomonadales,Pseudomonadaceae,Pseudomonas,Pseudomonas aeruginosa,536.0,No,,,,,,,,,,,,,,,,,,,,,,,,,,,,,,,,,,,,,,,,,,,,,,,,,,,,,,,,,,,,,,,,,,,,,,,,,,,
ASMA-200,Bacteria,Pseudomonadota,Gammaproteobacteria,Pseudomonadales,Pseudomonadaceae,Pseudomonas,Pseudomonas aeruginosa,533.0,No,,,,,,,,,,,,,,,,,,,,,,,,,,,,,,,,,,,,,,,,,,,,,,,,,,,,,,,,,,,,,,,,,,,,,,,,,,,
ASMA-2000,Bacteria,Bacillota,Bacilli,Lactobacillales,Streptococcaceae,Streptococcus,Streptococcus salivarius_D,526.0,No,,,,,,,,,,,,,,,,,,,,,,,,,,,,,,,,,,,,,,,,,,,,,,,,,,,,,,,,,,,,,,,,,,,,,,,,,,,
ASMA-2001,Bacteria,Bacillota,Bacilli,Lactobacillales,Streptococcaceae,Streptococcus,Streptococcus salivarius_D,526.0,No,,,,,,,,,,,,,,,,,,,,,,,,,,,,,,,,,,,,,,,,,,,,,,,,,,,,,,,,,,,,,,,,,,,,,,,,,,,
ASMA-2002,Bacteria,Bacillota,Bacilli,Staphylococcales,Gemellaceae,Gemella,Gemella sp900766305,,,1,0.003500000000000003,,0.003500000000000003,20251006.0,0.1423,,0.1249,,0.036000000000000004,,0.01859999999999999,,0.1602,,38.25,,0.015259593410945224,,0.9978227053334707,,no_growth,0,0.0,0,0.0,1,,,,,,0.0431,,20251006,0.0433,uncertain,0.0435,uncertain,0.0446,uncertain,0.0438,uncertain,0.043,uncertain,0.0438,uncertain,0.0426,uncertain,0.0422,uncertain,0.0436,uncertain,0.0429,uncertain,0.043,uncertain,0.0432,uncertain,0.043,uncertain,0.045,uncertain,0.0427,uncertain,0.0434,uncertain,0.0438,uncertain,0.0433,uncertain,0.0618,uncertain,0.0435,uncertain
ASMA-2003,Bacteria,Pseudomonadota,Gammaproteobacteria,Burkholderiales,Neisseriaceae,Neisseria,Neisseria perflava,522.0,No,,,,,,,,,,,,,,,,,,,,,,,,,,,,,,,,,,,,,,,,,,,,,,,,,,,,,,,,,,,,,,,,,,,,,,,,,,,
ASMA-2006,Bacteria,Bacillota,Bacilli,Lactobacillales,Streptococcaceae,Streptococcus,Streptococcus salivarius_D,526.0,No,,,,,,,,,,,,,,,,,,,,,,,,,,,,,,,,,,,,,,,,,,,,,,,,,,,,,,,,,,,,,,,,,,,,,,,,,,,
ASMA-2007,Bacteria,Bacillota,Bacilli,Lactobacillales,Streptococcaceae,Streptococcus,Streptococcus salivarius,308.0,No,,,,,,,,,,,,,,,,,,,,,,,,,,,,,,,,,,,,,,,,,,,,,,,,,,,,,,,,,,,,,,,,,,,,,,,,,,,
ASMA-2008,Bacteria,Pseudomonadota,Gammaproteobacteria,Burkholderiales,Neisseriaceae,Neisseria,Neisseria perflava,522.0,No,,,,,,,,,,,,,,,,,,,,,,,,,,,,,,,,,,,,,,,,,,,,,,,,,,,,,,,,,,,,,,,,,,,,,,,,,,,
ASMA-2009,Bacteria,Pseudomonadota,Gammaproteobacteria,Burkholderiales,Neisseriaceae,Neisseria,Neisseria perflava,522.0,No,,,,,,,,,,,,,,,,,,,,,,,,,,,,,,,,,,,,,,,,,,,,,,,,,,,,,,,,,,,,,,,,,,,,,,,,,,,
ASMA-201,Bacteria,Pseudomonadota,Gammaproteobacteria,Pseudomonadales,Pseudomonadaceae,Pseudomonas,Pseudomonas aeruginosa,533.0,No,,,,,,,,,,,,,,,,,,,,,,,,,,,,,,,,,,,,,,,,,,,,,,,,,,,,,,,,,,,,,,,,,,,,,,,,,,,
ASMA-2010,Bacteria,Bacillota,Bacilli,Lactobacillales,Streptococcaceae,Streptococcus,Streptococcus parasanguinis,364.0,No,,,,,,,,,,,,,,,,,,,,,,,,,,,,,,,,,,,,,,,,,,,,,,,,,,,,,,,,,,,,,,,,,,,,,,,,,,,
ASMA-2011,Bacteria,Bacillota,Bacilli,Staphylococcales,Gemellaceae,Gemella,Gemella sp900766305,,,1,0.003599999999999992,,0.003599999999999992,20251006.0,0.3134,,0.2942,,0.17520000000000002,,0.15600000000000003,,0.4335,,8.75,,0.07783186007576916,,0.9993592809402961,,no_growth,1,100.0,1,100.0,1,,,,,,0.0434,,20251006,0.0438,uncertain,0.0444,uncertain,0.0438,uncertain,0.0435,uncertain,0.0439,uncertain,0.0435,uncertain,0.0429,uncertain,0.0434,uncertain,0.0431,uncertain,0.0438,uncertain,0.0428,uncertain,0.0426,uncertain,0.0431,uncertain,0.0445,uncertain,0.0427,uncertain,0.0439,uncertain,0.043,uncertain,0.0427,uncertain,0.1198,uncertain,0.0431,uncertain
ASMA-2012,Bacteria,Bacillota,Bacilli,Lactobacillales,Streptococcaceae,Streptococcus,Streptococcus sp900766505,404.0,No,,,,,,,,,,,,,,,,,,,,,,,,,,,,,,,,,,,,,,,,,,,,,,,,,,,,,,,,,,,,,,,,,,,,,,,,,,,
ASMA-2013,Bacteria,Actinomycetota,Actinomycetes,Micrococcales,Micrococcaceae,Rothia,Rothia dentocariosa,365.0,No,,,,,,,,,,,,,,,,,,,,,,,,,,,,,,,,,,,,,,,,,,,,,,,,,,,,,,,,,,,,,,,,,,,,,,,,,,,
ASMA-2014,Bacteria,Actinomycetota,Actinomycetes,Micrococcales,Micrococcaceae,Rothia,Rothia dentocariosa,365.0,No,1,0.005733333333333299,,0.005733333333333299,20251003.0,0.0931,,0.0924,,-0.001166666666666663,,-0.0018666666666666692,,0.09426666666666667,,0.0,,,,,,no_growth,0,0.0,0,0.0,0,,,,,,0.0654,,20251003,0.0863,uncertain,0.0742,uncertain,0.068,uncertain,0.0634,uncertain,0.0688,uncertain,0.0638,uncertain,0.0674,uncertain,0.0705,uncertain,0.0726,uncertain,0.0697,uncertain,0.066,uncertain,0.07,uncertain,0.0697,uncertain,0.0704,uncertain,0.0676,uncertain,0.0599,uncertain,0.0709,uncertain,0.0708,uncertain,0.0789,uncertain,0.0616,uncertain
ASMA-2015,Bacteria,Bacillota,Bacilli,Lactobacillales,Streptococcaceae,Streptococcus,Streptococcus gordonii,359.0,No,,,,,,,,,,,,,,,,,,,,,,,,,,,,,,,,,,,,,,,,,,,,,,,,,,,,,,,,,,,,,,,,,,,,,,,,,,,
ASMA-2016,Bacteria,Pseudomonadota,Gammaproteobacteria,Burkholderiales,Neisseriaceae,Neisseria,Neisseria perflava,522.0,No,,,,,,,,,,,,,,,,,,,,,,,,,,,,,,,,,,,,,,,,,,,,,,,,,,,,,,,,,,,,,,,,,,,,,,,,,,,
ASMA-2017,Bacteria,Bacillota,Bacilli,Lactobacillales,Streptococcaceae,Streptococcus,Streptococcus parasanguinis,364.0,Yes,1,0.002766666666666681,,0.002766666666666681,20251003.0,0.09336666666666667,,0.09253333333333334,,-0.0009666666666666712,,-0.001799999999999996,,0.09433333333333334,,0.0,,,,,,no_growth,0,0.0,0,0.0,0,,,,,,0.0463,,20251003,0.0461,uncertain,0.0465,uncertain,0.0463,uncertain,0.0458,uncertain,0.0468,uncertain,0.0462,uncertain,0.0464,uncertain,0.0456,uncertain,0.0467,uncertain,0.0468,uncertain,0.0457,uncertain,0.0461,uncertain,0.0461,uncertain,0.0465,uncertain,0.0461,uncertain,0.0453,uncertain,0.0451,uncertain,0.0453,uncertain,0.0463,uncertain,0.046,uncertain
ASMA-2018,Bacteria,Bacillota,Bacilli,Lactobacillales,Streptococcaceae,Streptococcus,Streptococcus gordonii,359.0,No,,,,,,,,,,,,,,,,,,,,,,,,,,,,,,,,,,,,,,,,,,,,,,,,,,,,,,,,,,,,,,,,,,,,,,,,,,,
ASMA-2019,Bacteria,Bacillota,Bacilli,Lactobacillales,Aerococcaceae,Granulicatella,Granulicatella adiacens,,,,,,,,,,,,,,,,,,,,,,,,,,,,,,,,,,,,,,,,,,,,,,,,,,,,,,,,,,,,,,,,,,,,,,,,,,,,,
ASMA-202,Bacteria,Pseudomonadota,Gammaproteobacteria,Pseudomonadales,Pseudomonadaceae,Pseudomonas,Pseudomonas aeruginosa,533.0,No,,,,,,,,,,,,,,,,,,,,,,,,,,,,,,,,,,,,,,,,,,,,,,,,,,,,,,,,,,,,,,,,,,,,,,,,,,,
ASMA-2020,Bacteria,Bacillota,Bacilli,Lactobacillales,Streptococcaceae,Streptococcus,Streptococcus salivarius_D,526.0,No,,,,,,,,,,,,,,,,,,,,,,,,,,,,,,,,,,,,,,,,,,,,,,,,,,,,,,,,,,,,,,,,,,,,,,,,,,,
ASMA-2021,Bacteria,Bacillota,Bacilli,Lactobacillales,Streptococcaceae,Streptococcus,Streptococcus salivarius_D,526.0,No,,,,,,,,,,,,,,,,,,,,,,,,,,,,,,,,,,,,,,,,,,,,,,,,,,,,,,,,,,,,,,,,,,,,,,,,,,,
ASMA-2022,Bacteria,Bacillota,Bacilli,Lactobacillales,Streptococcaceae,Streptococcus,Streptococcus salivarius_D,526.0,No,,,,,,,,,,,,,,,,,,,,,,,,,,,,,,,,,,,,,,,,,,,,,,,,,,,,,,,,,,,,,,,,,,,,,,,,,,,
ASMA-2023,Bacteria,Bacillota,Bacilli,Lactobacillales,Streptococcaceae,Streptococcus,Streptococcus salivarius_D,526.0,No,,,,,,,,,,,,,,,,,,,,,,,,,,,,,,,,,,,,,,,,,,,,,,,,,,,,,,,,,,,,,,,,,,,,,,,,,,,
ASMA-2024,Bacteria,Bacillota,Bacilli,Lactobacillales,Streptococcaceae,Streptococcus,Streptococcus salivarius_D,526.0,No,,,,,,,,,,,,,,,,,,,,,,,,,,,,,,,,,,,,,,,,,,,,,,,,,,,,,,,,,,,,,,,,,,,,,,,,,,,
ASMA-2025,Bacteria,Bacillota,Bacilli,Lactobacillales,Streptococcaceae,Streptococcus,Streptococcus salivarius,308.0,Yes,1,0.0014666666666666578,,0.0014666666666666578,20251003.0,0.09576666666666667,,0.09473333333333334,,0.0004666666666666708,,-0.0005666666666666598,,0.0973,,4.5,,,,,,no_growth,0,0.0,0,0.0,0,,,,,,0.0438,,20251003,0.0442,uncertain,0.0447,uncertain,0.0442,uncertain,0.044,uncertain,0.044,uncertain,0.0437,uncertain,0.0435,uncertain,0.0435,uncertain,0.044,uncertain,0.0437,uncertain,0.0447,uncertain,0.0437,uncertain,0.044,uncertain,0.0445,uncertain,0.0438,uncertain,0.0438,uncertain,0.0451,uncertain,0.0441,uncertain,0.044,uncertain,0.0435,uncertain
ASMA-2026,Bacteria,Bacillota,Bacilli,Lactobacillales,Streptococcaceae,Streptococcus,Streptococcus salivarius_D,526.0,No,,,,,,,,,,,,,,,,,,,,,,,,,,,,,,,,,,,,,,,,,,,,,,,,,,,,,,,,,,,,,,,,,,,,,,,,,,,
ASMA-2027,Bacteria,Bacillota,Bacilli,Lactobacillales,Streptococcaceae,Streptococcus,Streptococcus salivarius_D,526.0,No,,,,,,,,,,,,,,,,,,,,,,,,,,,,,,,,,,,,,,,,,,,,,,,,,,,,,,,,,,,,,,,,,,,,,,,,,,,
ASMA-2028,Fungi,Saccharomycetes,Ascomycota,Saccharomycetales,Debaryomycetaceae,Candida,Candida albicans,,,,,,,,,,,,,,,,,,,,,,,,,,,,,,,,,,,,,,,,,,,,,,,,,,,,,,,,,,,,,,,,,,,,,,,,,,,,,
ASMA-2029,Fungi,Saccharomycetes,Ascomycota,Saccharomycetales,Debaryomycetaceae,Candida,Candida albicans,,,,,,,,,,,,,,,,,,,,,,,,,,,,,,,,,,,,,,,,,,,,,,,,,,,,,,,,,,,,,,,,,,,,,,,,,,,,,
ASMA-203,Bacteria,Pseudomonadota,Gammaproteobacteria,Pseudomonadales,Pseudomonadaceae,Pseudomonas,Pseudomonas aeruginosa,533.0,No,,,,,,,,,,,,,,,,,,,,,,,,,,,,,,,,,,,,,,,,,,,,,,,,,,,,,,,,,,,,,,,,,,,,,,,,,,,
ASMA-2030,Fungi,Saccharomycetes,Ascomycota,Saccharomycetales,Debaryomycetaceae,Candida,Candida albicans,,,,,,,,,,,,,,,,,,,,,,,,,,,,,,,,,,,,,,,,,,,,,,,,,,,,,,,,,,,,,,,,,,,,,,,,,,,,,
ASMA-2031,Fungi,Saccharomycetes,Ascomycota,Saccharomycetales,Debaryomycetaceae,Candida,Candida albicans,,,,,,,,,,,,,,,,,,,,,,,,,,,,,,,,,,,,,,,,,,,,,,,,,,,,,,,,,,,,,,,,,,,,,,,,,,,,,
ASMA-2032,Fungi,Saccharomycetes,Ascomycota,Saccharomycetales,Debaryomycetaceae,Candida,Candida albicans,,,,,,,,,,,,,,,,,,,,,,,,,,,,,,,,,,,,,,,,,,,,,,,,,,,,,,,,,,,,,,,,,,,,,,,,,,,,,
ASMA-2033,Fungi,Saccharomycetes,Ascomycota,Saccharomycetales,Debaryomycetaceae,Candida,Candida albicans,,,,,,,,,,,,,,,,,,,,,,,,,,,,,,,,,,,,,,,,,,,,,,,,,,,,,,,,,,,,,,,,,,,,,,,,,,,,,
ASMA-2034,Fungi,Saccharomycetes,Ascomycota,Saccharomycetales,Debaryomycetaceae,Candida,Candida albicans,,,,,,,,,,,,,,,,,,,,,,,,,,,,,,,,,,,,,,,,,,,,,,,,,,,,,,,,,,,,,,,,,,,,,,,,,,,,,
ASMA-2035,Fungi,Saccharomycetes,Ascomycota,Saccharomycetales,Debaryomycetaceae,Candida,Candida albicans,,,,,,,,,,,,,,,,,,,,,,,,,,,,,,,,,,,,,,,,,,,,,,,,,,,,,,,,,,,,,,,,,,,,,,,,,,,,,
ASMA-2036,Fungi,Saccharomycetes,Ascomycota,Saccharomycetales,Debaryomycetaceae,Candida,Candida albicans,,,,,,,,,,,,,,,,,,,,,,,,,,,,,,,,,,,,,,,,,,,,,,,,,,,,,,,,,,,,,,,,,,,,,,,,,,,,,
ASMA-2037,Fungi,Saccharomycetes,Ascomycota,Saccharomycetales,Debaryomycetaceae,Candida,Candida albicans,,,,,,,,,,,,,,,,,,,,,,,,,,,,,,,,,,,,,,,,,,,,,,,,,,,,,,,,,,,,,,,,,,,,,,,,,,,,,
ASMA-2038,Fungi,Saccharomycetes,Ascomycota,Saccharomycetales,Debaryomycetaceae,Candida,Candida albicans,,,,,,,,,,,,,,,,,,,,,,,,,,,,,,,,,,,,,,,,,,,,,,,,,,,,,,,,,,,,,,,,,,,,,,,,,,,,,
ASMA-2039,Fungi,Saccharomycetes,Ascomycota,Saccharomycetales,Debaryomycetaceae,Candida,Candida albicans,,,,,,,,,,,,,,,,,,,,,,,,,,,,,,,,,,,,,,,,,,,,,,,,,,,,,,,,,,,,,,,,,,,,,,,,,,,,,
ASMA-204,Bacteria,Pseudomonadota,Gammaproteobacteria,Pseudomonadales,Pseudomonadaceae,Pseudomonas,Pseudomonas aeruginosa,533.0,No,,,,,,,,,,,,,,,,,,,,,,,,,,,,,,,,,,,,,,,,,,,,,,,,,,,,,,,,,,,,,,,,,,,,,,,,,,,
ASMA-2040,Bacteria,Bacillota,Bacilli,Lactobacillales,Streptococcaceae,Streptococcus,undetermined species,38.0,Yes,1,0.0019666666666666582,,0.0019666666666666582,20251003.0,0.09186666666666667,,0.09133333333333334,,-0.00180000000000001,,-0.00233333333333334,,0.09366666666666668,,0.0,,,,,,no_growth,0,0.0,0,0.0,0,,,,,,0.0437,,20251003,0.0438,uncertain,0.0446,uncertain,0.0445,uncertain,0.0437,uncertain,0.0438,uncertain,0.0433,uncertain,0.0433,uncertain,0.0433,uncertain,0.0436,uncertain,0.0434,uncertain,0.0439,uncertain,0.044,uncertain,0.0441,uncertain,0.0442,uncertain,0.0438,uncertain,0.0437,uncertain,0.0439,uncertain,0.0437,uncertain,0.0443,uncertain,0.0441,uncertain
ASMA-2041,Fungi,Saccharomycetes,Ascomycota,Saccharomycetales,Debaryomycetaceae,Candida,Candida albicans,,,,,,,,,,,,,,,,,,,,,,,,,,,,,,,,,,,,,,,,,,,,,,,,,,,,,,,,,,,,,,,,,,,,,,,,,,,,,
ASMA-2042,Fungi,Saccharomycetes,Ascomycota,Saccharomycetales,Debaryomycetaceae,Candida,Candida albicans,,,,,,,,,,,,,,,,,,,,,,,,,,,,,,,,,,,,,,,,,,,,,,,,,,,,,,,,,,,,,,,,,,,,,,,,,,,,,
ASMA-2043,Fungi,Saccharomycetes,Ascomycota,Saccharomycetales,Debaryomycetaceae,Candida,Candida albicans,,,,,,,,,,,,,,,,,,,,,,,,,,,,,,,,,,,,,,,,,,,,,,,,,,,,,,,,,,,,,,,,,,,,,,,,,,,,,
ASMA-2044,Bacteria,Bacillota,Bacilli,Lactobacillales,Streptococcaceae,Streptococcus,Streptococcus sanguinis_H,482.0,No,,,,,,,,,,,,,,,,,,,,,,,,,,,,,,,,,,,,,,,,,,,,,,,,,,,,,,,,,,,,,,,,,,,,,,,,,,,
ASMA-2045,Bacteria,Bacillota,Bacilli,Lactobacillales,Streptococcaceae,Streptococcus,Streptococcus sanguinis_H,482.0,No,,,,,,,,,,,,,,,,,,,,,,,,,,,,,,,,,,,,,,,,,,,,,,,,,,,,,,,,,,,,,,,,,,,,,,,,,,,
ASMA-2046,Bacteria,Bacillota,Bacilli,Lactobacillales,Streptococcaceae,Streptococcus,Streptococcus sanguinis_H,482.0,Yes,,,,,,,,,,,,,,,,,,,,,,,,,,,,,,,,,,,,,,,,,,,,,,,,,,,,,,,,,,,,,,,,,,,,,,,,,,,
ASMA-2047,Bacteria,Bacillota,Bacilli,Lactobacillales,Streptococcaceae,Streptococcus,Streptococcus sanguinis_H,482.0,No,1,0.0018666666666666831,,0.0018666666666666831,20251003.0,0.1296333333333334,,0.1222666666666667,,0.015966666666666712,,0.00860000000000001,,0.1498333333333333,,20.0,,0.04093290621222069,,0.9969328938011386,,no_growth,0,0.0,0,0.0,1,,,,,,0.0435,,20251003,0.0432,uncertain,0.044,uncertain,0.0438,uncertain,0.0434,uncertain,0.0431,uncertain,0.0427,uncertain,0.0437,uncertain,0.0433,uncertain,0.0434,uncertain,0.0432,uncertain,0.0437,uncertain,0.0433,uncertain,0.0435,uncertain,0.0436,uncertain,0.0433,uncertain,0.0431,uncertain,0.0434,uncertain,0.0429,uncertain,0.0441,uncertain,0.0434,uncertain
ASMA-2048,Bacteria,Bacillota,Bacilli,Lactobacillales,Streptococcaceae,Streptococcus,Streptococcus sanguinis_H,482.0,No,,,,,,,,,,,,,,,,,,,,,,,,,,,,,,,,,,,,,,,,,,,,,,,,,,,,,,,,,,,,,,,,,,,,,,,,,,,
ASMA-2049,Bacteria,Bacillota,Bacilli,Lactobacillales,Streptococcaceae,Streptococcus,Streptococcus sanguinis_H,482.0,No,,,,,,,,,,,,,,,,,,,,,,,,,,,,,,,,,,,,,,,,,,,,,,,,,,,,,,,,,,,,,,,,,,,,,,,,,,,
ASMA-205,Bacteria,Pseudomonadota,Gammaproteobacteria,Pseudomonadales,Pseudomonadaceae,Pseudomonas,Pseudomonas aeruginosa,533.0,No,,,,,,,,,,,,,,,,,,,,,,,,,,,,,,,,,,,,,,,,,,,,,,,,,,,,,,,,,,,,,,,,,,,,,,,,,,,
ASMA-2050,Bacteria,Bacillota,Bacilli,Lactobacillales,Streptococcaceae,Streptococcus,Streptococcus sanguinis_H,482.0,No,,,,,,,,,,,,,,,,,,,,,,,,,,,,,,,,,,,,,,,,,,,,,,,,,,,,,,,,,,,,,,,,,,,,,,,,,,,
ASMA-2051,Bacteria,Pseudomonadota,Gammaproteobacteria,Pseudomonadales,Pseudomonadaceae,Pseudomonas,Pseudomonas aeruginosa,535.0,No,,,,,,,,,,,,,,,,,,,,,,,,,,,,,,,,,,,,,,,,,,,,,,,,,,,,,,,,,,,,,,,,,,,,,,,,,,,
ASMA-2052,Bacteria,Pseudomonadota,Gammaproteobacteria,Pseudomonadales,Pseudomonadaceae,Pseudomonas,Pseudomonas aeruginosa,535.0,No,,,,,,,,,,,,,,,,,,,,,,,,,,,,,,,,,,,,,,,,,,,,,,,,,,,,,,,,,,,,,,,,,,,,,,,,,,,
ASMA-2053,Bacteria,Pseudomonadota,Gammaproteobacteria,Pseudomonadales,Pseudomonadaceae,Pseudomonas,Pseudomonas aeruginosa,535.0,No,,,,,,,,,,,,,,,,,,,,,,,,,,,,,,,,,,,,,,,,,,,,,,,,,,,,,,,,,,,,,,,,,,,,,,,,,,,
ASMA-2054,Bacteria,Actinomycetota,Actinomycetes,Micrococcales,Micrococcaceae,Rothia,Rothia dentocariosa,496.0,No,,,,,,,,,,,,,,,,,,,,,,,,,,,,,,,,,,,,,,,,,,,,,,,,,,,,,,,,,,,,,,,,,,,,,,,,,,,
ASMA-2055,Bacteria,Bacillota,Bacilli,Lactobacillales,Streptococcaceae,Streptococcus,Streptococcus sanguinis_H,482.0,No,,,,,,,,,,,,,,,,,,,,,,,,,,,,,,,,,,,,,,,,,,,,,,,,,,,,,,,,,,,,,,,,,,,,,,,,,,,
ASMA-2056,Bacteria,Pseudomonadota,Gammaproteobacteria,Pseudomonadales,Pseudomonadaceae,Pseudomonas,Pseudomonas aeruginosa,535.0,No,,,,,,,,,,,,,,,,,,,,,,,,,,,,,,,,,,,,,,,,,,,,,,,,,,,,,,,,,,,,,,,,,,,,,,,,,,,
ASMA-2057,Bacteria,Bacillota,Bacilli,Lactobacillales,Streptococcaceae,Streptococcus,Streptococcus sanguinis_H,482.0,No,,,,,,,,,,,,,,,,,,,,,,,,,,,,,,,,,,,,,,,,,,,,,,,,,,,,,,,,,,,,,,,,,,,,,,,,,,,
ASMA-2058,Bacteria,Bacillota,Bacilli,Lactobacillales,Streptococcaceae,Streptococcus,Streptococcus sanguinis_H,482.0,No,,,,,,,,,,,,,,,,,,,,,,,,,,,,,,,,,,,,,,,,,,,,,,,,,,,,,,,,,,,,,,,,,,,,,,,,,,,
ASMA-2059,Bacteria,Bacillota,Bacilli,Lactobacillales,Streptococcaceae,Streptococcus,Streptococcus salivarius,483.0,No,,,,,,,,,,,,,,,,,,,,,,,,,,,,,,,,,,,,,,,,,,,,,,,,,,,,,,,,,,,,,,,,,,,,,,,,,,,
ASMA-206,Bacteria,Pseudomonadota,Gammaproteobacteria,Pseudomonadales,Pseudomonadaceae,Pseudomonas,Pseudomonas aeruginosa,533.0,No,,,,,,,,,,,,,,,,,,,,,,,,,,,,,,,,,,,,,,,,,,,,,,,,,,,,,,,,,,,,,,,,,,,,,,,,,,,
ASMA-2060,Bacteria,Bacillota,Bacilli,Lactobacillales,Streptococcaceae,Streptococcus,Streptococcus salivarius,483.0,No,1,0.002633333333333321,,0.002633333333333321,20251003.0,0.09796666666666666,,0.09763333333333334,,0.0005666666666666598,,0.0002333333333333354,,0.1067,,13.25,,0.006984495002686412,,0.9970477773705144,,no_growth,0,0.0,0,0.0,1,,,,,,0.0447,,20251003,0.0439,uncertain,0.0446,uncertain,0.0459,uncertain,0.0446,uncertain,0.0443,uncertain,0.0446,uncertain,0.0447,uncertain,0.0457,uncertain,0.0454,uncertain,0.0441,uncertain,0.0453,uncertain,0.0449,uncertain,0.045,uncertain,0.0451,uncertain,0.0457,uncertain,0.0451,uncertain,0.0449,uncertain,0.0451,uncertain,0.0459,uncertain,0.0451,uncertain
ASMA-2061,Bacteria,Bacillota,Bacilli,Lactobacillales,Streptococcaceae,Streptococcus,Streptococcus salivarius,483.0,No,,,,,,,,,,,,,,,,,,,,,,,,,,,,,,,,,,,,,,,,,,,,,,,,,,,,,,,,,,,,,,,,,,,,,,,,,,,
ASMA-2062,Bacteria,Bacillota,Bacilli,Lactobacillales,Streptococcaceae,Streptococcus,Streptococcus salivarius,483.0,No,,,,,,,,,,,,,,,,,,,,,,,,,,,,,,,,,,,,,,,,,,,,,,,,,,,,,,,,,,,,,,,,,,,,,,,,,,,
ASMA-2063,Bacteria,Pseudomonadota,Gammaproteobacteria,Pseudomonadales,Pseudomonadaceae,Pseudomonas,Pseudomonas aeruginosa,535.0,No,,,,,,,,,,,,,,,,,,,,,,,,,,,,,,,,,,,,,,,,,,,,,,,,,,,,,,,,,,,,,,,,,,,,,,,,,,,
ASMA-2064,Bacteria,Pseudomonadota,Gammaproteobacteria,Pseudomonadales,Pseudomonadaceae,Pseudomonas,Pseudomonas aeruginosa,535.0,No,,,,,,,,,,,,,,,,,,,,,,,,,,,,,,,,,,,,,,,,,,,,,,,,,,,,,,,,,,,,,,,,,,,,,,,,,,,
ASMA-2065,Bacteria,Pseudomonadota,Gammaproteobacteria,Pseudomonadales,Pseudomonadaceae,Pseudomonas,Pseudomonas aeruginosa,535.0,No,,,,,,,,,,,,,,,,,,,,,,,,,,,,,,,,,,,,,,,,,,,,,,,,,,,,,,,,,,,,,,,,,,,,,,,,,,,
ASMA-2066,Bacteria,Pseudomonadota,Gammaproteobacteria,Pseudomonadales,Pseudomonadaceae,Pseudomonas,Pseudomonas aeruginosa,535.0,No,,,,,,,,,,,,,,,,,,,,,,,,,,,,,,,,,,,,,,,,,,,,,,,,,,,,,,,,,,,,,,,,,,,,,,,,,,,
ASMA-2068,Bacteria,Pseudomonadota,Gammaproteobacteria,Pseudomonadales,Pseudomonadaceae,Pseudomonas,Pseudomonas aeruginosa,535.0,No,,,,,,,,,,,,,,,,,,,,,,,,,,,,,,,,,,,,,,,,,,,,,,,,,,,,,,,,,,,,,,,,,,,,,,,,,,,
ASMA-2069,Bacteria,Pseudomonadota,Gammaproteobacteria,Pseudomonadales,Pseudomonadaceae,Pseudomonas,Pseudomonas aeruginosa,535.0,No,,,,,,,,,,,,,,,,,,,,,,,,,,,,,,,,,,,,,,,,,,,,,,,,,,,,,,,,,,,,,,,,,,,,,,,,,,,
ASMA-207,Fungi,Saccharomycetes,Ascomycota,Saccharomycetales,Debaryomycetaceae,Candida,Candida albicans,,,,,,,,,,,,,,,,,,,,,,,,,,,,,,,,,,,,,,,,,,,,,,,,,,,,,,,,,,,,,,,,,,,,,,,,,,,,,
ASMA-2070,Bacteria,Bacillota,Bacilli,Lactobacillales,Streptococcaceae,Streptococcus,Streptococcus sanguinis_H,482.0,No,,,,,,,,,,,,,,,,,,,,,,,,,,,,,,,,,,,,,,,,,,,,,,,,,,,,,,,,,,,,,,,,,,,,,,,,,,,
ASMA-2071,Bacteria,Bacillota,Bacilli,Lactobacillales,Streptococcaceae,Streptococcus,Streptococcus sp900766505,309.0,No,1,0.002433333333333343,,0.002433333333333343,20251003.0,0.09886666666666666,,0.1082666666666667,,0.0021999999999999797,,0.011600000000000027,,0.1112333333333333,,47.75,,0.005632776243335933,,0.982526771532505,,no_growth,0,0.0,0,0.0,1,,,,,,0.0429,,20251003,0.0452,uncertain,0.0423,uncertain,0.043,uncertain,0.0426,uncertain,0.0427,uncertain,0.0425,uncertain,0.0428,uncertain,0.0426,uncertain,0.0428,uncertain,0.0424,uncertain,0.0432,uncertain,0.0429,uncertain,0.0427,uncertain,0.0437,uncertain,0.0428,uncertain,0.0426,uncertain,0.0426,uncertain,0.0427,uncertain,0.0426,uncertain,0.0428,uncertain
ASMA-2072,Bacteria,Actinomycetota,Actinomycetes,Micrococcales,Micrococcaceae,Rothia,Rothia dentocariosa,496.0,No,,,,,,,,,,,,,,,,,,,,,,,,,,,,,,,,,,,,,,,,,,,,,,,,,,,,,,,,,,,,,,,,,,,,,,,,,,,
ASMA-2073,Bacteria,Actinomycetota,Actinomycetes,Micrococcales,Micrococcaceae,Rothia,Rothia dentocariosa,496.0,No,,,,,,,,,,,,,,,,,,,,,,,,,,,,,,,,,,,,,,,,,,,,,,,,,,,,,,,,,,,,,,,,,,,,,,,,,,,
ASMA-2074,Bacteria,Actinomycetota,Actinomycetes,Micrococcales,Micrococcaceae,Rothia,Rothia dentocariosa,496.0,Yes,1,0.040499999999999994,,0.040499999999999994,20251003.0,0.09303333333333334,,0.09273333333333333,,-0.0018333333333333257,,-0.0021333333333333343,,0.09486666666666667,,0.0,,,,,,no_growth,0,0.0,0,0.0,0,,,,,,0.067,,20251003,0.0775,uncertain,0.0601,uncertain,0.064,uncertain,0.0655,uncertain,0.0602,uncertain,0.0636,uncertain,0.0576,uncertain,0.0699,uncertain,0.0768,uncertain,0.064,uncertain,0.066,uncertain,0.0601,uncertain,0.0649,uncertain,0.0672,uncertain,0.07,uncertain,0.0669,uncertain,0.0683,uncertain,0.0737,uncertain,0.0695,uncertain,0.068,uncertain
ASMA-2075,Bacteria,Actinomycetota,Actinomycetes,Micrococcales,Micrococcaceae,Rothia,Rothia dentocariosa,496.0,No,,,,,,,,,,,,,,,,,,,,,,,,,,,,,,,,,,,,,,,,,,,,,,,,,,,,,,,,,,,,,,,,,,,,,,,,,,,
ASMA-2076,Bacteria,Bacillota,Bacilli,Lactobacillales,Streptococcaceae,Streptococcus,Streptococcus salivarius,483.0,No,,,,,,,,,,,,,,,,,,,,,,,,,,,,,,,,,,,,,,,,,,,,,,,,,,,,,,,,,,,,,,,,,,,,,,,,,,,
ASMA-2077,Bacteria,Bacillota,Bacilli,Lactobacillales,Streptococcaceae,Streptococcus,Streptococcus salivarius,483.0,No,,,,,,,,,,,,,,,,,,,,,,,,,,,,,,,,,,,,,,,,,,,,,,,,,,,,,,,,,,,,,,,,,,,,,,,,,,,
ASMA-2078,Bacteria,Bacillota,Bacilli,Lactobacillales,Streptococcaceae,Streptococcus,Streptococcus salivarius,483.0,No,,,,,,,,,,,,,,,,,,,,,,,,,,,,,,,,,,,,,,,,,,,,,,,,,,,,,,,,,,,,,,,,,,,,,,,,,,,
ASMA-2079,Bacteria,Actinomycetota,Actinomycetes,Micrococcales,Micrococcaceae,Rothia,Rothia dentocariosa,496.0,No,,,,,,,,,,,,,,,,,,,,,,,,,,,,,,,,,,,,,,,,,,,,,,,,,,,,,,,,,,,,,,,,,,,,,,,,,,,
ASMA-208,Bacteria,Pseudomonadota,Gammaproteobacteria,Pseudomonadales,Pseudomonadaceae,Pseudomonas,Pseudomonas aeruginosa,533.0,No,,,,,,,,,,,,,,,,,,,,,,,,,,,,,,,,,,,,,,,,,,,,,,,,,,,,,,,,,,,,,,,,,,,,,,,,,,,
ASMA-2080,Bacteria,Bacillota,Bacilli,Lactobacillales,Streptococcaceae,Streptococcus,Streptococcus salivarius,483.0,Yes,,,,,,,,,,,,,,,,,,,,,,,,,,,,,,,,,,,,,,,,,,,,,,,,,,,,,,,,,,,,,,,,,,,,,,,,,,,
ASMA-2081,Bacteria,Bacillota,Bacilli,Lactobacillales,Enterococcaceae,Enterococcus,Enterococcus faecalis,428.0,No,,,,,,,,,,,,,,,,,,,,,,,,,,,,,,,,,,,,,,,,,,,,,,,,,,,,,,,,,,,,,,,,,,,,,,,,,,,
ASMA-2082,Bacteria,Bacillota,Bacilli,Lactobacillales,Enterococcaceae,Enterococcus,Enterococcus faecalis,428.0,Yes,1,0.010900000000000007,,0.010900000000000007,20251003.0,0.5128666666666667,,0.3634333333333333,,0.4088666666666667,,0.2594333333333333,,0.5203,,25.5,,0.11141704641226184,,0.9998788195711428,,no_growth,1,100.0,1,100.0,1,,,,,,0.0447,,20251003,0.0448,uncertain,0.0444,uncertain,0.0448,uncertain,0.0441,uncertain,0.0451,uncertain,0.0447,uncertain,0.0443,uncertain,0.0449,uncertain,0.0439,uncertain,0.0454,uncertain,0.0449,uncertain,0.0484,uncertain,0.0461,uncertain,0.0458,uncertain,0.0455,uncertain,0.0439,uncertain,0.0447,uncertain,0.0453,uncertain,0.0467,uncertain,0.0464,uncertain
ASMA-2083,Bacteria,Bacillota,Bacilli,Lactobacillales,Enterococcaceae,Enterococcus,Enterococcus faecalis,428.0,No,,,,,,,,,,,,,,,,,,,,,,,,,,,,,,,,,,,,,,,,,,,,,,,,,,,,,,,,,,,,,,,,,,,,,,,,,,,
ASMA-2084,Bacteria,Bacillota,Bacilli,Lactobacillales,Enterococcaceae,Enterococcus,Enterococcus faecalis,428.0,No,,,,,,,,,,,,,,,,,,,,,,,,,,,,,,,,,,,,,,,,,,,,,,,,,,,,,,,,,,,,,,,,,,,,,,,,,,,
ASMA-2085,Bacteria,Bacillota,Bacilli,Lactobacillales,Streptococcaceae,Streptococcus,Streptococcus infantis_I,228.0,No,,,,,,,,,,,,,,,,,,,,,,,,,,,,,,,,,,,,,,,,,,,,,,,,,,,,,,,,,,,,,,,,,,,,,,,,,,,
ASMA-2086,Bacteria,Bacillota,Bacilli,Lactobacillales,Streptococcaceae,Streptococcus,Streptococcus infantis_I,228.0,Yes,,,,,,,,,,,,,,,,,,,,,,,,,,,,,,,,,,,,,,,,,,,,,,,,,,,,,,,,,,,,,,,,,,,,,,,,,,,
ASMA-2087,Bacteria,Pseudomonadota,Gammaproteobacteria,Burkholderiales,Neisseriaceae,Neisseria,Neisseria perflava,39.0,Yes,,,,,,,,,,,,,,,,,,,,,,,,,,,,,,,,,,,,,,,,,,,,,,,,,,,,,,,,,,,,,,,,,,,,,,,,,,,
ASMA-2088,Bacteria,Bacillota,Bacilli,Lactobacillales,Streptococcaceae,Streptococcus,Streptococcus infantis_M,229.0,No,,,,,,,,,,,,,,,,,,,,,,,,,,,,,,,,,,,,,,,,,,,,,,,,,,,,,,,,,,,,,,,,,,,,,,,,,,,
ASMA-2089,Bacteria,Bacillota,Bacilli,Lactobacillales,Streptococcaceae,Streptococcus,Streptococcus infantis_M,229.0,Yes,,,,,,,,,,,,,,,,,,,,,,,,,,,,,,,,,,,,,,,,,,,,,,,,,,,,,,,,,,,,,,,,,,,,,,,,,,,
ASMA-209,Bacteria,Pseudomonadota,Gammaproteobacteria,Pseudomonadales,Pseudomonadaceae,Pseudomonas,Pseudomonas aeruginosa,533.0,No,,,,,,,,,,,,,,,,,,,,,,,,,,,,,,,,,,,,,,,,,,,,,,,,,,,,,,,,,,,,,,,,,,,,,,,,,,,
ASMA-2090,Bacteria,Bacillota,Bacilli,Lactobacillales,Streptococcaceae,Streptococcus,Streptococcus sp000688775,430.0,No,,,,,,,,,,,,,,,,,,,,,,,,,,,,,,,,,,,,,,,,,,,,,,,,,,,,,,,,,,,,,,,,,,,,,,,,,,,
ASMA-2091,Bacteria,Bacillota,Bacilli,Lactobacillales,Streptococcaceae,Streptococcus,Streptococcus oralis_BV,430.0,No,,,,,,,,,,,,,,,,,,,,,,,,,,,,,,,,,,,,,,,,,,,,,,,,,,,,,,,,,,,,,,,,,,,,,,,,,,,
ASMA-2092,Bacteria,Bacillota,Bacilli,Lactobacillales,Streptococcaceae,Streptococcus,Streptococcus oralis_BY,430.0,No,,,,,,,,,,,,,,,,,,,,,,,,,,,,,,,,,,,,,,,,,,,,,,,,,,,,,,,,,,,,,,,,,,,,,,,,,,,
ASMA-2093,Bacteria,Actinomycetota,Actinomycetes,Mycobacteriales,Mycobacteriaceae,Corynebacterium,Corynebacterium durum,40.0,Yes,1,0.01596666666666663,,0.01596666666666663,20251003.0,0.0911,,0.09036666666666666,,-0.001533333333333331,,-0.002266666666666667,,0.09263333333333333,,0.0,,,,,,no_growth,0,0.0,0,0.0,0,,,,,,0.0426,,20251003,0.052,uncertain,0.0461,uncertain,0.0456,uncertain,0.0453,uncertain,0.0457,uncertain,0.0462,uncertain,0.0482,uncertain,0.0451,uncertain,0.0457,uncertain,0.0453,uncertain,0.053,uncertain,0.0474,uncertain,0.0453,uncertain,0.0458,uncertain,0.044,uncertain,0.0517,uncertain,0.046,uncertain,0.0451,uncertain,0.0459,uncertain,0.0449,uncertain
ASMA-2094,Bacteria,Pseudomonadota,Gammaproteobacteria,Burkholderiales,Neisseriaceae,Neisseria,Neisseria flavescens_B,504.0,No,,,,,,,,,,,,,,,,,,,,,,,,,,,,,,,,,,,,,,,,,,,,,,,,,,,,,,,,,,,,,,,,,,,,,,,,,,,
ASMA-2095,Bacteria,Pseudomonadota,Gammaproteobacteria,Burkholderiales,Neisseriaceae,Neisseria,Neisseria flavescens_B,504.0,No,,,,,,,,,,,,,,,,,,,,,,,,,,,,,,,,,,,,,,,,,,,,,,,,,,,,,,,,,,,,,,,,,,,,,,,,,,,
ASMA-2096,Bacteria,Pseudomonadota,Gammaproteobacteria,Burkholderiales,Neisseriaceae,Neisseria,Neisseria sp001809325,468.0,No,,,,,,,,,,,,,,,,,,,,,,,,,,,,,,,,,,,,,,,,,,,,,,,,,,,,,,,,,,,,,,,,,,,,,,,,,,,
ASMA-2097,Bacteria,Pseudomonadota,Gammaproteobacteria,Burkholderiales,Neisseriaceae,Neisseria,Neisseria sp001809325,468.0,No,,,,,,,,,,,,,,,,,,,,,,,,,,,,,,,,,,,,,,,,,,,,,,,,,,,,,,,,,,,,,,,,,,,,,,,,,,,
ASMA-21,Bacteria,Pseudomonadota,Gammaproteobacteria,Pseudomonadales,Pseudomonadaceae,Pseudomonas,Pseudomonas aeruginosa,536.0,No,,,,,,,,,,,,,,,,,,,,,,,,,,,,,,,,,,,,,,,,,,,,,,,,,,,,,,,,,,,,,,,,,,,,,,,,,,,
ASMA-210,Bacteria,Pseudomonadota,Gammaproteobacteria,Pseudomonadales,Pseudomonadaceae,Pseudomonas,Pseudomonas aeruginosa,533.0,No,,,,,,,,,,,,,,,,,,,,,,,,,,,,,,,,,,,,,,,,,,,,,,,,,,,,,,,,,,,,,,,,,,,,,,,,,,,
ASMA-2100,Bacteria,Bacillota,Bacilli,Lactobacillales,Streptococcaceae,Streptococcus,Streptococcus constellatus,41.0,Yes,1,0.0022999999999999965,,0.0022999999999999965,20251003.0,0.2150666666666667,,0.2014333333333334,,0.09960000000000001,,0.0859666666666667,,0.2174,,20.25,,0.028542515728231507,,0.9965816934707358,,no_growth,0,0.0,0,0.0,1,,,,,,0.0442,,20251003,0.0456,uncertain,0.0441,uncertain,0.0441,uncertain,0.0432,uncertain,0.0435,uncertain,0.0433,uncertain,0.0429,uncertain,0.043,uncertain,0.0429,uncertain,0.0428,uncertain,0.0437,uncertain,0.043,uncertain,0.0434,uncertain,0.0441,uncertain,0.0432,uncertain,0.0432,uncertain,0.0428,uncertain,0.0434,uncertain,0.0435,uncertain,0.0437,uncertain
ASMA-2101,Bacteria,Pseudomonadota,Gammaproteobacteria,Burkholderiales,Neisseriaceae,Neisseria,Neisseria perflava,522.0,No,,,,,,,,,,,,,,,,,,,,,,,,,,,,,,,,,,,,,,,,,,,,,,,,,,,,,,,,,,,,,,,,,,,,,,,,,,,
ASMA-2102,Bacteria,Bacillota,Bacilli,Lactobacillales,Streptococcaceae,Streptococcus,Streptococcus infantis_B,42.0,Yes,,,,,,,,,,,,,,,,,,,,,,,,,,,,,,,,,,,,,,,,,,,,,,,,,,,,,,,,,,,,,,,,,,,,,,,,,,,
ASMA-2103,Bacteria,Bacillota,Bacilli,Lactobacillales,Streptococcaceae,Streptococcus,Streptococcus gordonii,43.0,Yes,,,,,,,,,,,,,,,,,,,,,,,,,,,,,,,,,,,,,,,,,,,,,,,,,,,,,,,,,,,,,,,,,,,,,,,,,,,
ASMA-2104,Bacteria,Bacillota,Bacilli,Lactobacillales,Streptococcaceae,Streptococcus,Streptococcus dentisani,363.0,No,,,,,,,,,,,,,,,,,,,,,,,,,,,,,,,,,,,,,,,,,,,,,,,,,,,,,,,,,,,,,,,,,,,,,,,,,,,
ASMA-2105,Bacteria,Bacillota,Bacilli,Lactobacillales,Streptococcaceae,Streptococcus,Streptococcus mitis_BZ,408.0,Yes,,,,,,,,,,,,,,,,,,,,,,,,,,,,,,,,,,,,,,,,,,,,,,,,,,,,,,,,,,,,,,,,,,,,,,,,,,,
ASMA-2106,Bacteria,Bacillota,Bacilli,Lactobacillales,Streptococcaceae,Streptococcus,Streptococcus mitis,408.0,No,,,,,,,,,,,,,,,,,,,,,,,,,,,,,,,,,,,,,,,,,,,,,,,,,,,,,,,,,,,,,,,,,,,,,,,,,,,
ASMA-2107,Bacteria,Bacillota,Bacilli,Lactobacillales,Streptococcaceae,Streptococcus,Streptococcus mitis_BZ,408.0,No,,,,,,,,,,,,,,,,,,,,,,,,,,,,,,,,,,,,,,,,,,,,,,,,,,,,,,,,,,,,,,,,,,,,,,,,,,,
ASMA-2108,Bacteria,Bacillota,Bacilli,Lactobacillales,Streptococcaceae,Streptococcus,Streptococcus mitis_BZ,408.0,No,,,,,,,,,,,,,,,,,,,,,,,,,,,,,,,,,,,,,,,,,,,,,,,,,,,,,,,,,,,,,,,,,,,,,,,,,,,
ASMA-2109,Bacteria,Bacillota,Bacilli,Lactobacillales,Streptococcaceae,Streptococcus,Streptococcus mitis_BZ,408.0,No,,,,,,,,,,,,,,,,,,,,,,,,,,,,,,,,,,,,,,,,,,,,,,,,,,,,,,,,,,,,,,,,,,,,,,,,,,,
ASMA-211,Bacteria,Pseudomonadota,Gammaproteobacteria,Pseudomonadales,Pseudomonadaceae,Pseudomonas,Pseudomonas aeruginosa,533.0,No,,,,,,,,,,,,,,,,,,,,,,,,,,,,,,,,,,,,,,,,,,,,,,,,,,,,,,,,,,,,,,,,,,,,,,,,,,,
ASMA-2110,Bacteria,Bacillota,Bacilli,Lactobacillales,Streptococcaceae,Streptococcus,Streptococcus salivarius_D,526.0,No,,,,,,,,,,,,,,,,,,,,,,,,,,,,,,,,,,,,,,,,,,,,,,,,,,,,,,,,,,,,,,,,,,,,,,,,,,,
ASMA-2112,Bacteria,Bacillota,Bacilli,Lactobacillales,Streptococcaceae,Streptococcus,Streptococcus dentisani,363.0,Yes,,,,,,,,,,,,,,,,,,,,,,,,,,,,,,,,,,,,,,,,,,,,,,,,,,,,,,,,,,,,,,,,,,,,,,,,,,,
ASMA-2113,Bacteria,Bacillota,Bacilli,Lactobacillales,Streptococcaceae,Streptococcus,undetermined species,310.0,Yes,,,,,,,,,,,,,,,,,,,,,,,,,,,,,,,,,,,,,,,,,,,,,,,,,,,,,,,,,,,,,,,,,,,,,,,,,,,
ASMA-2115,Bacteria,Bacillota,Bacilli,Lactobacillales,Streptococcaceae,Streptococcus,undetermined species,310.0,No,,,,,,,,,,,,,,,,,,,,,,,,,,,,,,,,,,,,,,,,,,,,,,,,,,,,,,,,,,,,,,,,,,,,,,,,,,,
ASMA-2116,Bacteria,Actinomycetota,Actinomycetes,Micrococcales,Micrococcaceae,Rothia,Rothia dentocariosa,496.0,No,,,,,,,,,,,,,,,,,,,,,,,,,,,,,,,,,,,,,,,,,,,,,,,,,,,,,,,,,,,,,,,,,,,,,,,,,,,
ASMA-2117,Bacteria,Actinomycetota,Actinomycetes,Micrococcales,Micrococcaceae,Rothia,Rothia dentocariosa,496.0,No,,,,,,,,,,,,,,,,,,,,,,,,,,,,,,,,,,,,,,,,,,,,,,,,,,,,,,,,,,,,,,,,,,,,,,,,,,,
ASMA-2118,Bacteria,Bacillota,Bacilli,Lactobacillales,Streptococcaceae,Streptococcus,Streptococcus oralis_S,311.0,No,,,,,,,,,,,,,,,,,,,,,,,,,,,,,,,,,,,,,,,,,,,,,,,,,,,,,,,,,,,,,,,,,,,,,,,,,,,
ASMA-2119,Bacteria,Bacillota,Bacilli,Lactobacillales,Streptococcaceae,Streptococcus,Streptococcus oralis_S,311.0,Yes,,,,,,,,,,,,,,,,,,,,,,,,,,,,,,,,,,,,,,,,,,,,,,,,,,,,,,,,,,,,,,,,,,,,,,,,,,,
ASMA-212,Bacteria,Pseudomonadota,Gammaproteobacteria,Pseudomonadales,Pseudomonadaceae,Pseudomonas,Pseudomonas aeruginosa,533.0,No,,,,,,,,,,,,,,,,,,,,,,,,,,,,,,,,,,,,,,,,,,,,,,,,,,,,,,,,,,,,,,,,,,,,,,,,,,,
ASMA-2120,Bacteria,Bacillota,Bacilli,Lactobacillales,Streptococcaceae,Streptococcus,Streptococcus oralis_S,311.0,No,,,,,,,,,,,,,,,,,,,,,,,,,,,,,,,,,,,,,,,,,,,,,,,,,,,,,,,,,,,,,,,,,,,,,,,,,,,
ASMA-2121,Bacteria,Bacillota,Bacilli,Lactobacillales,Streptococcaceae,Streptococcus,Streptococcus salivarius,483.0,No,,,,,,,,,,,,,,,,,,,,,,,,,,,,,,,,,,,,,,,,,,,,,,,,,,,,,,,,,,,,,,,,,,,,,,,,,,,
ASMA-2122,Bacteria,Bacillota,Bacilli,Lactobacillales,Streptococcaceae,Streptococcus,undetermined species,310.0,No,,,,,,,,,,,,,,,,,,,,,,,,,,,,,,,,,,,,,,,,,,,,,,,,,,,,,,,,,,,,,,,,,,,,,,,,,,,
ASMA-2125,Bacteria,Pseudomonadota,Gammaproteobacteria,Pseudomonadales,Moraxellaceae,Acinetobacter,Acinetobacter ursingii,222.0,No,4,0.38615,0.024640008116881783,0.4163,20251010.0,0.24775833333333333,0.10383154225314514,0.22023333333333334,0.08598076012173368,0.1439,0.09654826081637446,0.116375,0.07872379458164687,0.25009166666666666,0.10481985737444982,16.125,10.235762469563923,0.04013273344588158,0.010529104584078927,0.9986685589345163,0.0005785737389843694,robust,3,75.0,3,75.0,3,3,38.33524733103654,10.613034965171098,20251010,weak,0.060983333333333334,0.004277070648625447,20251010,0.06878333333333334,uncertain,0.13463333333333333,utilizes,0.04735,uncertain,0.04738333333333333,uncertain,0.11493333333333333,utilizes,0.052199999999999996,uncertain,0.06546666666666667,uncertain,0.05748333333333333,uncertain,0.05301666666666666,uncertain,0.058083333333333334,uncertain,0.21111666666666667,utilizes,0.20556666666666668,utilizes,0.05103333333333333,uncertain,0.06555,uncertain,0.05355,uncertain,0.05053333333333333,uncertain,0.04953333333333333,uncertain,0.0523,uncertain,0.0542,uncertain,0.051383333333333336,uncertain
ASMA-2126,Fungi,Saccharomycetes,Ascomycota,Saccharomycetales,Debaryomycetaceae,Candida,Candida albicans,,,,,,,,,,,,,,,,,,,,,,,,,,,,,,,,,,,,,,,,,,,,,,,,,,,,,,,,,,,,,,,,,,,,,,,,,,,,,
ASMA-2127,Fungi,Saccharomycetes,Ascomycota,Saccharomycetales,Debaryomycetaceae,Candida,Candida albicans,,,,,,,,,,,,,,,,,,,,,,,,,,,,,,,,,,,,,,,,,,,,,,,,,,,,,,,,,,,,,,,,,,,,,,,,,,,,,
ASMA-2128,Fungi,Saccharomycetes,Ascomycota,Saccharomycetales,Debaryomycetaceae,Candida,Candida albicans,,,,,,,,,,,,,,,,,,,,,,,,,,,,,,,,,,,,,,,,,,,,,,,,,,,,,,,,,,,,,,,,,,,,,,,,,,,,,
ASMA-2129,Fungi,Saccharomycetes,Ascomycota,Saccharomycetales,Debaryomycetaceae,Candida,Candida albicans,,,,,,,,,,,,,,,,,,,,,,,,,,,,,,,,,,,,,,,,,,,,,,,,,,,,,,,,,,,,,,,,,,,,,,,,,,,,,
ASMA-213,Bacteria,Pseudomonadota,Gammaproteobacteria,Pseudomonadales,Pseudomonadaceae,Pseudomonas,Pseudomonas aeruginosa,533.0,Yes,,,,,,,,,,,,,,,,,,,,,,,,,,,,,,,,,,,,,,,,,,,,,,,,,,,,,,,,,,,,,,,,,,,,,,,,,,,
ASMA-2130,Fungi,Saccharomycetes,Ascomycota,Saccharomycetales,Debaryomycetaceae,Candida,Candida albicans,,,,,,,,,,,,,,,,,,,,,,,,,,,,,,,,,,,,,,,,,,,,,,,,,,,,,,,,,,,,,,,,,,,,,,,,,,,,,
ASMA-2131,Fungi,Saccharomycetes,Ascomycota,Saccharomycetales,Debaryomycetaceae,Candida,Candida albicans,,,,,,,,,,,,,,,,,,,,,,,,,,,,,,,,,,,,,,,,,,,,,,,,,,,,,,,,,,,,,,,,,,,,,,,,,,,,,
ASMA-2132,Bacteria,Bacillota,Bacilli,Lactobacillales,Streptococcaceae,Streptococcus,undetermined species,227.0,Yes,1,0.002433333333333329,,0.002433333333333329,20251003.0,0.09226666666666666,,0.09136666666666667,,-0.0012666666666666798,,-0.002166666666666678,,0.09353333333333334,,0.0,,,,,,no_growth,0,0.0,0,0.0,0,,,,,,0.0436,,20251003,0.0432,uncertain,0.0448,uncertain,0.045,uncertain,0.0439,uncertain,0.0438,uncertain,0.0438,uncertain,0.044,uncertain,0.0437,uncertain,0.0463,uncertain,0.0438,uncertain,0.0439,uncertain,0.0437,uncertain,0.044,uncertain,0.0447,uncertain,0.0439,uncertain,0.0437,uncertain,0.0438,uncertain,0.0435,uncertain,0.044,uncertain,0.0437,uncertain
ASMA-2133,Bacteria,Bacillota,Bacilli,Bacillales,Bacillaceae,Bacillus,Bacillus licheniformis,366.0,No,,,,,,,,,,,,,,,,,,,,,,,,,,,,,,,,,,,,,,,,,,,,,,,,,,,,,,,,,,,,,,,,,,,,,,,,,,,
ASMA-2134,Bacteria,Bacillota,Bacilli,Bacillales,Bacillaceae,Bacillus,Bacillus licheniformis,366.0,No,,,,,,,,,,,,,,,,,,,,,,,,,,,,,,,,,,,,,,,,,,,,,,,,,,,,,,,,,,,,,,,,,,,,,,,,,,,
ASMA-2135,Bacteria,Bacillota,Bacilli,Bacillales,Bacillaceae,Bacillus,Bacillus licheniformis,366.0,No,,,,,,,,,,,,,,,,,,,,,,,,,,,,,,,,,,,,,,,,,,,,,,,,,,,,,,,,,,,,,,,,,,,,,,,,,,,
ASMA-2136,Bacteria,Bacillota,Bacilli,Bacillales,Bacillaceae,Bacillus,Bacillus licheniformis,366.0,Yes,4,0.17725833333333332,0.04358598462299041,0.2036,20251010.0,0.11806666666666667,0.02408941676338387,0.1187,0.025675929064657696,0.014566666666666672,0.014201486620147278,0.015199999999999998,0.015913725731790996,0.13885,0.02584885555171318,18.125,14.595233240114164,0.03847487934292739,0.03000658587383438,0.9926725892572842,0.00705609837725141,normal,0,0.0,0,0.0,4,3,37.68023478371826,33.919776359006185,20251010,weak,0.06348333333333334,0.001985782801147528,20251010,0.08288333333333334,utilizes,0.17488333333333334,utilizes,0.05308333333333334,uncertain,0.06603333333333333,utilizes,0.10098333333333334,utilizes,0.05373333333333333,uncertain,0.10788333333333333,utilizes,0.058033333333333326,utilizes,0.06531666666666666,utilizes,0.06953333333333334,utilizes,0.08428333333333334,utilizes,0.16758333333333336,utilizes,0.05513333333333333,utilizes,0.05396666666666667,uncertain,0.05338333333333334,uncertain,0.0556,utilizes,0.08923333333333333,utilizes,0.08761666666666666,utilizes,0.05463333333333334,uncertain,0.05295,uncertain
ASMA-2137,Bacteria,Bacillota,Bacilli,Lactobacillales,Streptococcaceae,Streptococcus,Streptococcus dentisani,363.0,No,,,,,,,,,,,,,,,,,,,,,,,,,,,,,,,,,,,,,,,,,,,,,,,,,,,,,,,,,,,,,,,,,,,,,,,,,,,
ASMA-2138,Bacteria,Bacillota,Bacilli,Lactobacillales,Lactobacillaceae,Latilactobacillus,Latilactobacillus curvatus,,,,,,,,,,,,,,,,,,,,,,,,,,,,,,,,,,,,,,,,,,,,,,,,,,,,,,,,,,,,,,,,,,,,,,,,,,,,,
ASMA-2139,Bacteria,Bacillota,Bacilli,Lactobacillales,Lactobacillaceae,Latilactobacillus,Latilactobacillus curvatus,,,,,,,,,,,,,,,,,,,,,,,,,,,,,,,,,,,,,,,,,,,,,,,,,,,,,,,,,,,,,,,,,,,,,,,,,,,,,
ASMA-214,Bacteria,Pseudomonadota,Gammaproteobacteria,Pseudomonadales,Pseudomonadaceae,Pseudomonas,Pseudomonas aeruginosa,533.0,No,,,,,,,,,,,,,,,,,,,,,,,,,,,,,,,,,,,,,,,,,,,,,,,,,,,,,,,,,,,,,,,,,,,,,,,,,,,
ASMA-2140,Bacteria,Actinomycetota,Actinomycetes,Micrococcales,Micrococcaceae,Rothia,Rothia dentocariosa,473.0,No,,,,,,,,,,,,,,,,,,,,,,,,,,,,,,,,,,,,,,,,,,,,,,,,,,,,,,,,,,,,,,,,,,,,,,,,,,,
ASMA-2141,Bacteria,Actinomycetota,Actinomycetes,Micrococcales,Micrococcaceae,Rothia,Rothia dentocariosa,312.0,Yes,1,0.0539,,0.0539,20251006.0,0.4918,,0.4189,,0.345,,0.2721,,0.5008,,17.5,,0.08720473645105334,,0.9999546847806187,,poor,1,100.0,1,100.0,1,,,,,,0.0504,,20251006,0.0519,uncertain,0.0479,uncertain,0.0472,uncertain,0.0475,uncertain,0.0445,uncertain,0.0454,uncertain,0.0485,uncertain,0.0467,uncertain,0.0474,uncertain,0.0473,uncertain,0.0483,uncertain,0.0493,uncertain,0.0471,uncertain,0.0469,uncertain,0.0451,uncertain,0.0447,uncertain,0.0468,uncertain,0.0507,uncertain,0.1712,uncertain,0.0468,uncertain
ASMA-2142,Bacteria,Actinomycetota,Actinomycetes,Micrococcales,Micrococcaceae,Rothia,Rothia dentocariosa,473.0,No,,,,,,,,,,,,,,,,,,,,,,,,,,,,,,,,,,,,,,,,,,,,,,,,,,,,,,,,,,,,,,,,,,,,,,,,,,,
ASMA-2143,Bacteria,Actinomycetota,Actinomycetes,Micrococcales,Micrococcaceae,Rothia,Rothia dentocariosa,473.0,No,,,,,,,,,,,,,,,,,,,,,,,,,,,,,,,,,,,,,,,,,,,,,,,,,,,,,,,,,,,,,,,,,,,,,,,,,,,
ASMA-2144,Bacteria,Bacillota,Bacilli,Lactobacillales,Streptococcaceae,Streptococcus,Streptococcus sanguinis_G,406.0,No,1,0.0013000000000000095,,0.0013000000000000095,20251003.0,0.2049333333333333,,0.1652333333333333,,0.0931666666666666,,0.05346666666666659,,0.2073666666666667,,27.0,,0.07262314506930584,,0.9970440339592394,,no_growth,0,0.0,0,0.0,1,,,,,,0.0442,,20251003,0.0439,uncertain,0.0449,uncertain,0.0448,uncertain,0.044,uncertain,0.0439,uncertain,0.0439,uncertain,0.0439,uncertain,0.0441,uncertain,0.0441,uncertain,0.0442,uncertain,0.0443,uncertain,0.0439,uncertain,0.0444,uncertain,0.0446,uncertain,0.0443,uncertain,0.0443,uncertain,0.0441,uncertain,0.0439,uncertain,0.0441,uncertain,0.0437,uncertain
ASMA-2145,Bacteria,Bacillota,Bacilli,Lactobacillales,Streptococcaceae,Streptococcus,Streptococcus parasanguinis_F,44.0,Yes,1,0.002233333333333337,,0.002233333333333337,20251003.0,0.09256666666666667,,0.0922,,-0.001366666666666655,,-0.0017333333333333228,,0.09393333333333333,,0.0,,,,,,no_growth,0,0.0,0,0.0,0,,,,,,0.0437,,20251003,0.0437,uncertain,0.0448,uncertain,0.0439,uncertain,0.0438,uncertain,0.0435,uncertain,0.0434,uncertain,0.0433,uncertain,0.0433,uncertain,0.0436,uncertain,0.0434,uncertain,0.0438,uncertain,0.0439,uncertain,0.0439,uncertain,0.0441,uncertain,0.0437,uncertain,0.0436,uncertain,0.0437,uncertain,0.044,uncertain,0.0443,uncertain,0.044,uncertain
ASMA-2146,Bacteria,Bacillota,Bacilli,Lactobacillales,Streptococcaceae,Streptococcus,Streptococcus sp001556435,313.0,No,,,,,,,,,,,,,,,,,,,,,,,,,,,,,,,,,,,,,,,,,,,,,,,,,,,,,,,,,,,,,,,,,,,,,,,,,,,
ASMA-2147,Bacteria,Bacillota,Bacilli,Lactobacillales,Streptococcaceae,Streptococcus,Streptococcus sp001556435,313.0,Yes,,,,,,,,,,,,,,,,,,,,,,,,,,,,,,,,,,,,,,,,,,,,,,,,,,,,,,,,,,,,,,,,,,,,,,,,,,,
ASMA-2148,Bacteria,Bacillota,Bacilli,Lactobacillales,Aerococcaceae,Granulicatella,Granulicatella adiacens,,,,,,,,,,,,,,,,,,,,,,,,,,,,,,,,,,,,,,,,,,,,,,,,,,,,,,,,,,,,,,,,,,,,,,,,,,,,,
ASMA-2149,Bacteria,Bacillota,Bacilli,Lactobacillales,Streptococcaceae,Streptococcus,Streptococcus sp001556435,313.0,No,1,0.006699999999999998,,0.006699999999999998,20251003.0,0.1122666666666667,,0.1110666666666667,,0.007633333333333395,,0.006433333333333402,,0.1145333333333333,,8.25,,0.0151313100165188,,0.9987071149173811,,no_growth,0,0.0,0,0.0,1,,,,,,0.0456,,20251003,0.0457,uncertain,0.046,uncertain,0.0456,uncertain,0.0453,uncertain,0.0452,uncertain,0.0455,uncertain,0.0461,uncertain,0.0454,uncertain,0.0453,uncertain,0.0452,uncertain,0.0458,uncertain,0.0451,uncertain,0.0458,uncertain,0.0456,uncertain,0.0456,uncertain,0.0456,uncertain,0.0472,uncertain,0.0453,uncertain,0.0459,uncertain,0.0451,uncertain
ASMA-215,Bacteria,Pseudomonadota,Gammaproteobacteria,Pseudomonadales,Pseudomonadaceae,Pseudomonas,Pseudomonas aeruginosa,533.0,No,,,,,,,,,,,,,,,,,,,,,,,,,,,,,,,,,,,,,,,,,,,,,,,,,,,,,,,,,,,,,,,,,,,,,,,,,,,
ASMA-2150,Bacteria,Bacillota,Bacilli,Staphylococcales,Gemellaceae,Gemella,Gemella sanguinis,45.0,Yes,1,0.0017500000000000016,,0.0017500000000000016,20251111.0,0.20895,,0.20505,,0.05479999999999999,,0.0509,,0.2289,,8.5,,0.09555654515400602,,0.9968841479556493,,no_growth,0,0.0,0,0.0,1,1,20.415975500829404,,20251111,none,,,,,,,,,,,,,,,,,,,,,,,,,,,,,,,,,,,,,,,,,,,
ASMA-2151,Bacteria,Bacillota,Bacilli,Lactobacillales,Streptococcaceae,Streptococcus,Streptococcus sanguinis_G,406.0,No,,,,,,,,,,,,,,,,,,,,,,,,,,,,,,,,,,,,,,,,,,,,,,,,,,,,,,,,,,,,,,,,,,,,,,,,,,,
ASMA-2152,Bacteria,Bacillota,Bacilli,Staphylococcales,Staphylococcaceae,Staphylococcus,Staphylococcus epidermidis,530.0,No,,,,,,,,,,,,,,,,,,,,,,,,,,,,,,,,,,,,,,,,,,,,,,,,,,,,,,,,,,,,,,,,,,,,,,,,,,,
ASMA-2153,Bacteria,Actinomycetota,Actinomycetes,Actinomycetales,Actinomycetaceae,Actinomyces,Actinomyces sp915069725,,,4,0.038349999999999995,0.013986779472058602,0.05439999999999999,20251010.0,0.11015833333333333,0.011194157702420781,0.11983333333333333,0.013782920187278482,0.01064166666666667,0.009226667268786109,0.02031666666666667,0.011973442835430972,0.12713333333333332,0.017700282483621568,35.375,6.166103577895309,0.010454801158556869,0.006473552520274773,0.9845365207514859,0.02232493284495578,no_growth,0,0.0,0,0.0,4,3,9.093615754327766,6.55997667244068,20251010,none,0.05473333333333334,0.001193035344544883,20251010,0.07223333333333333,utilizes,0.05451666666666667,uncertain,0.05685,uncertain,0.053483333333333334,uncertain,0.055900000000000005,uncertain,0.059250000000000004,utilizes,0.059133333333333336,utilizes,0.052816666666666665,uncertain,0.0552,uncertain,0.054400000000000004,uncertain,0.054650000000000004,uncertain,0.053733333333333334,uncertain,0.0541,uncertain,0.05561666666666666,uncertain,0.05395,uncertain,0.05215,uncertain,0.05188333333333334,uncertain,0.05355,uncertain,0.06341666666666666,utilizes,0.052000000000000005,uncertain
ASMA-2154,Bacteria,Actinomycetota,Actinomycetes,Actinomycetales,Actinomycetaceae,Actinomyces,Actinomyces sp915069725,46.0,Yes,4,0.07554375,0.018845726471802566,0.10160000000000001,20251121.0,0.280975,0.12110647347134947,0.1970375,0.06770731281282202,0.1417,0.10009961496762444,0.05776250000000001,0.04369420489798008,0.28484375,0.12080611252298731,19.1875,11.231234348903952,0.035314222486812506,0.0132426746568393,0.9879252323458221,0.023140877180121967,poor,3,75.0,0,0.0,4,1,42.59282888860534,,20251111,weak,0.0668,0.017484564621402503,20251121,0.0694,no_growth,0.04466666666666667,no_growth,0.044500000000000005,no_growth,0.0453,no_growth,0.043733333333333325,no_growth,0.0452,no_growth,0.047066666666666666,no_growth,0.044800000000000006,no_growth,0.04593333333333333,no_growth,0.0447,no_growth,0.044566666666666664,no_growth,0.044833333333333336,no_growth,0.04613333333333333,no_growth,0.04736666666666667,no_growth,0.043666666666666666,no_growth,0.043466666666666674,no_growth,0.04506666666666667,no_growth,0.044066666666666664,no_growth,0.0537,no_growth,0.04446666666666666,no_growth
ASMA-2155,Bacteria,Actinomycetota,Actinomycetes,Micrococcales,Micrococcaceae,Rothia,Rothia dentocariosa,473.0,No,4,0.15416666666666667,0.03967705746258016,0.1906,20251017.0,0.1462,0.03967274463238796,0.14045,0.0386735482382123,0.031383333333333346,0.026415504706306284,0.02563333333333333,0.025987603882535154,0.15656666666666666,0.048217101622649285,14.6875,15.20878994748322,0.049081159322414435,0.050871836059338746,0.9962987808851717,0.0017553074513635377,normal,0,0.0,0,0.0,3,3,-24.96703670622261,5.922342229773029,20251017,none,0.05458333333333333,0.0009712534856222308,20251017,0.06768333333333333,utilizes,0.06153333333333333,utilizes,0.058750000000000004,utilizes,0.05891666666666667,utilizes,0.05968333333333334,utilizes,0.06001666666666666,utilizes,0.05898333333333333,uncertain,0.06303333333333333,utilizes,0.061966666666666656,utilizes,0.05853333333333333,utilizes,0.0646,utilizes,0.06395,utilizes,0.06294999999999999,utilizes,0.0659,utilizes,0.061116666666666666,utilizes,0.061450000000000005,utilizes,0.06095,utilizes,0.0679,utilizes,0.06213333333333333,utilizes,0.06566666666666666,utilizes
ASMA-2156,Bacteria,Actinomycetota,Actinomycetes,Micrococcales,Micrococcaceae,Rothia,Rothia dentocariosa,230.0,Yes,,,,,,,,,,,,,,,,,,,,,,,,,,,,,,,,,,,,,,,,,,,,,,,,,,,,,,,,,,,,,,,,,,,,,,,,,,,
ASMA-2157,Bacteria,Bacillota,Bacilli,Lactobacillales,Streptococcaceae,Streptococcus,Streptococcus sp900766505,231.0,Yes,1,0.0020333333333333314,,0.0020333333333333314,20251003.0,0.1287,,0.1349,,0.03610000000000001,,0.04229999999999999,,0.1349,,48.0,,0.03403046368840376,,0.9986298749976168,,no_growth,0,0.0,0,0.0,1,,,,,,0.0428,,20251003,0.0435,uncertain,0.0422,uncertain,0.043,uncertain,0.0426,uncertain,0.0426,uncertain,0.0434,uncertain,0.0425,uncertain,0.0421,uncertain,0.042,uncertain,0.0422,uncertain,0.0424,uncertain,0.0426,uncertain,0.0424,uncertain,0.0434,uncertain,0.0428,uncertain,0.0425,uncertain,0.0422,uncertain,0.0424,uncertain,0.042,uncertain,0.0422,uncertain
ASMA-2158,Bacteria,Actinomycetota,Actinomycetes,Micrococcales,Micrococcaceae,Rothia,Rothia sp029850875,314.0,No,1,0.011366666666666608,,0.011366666666666608,20251003.0,0.1645,,0.1713333333333333,,0.05856666666666671,,0.06540000000000001,,0.1722666666666667,,40.75,,0.07280944131978151,,0.994222713867718,,no_growth,0,0.0,0,0.0,1,,,,,,0.0664,,20251003,0.0746,uncertain,0.0636,uncertain,0.0636,uncertain,0.0672,uncertain,0.069,uncertain,0.0678,uncertain,0.0645,uncertain,0.0681,uncertain,0.0667,uncertain,0.0677,uncertain,0.065,uncertain,0.0672,uncertain,0.0654,uncertain,0.0645,uncertain,0.0608,uncertain,0.0632,uncertain,0.0629,uncertain,0.0675,uncertain,0.0663,uncertain,0.0662,uncertain
ASMA-2159,Bacteria,Actinomycetota,Actinomycetes,Micrococcales,Micrococcaceae,Rothia,Rothia sp029850875,314.0,Yes,,,,,,,,,,,,,,,,,,,,,,,,,,,,,,,,,,,,,,,,,,,,,,,,,,,,,,,,,,,,,,,,,,,,,,,,,,,
ASMA-216,Bacteria,Pseudomonadota,Gammaproteobacteria,Pseudomonadales,Pseudomonadaceae,Pseudomonas,Pseudomonas aeruginosa,533.0,No,,,,,,,,,,,,,,,,,,,,,,,,,,,,,,,,,,,,,,,,,,,,,,,,,,,,,,,,,,,,,,,,,,,,,,,,,,,
ASMA-2160,Bacteria,Actinomycetota,Actinomycetes,Micrococcales,Micrococcaceae,Rothia,Rothia sp029850875,314.0,No,,,,,,,,,,,,,,,,,,,,,,,,,,,,,,,,,,,,,,,,,,,,,,,,,,,,,,,,,,,,,,,,,,,,,,,,,,,
ASMA-2161,Bacteria,Actinomycetota,Actinomycetes,Micrococcales,Micrococcaceae,Rothia,Rothia dentocariosa,312.0,No,,,,,,,,,,,,,,,,,,,,,,,,,,,,,,,,,,,,,,,,,,,,,,,,,,,,,,,,,,,,,,,,,,,,,,,,,,,
ASMA-2162,Bacteria,Actinomycetota,Actinomycetes,Micrococcales,Micrococcaceae,Rothia,Rothia dentocariosa,473.0,Yes,,,,,,,,,,,,,,,,,,,,,,,,,,,,,,,,,,,,,,,,,,,,,,,,,,,,,,,,,,,,,,,,,,,,,,,,,,,
ASMA-2163,Bacteria,Actinomycetota,Actinomycetes,Micrococcales,Micrococcaceae,Rothia,Rothia dentocariosa,312.0,No,,,,,,,,,,,,,,,,,,,,,,,,,,,,,,,,,,,,,,,,,,,,,,,,,,,,,,,,,,,,,,,,,,,,,,,,,,,
ASMA-2164,Bacteria,Actinomycetota,Actinomycetes,Micrococcales,Micrococcaceae,Rothia,Rothia dentocariosa,473.0,No,,,,,,,,,,,,,,,,,,,,,,,,,,,,,,,,,,,,,,,,,,,,,,,,,,,,,,,,,,,,,,,,,,,,,,,,,,,
ASMA-2165,Bacteria,Actinomycetota,Actinomycetes,Micrococcales,Micrococcaceae,Rothia,Rothia dentocariosa,473.0,No,,,,,,,,,,,,,,,,,,,,,,,,,,,,,,,,,,,,,,,,,,,,,,,,,,,,,,,,,,,,,,,,,,,,,,,,,,,
ASMA-2166,Bacteria,Bacillota,Bacilli,Staphylococcales,Staphylococcaceae,Staphylococcus,Staphylococcus epidermidis,530.0,No,,,,,,,,,,,,,,,,,,,,,,,,,,,,,,,,,,,,,,,,,,,,,,,,,,,,,,,,,,,,,,,,,,,,,,,,,,,
ASMA-2167,Bacteria,Bacillota,Bacilli,Staphylococcales,Staphylococcaceae,Staphylococcus,Staphylococcus epidermidis,530.0,No,,,,,,,,,,,,,,,,,,,,,,,,,,,,,,,,,,,,,,,,,,,,,,,,,,,,,,,,,,,,,,,,,,,,,,,,,,,
ASMA-2168,Bacteria,Bacillota,Bacilli,Lactobacillales,Streptococcaceae,Streptococcus,Streptococcus gordonii,460.0,No,1,0.0022666666666666807,,0.0022666666666666807,20251003.0,0.09349999999999999,,0.09300000000000001,,-0.0012333333333333502,,-0.0017333333333333228,,0.09473333333333334,,0.0,,,,,,no_growth,0,0.0,0,0.0,0,,,,,,0.0426,,20251003,0.0432,uncertain,0.0417,uncertain,0.0429,uncertain,0.0424,uncertain,0.0423,uncertain,0.0421,uncertain,0.0421,uncertain,0.0423,uncertain,0.0424,uncertain,0.0418,uncertain,0.042,uncertain,0.0423,uncertain,0.0419,uncertain,0.0433,uncertain,0.042,uncertain,0.0419,uncertain,0.0424,uncertain,0.0422,uncertain,0.0428,uncertain,0.0433,uncertain
ASMA-2169,Bacteria,Bacillota,Bacilli,Lactobacillales,Streptococcaceae,Streptococcus,Streptococcus sanguinis,479.0,No,,,,,,,,,,,,,,,,,,,,,,,,,,,,,,,,,,,,,,,,,,,,,,,,,,,,,,,,,,,,,,,,,,,,,,,,,,,
ASMA-217,Bacteria,Pseudomonadota,Gammaproteobacteria,Pseudomonadales,Pseudomonadaceae,Pseudomonas,Pseudomonas aeruginosa,533.0,No,,,,,,,,,,,,,,,,,,,,,,,,,,,,,,,,,,,,,,,,,,,,,,,,,,,,,,,,,,,,,,,,,,,,,,,,,,,
ASMA-2170,Bacteria,Bacillota,Bacilli,Lactobacillales,Streptococcaceae,Streptococcus,Streptococcus sanguinis,479.0,No,,,,,,,,,,,,,,,,,,,,,,,,,,,,,,,,,,,,,,,,,,,,,,,,,,,,,,,,,,,,,,,,,,,,,,,,,,,
ASMA-2171,Bacteria,Bacillota,Bacilli,Lactobacillales,Streptococcaceae,Streptococcus,Streptococcus sanguinis,479.0,No,,,,,,,,,,,,,,,,,,,,,,,,,,,,,,,,,,,,,,,,,,,,,,,,,,,,,,,,,,,,,,,,,,,,,,,,,,,
ASMA-2172,Bacteria,Bacillota,Bacilli,Lactobacillales,Streptococcaceae,Streptococcus,Streptococcus sanguinis,479.0,No,,,,,,,,,,,,,,,,,,,,,,,,,,,,,,,,,,,,,,,,,,,,,,,,,,,,,,,,,,,,,,,,,,,,,,,,,,,
ASMA-2173,Bacteria,Bacillota,Bacilli,Lactobacillales,Streptococcaceae,Streptococcus,Streptococcus sanguinis,479.0,Yes,,,,,,,,,,,,,,,,,,,,,,,,,,,,,,,,,,,,,,,,,,,,,,,,,,,,,,,,,,,,,,,,,,,,,,,,,,,
ASMA-2174,Bacteria,Bacillota,Bacilli,Lactobacillales,Streptococcaceae,Streptococcus,Streptococcus sanguinis,479.0,No,4,0.012199999999999996,0.02040147053523348,0.04279999999999999,20251017.0,0.19742500000000002,0.07119926848875158,0.11575833333333334,0.01781959751384851,0.087425,0.05987611516010927,0.005758333333333334,0.0077419671631669745,0.238975,0.09889133345917292,26.25,17.52260444873041,0.05001593568723151,0.0044614665766342515,0.99797852390973,0.0010868068208353858,no_growth,3,75.0,0,0.0,3,3,-7.328484539151883,6.408057873582332,20251017,none,0.04476666666666666,0.0011372481406154663,20251017,0.04541666666666667,uncertain,0.044833333333333336,uncertain,0.045083333333333336,uncertain,0.04473333333333333,uncertain,0.04466666666666666,uncertain,0.045066666666666665,uncertain,0.04431666666666667,uncertain,0.0442,uncertain,0.04525,uncertain,0.044583333333333336,uncertain,0.04465,uncertain,0.044533333333333334,uncertain,0.04505,uncertain,0.04571666666666667,utilizes,0.04418333333333334,uncertain,0.04438333333333333,uncertain,0.04478333333333333,uncertain,0.04451666666666666,uncertain,0.047733333333333336,uncertain,0.04435,uncertain
ASMA-2175,Bacteria,Actinomycetota,Actinomycetes,Micrococcales,Micrococcaceae,Rothia,Rothia dentocariosa,507.0,No,,,,,,,,,,,,,,,,,,,,,,,,,,,,,,,,,,,,,,,,,,,,,,,,,,,,,,,,,,,,,,,,,,,,,,,,,,,
ASMA-2176,Bacteria,Actinomycetota,Actinomycetes,Micrococcales,Micrococcaceae,Rothia,Rothia dentocariosa,507.0,Yes,,,,,,,,,,,,,,,,,,,,,,,,,,,,,,,,,,,,,,,,,,,,,,,,,,,,,,,,,,,,,,,,,,,,,,,,,,,
ASMA-2177,Bacteria,Actinomycetota,Actinomycetes,Micrococcales,Micrococcaceae,Rothia,Rothia dentocariosa,507.0,No,,,,,,,,,,,,,,,,,,,,,,,,,,,,,,,,,,,,,,,,,,,,,,,,,,,,,,,,,,,,,,,,,,,,,,,,,,,
ASMA-2178,Bacteria,Bacillota,Bacilli,Lactobacillales,Streptococcaceae,Streptococcus,Streptococcus gordonii,47.0,Yes,1,0.06633333333333341,,0.06633333333333341,20251003.0,0.09073333333333333,,0.09043333333333332,,-0.001533333333333331,,-0.0018333333333333396,,0.09226666666666666,,0.0,,,,,,poor,0,0.0,0,0.0,0,,,,,,0.0434,,20251003,0.0436,uncertain,0.0437,uncertain,0.0424,uncertain,0.042,uncertain,0.0419,uncertain,0.0421,uncertain,0.041,uncertain,0.0411,uncertain,0.0412,uncertain,0.0413,uncertain,0.0418,uncertain,0.0419,uncertain,0.0419,uncertain,0.0423,uncertain,0.0419,uncertain,0.0416,uncertain,0.0416,uncertain,0.0418,uncertain,0.0424,uncertain,0.0419,uncertain
ASMA-2179,Bacteria,Bacillota,Bacilli,Lactobacillales,Aerococcaceae,Granulicatella,Granulicatella sp916049935,,,,,,,,,,,,,,,,,,,,,,,,,,,,,,,,,,,,,,,,,,,,,,,,,,,,,,,,,,,,,,,,,,,,,,,,,,,,,
ASMA-218,Bacteria,Pseudomonadota,Gammaproteobacteria,Pseudomonadales,Pseudomonadaceae,Pseudomonas,Pseudomonas aeruginosa,533.0,No,,,,,,,,,,,,,,,,,,,,,,,,,,,,,,,,,,,,,,,,,,,,,,,,,,,,,,,,,,,,,,,,,,,,,,,,,,,
ASMA-2180,Bacteria,Bacillota,Bacilli,Lactobacillales,Streptococcaceae,Streptococcus,Streptococcus xiaochunlingii,315.0,Yes,1,0.0019333333333333425,,0.0019333333333333425,20251003.0,0.1829,,0.1972,,0.06523333333333331,,0.07953333333333329,,0.2024333333333334,,40.0,,0.04419701594476961,,0.9994802505233612,,no_growth,0,0.0,0,0.0,1,,,,,,0.043,,20251003,0.0438,uncertain,0.0429,uncertain,0.0429,uncertain,0.0425,uncertain,0.0422,uncertain,0.0426,uncertain,0.0418,uncertain,0.0422,uncertain,0.0416,uncertain,0.0425,uncertain,0.0421,uncertain,0.0424,uncertain,0.042,uncertain,0.0433,uncertain,0.0418,uncertain,0.0423,uncertain,0.0421,uncertain,0.0423,uncertain,0.0423,uncertain,0.0427,uncertain
ASMA-2181,Bacteria,Bacillota,Bacilli,Lactobacillales,Streptococcaceae,Streptococcus,Streptococcus pseudopneumoniae_L,232.0,No,1,0.0026666666666666644,,0.0026666666666666644,20251003.0,0.1045666666666667,,0.1018666666666667,,0.006933333333333361,,0.004233333333333367,,0.1086,,21.75,,0.012885101854090393,,0.9867803098113886,,no_growth,0,0.0,0,0.0,1,,,,,,0.0572,,20251003,0.0436,uncertain,0.0459,uncertain,0.045,uncertain,0.0442,uncertain,0.0445,uncertain,0.0443,uncertain,0.0444,uncertain,0.044,uncertain,0.0448,uncertain,0.0444,uncertain,0.0439,uncertain,0.0439,uncertain,0.0446,uncertain,0.0452,uncertain,0.0442,uncertain,0.0438,uncertain,0.0444,uncertain,0.0441,uncertain,0.0442,uncertain,0.0439,uncertain
ASMA-2182,Bacteria,Pseudomonadota,Gammaproteobacteria,Pseudomonadales,Pseudomonadaceae,Pseudomonas,Pseudomonas aeruginosa,524.0,No,,,,,,,,,,,,,,,,,,,,,,,,,,,,,,,,,,,,,,,,,,,,,,,,,,,,,,,,,,,,,,,,,,,,,,,,,,,
ASMA-2183,Bacteria,Pseudomonadota,Gammaproteobacteria,Pseudomonadales,Pseudomonadaceae,Pseudomonas,Pseudomonas aeruginosa,524.0,No,,,,,,,,,,,,,,,,,,,,,,,,,,,,,,,,,,,,,,,,,,,,,,,,,,,,,,,,,,,,,,,,,,,,,,,,,,,
ASMA-2184,Bacteria,Bacillota,Bacilli,Lactobacillales,Streptococcaceae,Streptococcus,undetermined species,452.0,No,,,,,,,,,,,,,,,,,,,,,,,,,,,,,,,,,,,,,,,,,,,,,,,,,,,,,,,,,,,,,,,,,,,,,,,,,,,
ASMA-2185,Bacteria,Bacillota,Bacilli,Lactobacillales,Streptococcaceae,Streptococcus,undetermined species,452.0,No,,,,,,,,,,,,,,,,,,,,,,,,,,,,,,,,,,,,,,,,,,,,,,,,,,,,,,,,,,,,,,,,,,,,,,,,,,,
ASMA-2185,Bacteria,Bacillota,Bacilli,Lactobacillales,Streptococcaceae,Streptococcus,undetermined species,452.0,No,,,,,,,,,,,,,,,,,,,,,,,,,,,,,,,,,,,,,,,,,,,,,,,,,,,,,,,,,,,,,,,,,,,,,,,,,,,
ASMA-2186,Bacteria,Bacillota,Bacilli,Lactobacillales,Streptococcaceae,Streptococcus,undetermined species,452.0,No,1,0.001966666666666672,,0.001966666666666672,20251003.0,0.09193333333333333,,0.09153333333333334,,-0.0013000000000000095,,-0.0016999999999999932,,0.09323333333333333,,0.0,,,,,,no_growth,0,0.0,0,0.0,0,,,,,,0.0444,,20251003,0.0451,uncertain,0.0448,uncertain,0.0465,uncertain,0.0439,uncertain,0.0441,uncertain,0.044,uncertain,0.0437,uncertain,0.0436,uncertain,0.0443,uncertain,0.0441,uncertain,0.0438,uncertain,0.0439,uncertain,0.0442,uncertain,0.0447,uncertain,0.0438,uncertain,0.0438,uncertain,0.0441,uncertain,0.0438,uncertain,0.0443,uncertain,0.0439,uncertain
ASMA-2187,Bacteria,Bacillota,Bacilli,Lactobacillales,Streptococcaceae,Streptococcus,undetermined species,452.0,Yes,,,,,,,,,,,,,,,,,,,,,,,,,,,,,,,,,,,,,,,,,,,,,,,,,,,,,,,,,,,,,,,,,,,,,,,,,,,
ASMA-2188,Bacteria,Bacillota,Bacilli,Lactobacillales,Streptococcaceae,Streptococcus,undetermined species,452.0,No,,,,,,,,,,,,,,,,,,,,,,,,,,,,,,,,,,,,,,,,,,,,,,,,,,,,,,,,,,,,,,,,,,,,,,,,,,,
ASMA-2189,Bacteria,Actinomycetota,Actinomycetes,Micrococcales,Micrococcaceae,Rothia,Rothia dentocariosa,233.0,No,,,,,,,,,,,,,,,,,,,,,,,,,,,,,,,,,,,,,,,,,,,,,,,,,,,,,,,,,,,,,,,,,,,,,,,,,,,
ASMA-219,Bacteria,Pseudomonadota,Gammaproteobacteria,Pseudomonadales,Pseudomonadaceae,Pseudomonas,Pseudomonas aeruginosa,533.0,No,,,,,,,,,,,,,,,,,,,,,,,,,,,,,,,,,,,,,,,,,,,,,,,,,,,,,,,,,,,,,,,,,,,,,,,,,,,
ASMA-2190,Bacteria,Actinomycetota,Actinomycetes,Micrococcales,Micrococcaceae,Rothia,Rothia dentocariosa,409.0,No,,,,,,,,,,,,,,,,,,,,,,,,,,,,,,,,,,,,,,,,,,,,,,,,,,,,,,,,,,,,,,,,,,,,,,,,,,,
ASMA-2191,Bacteria,Actinomycetota,Actinomycetes,Mycobacteriales,Mycobacteriaceae,Corynebacterium,Corynebacterium durum,316.0,No,1,0.013933333333333298,,0.013933333333333298,20251003.0,0.09243333333333333,,0.09146666666666665,,-0.0010666666666666602,,-0.0020333333333333314,,0.09349999999999999,,0.0,,,,,,no_growth,0,0.0,0,0.0,0,,,,,,0.0518,,20251003,0.0688,uncertain,0.06,uncertain,0.0526,uncertain,0.0547,uncertain,0.0556,uncertain,0.0537,uncertain,0.0588,uncertain,0.0644,uncertain,0.0553,uncertain,0.0555,uncertain,0.0556,uncertain,0.0734,uncertain,0.054,uncertain,0.056,uncertain,0.0547,uncertain,0.0638,uncertain,0.053,uncertain,0.053,uncertain,0.0551,uncertain,0.0541,uncertain
ASMA-2192,Bacteria,Actinomycetota,Actinomycetes,Micrococcales,Micrococcaceae,Rothia,Rothia dentocariosa,48.0,Yes,4,0.06402500000000003,0.02713182325855258,0.08820000000000011,20251017.0,0.36904166666666666,0.2037360390581674,0.20785833333333334,0.07875246909709491,0.2557583333333333,0.19227975062392816,0.09457499999999999,0.0663171357946044,0.40830833333333333,0.2243879682108151,11.0,7.874007874011811,0.12379632626792132,0.09116082089503551,0.9906534433498942,0.01836683717173484,poor,3,75.0,3,75.0,4,3,-8.030283696992896,4.005382025163885,20251017,none,0.06998333333333333,0.010042576030746958,20251017,0.0697,uncertain,0.06401666666666667,uncertain,0.06441666666666666,uncertain,0.06155,uncertain,0.06408333333333334,uncertain,0.06175,uncertain,0.06874999999999999,uncertain,0.07163333333333333,uncertain,0.06931666666666667,uncertain,0.06688333333333334,uncertain,0.06633333333333333,uncertain,0.07390000000000001,uncertain,0.06925,uncertain,0.06638333333333334,uncertain,0.06298333333333334,uncertain,0.06385,uncertain,0.06570000000000001,uncertain,0.06888333333333332,uncertain,0.0679,uncertain,0.06455,uncertain
ASMA-2193,Bacteria,Actinomycetota,Actinomycetes,Micrococcales,Micrococcaceae,Rothia,Rothia dentocariosa,409.0,Yes,,,,,,,,,,,,,,,,,,,,,,,,,,,,,,,,,,,,,,,,,,,,,,,,,,,,,,,,,,,,,,,,,,,,,,,,,,,
ASMA-2194,Bacteria,Actinomycetota,Actinomycetes,Micrococcales,Micrococcaceae,Rothia,Rothia dentocariosa,317.0,Yes,,,,,,,,,,,,,,,,,,,,,,,,,,,,,,,,,,,,,,,,,,,,,,,,,,,,,,,,,,,,,,,,,,,,,,,,,,,
ASMA-2195,Bacteria,Actinomycetota,Actinomycetes,Mycobacteriales,Mycobacteriaceae,Corynebacterium,Corynebacterium durum,316.0,Yes,,,,,,,,,,,,,,,,,,,,,,,,,,,,,,,,,,,,,,,,,,,,,,,,,,,,,,,,,,,,,,,,,,,,,,,,,,,
ASMA-2196,Bacteria,Actinomycetota,Actinomycetes,Micrococcales,Micrococcaceae,Rothia,Rothia dentocariosa,410.0,No,,,,,,,,,,,,,,,,,,,,,,,,,,,,,,,,,,,,,,,,,,,,,,,,,,,,,,,,,,,,,,,,,,,,,,,,,,,
ASMA-2197,Bacteria,Actinomycetota,Actinomycetes,Micrococcales,Micrococcaceae,Rothia,Rothia dentocariosa,410.0,No,,,,,,,,,,,,,,,,,,,,,,,,,,,,,,,,,,,,,,,,,,,,,,,,,,,,,,,,,,,,,,,,,,,,,,,,,,,
ASMA-2198,Bacteria,Actinomycetota,Actinomycetes,Micrococcales,Micrococcaceae,Rothia,Rothia dentocariosa,410.0,Yes,,,,,,,,,,,,,,,,,,,,,,,,,,,,,,,,,,,,,,,,,,,,,,,,,,,,,,,,,,,,,,,,,,,,,,,,,,,
ASMA-2199,Bacteria,Actinomycetota,Actinomycetes,Micrococcales,Micrococcaceae,Rothia,Rothia dentocariosa,49.0,Yes,1,0.011766666666666675,,0.011766666666666675,20251003.0,0.1013,,0.1007,,0.004433333333333331,,0.0038333333333333275,,0.1046,,12.5,,0.03183687171755214,,0.9904932290299896,,no_growth,0,0.0,0,0.0,1,,,,,,0.0502,,20251003,0.0495,uncertain,0.0497,uncertain,0.0498,uncertain,0.048,uncertain,0.0488,uncertain,0.0503,uncertain,0.048,uncertain,0.0483,uncertain,0.0491,uncertain,0.0489,uncertain,0.0476,uncertain,0.0485,uncertain,0.0481,uncertain,0.0495,uncertain,0.0481,uncertain,0.0475,uncertain,0.0485,uncertain,0.0495,uncertain,0.0484,uncertain,0.0485,uncertain
ASMA-22,Bacteria,Pseudomonadota,Gammaproteobacteria,Pseudomonadales,Pseudomonadaceae,Pseudomonas,Pseudomonas aeruginosa,536.0,No,,,,,,,,,,,,,,,,,,,,,,,,,,,,,,,,,,,,,,,,,,,,,,,,,,,,,,,,,,,,,,,,,,,,,,,,,,,
ASMA-220,Bacteria,Pseudomonadota,Gammaproteobacteria,Pseudomonadales,Pseudomonadaceae,Pseudomonas,Pseudomonas aeruginosa,533.0,No,,,,,,,,,,,,,,,,,,,,,,,,,,,,,,,,,,,,,,,,,,,,,,,,,,,,,,,,,,,,,,,,,,,,,,,,,,,
ASMA-2200,Bacteria,Pseudomonadota,Gammaproteobacteria,Pseudomonadales,Pseudomonadaceae,Pseudomonas,Pseudomonas aeruginosa,524.0,No,,,,,,,,,,,,,,,,,,,,,,,,,,,,,,,,,,,,,,,,,,,,,,,,,,,,,,,,,,,,,,,,,,,,,,,,,,,
ASMA-2201,Bacteria,Pseudomonadota,Gammaproteobacteria,Pseudomonadales,Pseudomonadaceae,Pseudomonas,Pseudomonas aeruginosa,524.0,No,,,,,,,,,,,,,,,,,,,,,,,,,,,,,,,,,,,,,,,,,,,,,,,,,,,,,,,,,,,,,,,,,,,,,,,,,,,
ASMA-2201,Bacteria,Pseudomonadota,Gammaproteobacteria,Pseudomonadales,Pseudomonadaceae,Pseudomonas,Pseudomonas aeruginosa,524.0,No,,,,,,,,,,,,,,,,,,,,,,,,,,,,,,,,,,,,,,,,,,,,,,,,,,,,,,,,,,,,,,,,,,,,,,,,,,,
ASMA-2202,Bacteria,Pseudomonadota,Gammaproteobacteria,Pseudomonadales,Pseudomonadaceae,Pseudomonas,Pseudomonas aeruginosa,524.0,No,,,,,,,,,,,,,,,,,,,,,,,,,,,,,,,,,,,,,,,,,,,,,,,,,,,,,,,,,,,,,,,,,,,,,,,,,,,
ASMA-2203,Bacteria,Pseudomonadota,Gammaproteobacteria,Pseudomonadales,Pseudomonadaceae,Pseudomonas,Pseudomonas aeruginosa,524.0,No,,,,,,,,,,,,,,,,,,,,,,,,,,,,,,,,,,,,,,,,,,,,,,,,,,,,,,,,,,,,,,,,,,,,,,,,,,,
ASMA-2204,Bacteria,Pseudomonadota,Gammaproteobacteria,Pseudomonadales,Pseudomonadaceae,Pseudomonas,Pseudomonas aeruginosa,524.0,No,,,,,,,,,,,,,,,,,,,,,,,,,,,,,,,,,,,,,,,,,,,,,,,,,,,,,,,,,,,,,,,,,,,,,,,,,,,
ASMA-2205,Bacteria,Pseudomonadota,Gammaproteobacteria,Pseudomonadales,Pseudomonadaceae,Pseudomonas,Pseudomonas aeruginosa,524.0,No,,,,,,,,,,,,,,,,,,,,,,,,,,,,,,,,,,,,,,,,,,,,,,,,,,,,,,,,,,,,,,,,,,,,,,,,,,,
ASMA-2205,Bacteria,Pseudomonadota,Gammaproteobacteria,Pseudomonadales,Pseudomonadaceae,Pseudomonas,Pseudomonas aeruginosa,524.0,No,,,,,,,,,,,,,,,,,,,,,,,,,,,,,,,,,,,,,,,,,,,,,,,,,,,,,,,,,,,,,,,,,,,,,,,,,,,
ASMA-2206,Bacteria,Pseudomonadota,Gammaproteobacteria,Pseudomonadales,Pseudomonadaceae,Pseudomonas,Pseudomonas aeruginosa,524.0,No,,,,,,,,,,,,,,,,,,,,,,,,,,,,,,,,,,,,,,,,,,,,,,,,,,,,,,,,,,,,,,,,,,,,,,,,,,,
ASMA-2207,Bacteria,Pseudomonadota,Gammaproteobacteria,Pseudomonadales,Pseudomonadaceae,Pseudomonas,Pseudomonas aeruginosa,524.0,No,,,,,,,,,,,,,,,,,,,,,,,,,,,,,,,,,,,,,,,,,,,,,,,,,,,,,,,,,,,,,,,,,,,,,,,,,,,
ASMA-2208,Bacteria,Pseudomonadota,Gammaproteobacteria,Pseudomonadales,Pseudomonadaceae,Pseudomonas,Pseudomonas aeruginosa,524.0,No,,,,,,,,,,,,,,,,,,,,,,,,,,,,,,,,,,,,,,,,,,,,,,,,,,,,,,,,,,,,,,,,,,,,,,,,,,,
ASMA-2209,Bacteria,Pseudomonadota,Gammaproteobacteria,Pseudomonadales,Pseudomonadaceae,Pseudomonas,Pseudomonas aeruginosa,524.0,No,,,,,,,,,,,,,,,,,,,,,,,,,,,,,,,,,,,,,,,,,,,,,,,,,,,,,,,,,,,,,,,,,,,,,,,,,,,
ASMA-221,Bacteria,Pseudomonadota,Gammaproteobacteria,Pseudomonadales,Pseudomonadaceae,Pseudomonas,Pseudomonas aeruginosa,533.0,No,,,,,,,,,,,,,,,,,,,,,,,,,,,,,,,,,,,,,,,,,,,,,,,,,,,,,,,,,,,,,,,,,,,,,,,,,,,
ASMA-2210,Bacteria,Pseudomonadota,Gammaproteobacteria,Pseudomonadales,Pseudomonadaceae,Pseudomonas,Pseudomonas aeruginosa,524.0,No,,,,,,,,,,,,,,,,,,,,,,,,,,,,,,,,,,,,,,,,,,,,,,,,,,,,,,,,,,,,,,,,,,,,,,,,,,,
ASMA-2211,Bacteria,Bacillota,Bacilli,Lactobacillales,Streptococcaceae,Streptococcus,Streptococcus sanguinis_G,50.0,Yes,1,0.0018666666666666692,,0.0018666666666666692,20251003.0,0.09266666666666667,,0.09213333333333333,,-0.0022999999999999826,,-0.0028333333333333266,,0.09496666666666666,,0.0,,,,,,no_growth,0,0.0,0,0.0,0,,,,,,0.0444,,20251003,0.0449,uncertain,0.0449,uncertain,0.0445,uncertain,0.044,uncertain,0.0443,uncertain,0.0437,uncertain,0.0442,uncertain,0.0437,uncertain,0.0442,uncertain,0.0437,uncertain,0.0442,uncertain,0.0436,uncertain,0.0444,uncertain,0.0437,uncertain,0.0445,uncertain,0.0437,uncertain,0.0442,uncertain,0.0437,uncertain,0.0447,uncertain,0.0437,uncertain
ASMA-2212,Bacteria,Bacillota,Bacilli,Lactobacillales,Streptococcaceae,Streptococcus,Streptococcus sp001072385,318.0,No,,,,,,,,,,,,,,,,,,,,,,,,,,,,,,,,,,,,,,,,,,,,,,,,,,,,,,,,,,,,,,,,,,,,,,,,,,,
ASMA-2212,Bacteria,Bacillota,Bacilli,Lactobacillales,Streptococcaceae,Streptococcus,Streptococcus sp001072385,318.0,No,,,,,,,,,,,,,,,,,,,,,,,,,,,,,,,,,,,,,,,,,,,,,,,,,,,,,,,,,,,,,,,,,,,,,,,,,,,
ASMA-2213,Bacteria,Bacillota,Bacilli,Lactobacillales,Streptococcaceae,Streptococcus,Streptococcus xiaochunlingii,315.0,No,,,,,,,,,,,,,,,,,,,,,,,,,,,,,,,,,,,,,,,,,,,,,,,,,,,,,,,,,,,,,,,,,,,,,,,,,,,
ASMA-2214,Bacteria,Bacillota,Bacilli,Lactobacillales,Streptococcaceae,Streptococcus,Streptococcus sp001072385,318.0,Yes,1,0.0021000000000000046,,0.0021000000000000046,20251003.0,0.0937,,0.09273333333333333,,-0.0014666666666666578,,-0.002433333333333329,,0.09516666666666666,,0.0,,,,,,no_growth,0,0.0,0,0.0,0,,,,,,0.0436,,20251003,0.0434,uncertain,0.0446,uncertain,0.0443,uncertain,0.043,uncertain,0.0436,uncertain,0.044,uncertain,0.0438,uncertain,0.043,uncertain,0.0437,uncertain,0.0445,uncertain,0.0435,uncertain,0.043,uncertain,0.0467,uncertain,0.0444,uncertain,0.0434,uncertain,0.0432,uncertain,0.0437,uncertain,0.0441,uncertain,0.044,uncertain,0.0436,uncertain
ASMA-2215,Bacteria,Bacillota,Bacilli,Lactobacillales,Streptococcaceae,Streptococcus,Streptococcus sp001072385,318.0,No,,,,,,,,,,,,,,,,,,,,,,,,,,,,,,,,,,,,,,,,,,,,,,,,,,,,,,,,,,,,,,,,,,,,,,,,,,,
ASMA-2216,Bacteria,Bacillota,Bacilli,Lactobacillales,Streptococcaceae,Streptococcus,Streptococcus pseudopneumoniae_L,232.0,Yes,,,,,,,,,,,,,,,,,,,,,,,,,,,,,,,,,,,,,,,,,,,,,,,,,,,,,,,,,,,,,,,,,,,,,,,,,,,
ASMA-2216,Bacteria,Bacillota,Bacilli,Lactobacillales,Streptococcaceae,Streptococcus,Streptococcus pseudopneumoniae_L,232.0,Yes,,,,,,,,,,,,,,,,,,,,,,,,,,,,,,,,,,,,,,,,,,,,,,,,,,,,,,,,,,,,,,,,,,,,,,,,,,,
ASMA-2217,Bacteria,Bacillota,Bacilli,Lactobacillales,Streptococcaceae,Streptococcus,undetermined species,452.0,No,,,,,,,,,,,,,,,,,,,,,,,,,,,,,,,,,,,,,,,,,,,,,,,,,,,,,,,,,,,,,,,,,,,,,,,,,,,
ASMA-2218,Bacteria,Bacillota,Bacilli,Lactobacillales,Streptococcaceae,Streptococcus,Streptococcus salivarius_D,431.0,No,1,0.00789999999999999,,0.00789999999999999,20251003.0,0.1619666666666667,,0.1287666666666667,,0.0484333333333334,,0.01523333333333339,,0.1653,,7.5,,0.08440878780088248,,0.998910885141206,,no_growth,0,0.0,0,0.0,1,,,,,,0.0454,,20251003,0.0458,uncertain,0.0458,uncertain,0.0458,uncertain,0.0454,uncertain,0.0458,uncertain,0.0447,uncertain,0.0455,uncertain,0.0453,uncertain,0.0459,uncertain,0.0452,uncertain,0.0524,uncertain,0.0452,uncertain,0.0458,uncertain,0.0462,uncertain,0.0455,uncertain,0.0455,uncertain,0.0455,uncertain,0.045,uncertain,0.0449,uncertain,0.0441,uncertain
ASMA-2219,Bacteria,Bacillota,Bacilli,Lactobacillales,Streptococcaceae,Streptococcus,Streptococcus salivarius,51.0,Yes,1,0.002899999999999986,,0.002899999999999986,20251003.0,0.3660333333333334,,0.2565,,0.1769666666666667,,0.06743333333333332,,0.4479666666666667,,35.75,,0.09984536946735002,,0.9971601232510172,,no_growth,1,100.0,0,0.0,1,,,,,,0.0424,,20251003,0.0425,uncertain,0.042,uncertain,0.0427,uncertain,0.0429,uncertain,0.0419,uncertain,0.0421,uncertain,0.0426,uncertain,0.0425,uncertain,0.0423,uncertain,0.0425,uncertain,0.0426,uncertain,0.0423,uncertain,0.0422,uncertain,0.0427,uncertain,0.0424,uncertain,0.0424,uncertain,0.0424,uncertain,0.0421,uncertain,0.0424,uncertain,0.0425,uncertain
ASMA-222,Bacteria,Pseudomonadota,Gammaproteobacteria,Pseudomonadales,Pseudomonadaceae,Pseudomonas,Pseudomonas aeruginosa,533.0,No,,,,,,,,,,,,,,,,,,,,,,,,,,,,,,,,,,,,,,,,,,,,,,,,,,,,,,,,,,,,,,,,,,,,,,,,,,,
ASMA-2220,Bacteria,Bacillota,Bacilli,Lactobacillales,Streptococcaceae,Streptococcus,Streptococcus salivarius_D,431.0,No,,,,,,,,,,,,,,,,,,,,,,,,,,,,,,,,,,,,,,,,,,,,,,,,,,,,,,,,,,,,,,,,,,,,,,,,,,,
ASMA-2221,Bacteria,Bacillota,Bacilli,Lactobacillales,Streptococcaceae,Streptococcus,Streptococcus salivarius_D,431.0,Yes,,,,,,,,,,,,,,,,,,,,,,,,,,,,,,,,,,,,,,,,,,,,,,,,,,,,,,,,,,,,,,,,,,,,,,,,,,,
ASMA-2222,Bacteria,Actinomycetota,Actinomycetes,Micrococcales,Micrococcaceae,Rothia,Rothia dentocariosa,432.0,Yes,,,,,,,,,,,,,,,,,,,,,,,,,,,,,,,,,,,,,,,,,,,,,,,,,,,,,,,,,,,,,,,,,,,,,,,,,,,
ASMA-2223,Bacteria,Actinomycetota,Actinomycetes,Micrococcales,Micrococcaceae,Rothia,Rothia dentocariosa,432.0,No,,,,,,,,,,,,,,,,,,,,,,,,,,,,,,,,,,,,,,,,,,,,,,,,,,,,,,,,,,,,,,,,,,,,,,,,,,,
ASMA-2224,Bacteria,Actinomycetota,Actinomycetes,Micrococcales,Micrococcaceae,Rothia,Rothia dentocariosa,432.0,No,,,,,,,,,,,,,,,,,,,,,,,,,,,,,,,,,,,,,,,,,,,,,,,,,,,,,,,,,,,,,,,,,,,,,,,,,,,
ASMA-2224,Bacteria,Actinomycetota,Actinomycetes,Micrococcales,Micrococcaceae,Rothia,Rothia dentocariosa,432.0,No,,,,,,,,,,,,,,,,,,,,,,,,,,,,,,,,,,,,,,,,,,,,,,,,,,,,,,,,,,,,,,,,,,,,,,,,,,,
ASMA-2225,Bacteria,Actinomycetota,Actinomycetes,Micrococcales,Micrococcaceae,Rothia,Rothia dentocariosa,432.0,No,1,0.0024999999999999883,,0.0024999999999999883,20251003.0,0.1851333333333333,,0.1773333333333333,,0.05283333333333329,,0.045033333333333286,,0.1957,,8.75,,0.1411376543132087,,0.9979986663849011,,no_growth,0,0.0,0,0.0,1,,,,,,0.0458,,20251003,0.0485,uncertain,0.0428,uncertain,0.0439,uncertain,0.0443,uncertain,0.0506,uncertain,0.0433,uncertain,0.0434,uncertain,0.0445,uncertain,0.0425,uncertain,0.0422,uncertain,0.0423,uncertain,0.0434,uncertain,0.0419,uncertain,0.0425,uncertain,0.0424,uncertain,0.0436,uncertain,0.0421,uncertain,0.042,uncertain,0.0424,uncertain,0.0429,uncertain
ASMA-2226,Bacteria,Actinomycetota,Actinomycetes,Micrococcales,Micrococcaceae,Rothia,Rothia dentocariosa,317.0,No,,,,,,,,,,,,,,,,,,,,,,,,,,,,,,,,,,,,,,,,,,,,,,,,,,,,,,,,,,,,,,,,,,,,,,,,,,,
ASMA-2227,Bacteria,Actinomycetota,Actinomycetes,Micrococcales,Micrococcaceae,Rothia,Rothia dentocariosa,409.0,No,1,0.0543666666666667,,0.0543666666666667,20251003.0,0.08973333333333333,,0.08893333333333335,,-0.0021999999999999936,,-0.002999999999999975,,0.09193333333333333,,0.0,,,,,,poor,0,0.0,0,0.0,0,,,,,,0.0625,,20251003,0.0789,uncertain,0.0681,uncertain,0.0633,uncertain,0.062,uncertain,0.0569,uncertain,0.0578,uncertain,0.0646,uncertain,0.0647,uncertain,0.0636,uncertain,0.0617,uncertain,0.0613,uncertain,0.0662,uncertain,0.063,uncertain,0.0689,uncertain,0.0582,uncertain,0.0647,uncertain,0.0595,uncertain,0.0718,uncertain,0.063,uncertain,0.0635,uncertain
ASMA-2228,Bacteria,Actinomycetota,Actinomycetes,Actinomycetales,Actinomycetaceae,Actinomyces,Actinomyces naeslundii,52.0,Yes,4,0.03776666666666667,0.007431614150969427,0.04530000000000001,20251010.0,0.405375,0.21551589848547137,0.45437500000000003,0.24382830537080802,0.30295833333333333,0.20879075716558376,0.3519583333333333,0.23697973249016702,0.5449333333333334,0.3023168867264943,24.75,16.39994918691315,0.07837090880130974,0.006548232303929266,0.9998607852597597,1.9875176421750115e-05,no_growth,3,75.0,3,75.0,3,3,20.977414827102205,27.067257187169098,20251010,none,0.06016666666666667,0.0012423096769056164,20251010,0.08243333333333333,utilizes,0.07711666666666667,utilizes,0.061450000000000005,uncertain,0.0598,uncertain,0.06136666666666667,uncertain,0.059366666666666665,uncertain,0.06926666666666667,utilizes,0.060666666666666674,uncertain,0.061233333333333334,uncertain,0.059616666666666665,uncertain,0.07021666666666666,utilizes,0.05678333333333333,uncertain,0.05821666666666667,uncertain,0.062,uncertain,0.06025,uncertain,0.056266666666666666,uncertain,0.057216666666666666,uncertain,0.058899999999999994,uncertain,0.06130000000000001,uncertain,0.059583333333333335,uncertain
ASMA-2229,Bacteria,Actinomycetota,Actinomycetes,Micrococcales,Micrococcaceae,Rothia,Rothia dentocariosa,53.0,Yes,4,0.14375833333333335,0.08153904483947147,0.2655333333333334,20251017.0,0.14841666666666667,0.03326591515517214,0.24489166666666667,0.09972057767136687,0.027675000000000005,0.01709900094547437,0.12415000000000001,0.08301058165479067,0.24695,0.09749176033559623,36.6875,21.79963206876055,0.02093155371772107,0.008007104350439635,0.9962964301098707,0.0011636164819772683,normal,0,0.0,3,75.0,4,3,-12.615371528220834,1.2263091033379503,20251017,none,0.07185,0.014377412840980814,20251017,0.08193333333333333,uncertain,0.05995,uncertain,0.060700000000000004,uncertain,0.055933333333333335,uncertain,0.06188333333333333,uncertain,0.06004999999999999,uncertain,0.05928333333333333,uncertain,0.06551666666666667,uncertain,0.0645,uncertain,0.06461666666666666,uncertain,0.06048333333333333,uncertain,0.06205,uncertain,0.06556666666666666,uncertain,0.06518333333333334,uncertain,0.06309999999999999,uncertain,0.06168333333333333,uncertain,0.06251666666666666,uncertain,0.06311666666666667,uncertain,0.06386666666666667,uncertain,0.0619,uncertain
ASMA-223,Bacteria,Pseudomonadota,Gammaproteobacteria,Pseudomonadales,Pseudomonadaceae,Pseudomonas,Pseudomonas aeruginosa,533.0,No,,,,,,,,,,,,,,,,,,,,,,,,,,,,,,,,,,,,,,,,,,,,,,,,,,,,,,,,,,,,,,,,,,,,,,,,,,,
ASMA-2230,Bacteria,Actinomycetota,Actinomycetes,Micrococcales,Micrococcaceae,Rothia,Rothia dentocariosa,432.0,No,,,,,,,,,,,,,,,,,,,,,,,,,,,,,,,,,,,,,,,,,,,,,,,,,,,,,,,,,,,,,,,,,,,,,,,,,,,
ASMA-2231,Bacteria,Actinomycetota,Actinomycetes,Micrococcales,Micrococcaceae,Rothia,Rothia dentocariosa,409.0,No,,,,,,,,,,,,,,,,,,,,,,,,,,,,,,,,,,,,,,,,,,,,,,,,,,,,,,,,,,,,,,,,,,,,,,,,,,,
ASMA-2232,Bacteria,Actinomycetota,Actinomycetes,Micrococcales,Micrococcaceae,Rothia,Rothia dentocariosa,410.0,No,1,0.0663333333333333,,0.0663333333333333,20251003.0,0.1226333333333333,,0.1205,,0.021400000000000002,,0.019266666666666696,,0.1375666666666667,,34.5,,0.03598791106074563,,0.9977465060899781,,poor,0,0.0,0,0.0,1,,,,,,0.0736,,20251003,0.0972,uncertain,0.072,uncertain,0.0732,uncertain,0.0722,uncertain,0.0725,uncertain,0.0748,uncertain,0.0983,uncertain,0.0718,uncertain,0.0747,uncertain,0.0729,uncertain,0.0666,uncertain,0.065,uncertain,0.0748,uncertain,0.0766,uncertain,0.0676,uncertain,0.0697,uncertain,0.0674,uncertain,0.0781,uncertain,0.079,uncertain,0.0688,uncertain
ASMA-2233,Bacteria,Actinomycetota,Actinomycetes,Micrococcales,Micrococcaceae,Rothia,Rothia dentocariosa,410.0,No,,,,,,,,,,,,,,,,,,,,,,,,,,,,,,,,,,,,,,,,,,,,,,,,,,,,,,,,,,,,,,,,,,,,,,,,,,,
ASMA-2234,Bacteria,Actinomycetota,Actinomycetes,Micrococcales,Micrococcaceae,Rothia,Rothia dentocariosa,409.0,No,,,,,,,,,,,,,,,,,,,,,,,,,,,,,,,,,,,,,,,,,,,,,,,,,,,,,,,,,,,,,,,,,,,,,,,,,,,
ASMA-2234,Bacteria,Actinomycetota,Actinomycetes,Micrococcales,Micrococcaceae,Rothia,Rothia dentocariosa,409.0,No,,,,,,,,,,,,,,,,,,,,,,,,,,,,,,,,,,,,,,,,,,,,,,,,,,,,,,,,,,,,,,,,,,,,,,,,,,,
ASMA-2235,Bacteria,Actinomycetota,Actinomycetes,Mycobacteriales,Mycobacteriaceae,Corynebacterium,Corynebacterium durum,316.0,No,,,,,,,,,,,,,,,,,,,,,,,,,,,,,,,,,,,,,,,,,,,,,,,,,,,,,,,,,,,,,,,,,,,,,,,,,,,
ASMA-2236,Bacteria,Pseudomonadota,Gammaproteobacteria,Pseudomonadales,Pseudomonadaceae,Pseudomonas,Pseudomonas aeruginosa,523.0,No,,,,,,,,,,,,,,,,,,,,,,,,,,,,,,,,,,,,,,,,,,,,,,,,,,,,,,,,,,,,,,,,,,,,,,,,,,,
ASMA-2236,Bacteria,Pseudomonadota,Gammaproteobacteria,Pseudomonadales,Pseudomonadaceae,Pseudomonas,Pseudomonas aeruginosa,523.0,No,,,,,,,,,,,,,,,,,,,,,,,,,,,,,,,,,,,,,,,,,,,,,,,,,,,,,,,,,,,,,,,,,,,,,,,,,,,
ASMA-2237,Bacteria,Pseudomonadota,Gammaproteobacteria,Pseudomonadales,Pseudomonadaceae,Pseudomonas,Pseudomonas aeruginosa,523.0,No,,,,,,,,,,,,,,,,,,,,,,,,,,,,,,,,,,,,,,,,,,,,,,,,,,,,,,,,,,,,,,,,,,,,,,,,,,,
ASMA-2238,Bacteria,Pseudomonadota,Gammaproteobacteria,Pseudomonadales,Pseudomonadaceae,Pseudomonas,Pseudomonas aeruginosa,523.0,No,,,,,,,,,,,,,,,,,,,,,,,,,,,,,,,,,,,,,,,,,,,,,,,,,,,,,,,,,,,,,,,,,,,,,,,,,,,
ASMA-2239,Bacteria,Pseudomonadota,Gammaproteobacteria,Pseudomonadales,Pseudomonadaceae,Pseudomonas,Pseudomonas aeruginosa,523.0,No,,,,,,,,,,,,,,,,,,,,,,,,,,,,,,,,,,,,,,,,,,,,,,,,,,,,,,,,,,,,,,,,,,,,,,,,,,,
ASMA-224,Bacteria,Pseudomonadota,Gammaproteobacteria,Pseudomonadales,Pseudomonadaceae,Pseudomonas,Pseudomonas aeruginosa,533.0,No,,,,,,,,,,,,,,,,,,,,,,,,,,,,,,,,,,,,,,,,,,,,,,,,,,,,,,,,,,,,,,,,,,,,,,,,,,,
ASMA-2240,Bacteria,Pseudomonadota,Gammaproteobacteria,Pseudomonadales,Pseudomonadaceae,Pseudomonas,Pseudomonas aeruginosa,523.0,No,,,,,,,,,,,,,,,,,,,,,,,,,,,,,,,,,,,,,,,,,,,,,,,,,,,,,,,,,,,,,,,,,,,,,,,,,,,
ASMA-2241,Bacteria,Pseudomonadota,Gammaproteobacteria,Pseudomonadales,Pseudomonadaceae,Pseudomonas,Pseudomonas aeruginosa,523.0,No,,,,,,,,,,,,,,,,,,,,,,,,,,,,,,,,,,,,,,,,,,,,,,,,,,,,,,,,,,,,,,,,,,,,,,,,,,,
ASMA-2242,Bacteria,Pseudomonadota,Gammaproteobacteria,Pseudomonadales,Pseudomonadaceae,Pseudomonas,Pseudomonas aeruginosa,523.0,No,,,,,,,,,,,,,,,,,,,,,,,,,,,,,,,,,,,,,,,,,,,,,,,,,,,,,,,,,,,,,,,,,,,,,,,,,,,
ASMA-2243,Bacteria,Pseudomonadota,Gammaproteobacteria,Pseudomonadales,Pseudomonadaceae,Pseudomonas,Pseudomonas aeruginosa,523.0,No,,,,,,,,,,,,,,,,,,,,,,,,,,,,,,,,,,,,,,,,,,,,,,,,,,,,,,,,,,,,,,,,,,,,,,,,,,,
ASMA-2244,Bacteria,Pseudomonadota,Gammaproteobacteria,Pseudomonadales,Pseudomonadaceae,Pseudomonas,Pseudomonas aeruginosa,523.0,No,,,,,,,,,,,,,,,,,,,,,,,,,,,,,,,,,,,,,,,,,,,,,,,,,,,,,,,,,,,,,,,,,,,,,,,,,,,
ASMA-2245,Bacteria,Bacillota,Bacilli,Lactobacillales,Streptococcaceae,Streptococcus,Streptococcus sp001813105,433.0,No,,,,,,,,,,,,,,,,,,,,,,,,,,,,,,,,,,,,,,,,,,,,,,,,,,,,,,,,,,,,,,,,,,,,,,,,,,,
ASMA-2246,Bacteria,Bacillota,Bacilli,Lactobacillales,Streptococcaceae,Streptococcus,Streptococcus caecimuris,433.0,No,,,,,,,,,,,,,,,,,,,,,,,,,,,,,,,,,,,,,,,,,,,,,,,,,,,,,,,,,,,,,,,,,,,,,,,,,,,
ASMA-2246,Bacteria,Bacillota,Bacilli,Lactobacillales,Streptococcaceae,Streptococcus,Streptococcus sp001813105,433.0,No,,,,,,,,,,,,,,,,,,,,,,,,,,,,,,,,,,,,,,,,,,,,,,,,,,,,,,,,,,,,,,,,,,,,,,,,,,,
ASMA-2247,Bacteria,Bacillota,Bacilli,Lactobacillales,Streptococcaceae,Streptococcus,Streptococcus caecimuris,433.0,Yes,,,,,,,,,,,,,,,,,,,,,,,,,,,,,,,,,,,,,,,,,,,,,,,,,,,,,,,,,,,,,,,,,,,,,,,,,,,
ASMA-2248,Bacteria,Bacillota,Bacilli,Lactobacillales,Streptococcaceae,Streptococcus,Streptococcus sp001813105,433.0,No,,,,,,,,,,,,,,,,,,,,,,,,,,,,,,,,,,,,,,,,,,,,,,,,,,,,,,,,,,,,,,,,,,,,,,,,,,,
ASMA-2249,Bacteria,Bacillota,Bacilli,Lactobacillales,Streptococcaceae,Streptococcus,Streptococcus parasanguinis_F,433.0,No,,,,,,,,,,,,,,,,,,,,,,,,,,,,,,,,,,,,,,,,,,,,,,,,,,,,,,,,,,,,,,,,,,,,,,,,,,,
ASMA-225,Bacteria,Pseudomonadota,Gammaproteobacteria,Pseudomonadales,Pseudomonadaceae,Pseudomonas,Pseudomonas aeruginosa,533.0,No,,,,,,,,,,,,,,,,,,,,,,,,,,,,,,,,,,,,,,,,,,,,,,,,,,,,,,,,,,,,,,,,,,,,,,,,,,,
ASMA-2250,Bacteria,Bacillota,Bacilli,Lactobacillales,Streptococcaceae,Streptococcus,Streptococcus caecimuris,433.0,No,1,0.0030000000000000027,,0.0030000000000000027,20251003.0,0.0949,,0.09396666666666666,,-6.666666666665932e-05,,-0.0010000000000000009,,0.09573333333333334,,15.75,,0.0029331800785457438,,0.9682936349284977,,no_growth,0,0.0,0,0.0,1,,,,,,0.0437,,20251003,0.0432,uncertain,0.0453,uncertain,0.0441,uncertain,0.044,uncertain,0.0445,uncertain,0.0444,uncertain,0.0435,uncertain,0.0438,uncertain,0.0446,uncertain,0.0444,uncertain,0.0436,uncertain,0.0437,uncertain,0.0443,uncertain,0.0454,uncertain,0.0436,uncertain,0.0437,uncertain,0.0442,uncertain,0.0444,uncertain,0.0443,uncertain,0.0437,uncertain
ASMA-2251,Bacteria,Bacillota,Bacilli,Lactobacillales,Streptococcaceae,Streptococcus,Streptococcus sp001556435,367.0,Yes,,,,,,,,,,,,,,,,,,,,,,,,,,,,,,,,,,,,,,,,,,,,,,,,,,,,,,,,,,,,,,,,,,,,,,,,,,,
ASMA-2252,Bacteria,Bacillota,Bacilli,Lactobacillales,Streptococcaceae,Streptococcus,Streptococcus sp001556435,367.0,No,1,0.007666666666666669,,0.007666666666666669,20251003.0,0.1761666666666667,,0.1375,,0.05929999999999999,,0.02063333333333331,,0.1904333333333333,,29.0,,0.01690292365537237,,0.9991130131913721,,no_growth,0,0.0,0,0.0,1,,,,,,0.0469,,20251003,0.0477,uncertain,0.0475,uncertain,0.0473,uncertain,0.0463,uncertain,0.0468,uncertain,0.0463,uncertain,0.0443,uncertain,0.0474,uncertain,0.0469,uncertain,0.0466,uncertain,0.0466,uncertain,0.0472,uncertain,0.0468,uncertain,0.0481,uncertain,0.0458,uncertain,0.0461,uncertain,0.0465,uncertain,0.0461,uncertain,0.0468,uncertain,0.0452,uncertain
ASMA-2253,Bacteria,Actinomycetota,Actinomycetes,Actinomycetales,Actinomycetaceae,Actinomyces,Actinomyces oris,484.0,No,,,,,,,,,,,,,,,,,,,,,,,,,,,,,,,,,,,,,,,,,,,,,,,,,,,,,,,,,,,,,,,,,,,,,,,,,,,
ASMA-2254,Bacteria,Actinomycetota,Actinomycetes,Actinomycetales,Actinomycetaceae,Actinomyces,Actinomyces oris,484.0,Yes,,,,,,,,,,,,,,,,,,,,,,,,,,,,,,,,,,,,,,,,,,,,,,,,,,,,,,,,,,,,,,,,,,,,,,,,,,,
ASMA-2255,Bacteria,Bacillota,Bacilli,Bacillales,Bacillaceae,Bacillus,Bacillus velezensis,,,4,0.299375,0.019751518928933044,0.3128,20251010.0,0.3907,0.35816934542196655,0.344925,0.32264244786863777,0.272225,0.3653242794650619,0.22644999999999998,0.32974643288442107,0.41715,0.3657081213208151,19.25,9.167424211122047,0.04655831700382577,0.05293084876642407,0.9960532687902945,0.0016727268848905016,robust,2,50.0,1,25.0,4,3,67.76402534983625,2.3874928168755707,20251010,strong,0.05781666666666667,0.004933896364267628,20251010,0.16233333333333333,utilizes,0.09543333333333333,utilizes,0.04768333333333333,uncertain,0.05261666666666667,uncertain,0.10045,utilizes,0.04795,uncertain,0.12483333333333332,utilizes,0.05156666666666667,uncertain,0.05166666666666667,uncertain,0.054433333333333334,uncertain,0.09988333333333334,utilizes,0.1159,utilizes,0.049883333333333335,uncertain,0.049350000000000005,uncertain,0.05028333333333333,uncertain,0.10300000000000001,utilizes,0.10086666666666666,utilizes,0.08696666666666666,utilizes,0.16235,utilizes,0.05048333333333333,uncertain
ASMA-2256,Bacteria,Actinomycetota,Actinomycetes,Actinomycetales,Actinomycetaceae,Actinomyces,Actinomyces oris,484.0,No,,,,,,,,,,,,,,,,,,,,,,,,,,,,,,,,,,,,,,,,,,,,,,,,,,,,,,,,,,,,,,,,,,,,,,,,,,,
ASMA-2257,Bacteria,Actinomycetota,Actinomycetes,Actinomycetales,Actinomycetaceae,Actinomyces,Actinomyces oris,484.0,No,,,,,,,,,,,,,,,,,,,,,,,,,,,,,,,,,,,,,,,,,,,,,,,,,,,,,,,,,,,,,,,,,,,,,,,,,,,
ASMA-2258,Bacteria,Actinomycetota,Actinomycetes,Actinomycetales,Actinomycetaceae,Actinomyces,Actinomyces oris,484.0,No,,,,,,,,,,,,,,,,,,,,,,,,,,,,,,,,,,,,,,,,,,,,,,,,,,,,,,,,,,,,,,,,,,,,,,,,,,,
ASMA-2259,Bacteria,Actinomycetota,Actinomycetes,Micrococcales,Micrococcaceae,Rothia,Rothia dentocariosa,493.0,No,1,0.03749999999999999,,0.03749999999999999,20251003.0,0.1603333333333333,,0.1612666666666667,,0.051166666666666596,,0.052099999999999994,,0.1679,,14.5,,0.03426178589151939,,0.9979472360896534,,no_growth,0,0.0,0,0.0,1,,,,,,0.0602,,20251003,0.0636,uncertain,0.0614,uncertain,0.0628,uncertain,0.062,uncertain,0.0607,uncertain,0.0614,uncertain,0.0622,uncertain,0.0599,uncertain,0.062,uncertain,0.0617,uncertain,0.066,uncertain,0.067,uncertain,0.0603,uncertain,0.0585,uncertain,0.0568,uncertain,0.0584,uncertain,0.0601,uncertain,0.0635,uncertain,0.0613,uncertain,0.0591,uncertain
ASMA-226,Bacteria,Pseudomonadota,Gammaproteobacteria,Pseudomonadales,Pseudomonadaceae,Pseudomonas,Pseudomonas aeruginosa,533.0,No,,,,,,,,,,,,,,,,,,,,,,,,,,,,,,,,,,,,,,,,,,,,,,,,,,,,,,,,,,,,,,,,,,,,,,,,,,,
ASMA-2260,Bacteria,Bacillota,Bacilli,Bacillales,Bacillaceae,Bacillus,Bacillus licheniformis,,,4,0.19593750000000001,0.020502098469831486,0.21855000000000002,20251121.0,0.11836250000000001,0.022344485710498387,0.1188875,0.024363621275718977,0.0109875,0.012050873066573502,0.011512499999999995,0.014116162427043218,0.1216375,0.025906840312936653,7.75,5.423713365090993,0.017816279262431973,0.013056307323345534,0.9892608005801217,0.007379267095083438,normal,0,0.0,0,0.0,3,1,54.383054740334316,,20251111,strong,0.10396666666666667,0.0360201795294434,20251121,0.26133333333333336,utilizes,0.16056666666666666,no_growth,0.04666666666666667,no_growth,0.04853333333333334,no_growth,0.1436333333333333,no_growth,0.0494,no_growth,0.17690000000000003,utilizes,0.0554,no_growth,0.04943333333333333,no_growth,0.05846666666666667,no_growth,0.12826666666666667,no_growth,0.3331,utilizes,0.052366666666666666,no_growth,0.06123333333333333,no_growth,0.0452,no_growth,0.04543333333333333,no_growth,0.08373333333333333,no_growth,0.0851,no_growth,0.06193333333333334,no_growth,0.04763333333333333,no_growth
ASMA-2260,Bacteria,Bacillota,Bacilli,Bacillales,Bacillaceae,Bacillus,Bacillus licheniformis,,,4,0.19593750000000001,0.020502098469831486,0.21855000000000002,20251121.0,0.11836250000000001,0.022344485710498387,0.1188875,0.024363621275718977,0.0109875,0.012050873066573502,0.011512499999999995,0.014116162427043218,0.1216375,0.025906840312936653,7.75,5.423713365090993,0.017816279262431973,0.013056307323345534,0.9892608005801217,0.007379267095083438,normal,0,0.0,0,0.0,3,1,54.383054740334316,,20251111,strong,0.10396666666666667,0.0360201795294434,20251121,0.26133333333333336,utilizes,0.16056666666666666,no_growth,0.04666666666666667,no_growth,0.04853333333333334,no_growth,0.1436333333333333,no_growth,0.0494,no_growth,0.17690000000000003,utilizes,0.0554,no_growth,0.04943333333333333,no_growth,0.05846666666666667,no_growth,0.12826666666666667,no_growth,0.3331,utilizes,0.052366666666666666,no_growth,0.06123333333333333,no_growth,0.0452,no_growth,0.04543333333333333,no_growth,0.08373333333333333,no_growth,0.0851,no_growth,0.06193333333333334,no_growth,0.04763333333333333,no_growth
ASMA-2261,Bacteria,Actinomycetota,Actinomycetes,Micrococcales,Micrococcaceae,Rothia,Rothia dentocariosa,461.0,No,,,,,,,,,,,,,,,,,,,,,,,,,,,,,,,,,,,,,,,,,,,,,,,,,,,,,,,,,,,,,,,,,,,,,,,,,,,
ASMA-2261,Bacteria,Actinomycetota,Actinomycetes,Micrococcales,Micrococcaceae,Rothia,Rothia dentocariosa,461.0,No,,,,,,,,,,,,,,,,,,,,,,,,,,,,,,,,,,,,,,,,,,,,,,,,,,,,,,,,,,,,,,,,,,,,,,,,,,,
ASMA-2262,Bacteria,Actinomycetota,Actinomycetes,Micrococcales,Micrococcaceae,Rothia,Rothia dentocariosa,493.0,No,,,,,,,,,,,,,,,,,,,,,,,,,,,,,,,,,,,,,,,,,,,,,,,,,,,,,,,,,,,,,,,,,,,,,,,,,,,
ASMA-2263,Bacteria,Actinomycetota,Actinomycetes,Micrococcales,Micrococcaceae,Rothia,Rothia dentocariosa,461.0,No,,,,,,,,,,,,,,,,,,,,,,,,,,,,,,,,,,,,,,,,,,,,,,,,,,,,,,,,,,,,,,,,,,,,,,,,,,,
ASMA-2264,Bacteria,Actinomycetota,Actinomycetes,Micrococcales,Micrococcaceae,Rothia,Rothia dentocariosa,493.0,No,,,,,,,,,,,,,,,,,,,,,,,,,,,,,,,,,,,,,,,,,,,,,,,,,,,,,,,,,,,,,,,,,,,,,,,,,,,
ASMA-2265,Bacteria,Actinomycetota,Actinomycetes,Actinomycetales,Actinomycetaceae,Actinomyces,Actinomyces oris,484.0,No,1,0.008933333333333293,,0.008933333333333293,20251003.0,0.4773000000000001,,0.4019,,0.37546666666666684,,0.3000666666666667,,0.4777333333333333,,23.0,,0.02802484263140553,,0.9992601906750154,,no_growth,1,100.0,1,100.0,1,,,,,,0.046,,20251003,0.0477,uncertain,0.0453,uncertain,0.046,uncertain,0.0452,uncertain,0.0452,uncertain,0.0462,uncertain,0.0449,uncertain,0.0459,uncertain,0.0461,uncertain,0.0452,uncertain,0.0447,uncertain,0.0451,uncertain,0.0464,uncertain,0.047,uncertain,0.0449,uncertain,0.0462,uncertain,0.0452,uncertain,0.045,uncertain,0.045,uncertain,0.0453,uncertain
ASMA-2266,Bacteria,Actinomycetota,Actinomycetes,Micrococcales,Micrococcaceae,Rothia,Rothia dentocariosa,461.0,No,1,0.001966666666666672,,0.001966666666666672,20251003.0,0.0919,,0.09096666666666668,,-0.0018333333333333396,,-0.0027666666666666534,,0.09373333333333334,,0.0,,,,,,no_growth,0,0.0,0,0.0,0,,,,,,0.0483,,20251003,0.0474,uncertain,0.0487,uncertain,0.0457,uncertain,0.0477,uncertain,0.0473,uncertain,0.0468,uncertain,0.049,uncertain,0.0467,uncertain,0.0483,uncertain,0.0481,uncertain,0.0472,uncertain,0.0477,uncertain,0.0477,uncertain,0.0463,uncertain,0.0482,uncertain,0.0459,uncertain,0.0464,uncertain,0.0456,uncertain,0.0474,uncertain,0.0472,uncertain
ASMA-2267,Bacteria,Actinomycetota,Actinomycetes,Micrococcales,Micrococcaceae,Rothia,Rothia dentocariosa,493.0,Yes,,,,,,,,,,,,,,,,,,,,,,,,,,,,,,,,,,,,,,,,,,,,,,,,,,,,,,,,,,,,,,,,,,,,,,,,,,,
ASMA-2268,Bacteria,Actinomycetota,Actinomycetes,Micrococcales,Micrococcaceae,Rothia,Rothia dentocariosa,493.0,No,,,,,,,,,,,,,,,,,,,,,,,,,,,,,,,,,,,,,,,,,,,,,,,,,,,,,,,,,,,,,,,,,,,,,,,,,,,
ASMA-2269,Bacteria,Actinomycetota,Actinomycetes,Micrococcales,Micrococcaceae,Rothia,Rothia dentocariosa,461.0,No,,,,,,,,,,,,,,,,,,,,,,,,,,,,,,,,,,,,,,,,,,,,,,,,,,,,,,,,,,,,,,,,,,,,,,,,,,,
ASMA-227,Bacteria,Pseudomonadota,Gammaproteobacteria,Pseudomonadales,Pseudomonadaceae,Pseudomonas,Pseudomonas aeruginosa,533.0,No,,,,,,,,,,,,,,,,,,,,,,,,,,,,,,,,,,,,,,,,,,,,,,,,,,,,,,,,,,,,,,,,,,,,,,,,,,,
ASMA-2270,Bacteria,Pseudomonadota,Gammaproteobacteria,Pseudomonadales,Pseudomonadaceae,Pseudomonas,Pseudomonas aeruginosa,540.0,No,,,,,,,,,,,,,,,,,,,,,,,,,,,,,,,,,,,,,,,,,,,,,,,,,,,,,,,,,,,,,,,,,,,,,,,,,,,
ASMA-2271,Bacteria,Pseudomonadota,Gammaproteobacteria,Pseudomonadales,Pseudomonadaceae,Pseudomonas,Pseudomonas aeruginosa,540.0,No,,,,,,,,,,,,,,,,,,,,,,,,,,,,,,,,,,,,,,,,,,,,,,,,,,,,,,,,,,,,,,,,,,,,,,,,,,,
ASMA-2272,Bacteria,Pseudomonadota,Gammaproteobacteria,Pseudomonadales,Pseudomonadaceae,Pseudomonas,Pseudomonas aeruginosa,540.0,No,,,,,,,,,,,,,,,,,,,,,,,,,,,,,,,,,,,,,,,,,,,,,,,,,,,,,,,,,,,,,,,,,,,,,,,,,,,
ASMA-2273,Bacteria,Pseudomonadota,Gammaproteobacteria,Pseudomonadales,Pseudomonadaceae,Pseudomonas,Pseudomonas aeruginosa,540.0,No,,,,,,,,,,,,,,,,,,,,,,,,,,,,,,,,,,,,,,,,,,,,,,,,,,,,,,,,,,,,,,,,,,,,,,,,,,,
ASMA-2274,Bacteria,Pseudomonadota,Gammaproteobacteria,Pseudomonadales,Pseudomonadaceae,Pseudomonas,Pseudomonas aeruginosa,540.0,No,,,,,,,,,,,,,,,,,,,,,,,,,,,,,,,,,,,,,,,,,,,,,,,,,,,,,,,,,,,,,,,,,,,,,,,,,,,
ASMA-2275,Bacteria,Pseudomonadota,Gammaproteobacteria,Pseudomonadales,Pseudomonadaceae,Pseudomonas,Pseudomonas aeruginosa,540.0,No,,,,,,,,,,,,,,,,,,,,,,,,,,,,,,,,,,,,,,,,,,,,,,,,,,,,,,,,,,,,,,,,,,,,,,,,,,,
ASMA-2276,Bacteria,Pseudomonadota,Gammaproteobacteria,Pseudomonadales,Pseudomonadaceae,Pseudomonas,Pseudomonas aeruginosa,540.0,No,,,,,,,,,,,,,,,,,,,,,,,,,,,,,,,,,,,,,,,,,,,,,,,,,,,,,,,,,,,,,,,,,,,,,,,,,,,
ASMA-2277,Bacteria,Pseudomonadota,Gammaproteobacteria,Pseudomonadales,Pseudomonadaceae,Pseudomonas,Pseudomonas aeruginosa,540.0,No,,,,,,,,,,,,,,,,,,,,,,,,,,,,,,,,,,,,,,,,,,,,,,,,,,,,,,,,,,,,,,,,,,,,,,,,,,,
ASMA-2278,Bacteria,Pseudomonadota,Gammaproteobacteria,Pseudomonadales,Pseudomonadaceae,Pseudomonas,Pseudomonas aeruginosa,540.0,No,,,,,,,,,,,,,,,,,,,,,,,,,,,,,,,,,,,,,,,,,,,,,,,,,,,,,,,,,,,,,,,,,,,,,,,,,,,
ASMA-2279,Bacteria,Pseudomonadota,Gammaproteobacteria,Pseudomonadales,Pseudomonadaceae,Pseudomonas,Pseudomonas aeruginosa,540.0,No,,,,,,,,,,,,,,,,,,,,,,,,,,,,,,,,,,,,,,,,,,,,,,,,,,,,,,,,,,,,,,,,,,,,,,,,,,,
ASMA-2279,Bacteria,Pseudomonadota,Gammaproteobacteria,Pseudomonadales,Pseudomonadaceae,Pseudomonas,Pseudomonas aeruginosa,540.0,No,,,,,,,,,,,,,,,,,,,,,,,,,,,,,,,,,,,,,,,,,,,,,,,,,,,,,,,,,,,,,,,,,,,,,,,,,,,
ASMA-228,Bacteria,Pseudomonadota,Gammaproteobacteria,Pseudomonadales,Pseudomonadaceae,Pseudomonas,Pseudomonas aeruginosa,533.0,No,,,,,,,,,,,,,,,,,,,,,,,,,,,,,,,,,,,,,,,,,,,,,,,,,,,,,,,,,,,,,,,,,,,,,,,,,,,
ASMA-2280,Bacteria,Pseudomonadota,Gammaproteobacteria,Pseudomonadales,Pseudomonadaceae,Pseudomonas,Pseudomonas aeruginosa,540.0,No,,,,,,,,,,,,,,,,,,,,,,,,,,,,,,,,,,,,,,,,,,,,,,,,,,,,,,,,,,,,,,,,,,,,,,,,,,,
ASMA-2281,Bacteria,Pseudomonadota,Gammaproteobacteria,Pseudomonadales,Pseudomonadaceae,Pseudomonas,Pseudomonas aeruginosa,540.0,No,,,,,,,,,,,,,,,,,,,,,,,,,,,,,,,,,,,,,,,,,,,,,,,,,,,,,,,,,,,,,,,,,,,,,,,,,,,
ASMA-2282,Bacteria,Pseudomonadota,Gammaproteobacteria,Pseudomonadales,Pseudomonadaceae,Pseudomonas,Pseudomonas aeruginosa,540.0,No,,,,,,,,,,,,,,,,,,,,,,,,,,,,,,,,,,,,,,,,,,,,,,,,,,,,,,,,,,,,,,,,,,,,,,,,,,,
ASMA-2283,Bacteria,Pseudomonadota,Gammaproteobacteria,Pseudomonadales,Pseudomonadaceae,Pseudomonas,Pseudomonas aeruginosa,540.0,No,,,,,,,,,,,,,,,,,,,,,,,,,,,,,,,,,,,,,,,,,,,,,,,,,,,,,,,,,,,,,,,,,,,,,,,,,,,
ASMA-2284,Bacteria,Pseudomonadota,Gammaproteobacteria,Pseudomonadales,Pseudomonadaceae,Pseudomonas,Pseudomonas aeruginosa,540.0,No,,,,,,,,,,,,,,,,,,,,,,,,,,,,,,,,,,,,,,,,,,,,,,,,,,,,,,,,,,,,,,,,,,,,,,,,,,,
ASMA-2285,Bacteria,Bacillota,Bacilli,Lactobacillales,Streptococcaceae,Streptococcus,Streptococcus sanguinis,319.0,Yes,,,,,,,,,,,,,,,,,,,,,,,,,,,,,,,,,,,,,,,,,,,,,,,,,,,,,,,,,,,,,,,,,,,,,,,,,,,
ASMA-2286,Bacteria,Bacillota,Bacilli,Lactobacillales,Streptococcaceae,Streptococcus,Streptococcus sanguinis,319.0,No,,,,,,,,,,,,,,,,,,,,,,,,,,,,,,,,,,,,,,,,,,,,,,,,,,,,,,,,,,,,,,,,,,,,,,,,,,,
ASMA-2287,Bacteria,Bacillota,Bacilli,Lactobacillales,Streptococcaceae,Streptococcus,Streptococcus sp001813105,234.0,No,,,,,,,,,,,,,,,,,,,,,,,,,,,,,,,,,,,,,,,,,,,,,,,,,,,,,,,,,,,,,,,,,,,,,,,,,,,
ASMA-2288,Bacteria,Bacillota,Bacilli,Lactobacillales,Streptococcaceae,Streptococcus,Streptococcus sp001813105,234.0,Yes,1,0.002066666666666661,,0.002066666666666661,20251003.0,0.09636666666666667,,0.09666666666666668,,-0.0012333333333333363,,-0.0009333333333333277,,0.09806666666666668,,11.5,,,,,,no_growth,0,0.0,0,0.0,0,,,,,,0.0426,,20251003,0.043,uncertain,0.043,uncertain,0.043,uncertain,0.0424,uncertain,0.0425,uncertain,0.0421,uncertain,0.0431,uncertain,0.0425,uncertain,0.0428,uncertain,0.0426,uncertain,0.0425,uncertain,0.0425,uncertain,0.0428,uncertain,0.043,uncertain,0.0426,uncertain,0.0423,uncertain,0.0428,uncertain,0.0426,uncertain,0.0429,uncertain,0.0422,uncertain
ASMA-2289,Bacteria,Bacillota,Bacilli,Lactobacillales,Streptococcaceae,Streptococcus,undetermined species,54.0,Yes,,,,,,,,,,,,,,,,,,,,,,,,,,,,,,,,,,,,,,,,,,,,,,,,,,,,,,,,,,,,,,,,,,,,,,,,,,,
ASMA-229,Bacteria,Pseudomonadota,Gammaproteobacteria,Pseudomonadales,Pseudomonadaceae,Pseudomonas,Pseudomonas aeruginosa,533.0,No,,,,,,,,,,,,,,,,,,,,,,,,,,,,,,,,,,,,,,,,,,,,,,,,,,,,,,,,,,,,,,,,,,,,,,,,,,,
ASMA-2290,Bacteria,Actinomycetota,Actinomycetes,Micrococcales,Micrococcaceae,Rothia,Rothia dentocariosa,368.0,No,,,,,,,,,,,,,,,,,,,,,,,,,,,,,,,,,,,,,,,,,,,,,,,,,,,,,,,,,,,,,,,,,,,,,,,,,,,
ASMA-2292,Bacteria,Actinomycetota,Actinomycetes,Mycobacteriales,Mycobacteriaceae,Corynebacterium,Corynebacterium durum,55.0,Yes,1,0.002366666666666656,,0.002366666666666656,20251003.0,0.1353333333333333,,0.1457,,0.025900000000000006,,0.0362666666666667,,0.1459333333333333,,47.0,,0.02114387488465101,,0.9689998664119457,,no_growth,0,0.0,0,0.0,1,,,,,,0.0423,,20251003,0.0429,uncertain,0.042,uncertain,0.0424,uncertain,0.042,uncertain,0.0422,uncertain,0.0419,uncertain,0.0422,uncertain,0.0423,uncertain,0.0424,uncertain,0.0421,uncertain,0.0421,uncertain,0.042,uncertain,0.0419,uncertain,0.0423,uncertain,0.0422,uncertain,0.0418,uncertain,0.0421,uncertain,0.0415,uncertain,0.0424,uncertain,0.0418,uncertain
ASMA-2293,Bacteria,Actinomycetota,Actinomycetes,Micrococcales,Micrococcaceae,Rothia,Rothia dentocariosa,56.0,Yes,1,0.0757666666666666,,0.0757666666666666,20251003.0,0.3061,,0.1631,,0.18189999999999998,,0.03889999999999999,,0.3607333333333334,,33.25,,0.03137508712130087,,0.9992009305071463,,poor,1,100.0,0,0.0,1,,,,,,0.0734,,20251003,0.088,uncertain,0.0731,uncertain,0.0746,uncertain,0.0716,uncertain,0.0751,uncertain,0.0718,uncertain,0.085,uncertain,0.0782,uncertain,0.0694,uncertain,0.069,uncertain,0.0735,uncertain,0.0663,uncertain,0.0774,uncertain,0.0724,uncertain,0.0731,uncertain,0.076,uncertain,0.0747,uncertain,0.0824,uncertain,0.0762,uncertain,0.0711,uncertain
ASMA-2294,Bacteria,Actinomycetota,Actinomycetes,Micrococcales,Micrococcaceae,Rothia,Rothia dentocariosa,320.0,Yes,1,0.0605,,0.0605,20251003.0,0.1875333333333333,,0.1752,,0.0626666666666666,,0.0503333333333333,,0.2098666666666666,,34.25,,0.017319441117094152,,0.9993516228457581,,poor,0,0.0,0,0.0,1,,,,,,0.0664,,20251003,0.0952,uncertain,0.0683,uncertain,0.0725,uncertain,0.072,uncertain,0.0707,uncertain,0.0657,uncertain,0.0903,uncertain,0.0752,uncertain,0.0699,uncertain,0.0711,uncertain,0.0663,uncertain,0.0737,uncertain,0.073,uncertain,0.0754,uncertain,0.0718,uncertain,0.0675,uncertain,0.0684,uncertain,0.0768,uncertain,0.073,uncertain,0.0739,uncertain
ASMA-2295,Bacteria,Actinomycetota,Actinomycetes,Micrococcales,Micrococcaceae,Rothia,Rothia dentocariosa,235.0,No,,,,,,,,,,,,,,,,,,,,,,,,,,,,,,,,,,,,,,,,,,,,,,,,,,,,,,,,,,,,,,,,,,,,,,,,,,,
ASMA-2296,Bacteria,Actinomycetota,Actinomycetes,Micrococcales,Micrococcaceae,Rothia,Rothia dentocariosa,369.0,No,,,,,,,,,,,,,,,,,,,,,,,,,,,,,,,,,,,,,,,,,,,,,,,,,,,,,,,,,,,,,,,,,,,,,,,,,,,
ASMA-2297,Bacteria,Bacillota,Bacilli,Lactobacillales,Streptococcaceae,Streptococcus,Streptococcus sanguinis,319.0,No,1,0.0027666666666666534,,0.0027666666666666534,20251003.0,0.0947,,0.09376666666666666,,-0.0001666666666666483,,-0.0010999999999999899,,0.09536666666666667,,3.25,,,,,,no_growth,0,0.0,0,0.0,0,,,,,,0.0437,,20251003,0.0434,uncertain,0.0432,uncertain,0.0437,uncertain,0.0429,uncertain,0.0431,uncertain,0.0429,uncertain,0.0455,uncertain,0.043,uncertain,0.0433,uncertain,0.0432,uncertain,0.0433,uncertain,0.0429,uncertain,0.0429,uncertain,0.0435,uncertain,0.0434,uncertain,0.043,uncertain,0.0429,uncertain,0.0427,uncertain,0.043,uncertain,0.0426,uncertain
ASMA-2298,Bacteria,Actinomycetota,Actinomycetes,Micrococcales,Micrococcaceae,Rothia,Rothia dentocariosa,369.0,Yes,4,0.15413333333333334,0.05914312207593452,0.2423333333333334,20251017.0,0.2662083333333334,0.14346879742067034,0.24170833333333333,0.18909602572355785,0.1541666666666667,0.14700202568521145,0.12966666666666665,0.1926166947881494,0.29368333333333335,0.15458044651392508,31.1875,14.201489065118018,0.045383278977070916,0.02318711875479256,0.9982668533447556,0.0017808130059878424,normal,2,50.0,1,25.0,4,3,-42.27808259963421,16.007380872172163,20251017,none,0.06609999999999999,0.01251079533842673,20251017,0.08818333333333334,uncertain,0.053849999999999995,uncertain,0.05326666666666667,uncertain,0.051449999999999996,uncertain,0.05413333333333334,uncertain,0.054933333333333334,uncertain,0.062299999999999994,uncertain,0.061549999999999994,uncertain,0.060450000000000004,uncertain,0.06328333333333333,uncertain,0.05413333333333333,uncertain,0.06601666666666667,uncertain,0.061799999999999994,uncertain,0.06213333333333333,uncertain,0.057300000000000004,uncertain,0.05583333333333333,uncertain,0.05741666666666667,uncertain,0.060649999999999996,uncertain,0.06156666666666667,uncertain,0.058866666666666664,uncertain
ASMA-2299,Bacteria,Actinomycetota,Actinomycetes,Micrococcales,Micrococcaceae,Rothia,Rothia dentocariosa,235.0,Yes,4,0.05834999999999997,0.023185987147412934,0.09309999999999989,20251010.0,0.15528333333333333,0.034745055603479603,0.22439166666666668,0.1378806659961996,0.04415833333333332,0.0402631655486749,0.11326666666666668,0.14547104331943334,0.25259166666666666,0.1575023747616383,33.375,19.374059116939502,0.03327612862056821,0.02222045110996545,0.9967627825196772,0.004464133699137486,poor,0,0.0,1,25.0,4,3,-9.433882012674914,6.39266743136245,20251010,none,0.06946666666666668,0.0012662279942148326,20251010,0.0876,utilizes,0.06215,uncertain,0.06598333333333334,uncertain,0.06276666666666667,uncertain,0.06603333333333333,uncertain,0.0668,uncertain,0.06948333333333334,utilizes,0.0694,uncertain,0.07121666666666666,uncertain,0.06761666666666666,uncertain,0.06333333333333332,uncertain,0.06746666666666666,uncertain,0.07073333333333334,uncertain,0.07361666666666666,uncertain,0.06473333333333334,uncertain,0.06288333333333333,uncertain,0.06983333333333333,uncertain,0.07189999999999999,uncertain,0.07505,uncertain,0.06688333333333334,uncertain
ASMA-23,Bacteria,Pseudomonadota,Gammaproteobacteria,Pseudomonadales,Pseudomonadaceae,Pseudomonas,Pseudomonas aeruginosa,536.0,No,,,,,,,,,,,,,,,,,,,,,,,,,,,,,,,,,,,,,,,,,,,,,,,,,,,,,,,,,,,,,,,,,,,,,,,,,,,
ASMA-230,Bacteria,Pseudomonadota,Gammaproteobacteria,Enterobacterales,Enterobacteriaceae,Citrobacter_B,Citrobacter_B koseri,57.0,Yes,4,0.68105,0.07810311560153459,0.7435,20251010.0,0.15256666666666668,0.038105671785473375,0.130625,0.008383465870390362,0.052108333333333354,0.03704997001048417,0.03016666666666667,0.00862283789325377,0.166575,0.03335959382246733,22.5625,17.62145354390494,0.06980954335444942,0.08107463236736337,0.9946965425159149,0.0017697217504916874,robust,0,0.0,0,0.0,4,3,83.85861936965675,2.5995004587466335,20251010,strong,0.07888333333333335,0.03771171347649605,20251010,0.13058333333333333,uncertain,0.2556,utilizes,0.09888333333333332,uncertain,0.0964,uncertain,0.16188333333333332,utilizes,0.0877,uncertain,0.10325000000000001,uncertain,0.07245,uncertain,0.07416666666666666,uncertain,0.07241666666666667,uncertain,0.29035,utilizes,0.18055,utilizes,0.07369999999999999,uncertain,0.08963333333333333,uncertain,0.06591666666666667,uncertain,0.22675,utilizes,0.0667,uncertain,0.07028333333333334,uncertain,0.40976666666666667,utilizes,0.07606666666666667,uncertain
ASMA-2300,Bacteria,Actinomycetota,Actinomycetes,Micrococcales,Micrococcaceae,Rothia,Rothia dentocariosa,320.0,No,,,,,,,,,,,,,,,,,,,,,,,,,,,,,,,,,,,,,,,,,,,,,,,,,,,,,,,,,,,,,,,,,,,,,,,,,,,
ASMA-2301,Bacteria,Actinomycetota,Actinomycetes,Micrococcales,Micrococcaceae,Rothia,Rothia dentocariosa,320.0,No,,,,,,,,,,,,,,,,,,,,,,,,,,,,,,,,,,,,,,,,,,,,,,,,,,,,,,,,,,,,,,,,,,,,,,,,,,,
ASMA-2302,Bacteria,Bacillota,Bacilli,Lactobacillales,Streptococcaceae,Streptococcus,Streptococcus sp900766505,231.0,No,,,,,,,,,,,,,,,,,,,,,,,,,,,,,,,,,,,,,,,,,,,,,,,,,,,,,,,,,,,,,,,,,,,,,,,,,,,
ASMA-2304,Bacteria,Bacillota,Bacilli,Lactobacillales,Streptococcaceae,Streptococcus,Streptococcus sp001556435,525.0,No,,,,,,,,,,,,,,,,,,,,,,,,,,,,,,,,,,,,,,,,,,,,,,,,,,,,,,,,,,,,,,,,,,,,,,,,,,,
ASMA-2305,Bacteria,Bacillota,Bacilli,Lactobacillales,Streptococcaceae,Streptococcus,Streptococcus sp001556435,525.0,Yes,,,,,,,,,,,,,,,,,,,,,,,,,,,,,,,,,,,,,,,,,,,,,,,,,,,,,,,,,,,,,,,,,,,,,,,,,,,
ASMA-2306,Bacteria,Bacillota,Bacilli,Lactobacillales,Streptococcaceae,Streptococcus,Streptococcus sp001556435,525.0,No,,,,,,,,,,,,,,,,,,,,,,,,,,,,,,,,,,,,,,,,,,,,,,,,,,,,,,,,,,,,,,,,,,,,,,,,,,,
ASMA-2307,Bacteria,Bacillota,Bacilli,Lactobacillales,Lactobacillaceae,Lacticaseibacillus,Lacticaseibacillus rhamnosus,528.0,No,,,,,,,,,,,,,,,,,,,,,,,,,,,,,,,,,,,,,,,,,,,,,,,,,,,,,,,,,,,,,,,,,,,,,,,,,,,
ASMA-2308,Bacteria,Bacillota,Bacilli,Lactobacillales,Lactobacillaceae,Lacticaseibacillus,Lacticaseibacillus rhamnosus,528.0,Yes,,,,,,,,,,,,,,,,,,,,,,,,,,,,,,,,,,,,,,,,,,,,,,,,,,,,,,,,,,,,,,,,,,,,,,,,,,,
ASMA-2309,Bacteria,Bacillota,Bacilli,Lactobacillales,Lactobacillaceae,Lacticaseibacillus,Lacticaseibacillus rhamnosus,528.0,No,1,0.0018666666666666831,,0.0018666666666666831,20251003.0,0.1026333333333333,,0.1002333333333333,,-0.008466666666666706,,-0.010866666666666705,,0.1141333333333333,,2.0,,,,,,no_growth,0,0.0,0,0.0,0,,,,,,0.0449,,20251003,0.0457,uncertain,0.0439,uncertain,0.0441,uncertain,0.0435,uncertain,0.0435,uncertain,0.0426,uncertain,0.0438,uncertain,0.0434,uncertain,0.0443,uncertain,0.0434,uncertain,0.0435,uncertain,0.0435,uncertain,0.0428,uncertain,0.0443,uncertain,0.0435,uncertain,0.0435,uncertain,0.0438,uncertain,0.0437,uncertain,0.0437,uncertain,0.0421,uncertain
ASMA-231,Bacteria,Pseudomonadota,Gammaproteobacteria,Pseudomonadales,Pseudomonadaceae,Pseudomonas,Pseudomonas aeruginosa,,,1,0.127,,0.127,20250920.0,0.1810333333333334,,0.1228,,0.08136666666666674,,0.02313333333333334,,0.1949333333333333,,17.25,,0.13818464853811852,,0.9984896325646355,,normal,0,0.0,0,0.0,1,,,,,,0.0495,,20250920,0.0532,uncertain,0.05,uncertain,0.0491,uncertain,0.0463,uncertain,0.0466,uncertain,0.047,uncertain,0.049,uncertain,0.0477,uncertain,0.0483,uncertain,0.0497,uncertain,0.0488,uncertain,0.0502,uncertain,0.0487,uncertain,0.2334,uncertain,0.0479,uncertain,0.0471,uncertain,0.0473,uncertain,0.0475,uncertain,0.0484,uncertain,0.0495,uncertain
ASMA-2310,Bacteria,Bacillota,Bacilli,Lactobacillales,Lactobacillaceae,Lacticaseibacillus,Lacticaseibacillus rhamnosus,528.0,No,,,,,,,,,,,,,,,,,,,,,,,,,,,,,,,,,,,,,,,,,,,,,,,,,,,,,,,,,,,,,,,,,,,,,,,,,,,
ASMA-2311,Bacteria,Bacillota,Bacilli,Lactobacillales,Streptococcaceae,Streptococcus,Streptococcus salivarius_D,431.0,No,,,,,,,,,,,,,,,,,,,,,,,,,,,,,,,,,,,,,,,,,,,,,,,,,,,,,,,,,,,,,,,,,,,,,,,,,,,
ASMA-2312,Bacteria,Bacillota,Bacilli,Lactobacillales,Streptococcaceae,Streptococcus,Streptococcus salivarius_D,431.0,No,,,,,,,,,,,,,,,,,,,,,,,,,,,,,,,,,,,,,,,,,,,,,,,,,,,,,,,,,,,,,,,,,,,,,,,,,,,
ASMA-2313,Bacteria,Bacillota,Bacilli,Lactobacillales,Streptococcaceae,Streptococcus,Streptococcus salivarius_D,431.0,No,,,,,,,,,,,,,,,,,,,,,,,,,,,,,,,,,,,,,,,,,,,,,,,,,,,,,,,,,,,,,,,,,,,,,,,,,,,
ASMA-2314,Bacteria,Bacillota,Bacilli,Lactobacillales,Streptococcaceae,Streptococcus,Streptococcus xiaochunlingii,315.0,No,,,,,,,,,,,,,,,,,,,,,,,,,,,,,,,,,,,,,,,,,,,,,,,,,,,,,,,,,,,,,,,,,,,,,,,,,,,
ASMA-2315,Bacteria,Bacillota,Bacilli,Lactobacillales,Lactobacillaceae,Lacticaseibacillus,Lacticaseibacillus rhamnosus,528.0,No,,,,,,,,,,,,,,,,,,,,,,,,,,,,,,,,,,,,,,,,,,,,,,,,,,,,,,,,,,,,,,,,,,,,,,,,,,,
ASMA-2316,Bacteria,Bacillota,Bacilli,Lactobacillales,Lactobacillaceae,Lacticaseibacillus,Lacticaseibacillus rhamnosus,528.0,No,,,,,,,,,,,,,,,,,,,,,,,,,,,,,,,,,,,,,,,,,,,,,,,,,,,,,,,,,,,,,,,,,,,,,,,,,,,
ASMA-2317,Bacteria,Bacillota,Bacilli,Lactobacillales,Lactobacillaceae,Lacticaseibacillus,Lacticaseibacillus rhamnosus,528.0,No,,,,,,,,,,,,,,,,,,,,,,,,,,,,,,,,,,,,,,,,,,,,,,,,,,,,,,,,,,,,,,,,,,,,,,,,,,,
ASMA-2318,Bacteria,Bacillota,Bacilli,Lactobacillales,Lactobacillaceae,Lacticaseibacillus,Lacticaseibacillus rhamnosus,528.0,No,,,,,,,,,,,,,,,,,,,,,,,,,,,,,,,,,,,,,,,,,,,,,,,,,,,,,,,,,,,,,,,,,,,,,,,,,,,
ASMA-2319,Bacteria,Bacillota,Bacilli,Lactobacillales,Lactobacillaceae,Lacticaseibacillus,Lacticaseibacillus rhamnosus,528.0,No,,,,,,,,,,,,,,,,,,,,,,,,,,,,,,,,,,,,,,,,,,,,,,,,,,,,,,,,,,,,,,,,,,,,,,,,,,,
ASMA-232,Bacteria,Pseudomonadota,Gammaproteobacteria,Pseudomonadales,Pseudomonadaceae,Pseudomonas,Pseudomonas aeruginosa,533.0,No,,,,,,,,,,,,,,,,,,,,,,,,,,,,,,,,,,,,,,,,,,,,,,,,,,,,,,,,,,,,,,,,,,,,,,,,,,,
ASMA-2320,Bacteria,Bacillota,Bacilli,Lactobacillales,Lactobacillaceae,Lacticaseibacillus,Lacticaseibacillus rhamnosus,528.0,No,,,,,,,,,,,,,,,,,,,,,,,,,,,,,,,,,,,,,,,,,,,,,,,,,,,,,,,,,,,,,,,,,,,,,,,,,,,
ASMA-2321,Bacteria,Bacillota,Bacilli,Lactobacillales,Streptococcaceae,Streptococcus,Streptococcus sp001556435,367.0,No,,,,,,,,,,,,,,,,,,,,,,,,,,,,,,,,,,,,,,,,,,,,,,,,,,,,,,,,,,,,,,,,,,,,,,,,,,,
ASMA-2322,Bacteria,Bacillota,Bacilli,Lactobacillales,Lactobacillaceae,Lacticaseibacillus,Lacticaseibacillus rhamnosus,528.0,No,,,,,,,,,,,,,,,,,,,,,,,,,,,,,,,,,,,,,,,,,,,,,,,,,,,,,,,,,,,,,,,,,,,,,,,,,,,
ASMA-2323,Bacteria,Actinomycetota,Actinomycetes,Micrococcales,Micrococcaceae,Rothia,Rothia dentocariosa,507.0,No,,,,,,,,,,,,,,,,,,,,,,,,,,,,,,,,,,,,,,,,,,,,,,,,,,,,,,,,,,,,,,,,,,,,,,,,,,,
ASMA-2324,Bacteria,Actinomycetota,Actinomycetes,Micrococcales,Micrococcaceae,Rothia,Rothia dentocariosa,507.0,No,,,,,,,,,,,,,,,,,,,,,,,,,,,,,,,,,,,,,,,,,,,,,,,,,,,,,,,,,,,,,,,,,,,,,,,,,,,
ASMA-2325,Bacteria,Actinomycetota,Actinomycetes,Micrococcales,Micrococcaceae,Rothia,Rothia dentocariosa,507.0,No,,,,,,,,,,,,,,,,,,,,,,,,,,,,,,,,,,,,,,,,,,,,,,,,,,,,,,,,,,,,,,,,,,,,,,,,,,,
ASMA-2326,Bacteria,Actinomycetota,Actinomycetes,Micrococcales,Micrococcaceae,Rothia,Rothia dentocariosa,507.0,No,,,,,,,,,,,,,,,,,,,,,,,,,,,,,,,,,,,,,,,,,,,,,,,,,,,,,,,,,,,,,,,,,,,,,,,,,,,
ASMA-2327,Fungi,Saccharomycetes,Ascomycota,Saccharomycetales,Debaryomycetaceae,Candida,Candida albicans,,,,,,,,,,,,,,,,,,,,,,,,,,,,,,,,,,,,,,,,,,,,,,,,,,,,,,,,,,,,,,,,,,,,,,,,,,,,,
ASMA-2328,Bacteria,Actinomycetota,Actinomycetes,Micrococcales,Micrococcaceae,Rothia,Rothia dentocariosa,507.0,No,,,,,,,,,,,,,,,,,,,,,,,,,,,,,,,,,,,,,,,,,,,,,,,,,,,,,,,,,,,,,,,,,,,,,,,,,,,
ASMA-233,Bacteria,Pseudomonadota,Gammaproteobacteria,Pseudomonadales,Pseudomonadaceae,Pseudomonas,Pseudomonas aeruginosa,533.0,No,,,,,,,,,,,,,,,,,,,,,,,,,,,,,,,,,,,,,,,,,,,,,,,,,,,,,,,,,,,,,,,,,,,,,,,,,,,
ASMA-2330,Bacteria,Pseudomonadota,Gammaproteobacteria,Pseudomonadales,Pseudomonadaceae,Pseudomonas,Pseudomonas aeruginosa,524.0,No,1,0.42490000000000006,,0.42490000000000006,20251003.0,0.1051666666666667,,0.1078333333333333,,0.0023999999999999994,,0.005066666666666594,,0.1078333333333333,,48.0,,0.0035059839187142564,,0.9531262906697883,,robust,0,0.0,0,0.0,1,,,,,,0.0501,,20251003,0.0651,uncertain,0.2709,uncertain,0.0482,uncertain,0.0561,uncertain,0.1529,uncertain,0.0562,uncertain,0.1256,uncertain,0.2126,uncertain,0.2539,uncertain,0.1944,uncertain,0.3273,uncertain,0.2225,uncertain,0.0498,uncertain,0.0724,uncertain,0.0778,uncertain,0.2385,uncertain,0.2512,uncertain,0.1922,uncertain,0.0496,uncertain,0.0561,uncertain
ASMA-2331,Bacteria,Pseudomonadota,Gammaproteobacteria,Pseudomonadales,Pseudomonadaceae,Pseudomonas,Pseudomonas aeruginosa,524.0,No,,,,,,,,,,,,,,,,,,,,,,,,,,,,,,,,,,,,,,,,,,,,,,,,,,,,,,,,,,,,,,,,,,,,,,,,,,,
ASMA-2332,Bacteria,Bacillota,Bacilli,Lactobacillales,Streptococcaceae,Streptococcus,undetermined species,452.0,No,,,,,,,,,,,,,,,,,,,,,,,,,,,,,,,,,,,,,,,,,,,,,,,,,,,,,,,,,,,,,,,,,,,,,,,,,,,
ASMA-2333,Bacteria,Actinomycetota,Actinomycetes,Micrococcales,Micrococcaceae,Rothia,Rothia dentocariosa,507.0,No,,,,,,,,,,,,,,,,,,,,,,,,,,,,,,,,,,,,,,,,,,,,,,,,,,,,,,,,,,,,,,,,,,,,,,,,,,,
ASMA-2334,Bacteria,Actinomycetota,Actinomycetes,Micrococcales,Micrococcaceae,Rothia,Rothia dentocariosa,507.0,No,,,,,,,,,,,,,,,,,,,,,,,,,,,,,,,,,,,,,,,,,,,,,,,,,,,,,,,,,,,,,,,,,,,,,,,,,,,
ASMA-2335,Bacteria,Actinomycetota,Actinomycetes,Micrococcales,Micrococcaceae,Rothia,Rothia dentocariosa,507.0,No,,,,,,,,,,,,,,,,,,,,,,,,,,,,,,,,,,,,,,,,,,,,,,,,,,,,,,,,,,,,,,,,,,,,,,,,,,,
ASMA-2336,Bacteria,Actinomycetota,Actinomycetes,Micrococcales,Micrococcaceae,Rothia,Rothia dentocariosa,507.0,No,,,,,,,,,,,,,,,,,,,,,,,,,,,,,,,,,,,,,,,,,,,,,,,,,,,,,,,,,,,,,,,,,,,,,,,,,,,
ASMA-2337,Bacteria,Pseudomonadota,Gammaproteobacteria,Pseudomonadales,Pseudomonadaceae,Pseudomonas,Pseudomonas aeruginosa,524.0,No,,,,,,,,,,,,,,,,,,,,,,,,,,,,,,,,,,,,,,,,,,,,,,,,,,,,,,,,,,,,,,,,,,,,,,,,,,,
ASMA-2338,Bacteria,Pseudomonadota,Gammaproteobacteria,Pseudomonadales,Pseudomonadaceae,Pseudomonas,Pseudomonas aeruginosa,524.0,No,,,,,,,,,,,,,,,,,,,,,,,,,,,,,,,,,,,,,,,,,,,,,,,,,,,,,,,,,,,,,,,,,,,,,,,,,,,
ASMA-2339,Bacteria,Pseudomonadota,Gammaproteobacteria,Pseudomonadales,Pseudomonadaceae,Pseudomonas,Pseudomonas aeruginosa,524.0,No,,,,,,,,,,,,,,,,,,,,,,,,,,,,,,,,,,,,,,,,,,,,,,,,,,,,,,,,,,,,,,,,,,,,,,,,,,,
ASMA-234,Bacteria,Pseudomonadota,Gammaproteobacteria,Pseudomonadales,Pseudomonadaceae,Pseudomonas,Pseudomonas aeruginosa,533.0,No,,,,,,,,,,,,,,,,,,,,,,,,,,,,,,,,,,,,,,,,,,,,,,,,,,,,,,,,,,,,,,,,,,,,,,,,,,,
ASMA-2340,Bacteria,Pseudomonadota,Gammaproteobacteria,Pseudomonadales,Pseudomonadaceae,Pseudomonas,Pseudomonas aeruginosa,524.0,No,,,,,,,,,,,,,,,,,,,,,,,,,,,,,,,,,,,,,,,,,,,,,,,,,,,,,,,,,,,,,,,,,,,,,,,,,,,
ASMA-2341,Bacteria,Pseudomonadota,Gammaproteobacteria,Pseudomonadales,Pseudomonadaceae,Pseudomonas,Pseudomonas aeruginosa,524.0,No,,,,,,,,,,,,,,,,,,,,,,,,,,,,,,,,,,,,,,,,,,,,,,,,,,,,,,,,,,,,,,,,,,,,,,,,,,,
ASMA-2341,Bacteria,Pseudomonadota,Gammaproteobacteria,Pseudomonadales,Pseudomonadaceae,Pseudomonas,Pseudomonas aeruginosa,524.0,No,,,,,,,,,,,,,,,,,,,,,,,,,,,,,,,,,,,,,,,,,,,,,,,,,,,,,,,,,,,,,,,,,,,,,,,,,,,
ASMA-2342,Bacteria,Pseudomonadota,Gammaproteobacteria,Pseudomonadales,Pseudomonadaceae,Pseudomonas,Pseudomonas aeruginosa,524.0,No,,,,,,,,,,,,,,,,,,,,,,,,,,,,,,,,,,,,,,,,,,,,,,,,,,,,,,,,,,,,,,,,,,,,,,,,,,,
ASMA-2343,Bacteria,Pseudomonadota,Gammaproteobacteria,Pseudomonadales,Pseudomonadaceae,Pseudomonas,Pseudomonas aeruginosa,524.0,No,,,,,,,,,,,,,,,,,,,,,,,,,,,,,,,,,,,,,,,,,,,,,,,,,,,,,,,,,,,,,,,,,,,,,,,,,,,
ASMA-2344,Bacteria,Pseudomonadota,Gammaproteobacteria,Pseudomonadales,Pseudomonadaceae,Pseudomonas,Pseudomonas aeruginosa,524.0,No,,,,,,,,,,,,,,,,,,,,,,,,,,,,,,,,,,,,,,,,,,,,,,,,,,,,,,,,,,,,,,,,,,,,,,,,,,,
ASMA-2345,Bacteria,Pseudomonadota,Gammaproteobacteria,Pseudomonadales,Pseudomonadaceae,Pseudomonas,Pseudomonas aeruginosa,524.0,No,,,,,,,,,,,,,,,,,,,,,,,,,,,,,,,,,,,,,,,,,,,,,,,,,,,,,,,,,,,,,,,,,,,,,,,,,,,
ASMA-2346,Bacteria,Pseudomonadota,Gammaproteobacteria,Pseudomonadales,Pseudomonadaceae,Pseudomonas,Pseudomonas aeruginosa,524.0,Yes,,,,,,,,,,,,,,,,,,,,,,,,,,,,,,,,,,,,,,,,,,,,,,,,,,,,,,,,,,,,,,,,,,,,,,,,,,,
ASMA-2347,Bacteria,Pseudomonadota,Gammaproteobacteria,Pseudomonadales,Pseudomonadaceae,Pseudomonas,Pseudomonas aeruginosa,524.0,No,,,,,,,,,,,,,,,,,,,,,,,,,,,,,,,,,,,,,,,,,,,,,,,,,,,,,,,,,,,,,,,,,,,,,,,,,,,
ASMA-2348,Bacteria,Pseudomonadota,Gammaproteobacteria,Pseudomonadales,Pseudomonadaceae,Pseudomonas,Pseudomonas aeruginosa,524.0,No,,,,,,,,,,,,,,,,,,,,,,,,,,,,,,,,,,,,,,,,,,,,,,,,,,,,,,,,,,,,,,,,,,,,,,,,,,,
ASMA-2349,Bacteria,Pseudomonadota,Gammaproteobacteria,Pseudomonadales,Pseudomonadaceae,Pseudomonas,Pseudomonas aeruginosa,524.0,No,,,,,,,,,,,,,,,,,,,,,,,,,,,,,,,,,,,,,,,,,,,,,,,,,,,,,,,,,,,,,,,,,,,,,,,,,,,
ASMA-235,Bacteria,Pseudomonadota,Gammaproteobacteria,Pseudomonadales,Pseudomonadaceae,Pseudomonas,Pseudomonas aeruginosa,533.0,No,,,,,,,,,,,,,,,,,,,,,,,,,,,,,,,,,,,,,,,,,,,,,,,,,,,,,,,,,,,,,,,,,,,,,,,,,,,
ASMA-2350,Bacteria,Pseudomonadota,Gammaproteobacteria,Pseudomonadales,Pseudomonadaceae,Pseudomonas,Pseudomonas aeruginosa,524.0,No,,,,,,,,,,,,,,,,,,,,,,,,,,,,,,,,,,,,,,,,,,,,,,,,,,,,,,,,,,,,,,,,,,,,,,,,,,,
ASMA-2351,Bacteria,Pseudomonadota,Gammaproteobacteria,Pseudomonadales,Pseudomonadaceae,Pseudomonas,Pseudomonas aeruginosa,524.0,No,,,,,,,,,,,,,,,,,,,,,,,,,,,,,,,,,,,,,,,,,,,,,,,,,,,,,,,,,,,,,,,,,,,,,,,,,,,
ASMA-2352,Bacteria,Pseudomonadota,Gammaproteobacteria,Pseudomonadales,Pseudomonadaceae,Pseudomonas,Pseudomonas aeruginosa,524.0,No,,,,,,,,,,,,,,,,,,,,,,,,,,,,,,,,,,,,,,,,,,,,,,,,,,,,,,,,,,,,,,,,,,,,,,,,,,,
ASMA-2353,Bacteria,Pseudomonadota,Gammaproteobacteria,Pseudomonadales,Pseudomonadaceae,Pseudomonas,Pseudomonas aeruginosa,524.0,No,,,,,,,,,,,,,,,,,,,,,,,,,,,,,,,,,,,,,,,,,,,,,,,,,,,,,,,,,,,,,,,,,,,,,,,,,,,
ASMA-2354,Bacteria,Pseudomonadota,Gammaproteobacteria,Pseudomonadales,Pseudomonadaceae,Pseudomonas,Pseudomonas aeruginosa,524.0,No,,,,,,,,,,,,,,,,,,,,,,,,,,,,,,,,,,,,,,,,,,,,,,,,,,,,,,,,,,,,,,,,,,,,,,,,,,,
ASMA-2355,Bacteria,Pseudomonadota,Gammaproteobacteria,Pseudomonadales,Pseudomonadaceae,Pseudomonas,Pseudomonas aeruginosa,524.0,No,,,,,,,,,,,,,,,,,,,,,,,,,,,,,,,,,,,,,,,,,,,,,,,,,,,,,,,,,,,,,,,,,,,,,,,,,,,
ASMA-2356,Bacteria,Pseudomonadota,Gammaproteobacteria,Pseudomonadales,Pseudomonadaceae,Pseudomonas,Pseudomonas aeruginosa,524.0,No,,,,,,,,,,,,,,,,,,,,,,,,,,,,,,,,,,,,,,,,,,,,,,,,,,,,,,,,,,,,,,,,,,,,,,,,,,,
ASMA-2357,Bacteria,Pseudomonadota,Gammaproteobacteria,Pseudomonadales,Pseudomonadaceae,Pseudomonas,Pseudomonas aeruginosa,523.0,No,,,,,,,,,,,,,,,,,,,,,,,,,,,,,,,,,,,,,,,,,,,,,,,,,,,,,,,,,,,,,,,,,,,,,,,,,,,
ASMA-2358,Bacteria,Pseudomonadota,Gammaproteobacteria,Pseudomonadales,Pseudomonadaceae,Pseudomonas,Pseudomonas aeruginosa,523.0,No,1,0.3772,,0.3772,20251003.0,0.5655333333333333,,0.3928,,0.46103333333333335,,0.2883,,0.6590333333333334,,19.0,,0.14010089055433356,,0.9999680733796629,,robust,1,100.0,1,100.0,1,,,,,,0.0578,,20251003,0.1839,uncertain,0.114,uncertain,0.0542,uncertain,0.06,uncertain,0.0792,uncertain,0.0591,uncertain,0.254,uncertain,0.1837,uncertain,0.1543,uncertain,0.0713,uncertain,0.0528,uncertain,0.0524,uncertain,0.0566,uncertain,0.0529,uncertain,0.0501,uncertain,0.2414,uncertain,0.2002,uncertain,0.1721,uncertain,0.0476,uncertain,0.0581,uncertain
ASMA-2359,Bacteria,Pseudomonadota,Gammaproteobacteria,Pseudomonadales,Pseudomonadaceae,Pseudomonas,Pseudomonas aeruginosa,523.0,No,,,,,,,,,,,,,,,,,,,,,,,,,,,,,,,,,,,,,,,,,,,,,,,,,,,,,,,,,,,,,,,,,,,,,,,,,,,
ASMA-236,Bacteria,Pseudomonadota,Gammaproteobacteria,Pseudomonadales,Pseudomonadaceae,Pseudomonas,Pseudomonas aeruginosa,533.0,No,,,,,,,,,,,,,,,,,,,,,,,,,,,,,,,,,,,,,,,,,,,,,,,,,,,,,,,,,,,,,,,,,,,,,,,,,,,
ASMA-2360,Bacteria,Pseudomonadota,Gammaproteobacteria,Pseudomonadales,Pseudomonadaceae,Pseudomonas,Pseudomonas aeruginosa,523.0,No,,,,,,,,,,,,,,,,,,,,,,,,,,,,,,,,,,,,,,,,,,,,,,,,,,,,,,,,,,,,,,,,,,,,,,,,,,,
ASMA-2361,Bacteria,Pseudomonadota,Gammaproteobacteria,Pseudomonadales,Pseudomonadaceae,Pseudomonas,Pseudomonas aeruginosa,523.0,No,,,,,,,,,,,,,,,,,,,,,,,,,,,,,,,,,,,,,,,,,,,,,,,,,,,,,,,,,,,,,,,,,,,,,,,,,,,
ASMA-2362,Bacteria,Pseudomonadota,Gammaproteobacteria,Pseudomonadales,Pseudomonadaceae,Pseudomonas,Pseudomonas aeruginosa,523.0,No,,,,,,,,,,,,,,,,,,,,,,,,,,,,,,,,,,,,,,,,,,,,,,,,,,,,,,,,,,,,,,,,,,,,,,,,,,,
ASMA-2363,Bacteria,Pseudomonadota,Gammaproteobacteria,Pseudomonadales,Pseudomonadaceae,Pseudomonas,Pseudomonas aeruginosa,523.0,No,,,,,,,,,,,,,,,,,,,,,,,,,,,,,,,,,,,,,,,,,,,,,,,,,,,,,,,,,,,,,,,,,,,,,,,,,,,
ASMA-2364,Bacteria,Pseudomonadota,Gammaproteobacteria,Pseudomonadales,Pseudomonadaceae,Pseudomonas,Pseudomonas aeruginosa,523.0,No,,,,,,,,,,,,,,,,,,,,,,,,,,,,,,,,,,,,,,,,,,,,,,,,,,,,,,,,,,,,,,,,,,,,,,,,,,,
ASMA-2365,Bacteria,Pseudomonadota,Gammaproteobacteria,Pseudomonadales,Pseudomonadaceae,Pseudomonas,Pseudomonas aeruginosa,523.0,No,,,,,,,,,,,,,,,,,,,,,,,,,,,,,,,,,,,,,,,,,,,,,,,,,,,,,,,,,,,,,,,,,,,,,,,,,,,
ASMA-2366,Bacteria,Pseudomonadota,Gammaproteobacteria,Pseudomonadales,Pseudomonadaceae,Pseudomonas,Pseudomonas aeruginosa,523.0,No,,,,,,,,,,,,,,,,,,,,,,,,,,,,,,,,,,,,,,,,,,,,,,,,,,,,,,,,,,,,,,,,,,,,,,,,,,,
ASMA-2367,Bacteria,Pseudomonadota,Gammaproteobacteria,Pseudomonadales,Pseudomonadaceae,Pseudomonas,Pseudomonas aeruginosa,523.0,No,,,,,,,,,,,,,,,,,,,,,,,,,,,,,,,,,,,,,,,,,,,,,,,,,,,,,,,,,,,,,,,,,,,,,,,,,,,
ASMA-2368,Bacteria,Pseudomonadota,Gammaproteobacteria,Pseudomonadales,Pseudomonadaceae,Pseudomonas,Pseudomonas aeruginosa,523.0,No,,,,,,,,,,,,,,,,,,,,,,,,,,,,,,,,,,,,,,,,,,,,,,,,,,,,,,,,,,,,,,,,,,,,,,,,,,,
ASMA-2369,Bacteria,Pseudomonadota,Gammaproteobacteria,Pseudomonadales,Pseudomonadaceae,Pseudomonas,Pseudomonas aeruginosa,540.0,No,,,,,,,,,,,,,,,,,,,,,,,,,,,,,,,,,,,,,,,,,,,,,,,,,,,,,,,,,,,,,,,,,,,,,,,,,,,
ASMA-2369,Bacteria,Pseudomonadota,Gammaproteobacteria,Pseudomonadales,Pseudomonadaceae,Pseudomonas,Pseudomonas aeruginosa,540.0,No,,,,,,,,,,,,,,,,,,,,,,,,,,,,,,,,,,,,,,,,,,,,,,,,,,,,,,,,,,,,,,,,,,,,,,,,,,,
ASMA-237,Bacteria,Pseudomonadota,Gammaproteobacteria,Pseudomonadales,Pseudomonadaceae,Pseudomonas,Pseudomonas aeruginosa,,,,,,,,,,,,,,,,,,,,,,,,,,,,,,,,,,,,,,,,,,,,,,,,,,,,,,,,,,,,,,,,,,,,,,,,,,,,,
ASMA-2370,Bacteria,Pseudomonadota,Gammaproteobacteria,Pseudomonadales,Pseudomonadaceae,Pseudomonas,Pseudomonas aeruginosa,540.0,No,,,,,,,,,,,,,,,,,,,,,,,,,,,,,,,,,,,,,,,,,,,,,,,,,,,,,,,,,,,,,,,,,,,,,,,,,,,
ASMA-2371,Bacteria,Pseudomonadota,Gammaproteobacteria,Pseudomonadales,Pseudomonadaceae,Pseudomonas,Pseudomonas aeruginosa,540.0,No,,,,,,,,,,,,,,,,,,,,,,,,,,,,,,,,,,,,,,,,,,,,,,,,,,,,,,,,,,,,,,,,,,,,,,,,,,,
ASMA-2372,Bacteria,Pseudomonadota,Gammaproteobacteria,Pseudomonadales,Pseudomonadaceae,Pseudomonas,Pseudomonas aeruginosa,540.0,No,,,,,,,,,,,,,,,,,,,,,,,,,,,,,,,,,,,,,,,,,,,,,,,,,,,,,,,,,,,,,,,,,,,,,,,,,,,
ASMA-2373,Bacteria,Pseudomonadota,Gammaproteobacteria,Pseudomonadales,Pseudomonadaceae,Pseudomonas,Pseudomonas aeruginosa,540.0,No,,,,,,,,,,,,,,,,,,,,,,,,,,,,,,,,,,,,,,,,,,,,,,,,,,,,,,,,,,,,,,,,,,,,,,,,,,,
ASMA-2374,Bacteria,Pseudomonadota,Gammaproteobacteria,Pseudomonadales,Pseudomonadaceae,Pseudomonas,Pseudomonas aeruginosa,540.0,No,,,,,,,,,,,,,,,,,,,,,,,,,,,,,,,,,,,,,,,,,,,,,,,,,,,,,,,,,,,,,,,,,,,,,,,,,,,
ASMA-2375,Bacteria,Pseudomonadota,Gammaproteobacteria,Pseudomonadales,Pseudomonadaceae,Pseudomonas,Pseudomonas aeruginosa,540.0,No,,,,,,,,,,,,,,,,,,,,,,,,,,,,,,,,,,,,,,,,,,,,,,,,,,,,,,,,,,,,,,,,,,,,,,,,,,,
ASMA-2376,Bacteria,Pseudomonadota,Gammaproteobacteria,Pseudomonadales,Pseudomonadaceae,Pseudomonas,Pseudomonas aeruginosa,540.0,No,,,,,,,,,,,,,,,,,,,,,,,,,,,,,,,,,,,,,,,,,,,,,,,,,,,,,,,,,,,,,,,,,,,,,,,,,,,
ASMA-2377,Bacteria,Pseudomonadota,Gammaproteobacteria,Pseudomonadales,Pseudomonadaceae,Pseudomonas,Pseudomonas aeruginosa,540.0,No,,,,,,,,,,,,,,,,,,,,,,,,,,,,,,,,,,,,,,,,,,,,,,,,,,,,,,,,,,,,,,,,,,,,,,,,,,,
ASMA-2378,Bacteria,Pseudomonadota,Gammaproteobacteria,Pseudomonadales,Pseudomonadaceae,Pseudomonas,Pseudomonas aeruginosa,523.0,No,,,,,,,,,,,,,,,,,,,,,,,,,,,,,,,,,,,,,,,,,,,,,,,,,,,,,,,,,,,,,,,,,,,,,,,,,,,
ASMA-2379,Bacteria,Pseudomonadota,Gammaproteobacteria,Pseudomonadales,Pseudomonadaceae,Pseudomonas,Pseudomonas aeruginosa,523.0,No,,,,,,,,,,,,,,,,,,,,,,,,,,,,,,,,,,,,,,,,,,,,,,,,,,,,,,,,,,,,,,,,,,,,,,,,,,,
ASMA-238,Bacteria,Pseudomonadota,Gammaproteobacteria,Pseudomonadales,Pseudomonadaceae,Pseudomonas,Pseudomonas aeruginosa,533.0,No,,,,,,,,,,,,,,,,,,,,,,,,,,,,,,,,,,,,,,,,,,,,,,,,,,,,,,,,,,,,,,,,,,,,,,,,,,,
ASMA-2380,Bacteria,Pseudomonadota,Gammaproteobacteria,Pseudomonadales,Pseudomonadaceae,Pseudomonas,Pseudomonas aeruginosa,524.0,No,,,,,,,,,,,,,,,,,,,,,,,,,,,,,,,,,,,,,,,,,,,,,,,,,,,,,,,,,,,,,,,,,,,,,,,,,,,
ASMA-2381,Bacteria,Actinomycetota,Actinomycetes,Micrococcales,Micrococcaceae,Rothia,Rothia dentocariosa,473.0,No,,,,,,,,,,,,,,,,,,,,,,,,,,,,,,,,,,,,,,,,,,,,,,,,,,,,,,,,,,,,,,,,,,,,,,,,,,,
ASMA-2382,Bacteria,Actinomycetota,Actinomycetes,Micrococcales,Micrococcaceae,Rothia,Rothia dentocariosa,473.0,No,,,,,,,,,,,,,,,,,,,,,,,,,,,,,,,,,,,,,,,,,,,,,,,,,,,,,,,,,,,,,,,,,,,,,,,,,,,
ASMA-2383,Bacteria,Actinomycetota,Actinomycetes,Micrococcales,Micrococcaceae,Rothia,Rothia dentocariosa,230.0,No,1,0.04633333333333341,,0.04633333333333341,20251003.0,0.3708666666666667,,0.3083666666666667,,0.25129999999999997,,0.18879999999999997,,0.3790333333333333,,26.25,,0.12796865948456557,,0.999867316238372,,no_growth,1,100.0,1,100.0,1,,,,,,0.0689,,20251003,0.0828,uncertain,0.0622,uncertain,0.0701,uncertain,0.0648,uncertain,0.0675,uncertain,0.0724,uncertain,0.0881,uncertain,0.0677,uncertain,0.0743,uncertain,0.0646,uncertain,0.06,uncertain,0.0639,uncertain,0.0748,uncertain,0.0746,uncertain,0.0688,uncertain,0.0683,uncertain,0.0592,uncertain,0.0719,uncertain,0.0783,uncertain,0.0621,uncertain
ASMA-2384,Bacteria,Actinomycetota,Actinomycetes,Micrococcales,Micrococcaceae,Rothia,Rothia dentocariosa,473.0,No,,,,,,,,,,,,,,,,,,,,,,,,,,,,,,,,,,,,,,,,,,,,,,,,,,,,,,,,,,,,,,,,,,,,,,,,,,,
ASMA-2384,Bacteria,Actinomycetota,Actinomycetes,Micrococcales,Micrococcaceae,Rothia,Rothia dentocariosa,473.0,No,,,,,,,,,,,,,,,,,,,,,,,,,,,,,,,,,,,,,,,,,,,,,,,,,,,,,,,,,,,,,,,,,,,,,,,,,,,
ASMA-2385,Bacteria,Actinomycetota,Actinomycetes,Micrococcales,Micrococcaceae,Rothia,Rothia dentocariosa,317.0,No,1,0.013899999999999996,,0.013899999999999996,20251003.0,0.0922,,0.09156666666666667,,-0.0013999999999999985,,-0.0020333333333333314,,0.0936,,0.0,,,,,,no_growth,0,0.0,0,0.0,0,,,,,,0.0635,,20251003,0.0612,uncertain,0.0699,uncertain,0.0644,uncertain,0.0576,uncertain,0.059,uncertain,0.0655,uncertain,0.0647,uncertain,0.0672,uncertain,0.0668,uncertain,0.0629,uncertain,0.0577,uncertain,0.0612,uncertain,0.0658,uncertain,0.0658,uncertain,0.0586,uncertain,0.0605,uncertain,0.058,uncertain,0.0648,uncertain,0.0668,uncertain,0.06,uncertain
ASMA-2386,Bacteria,Actinomycetota,Actinomycetes,Actinomycetales,Actinomycetaceae,Actinomyces,Actinomyces oris,484.0,No,,,,,,,,,,,,,,,,,,,,,,,,,,,,,,,,,,,,,,,,,,,,,,,,,,,,,,,,,,,,,,,,,,,,,,,,,,,
ASMA-2387,Bacteria,Actinomycetota,Actinomycetes,Micrococcales,Micrococcaceae,Rothia,Rothia mucilaginosa,236.0,Yes,,,,,,,,,,,,,,,,,,,,,,,,,,,,,,,,,,,,,,,,,,,,,,,,,,,,,,,,,,,,,,,,,,,,,,,,,,,
ASMA-2388,Bacteria,Actinomycetota,Actinomycetes,Micrococcales,Micrococcaceae,Rothia,Rothia mucilaginosa,236.0,No,1,0.0059333333333332905,,0.0059333333333332905,20251003.0,0.0963,,0.09536666666666667,,-0.00023333333333334927,,-0.001166666666666677,,0.09656666666666668,,4.25,,0.002406452914188654,,0.9503592879615435,,no_growth,0,0.0,0,0.0,1,,,,,,0.0578,,20251003,0.0833,uncertain,0.058,uncertain,0.0594,uncertain,0.0613,uncertain,0.0573,uncertain,0.0592,uncertain,0.0578,uncertain,0.0588,uncertain,0.0601,uncertain,0.0588,uncertain,0.0565,uncertain,0.0623,uncertain,0.0601,uncertain,0.0621,uncertain,0.0574,uncertain,0.0569,uncertain,0.0596,uncertain,0.0574,uncertain,0.0582,uncertain,0.0567,uncertain
ASMA-2389,Fungi,Saccharomycetes,Ascomycota,Saccharomycetales,Debaryomycetaceae,Candida,Candida albicans,,,,,,,,,,,,,,,,,,,,,,,,,,,,,,,,,,,,,,,,,,,,,,,,,,,,,,,,,,,,,,,,,,,,,,,,,,,,,
ASMA-239,Bacteria,Pseudomonadota,Gammaproteobacteria,Pseudomonadales,Pseudomonadaceae,Pseudomonas,Pseudomonas aeruginosa,533.0,No,,,,,,,,,,,,,,,,,,,,,,,,,,,,,,,,,,,,,,,,,,,,,,,,,,,,,,,,,,,,,,,,,,,,,,,,,,,
ASMA-2390,Fungi,Saccharomycetes,Ascomycota,Saccharomycetales,Debaryomycetaceae,Candida,Candida albicans,,,,,,,,,,,,,,,,,,,,,,,,,,,,,,,,,,,,,,,,,,,,,,,,,,,,,,,,,,,,,,,,,,,,,,,,,,,,,
ASMA-2391,Bacteria,Bacillota,Bacilli,Staphylococcales,Staphylococcaceae,Staphylococcus,Staphylococcus epidermidis,58.0,Yes,4,0.27846666666666664,0.016350535159437442,0.29669999999999996,20251017.0,0.24124166666666666,0.1028129707013879,0.213525,0.08501036701485294,0.137925,0.09550854673797524,0.11020833333333332,0.07764185762561039,0.24254166666666666,0.10304995687098134,17.3125,11.587304475157284,0.11985686337733185,0.016571618926544757,0.9984584121455734,0.0010255692386830471,robust,3,75.0,3,75.0,3,3,5.724979796690907,3.079397888493861,20251017,none,0.04703333333333333,0.0007023769168568486,20251017,0.048883333333333334,uncertain,0.05625,utilizes,0.04595,uncertain,0.045366666666666666,uncertain,0.04788333333333333,uncertain,0.04581666666666666,uncertain,0.055266666666666665,utilizes,0.046016666666666664,uncertain,0.0461,uncertain,0.04735,uncertain,0.045533333333333335,uncertain,0.051100000000000007,utilizes,0.04608333333333334,uncertain,0.04615,uncertain,0.04568333333333333,uncertain,0.04543333333333334,uncertain,0.04503333333333333,uncertain,0.045516666666666664,uncertain,0.053533333333333336,utilizes,0.0466,uncertain
ASMA-2392,Bacteria,Pseudomonadota,Gammaproteobacteria,Burkholderiales,Neisseriaceae,Neisseria,Neisseria perflava_A,519.0,No,,,,,,,,,,,,,,,,,,,,,,,,,,,,,,,,,,,,,,,,,,,,,,,,,,,,,,,,,,,,,,,,,,,,,,,,,,,
ASMA-2393,Bacteria,Bacillota,Bacilli,Lactobacillales,Streptococcaceae,Streptococcus,Streptococcus oralis_S,486.0,No,,,,,,,,,,,,,,,,,,,,,,,,,,,,,,,,,,,,,,,,,,,,,,,,,,,,,,,,,,,,,,,,,,,,,,,,,,,
ASMA-2394,Bacteria,Bacillota,Bacilli,Lactobacillales,Streptococcaceae,Streptococcus,Streptococcus hominis,457.0,Yes,,,,,,,,,,,,,,,,,,,,,,,,,,,,,,,,,,,,,,,,,,,,,,,,,,,,,,,,,,,,,,,,,,,,,,,,,,,
ASMA-2395,Bacteria,Bacillota,Bacilli,Lactobacillales,Streptococcaceae,Streptococcus,Streptococcus hominis,457.0,No,,,,,,,,,,,,,,,,,,,,,,,,,,,,,,,,,,,,,,,,,,,,,,,,,,,,,,,,,,,,,,,,,,,,,,,,,,,
ASMA-2396,Bacteria,Bacillota,Bacilli,Lactobacillales,Streptococcaceae,Streptococcus,Streptococcus sp001556435,525.0,No,,,,,,,,,,,,,,,,,,,,,,,,,,,,,,,,,,,,,,,,,,,,,,,,,,,,,,,,,,,,,,,,,,,,,,,,,,,
ASMA-2397,Bacteria,Pseudomonadota,Gammaproteobacteria,Burkholderiales,Neisseriaceae,Neisseria,Neisseria perflava_A,519.0,No,,,,,,,,,,,,,,,,,,,,,,,,,,,,,,,,,,,,,,,,,,,,,,,,,,,,,,,,,,,,,,,,,,,,,,,,,,,
ASMA-2398,Bacteria,Bacillota,Bacilli,Lactobacillales,Streptococcaceae,Streptococcus,Streptococcus sp001813105,321.0,Yes,,,,,,,,,,,,,,,,,,,,,,,,,,,,,,,,,,,,,,,,,,,,,,,,,,,,,,,,,,,,,,,,,,,,,,,,,,,
ASMA-2399,Bacteria,Pseudomonadota,Gammaproteobacteria,Burkholderiales,Neisseriaceae,Neisseria,Neisseria perflava_A,519.0,No,,,,,,,,,,,,,,,,,,,,,,,,,,,,,,,,,,,,,,,,,,,,,,,,,,,,,,,,,,,,,,,,,,,,,,,,,,,
ASMA-24,Bacteria,Pseudomonadota,Gammaproteobacteria,Pseudomonadales,Pseudomonadaceae,Pseudomonas,Pseudomonas aeruginosa,536.0,No,,,,,,,,,,,,,,,,,,,,,,,,,,,,,,,,,,,,,,,,,,,,,,,,,,,,,,,,,,,,,,,,,,,,,,,,,,,
ASMA-240,Bacteria,Pseudomonadota,Gammaproteobacteria,Pseudomonadales,Pseudomonadaceae,Pseudomonas,Pseudomonas aeruginosa,533.0,No,,,,,,,,,,,,,,,,,,,,,,,,,,,,,,,,,,,,,,,,,,,,,,,,,,,,,,,,,,,,,,,,,,,,,,,,,,,
ASMA-2400,Bacteria,Pseudomonadota,Gammaproteobacteria,Burkholderiales,Neisseriaceae,Neisseria,Neisseria perflava_A,519.0,No,,,,,,,,,,,,,,,,,,,,,,,,,,,,,,,,,,,,,,,,,,,,,,,,,,,,,,,,,,,,,,,,,,,,,,,,,,,
ASMA-2401,Bacteria,Pseudomonadota,Gammaproteobacteria,Burkholderiales,Neisseriaceae,Neisseria,Neisseria perflava_A,519.0,No,,,,,,,,,,,,,,,,,,,,,,,,,,,,,,,,,,,,,,,,,,,,,,,,,,,,,,,,,,,,,,,,,,,,,,,,,,,
ASMA-2402,Bacteria,Pseudomonadota,Gammaproteobacteria,Burkholderiales,Neisseriaceae,Neisseria,Neisseria perflava_A,519.0,No,1,0.0021000000000000185,,0.0021000000000000185,20251003.0,0.2148333333333333,,0.2472,,0.09366666666666659,,0.1260333333333333,,0.2486666666666667,,47.5,,0.03285231331055379,,0.9992833687043835,,no_growth,0,0.0,1,100.0,1,,,,,,0.0446,,20251003,0.0452,uncertain,0.0456,uncertain,0.0452,uncertain,0.0451,uncertain,0.0445,uncertain,0.0446,uncertain,0.0457,uncertain,0.0455,uncertain,0.0458,uncertain,0.0456,uncertain,0.0448,uncertain,0.0455,uncertain,0.0451,uncertain,0.0448,uncertain,0.0444,uncertain,0.0445,uncertain,0.0448,uncertain,0.0447,uncertain,0.0454,uncertain,0.0451,uncertain
ASMA-2403,Bacteria,Bacillota,Bacilli,Lactobacillales,Streptococcaceae,Streptococcus,Streptococcus gordonii,460.0,No,,,,,,,,,,,,,,,,,,,,,,,,,,,,,,,,,,,,,,,,,,,,,,,,,,,,,,,,,,,,,,,,,,,,,,,,,,,
ASMA-2404,Bacteria,Bacillota,Bacilli,Lactobacillales,Streptococcaceae,Streptococcus,Streptococcus oralis_S,486.0,No,,,,,,,,,,,,,,,,,,,,,,,,,,,,,,,,,,,,,,,,,,,,,,,,,,,,,,,,,,,,,,,,,,,,,,,,,,,
ASMA-2405,Bacteria,Bacillota,Bacilli,Lactobacillales,Streptococcaceae,Streptococcus,Streptococcus sp001556435,525.0,No,,,,,,,,,,,,,,,,,,,,,,,,,,,,,,,,,,,,,,,,,,,,,,,,,,,,,,,,,,,,,,,,,,,,,,,,,,,
ASMA-2406,Bacteria,Actinomycetota,Actinomycetes,Actinomycetales,Actinomycetaceae,Actinomyces,Actinomyces oris,59.0,Yes,1,0.002166666666666678,,0.002166666666666678,20251003.0,0.1128,,0.1121333333333333,,0.0025000000000000022,,0.001833333333333298,,0.1131333333333333,,10.5,,0.006245039316606768,,0.9880193451272526,,no_growth,0,0.0,0,0.0,1,,,,,,0.0447,,20251003,0.0524,uncertain,0.0465,uncertain,0.0461,uncertain,0.0443,uncertain,0.0454,uncertain,0.0457,uncertain,0.0454,uncertain,0.045,uncertain,0.0454,uncertain,0.0445,uncertain,0.0445,uncertain,0.0445,uncertain,0.046,uncertain,0.0465,uncertain,0.0438,uncertain,0.0438,uncertain,0.0452,uncertain,0.045,uncertain,0.0462,uncertain,0.0442,uncertain
ASMA-2407,Bacteria,Bacillota,Bacilli,Lactobacillales,Lactobacillaceae,Lacticaseibacillus,Lacticaseibacillus rhamnosus,528.0,No,,,,,,,,,,,,,,,,,,,,,,,,,,,,,,,,,,,,,,,,,,,,,,,,,,,,,,,,,,,,,,,,,,,,,,,,,,,
ASMA-2408,Bacteria,Bacillota,Bacilli,Lactobacillales,Streptococcaceae,Streptococcus,Streptococcus hominis,457.0,No,1,0.0012666666666666798,,0.0012666666666666798,20251003.0,0.3922666666666667,,0.2778333333333333,,0.2651,,0.15066666666666662,,0.4177,,28.5,,0.1817503117289872,,0.9994325293157625,,no_growth,1,100.0,1,100.0,1,,,,,,0.0459,,20251003,0.046,uncertain,0.046,uncertain,0.0457,uncertain,0.0458,uncertain,0.046,uncertain,0.0452,uncertain,0.0456,uncertain,0.0461,uncertain,0.046,uncertain,0.0461,uncertain,0.045,uncertain,0.0448,uncertain,0.0454,uncertain,0.0476,uncertain,0.0446,uncertain,0.0447,uncertain,0.045,uncertain,0.0449,uncertain,0.0458,uncertain,0.0457,uncertain
ASMA-2409,Bacteria,Bacillota,Bacilli,Lactobacillales,Streptococcaceae,Streptococcus,Streptococcus hominis,457.0,No,,,,,,,,,,,,,,,,,,,,,,,,,,,,,,,,,,,,,,,,,,,,,,,,,,,,,,,,,,,,,,,,,,,,,,,,,,,
ASMA-241,Bacteria,Pseudomonadota,Gammaproteobacteria,Pseudomonadales,Pseudomonadaceae,Pseudomonas,Pseudomonas aeruginosa,533.0,No,,,,,,,,,,,,,,,,,,,,,,,,,,,,,,,,,,,,,,,,,,,,,,,,,,,,,,,,,,,,,,,,,,,,,,,,,,,
ASMA-2410,Bacteria,Bacillota,Bacilli,Lactobacillales,Streptococcaceae,Streptococcus,Streptococcus sp001556435,525.0,No,,,,,,,,,,,,,,,,,,,,,,,,,,,,,,,,,,,,,,,,,,,,,,,,,,,,,,,,,,,,,,,,,,,,,,,,,,,
ASMA-2411,Bacteria,Bacillota,Bacilli,Lactobacillales,Streptococcaceae,Streptococcus,Streptococcus sanguinis,479.0,No,,,,,,,,,,,,,,,,,,,,,,,,,,,,,,,,,,,,,,,,,,,,,,,,,,,,,,,,,,,,,,,,,,,,,,,,,,,
ASMA-2412,Bacteria,Bacillota,Bacilli,Lactobacillales,Streptococcaceae,Streptococcus,Streptococcus hominis,457.0,No,,,,,,,,,,,,,,,,,,,,,,,,,,,,,,,,,,,,,,,,,,,,,,,,,,,,,,,,,,,,,,,,,,,,,,,,,,,
ASMA-2413,Bacteria,Pseudomonadota,Gammaproteobacteria,Burkholderiales,Neisseriaceae,Neisseria,Neisseria perflava_A,519.0,No,,,,,,,,,,,,,,,,,,,,,,,,,,,,,,,,,,,,,,,,,,,,,,,,,,,,,,,,,,,,,,,,,,,,,,,,,,,
ASMA-2414,Bacteria,Pseudomonadota,Gammaproteobacteria,Burkholderiales,Neisseriaceae,Neisseria,Neisseria perflava_A,519.0,No,,,,,,,,,,,,,,,,,,,,,,,,,,,,,,,,,,,,,,,,,,,,,,,,,,,,,,,,,,,,,,,,,,,,,,,,,,,
ASMA-2415,Bacteria,Pseudomonadota,Gammaproteobacteria,Burkholderiales,Neisseriaceae,Neisseria,Neisseria perflava_A,519.0,No,,,,,,,,,,,,,,,,,,,,,,,,,,,,,,,,,,,,,,,,,,,,,,,,,,,,,,,,,,,,,,,,,,,,,,,,,,,
ASMA-2416,Bacteria,Pseudomonadota,Gammaproteobacteria,Burkholderiales,Neisseriaceae,Neisseria,Neisseria perflava_A,519.0,Yes,,,,,,,,,,,,,,,,,,,,,,,,,,,,,,,,,,,,,,,,,,,,,,,,,,,,,,,,,,,,,,,,,,,,,,,,,,,
ASMA-2417,Bacteria,Pseudomonadota,Gammaproteobacteria,Burkholderiales,Neisseriaceae,Neisseria,Neisseria perflava_A,519.0,No,,,,,,,,,,,,,,,,,,,,,,,,,,,,,,,,,,,,,,,,,,,,,,,,,,,,,,,,,,,,,,,,,,,,,,,,,,,
ASMA-2418,Bacteria,Pseudomonadota,Gammaproteobacteria,Burkholderiales,Neisseriaceae,Neisseria,Neisseria perflava_A,519.0,No,,,,,,,,,,,,,,,,,,,,,,,,,,,,,,,,,,,,,,,,,,,,,,,,,,,,,,,,,,,,,,,,,,,,,,,,,,,
ASMA-2419,Bacteria,Bacillota,Bacilli,Lactobacillales,Streptococcaceae,Streptococcus,Streptococcus oralis_S,486.0,No,,,,,,,,,,,,,,,,,,,,,,,,,,,,,,,,,,,,,,,,,,,,,,,,,,,,,,,,,,,,,,,,,,,,,,,,,,,
ASMA-242,Fungi,Saccharomycetes,Ascomycota,Saccharomycetales,Debaryomycetaceae,Candida,Candida albicans,,,,,,,,,,,,,,,,,,,,,,,,,,,,,,,,,,,,,,,,,,,,,,,,,,,,,,,,,,,,,,,,,,,,,,,,,,,,,
ASMA-2420,Fungi,Saccharomycetes,Ascomycota,Saccharomycetales,Debaryomycetaceae,Candida,Candida albicans,,,,,,,,,,,,,,,,,,,,,,,,,,,,,,,,,,,,,,,,,,,,,,,,,,,,,,,,,,,,,,,,,,,,,,,,,,,,,
ASMA-2421,Bacteria,Bacillota,Bacilli,Staphylococcales,Staphylococcaceae,Staphylococcus,Staphylococcus epidermidis,521.0,No,,,,,,,,,,,,,,,,,,,,,,,,,,,,,,,,,,,,,,,,,,,,,,,,,,,,,,,,,,,,,,,,,,,,,,,,,,,
ASMA-2422,Bacteria,Bacillota,Bacilli,Staphylococcales,Staphylococcaceae,Staphylococcus,Staphylococcus epidermidis,521.0,No,,,,,,,,,,,,,,,,,,,,,,,,,,,,,,,,,,,,,,,,,,,,,,,,,,,,,,,,,,,,,,,,,,,,,,,,,,,
ASMA-2423,Bacteria,Bacillota,Bacilli,Staphylococcales,Staphylococcaceae,Staphylococcus,Staphylococcus epidermidis,530.0,No,,,,,,,,,,,,,,,,,,,,,,,,,,,,,,,,,,,,,,,,,,,,,,,,,,,,,,,,,,,,,,,,,,,,,,,,,,,
ASMA-2424,Bacteria,Bacillota,Bacilli,Lactobacillales,Streptococcaceae,Streptococcus,Streptococcus sp001556435,525.0,No,,,,,,,,,,,,,,,,,,,,,,,,,,,,,,,,,,,,,,,,,,,,,,,,,,,,,,,,,,,,,,,,,,,,,,,,,,,
ASMA-2425,Bacteria,Bacillota,Bacilli,Lactobacillales,Streptococcaceae,Streptococcus,Streptococcus sp001556435,525.0,No,,,,,,,,,,,,,,,,,,,,,,,,,,,,,,,,,,,,,,,,,,,,,,,,,,,,,,,,,,,,,,,,,,,,,,,,,,,
ASMA-2426,Bacteria,Actinomycetota,Actinomycetes,Actinomycetales,Actinomycetaceae,Actinomyces,Actinomyces oris_A,60.0,Yes,1,0.036500000000000005,,0.036500000000000005,20251003.0,0.2593333333333334,,0.2505,,0.15250000000000014,,0.14366666666666672,,0.3016333333333334,,35.5,,0.024661839554004354,,0.9996845384421468,,no_growth,1,100.0,1,100.0,1,,,,,,0.0447,,20251003,0.047,uncertain,0.0457,uncertain,0.0456,uncertain,0.0444,uncertain,0.0448,uncertain,0.0445,uncertain,0.0445,uncertain,0.0442,uncertain,0.045,uncertain,0.0448,uncertain,0.0436,uncertain,0.0444,uncertain,0.0449,uncertain,0.0478,uncertain,0.0434,uncertain,0.0451,uncertain,0.0443,uncertain,0.0447,uncertain,0.0448,uncertain,0.0449,uncertain
ASMA-2427,Bacteria,Bacillota,Bacilli,Lactobacillales,Streptococcaceae,Streptococcus,Streptococcus parasanguinis,472.0,No,,,,,,,,,,,,,,,,,,,,,,,,,,,,,,,,,,,,,,,,,,,,,,,,,,,,,,,,,,,,,,,,,,,,,,,,,,,
ASMA-2428,Bacteria,Bacillota,Bacilli,Lactobacillales,Streptococcaceae,Streptococcus,Streptococcus caecimuris,321.0,No,1,0.0018333333333333396,,0.0018333333333333396,20251003.0,0.2715,,0.2426666666666667,,0.14853333333333332,,0.1197,,0.3432666666666667,,9.25,,0.14401995891737673,,0.9999156435392723,,no_growth,1,100.0,1,100.0,1,,,,,,0.043,,20251003,0.0428,uncertain,0.0443,uncertain,0.0435,uncertain,0.043,uncertain,0.0433,uncertain,0.043,uncertain,0.0435,uncertain,0.0425,uncertain,0.0428,uncertain,0.0428,uncertain,0.0429,uncertain,0.043,uncertain,0.043,uncertain,0.0432,uncertain,0.0425,uncertain,0.0425,uncertain,0.0433,uncertain,0.0427,uncertain,0.0435,uncertain,0.0425,uncertain
ASMA-2429,Bacteria,Bacillota,Bacilli,Lactobacillales,Streptococcaceae,Streptococcus,Streptococcus gordonii,460.0,No,,,,,,,,,,,,,,,,,,,,,,,,,,,,,,,,,,,,,,,,,,,,,,,,,,,,,,,,,,,,,,,,,,,,,,,,,,,
ASMA-243,Bacteria,Pseudomonadota,Gammaproteobacteria,Burkholderiales,Alcaligenaceae,Achromobacter,Achromobacter xylosoxidans,531.0,No,,,,,,,,,,,,,,,,,,,,,,,,,,,,,,,,,,,,,,,,,,,,,,,,,,,,,,,,,,,,,,,,,,,,,,,,,,,
ASMA-2430,Bacteria,Bacillota,Bacilli,Lactobacillales,Streptococcaceae,Streptococcus,Streptococcus sanguinis,479.0,No,,,,,,,,,,,,,,,,,,,,,,,,,,,,,,,,,,,,,,,,,,,,,,,,,,,,,,,,,,,,,,,,,,,,,,,,,,,
ASMA-2431,Bacteria,Bacillota,Bacilli,Lactobacillales,Streptococcaceae,Streptococcus,Streptococcus sp001556435,525.0,No,,,,,,,,,,,,,,,,,,,,,,,,,,,,,,,,,,,,,,,,,,,,,,,,,,,,,,,,,,,,,,,,,,,,,,,,,,,
ASMA-2432,Bacteria,Bacillota,Bacilli,Lactobacillales,Streptococcaceae,Streptococcus,Streptococcus parasanguinis_F,434.0,Yes,,,,,,,,,,,,,,,,,,,,,,,,,,,,,,,,,,,,,,,,,,,,,,,,,,,,,,,,,,,,,,,,,,,,,,,,,,,
ASMA-2433,Bacteria,Bacillota,Bacilli,Lactobacillales,Streptococcaceae,Streptococcus,Streptococcus sp001813105,434.0,No,,,,,,,,,,,,,,,,,,,,,,,,,,,,,,,,,,,,,,,,,,,,,,,,,,,,,,,,,,,,,,,,,,,,,,,,,,,
ASMA-2434,Fungi,Saccharomycetes,Ascomycota,Saccharomycetales,Debaryomycetaceae,Candida,Candida albicans,,,,,,,,,,,,,,,,,,,,,,,,,,,,,,,,,,,,,,,,,,,,,,,,,,,,,,,,,,,,,,,,,,,,,,,,,,,,,
ASMA-2435,Fungi,Saccharomycetes,Ascomycota,Saccharomycetales,Debaryomycetaceae,Candida,Candida albicans,,,,,,,,,,,,,,,,,,,,,,,,,,,,,,,,,,,,,,,,,,,,,,,,,,,,,,,,,,,,,,,,,,,,,,,,,,,,,
ASMA-2436,Fungi,Saccharomycetes,Ascomycota,Saccharomycetales,Debaryomycetaceae,Candida,Candida albicans,,,,,,,,,,,,,,,,,,,,,,,,,,,,,,,,,,,,,,,,,,,,,,,,,,,,,,,,,,,,,,,,,,,,,,,,,,,,,
ASMA-2437,Fungi,Saccharomycetes,Ascomycota,Saccharomycetales,Debaryomycetaceae,Candida,Candida albicans,,,,,,,,,,,,,,,,,,,,,,,,,,,,,,,,,,,,,,,,,,,,,,,,,,,,,,,,,,,,,,,,,,,,,,,,,,,,,
ASMA-2438,Bacteria,Pseudomonadota,Gammaproteobacteria,Burkholderiales,Neisseriaceae,Neisseria,Neisseria perflava_A,519.0,No,,,,,,,,,,,,,,,,,,,,,,,,,,,,,,,,,,,,,,,,,,,,,,,,,,,,,,,,,,,,,,,,,,,,,,,,,,,
ASMA-2439,Bacteria,Pseudomonadota,Gammaproteobacteria,Burkholderiales,Neisseriaceae,Neisseria,Neisseria perflava_A,519.0,No,,,,,,,,,,,,,,,,,,,,,,,,,,,,,,,,,,,,,,,,,,,,,,,,,,,,,,,,,,,,,,,,,,,,,,,,,,,
ASMA-244,Fungi,Saccharomycetes,Ascomycota,Saccharomycetales,Debaryomycetaceae,Candida,Candida albicans,,,,,,,,,,,,,,,,,,,,,,,,,,,,,,,,,,,,,,,,,,,,,,,,,,,,,,,,,,,,,,,,,,,,,,,,,,,,,
ASMA-2440,Bacteria,Bacillota,Bacilli,Lactobacillales,Streptococcaceae,Streptococcus,Streptococcus parasanguinis,472.0,Yes,,,,,,,,,,,,,,,,,,,,,,,,,,,,,,,,,,,,,,,,,,,,,,,,,,,,,,,,,,,,,,,,,,,,,,,,,,,
ASMA-2441,Bacteria,Pseudomonadota,Gammaproteobacteria,Burkholderiales,Neisseriaceae,Neisseria,Neisseria perflava_A,519.0,No,,,,,,,,,,,,,,,,,,,,,,,,,,,,,,,,,,,,,,,,,,,,,,,,,,,,,,,,,,,,,,,,,,,,,,,,,,,
ASMA-2442,Bacteria,Bacillota,Bacilli,Lactobacillales,Streptococcaceae,Streptococcus,Streptococcus sp001813105,434.0,No,,,,,,,,,,,,,,,,,,,,,,,,,,,,,,,,,,,,,,,,,,,,,,,,,,,,,,,,,,,,,,,,,,,,,,,,,,,
ASMA-2443,Bacteria,Bacillota,Bacilli,Lactobacillales,Streptococcaceae,Streptococcus,Streptococcus parasanguinis,472.0,No,,,,,,,,,,,,,,,,,,,,,,,,,,,,,,,,,,,,,,,,,,,,,,,,,,,,,,,,,,,,,,,,,,,,,,,,,,,
ASMA-2444,Bacteria,Bacillota,Bacilli,Lactobacillales,Streptococcaceae,Streptococcus,Streptococcus sp001556435,525.0,No,,,,,,,,,,,,,,,,,,,,,,,,,,,,,,,,,,,,,,,,,,,,,,,,,,,,,,,,,,,,,,,,,,,,,,,,,,,
ASMA-2445,Bacteria,Bacillota,Bacilli,Lactobacillales,Streptococcaceae,Streptococcus,Streptococcus sanguinis,479.0,No,,,,,,,,,,,,,,,,,,,,,,,,,,,,,,,,,,,,,,,,,,,,,,,,,,,,,,,,,,,,,,,,,,,,,,,,,,,
ASMA-2446,Bacteria,Actinomycetota,Actinomycetes,Actinomycetales,Microbacteriaceae,Microbacterium,undetermined species,61.0,Yes,4,0.16776666666666668,0.14752927393119875,0.37970000000000004,20251010.0,0.11768333333333333,0.018966198002411203,0.11630833333333332,0.018168661969935423,0.017941666666666668,0.015141490092531261,0.016566666666666664,0.014198278455894267,0.12349166666666667,0.022225617101793948,17.8125,13.58825319899508,0.018250984544004516,0.004583017087036652,0.9885372934180386,0.006804750686102647,normal,0,0.0,0,0.0,3,3,1.0463187444175144,3.8156194821934344,20251010,none,0.061200000000000004,0.004200000000000001,20251010,0.10061666666666666,utilizes,0.06853333333333333,uncertain,0.06156666666666667,uncertain,0.05626666666666667,uncertain,0.06311666666666665,uncertain,0.054349999999999996,uncertain,0.06356666666666666,uncertain,0.05563333333333333,uncertain,0.053566666666666665,uncertain,0.05398333333333333,uncertain,0.07151666666666667,utilizes,0.07246666666666667,uncertain,0.05703333333333334,uncertain,0.06418333333333333,uncertain,0.05315,uncertain,0.052849999999999994,uncertain,0.05433333333333333,uncertain,0.0533,uncertain,0.05658333333333333,uncertain,0.05215,uncertain
ASMA-2447,Bacteria,Bacillota,Bacilli,Lactobacillales,Streptococcaceae,Streptococcus,Streptococcus sanguinis,479.0,No,,,,,,,,,,,,,,,,,,,,,,,,,,,,,,,,,,,,,,,,,,,,,,,,,,,,,,,,,,,,,,,,,,,,,,,,,,,
ASMA-2448,Bacteria,Bacillota,Bacilli,Lactobacillales,Aerococcaceae,Granulicatella,Granulicatella sp015264885,,,,,,,,,,,,,,,,,,,,,,,,,,,,,,,,,,,,,,,,,,,,,,,,,,,,,,,,,,,,,,,,,,,,,,,,,,,,,
ASMA-2449,Bacteria,Bacillota,Bacilli,Lactobacillales,Streptococcaceae,Streptococcus,Streptococcus sanguinis,479.0,No,,,,,,,,,,,,,,,,,,,,,,,,,,,,,,,,,,,,,,,,,,,,,,,,,,,,,,,,,,,,,,,,,,,,,,,,,,,
ASMA-245,Bacteria,Pseudomonadota,Gammaproteobacteria,Burkholderiales,Alcaligenaceae,Achromobacter,Achromobacter xylosoxidans,531.0,No,,,,,,,,,,,,,,,,,,,,,,,,,,,,,,,,,,,,,,,,,,,,,,,,,,,,,,,,,,,,,,,,,,,,,,,,,,,
ASMA-2450,Bacteria,Pseudomonadota,Gammaproteobacteria,Burkholderiales,Neisseriaceae,Neisseria,Neisseria perflava_A,519.0,No,,,,,,,,,,,,,,,,,,,,,,,,,,,,,,,,,,,,,,,,,,,,,,,,,,,,,,,,,,,,,,,,,,,,,,,,,,,
ASMA-2451,Bacteria,Bacillota,Bacilli,Lactobacillales,Streptococcaceae,Streptococcus,Streptococcus hominis,457.0,No,,,,,,,,,,,,,,,,,,,,,,,,,,,,,,,,,,,,,,,,,,,,,,,,,,,,,,,,,,,,,,,,,,,,,,,,,,,
ASMA-2453,Bacteria,Bacillota,Bacilli,Lactobacillales,Streptococcaceae,Streptococcus,Streptococcus parasanguinis,472.0,No,,,,,,,,,,,,,,,,,,,,,,,,,,,,,,,,,,,,,,,,,,,,,,,,,,,,,,,,,,,,,,,,,,,,,,,,,,,
ASMA-2454,Bacteria,Pseudomonadota,Gammaproteobacteria,Burkholderiales,Neisseriaceae,Neisseria,Neisseria perflava_A,519.0,No,,,,,,,,,,,,,,,,,,,,,,,,,,,,,,,,,,,,,,,,,,,,,,,,,,,,,,,,,,,,,,,,,,,,,,,,,,,
ASMA-2455,Bacteria,Pseudomonadota,Gammaproteobacteria,Burkholderiales,Neisseriaceae,Neisseria,Neisseria perflava_A,519.0,No,,,,,,,,,,,,,,,,,,,,,,,,,,,,,,,,,,,,,,,,,,,,,,,,,,,,,,,,,,,,,,,,,,,,,,,,,,,
ASMA-2456,Bacteria,Pseudomonadota,Gammaproteobacteria,Burkholderiales,Neisseriaceae,Neisseria,Neisseria perflava_A,519.0,No,,,,,,,,,,,,,,,,,,,,,,,,,,,,,,,,,,,,,,,,,,,,,,,,,,,,,,,,,,,,,,,,,,,,,,,,,,,
ASMA-2458,Fungi,Saccharomycetes,Ascomycota,Saccharomycetales,Debaryomycetaceae,Candida,Candida albicans,,,,,,,,,,,,,,,,,,,,,,,,,,,,,,,,,,,,,,,,,,,,,,,,,,,,,,,,,,,,,,,,,,,,,,,,,,,,,
ASMA-2458,Fungi,Saccharomycetes,Ascomycota,Saccharomycetales,Debaryomycetaceae,Candida,Candida albicans,,,,,,,,,,,,,,,,,,,,,,,,,,,,,,,,,,,,,,,,,,,,,,,,,,,,,,,,,,,,,,,,,,,,,,,,,,,,,
ASMA-2459,Fungi,Saccharomycetes,Ascomycota,Saccharomycetales,Debaryomycetaceae,Candida,Candida albicans,,,,,,,,,,,,,,,,,,,,,,,,,,,,,,,,,,,,,,,,,,,,,,,,,,,,,,,,,,,,,,,,,,,,,,,,,,,,,
ASMA-246,Fungi,Saccharomycetes,Ascomycota,Saccharomycetales,Debaryomycetaceae,Candida,Candida albicans,,,,,,,,,,,,,,,,,,,,,,,,,,,,,,,,,,,,,,,,,,,,,,,,,,,,,,,,,,,,,,,,,,,,,,,,,,,,,
ASMA-2460,Fungi,Saccharomycetes,Ascomycota,Saccharomycetales,Debaryomycetaceae,Candida,Candida albicans,,,,,,,,,,,,,,,,,,,,,,,,,,,,,,,,,,,,,,,,,,,,,,,,,,,,,,,,,,,,,,,,,,,,,,,,,,,,,
ASMA-2461,Fungi,Saccharomycetes,Ascomycota,Saccharomycetales,Debaryomycetaceae,Candida,Candida albicans,,,,,,,,,,,,,,,,,,,,,,,,,,,,,,,,,,,,,,,,,,,,,,,,,,,,,,,,,,,,,,,,,,,,,,,,,,,,,
ASMA-2462,Bacteria,Bacillota,Bacilli,Staphylococcales,Staphylococcaceae,Staphylococcus,Staphylococcus epidermidis,521.0,No,,,,,,,,,,,,,,,,,,,,,,,,,,,,,,,,,,,,,,,,,,,,,,,,,,,,,,,,,,,,,,,,,,,,,,,,,,,
ASMA-2463,Bacteria,Bacillota,Bacilli,Staphylococcales,Staphylococcaceae,Staphylococcus,Staphylococcus epidermidis,521.0,No,,,,,,,,,,,,,,,,,,,,,,,,,,,,,,,,,,,,,,,,,,,,,,,,,,,,,,,,,,,,,,,,,,,,,,,,,,,
ASMA-2464,Bacteria,Bacillota,Bacilli,Staphylococcales,Staphylococcaceae,Staphylococcus,Staphylococcus epidermidis,62.0,Yes,4,0.36835,0.09465032135884868,0.49699999999999994,20251017.0,0.3280666666666667,0.14647991898778023,0.2633333333333333,0.09264329441465259,0.212675,0.1382373653057185,0.14794166666666664,0.08444163171485183,0.33286666666666664,0.13955945765953023,28.9375,11.708926438121189,0.12055961092810397,0.07413796871965667,0.9994304060544775,0.0003826781708624833,robust,3,75.0,3,75.0,4,3,15.830887669601472,2.045276023464231,20251017,none,0.04543333333333333,0.0008504900548115382,20251017,0.06783333333333333,utilizes,0.07538333333333333,utilizes,0.045516666666666664,uncertain,0.046016666666666664,uncertain,0.04675,uncertain,0.044700000000000004,uncertain,0.06193333333333334,utilizes,0.04538333333333333,uncertain,0.04575,uncertain,0.04631666666666666,uncertain,0.0455,uncertain,0.07321666666666667,utilizes,0.04423333333333333,uncertain,0.04491666666666666,uncertain,0.044449999999999996,uncertain,0.045700000000000005,uncertain,0.044533333333333334,uncertain,0.04663333333333334,uncertain,0.055249999999999994,utilizes,0.04488333333333334,uncertain
ASMA-2465,Bacteria,Bacillota,Bacilli,Staphylococcales,Staphylococcaceae,Staphylococcus,Staphylococcus epidermidis,521.0,No,4,0.195625,0.03047855803675759,0.22450000000000003,20251017.0,0.5623,0.2915538600899211,0.3843583333333333,0.16876755958023057,0.453875,0.2873928597466077,0.2759333333333333,0.1643920044014036,0.6194416666666667,0.3220162733120452,26.4375,14.290694816324828,0.07295998680076539,0.03764057787680099,0.997891660836834,0.00411763757282334,normal,3,75.0,3,75.0,4,3,34.358385436604145,10.320345768000786,20251017,weak,0.04415,0.0012767145334803686,20251017,0.0481,uncertain,0.049633333333333335,uncertain,0.04451666666666666,uncertain,0.04398333333333333,uncertain,0.04901666666666667,uncertain,0.0437,uncertain,0.04686666666666667,uncertain,0.044066666666666664,uncertain,0.046016666666666664,uncertain,0.046566666666666666,uncertain,0.04455,uncertain,0.04513333333333333,uncertain,0.04356666666666667,uncertain,0.04416666666666667,uncertain,0.044149999999999995,uncertain,0.04408333333333333,uncertain,0.0441,uncertain,0.047799999999999995,uncertain,0.04795,uncertain,0.043383333333333336,uncertain
ASMA-2466,Bacteria,Bacillota,Bacilli,Lactobacillales,Streptococcaceae,Streptococcus,Streptococcus xiaochunlingii,63.0,Yes,1,0.002433333333333343,,0.002433333333333343,20251003.0,0.1016,,0.1015666666666667,,0.00556666666666665,,0.005533333333333348,,0.1024333333333333,,22.75,,0.007146123335392057,,0.9921571187463825,,no_growth,0,0.0,0,0.0,1,,,,,,0.0431,,20251003,0.0433,uncertain,0.0425,uncertain,0.0431,uncertain,0.0422,uncertain,0.0426,uncertain,0.0426,uncertain,0.0429,uncertain,0.0424,uncertain,0.0424,uncertain,0.0425,uncertain,0.0435,uncertain,0.0422,uncertain,0.0426,uncertain,0.0429,uncertain,0.0425,uncertain,0.0423,uncertain,0.0426,uncertain,0.0424,uncertain,0.0428,uncertain,0.0425,uncertain
ASMA-2467,Bacteria,Bacillota,Bacilli,Staphylococcales,Staphylococcaceae,Staphylococcus,Staphylococcus epidermidis,521.0,No,,,,,,,,,,,,,,,,,,,,,,,,,,,,,,,,,,,,,,,,,,,,,,,,,,,,,,,,,,,,,,,,,,,,,,,,,,,
ASMA-2468,Fungi,Saccharomycetes,Ascomycota,Saccharomycetales,Debaryomycetaceae,Candida,Candida albicans,,,,,,,,,,,,,,,,,,,,,,,,,,,,,,,,,,,,,,,,,,,,,,,,,,,,,,,,,,,,,,,,,,,,,,,,,,,,,
ASMA-2469,Bacteria,Bacillota,Bacilli,Lactobacillales,Streptococcaceae,Streptococcus,Streptococcus parasanguinis,472.0,No,,,,,,,,,,,,,,,,,,,,,,,,,,,,,,,,,,,,,,,,,,,,,,,,,,,,,,,,,,,,,,,,,,,,,,,,,,,
ASMA-247,Bacteria,Pseudomonadota,Gammaproteobacteria,Burkholderiales,Alcaligenaceae,Achromobacter,Achromobacter xylosoxidans,531.0,No,,,,,,,,,,,,,,,,,,,,,,,,,,,,,,,,,,,,,,,,,,,,,,,,,,,,,,,,,,,,,,,,,,,,,,,,,,,
ASMA-2470,Bacteria,Bacillota,Bacilli,Lactobacillales,Streptococcaceae,Streptococcus,Streptococcus parasanguinis,472.0,No,,,,,,,,,,,,,,,,,,,,,,,,,,,,,,,,,,,,,,,,,,,,,,,,,,,,,,,,,,,,,,,,,,,,,,,,,,,
ASMA-2471,Bacteria,Bacillota,Bacilli,Lactobacillales,Streptococcaceae,Streptococcus,Streptococcus parasanguinis,472.0,No,,,,,,,,,,,,,,,,,,,,,,,,,,,,,,,,,,,,,,,,,,,,,,,,,,,,,,,,,,,,,,,,,,,,,,,,,,,
ASMA-2472,Bacteria,Bacillota,Bacilli,Lactobacillales,Streptococcaceae,Streptococcus,Streptococcus parasanguinis,472.0,No,,,,,,,,,,,,,,,,,,,,,,,,,,,,,,,,,,,,,,,,,,,,,,,,,,,,,,,,,,,,,,,,,,,,,,,,,,,
ASMA-2473,Bacteria,Bacillota,Bacilli,Lactobacillales,Streptococcaceae,Streptococcus,Streptococcus parasanguinis,472.0,No,,,,,,,,,,,,,,,,,,,,,,,,,,,,,,,,,,,,,,,,,,,,,,,,,,,,,,,,,,,,,,,,,,,,,,,,,,,
ASMA-2474,Bacteria,Bacillota,Bacilli,Lactobacillales,Streptococcaceae,Streptococcus,Streptococcus parasanguinis_F,434.0,No,,,,,,,,,,,,,,,,,,,,,,,,,,,,,,,,,,,,,,,,,,,,,,,,,,,,,,,,,,,,,,,,,,,,,,,,,,,
ASMA-2475,Bacteria,Bacillota,Bacilli,Staphylococcales,Staphylococcaceae,Staphylococcus,undetermined species,,,4,0.4032,0.015684812186740813,0.4225,20251017.0,0.1319125,0.05470056939069891,0.12202500000000001,0.037458365776774964,0.023925,0.04437834494435321,0.014037500000000005,0.027167301884189143,0.1397625,0.06567295708026757,13.625,14.914338738274655,0.029798321845145418,0.027790744544539926,0.9789302292797398,0.0175639553252824,robust,0,0.0,0,0.0,3,3,-52.10327080940834,5.988503383923841,20251017,none,0.09150000000000001,0.00943186089804128,20251017,0.30305,uncertain,0.1695,uncertain,0.21316666666666667,uncertain,0.07388333333333333,uncertain,0.20291666666666666,utilizes,0.11433333333333334,utilizes,0.23515000000000003,utilizes,0.06741666666666665,uncertain,0.068,uncertain,0.07456666666666667,utilizes,0.13285,utilizes,0.1684,utilizes,0.06281666666666666,uncertain,0.07196666666666668,utilizes,0.08096666666666666,utilizes,0.06426666666666667,uncertain,0.3107,utilizes,0.1611,utilizes,0.06645000000000001,uncertain,0.07615,utilizes
ASMA-2475,Bacteria,Bacillota,Bacilli,Staphylococcales,Staphylococcaceae,Staphylococcus,undetermined species,,,4,0.4032,0.015684812186740813,0.4225,20251017.0,0.1319125,0.05470056939069891,0.12202500000000001,0.037458365776774964,0.023925,0.04437834494435321,0.014037500000000005,0.027167301884189143,0.1397625,0.06567295708026757,13.625,14.914338738274655,0.029798321845145418,0.027790744544539926,0.9789302292797398,0.0175639553252824,robust,0,0.0,0,0.0,3,3,-52.10327080940834,5.988503383923841,20251017,none,0.09150000000000001,0.00943186089804128,20251017,0.30305,uncertain,0.1695,uncertain,0.21316666666666667,uncertain,0.07388333333333333,uncertain,0.20291666666666666,utilizes,0.11433333333333334,utilizes,0.23515000000000003,utilizes,0.06741666666666665,uncertain,0.068,uncertain,0.07456666666666667,utilizes,0.13285,utilizes,0.1684,utilizes,0.06281666666666666,uncertain,0.07196666666666668,utilizes,0.08096666666666666,utilizes,0.06426666666666667,uncertain,0.3107,utilizes,0.1611,utilizes,0.06645000000000001,uncertain,0.07615,utilizes
ASMA-2476,Fungi,Saccharomycetes,Ascomycota,Saccharomycetales,Debaryomycetaceae,Candida,Candida albicans,,,,,,,,,,,,,,,,,,,,,,,,,,,,,,,,,,,,,,,,,,,,,,,,,,,,,,,,,,,,,,,,,,,,,,,,,,,,,
ASMA-2477,Fungi,Saccharomycetes,Ascomycota,Saccharomycetales,Debaryomycetaceae,Candida,Candida albicans,,,,,,,,,,,,,,,,,,,,,,,,,,,,,,,,,,,,,,,,,,,,,,,,,,,,,,,,,,,,,,,,,,,,,,,,,,,,,
ASMA-2478,Fungi,Saccharomycetes,Ascomycota,Saccharomycetales,Debaryomycetaceae,Candida,Candida albicans,,,,,,,,,,,,,,,,,,,,,,,,,,,,,,,,,,,,,,,,,,,,,,,,,,,,,,,,,,,,,,,,,,,,,,,,,,,,,
ASMA-2479,Bacteria,Bacillota,Bacilli,Lactobacillales,Lactobacillaceae,Lacticaseibacillus,Lacticaseibacillus rhamnosus,528.0,No,,,,,,,,,,,,,,,,,,,,,,,,,,,,,,,,,,,,,,,,,,,,,,,,,,,,,,,,,,,,,,,,,,,,,,,,,,,
ASMA-248,Fungi,Saccharomycetes,Ascomycota,Saccharomycetales,Debaryomycetaceae,Candida,Candida albicans,,,,,,,,,,,,,,,,,,,,,,,,,,,,,,,,,,,,,,,,,,,,,,,,,,,,,,,,,,,,,,,,,,,,,,,,,,,,,
ASMA-2480,Bacteria,Bacillota,Bacilli,Lactobacillales,Lactobacillaceae,Lacticaseibacillus,Lacticaseibacillus rhamnosus,528.0,No,,,,,,,,,,,,,,,,,,,,,,,,,,,,,,,,,,,,,,,,,,,,,,,,,,,,,,,,,,,,,,,,,,,,,,,,,,,
ASMA-2481,Bacteria,Bacillota,Bacilli,Lactobacillales,Lactobacillaceae,Lacticaseibacillus,Lacticaseibacillus rhamnosus,528.0,No,,,,,,,,,,,,,,,,,,,,,,,,,,,,,,,,,,,,,,,,,,,,,,,,,,,,,,,,,,,,,,,,,,,,,,,,,,,
ASMA-2482,Bacteria,Bacillota,Bacilli,Lactobacillales,Streptococcaceae,Streptococcus,Streptococcus sp001813105,434.0,No,,,,,,,,,,,,,,,,,,,,,,,,,,,,,,,,,,,,,,,,,,,,,,,,,,,,,,,,,,,,,,,,,,,,,,,,,,,
ASMA-2483,Bacteria,Bacillota,Bacilli,Lactobacillales,Lactobacillaceae,Lacticaseibacillus,Lacticaseibacillus rhamnosus,528.0,No,,,,,,,,,,,,,,,,,,,,,,,,,,,,,,,,,,,,,,,,,,,,,,,,,,,,,,,,,,,,,,,,,,,,,,,,,,,
ASMA-2484,Bacteria,Bacillota,Bacilli,Lactobacillales,Lactobacillaceae,Lacticaseibacillus,Lacticaseibacillus rhamnosus,528.0,No,,,,,,,,,,,,,,,,,,,,,,,,,,,,,,,,,,,,,,,,,,,,,,,,,,,,,,,,,,,,,,,,,,,,,,,,,,,
ASMA-2485,Bacteria,Bacillota,Bacilli,Lactobacillales,Streptococcaceae,Streptococcus,undetermined species,513.0,No,,,,,,,,,,,,,,,,,,,,,,,,,,,,,,,,,,,,,,,,,,,,,,,,,,,,,,,,,,,,,,,,,,,,,,,,,,,
ASMA-2486,Bacteria,Bacillota,Bacilli,Lactobacillales,Streptococcaceae,Streptococcus,undetermined species,513.0,No,,,,,,,,,,,,,,,,,,,,,,,,,,,,,,,,,,,,,,,,,,,,,,,,,,,,,,,,,,,,,,,,,,,,,,,,,,,
ASMA-2487,Bacteria,Bacillota,Bacilli,Lactobacillales,Streptococcaceae,Streptococcus,undetermined species,513.0,No,,,,,,,,,,,,,,,,,,,,,,,,,,,,,,,,,,,,,,,,,,,,,,,,,,,,,,,,,,,,,,,,,,,,,,,,,,,
ASMA-2488,Bacteria,Bacillota,Bacilli,Lactobacillales,Streptococcaceae,Streptococcus,undetermined species,513.0,Yes,,,,,,,,,,,,,,,,,,,,,,,,,,,,,,,,,,,,,,,,,,,,,,,,,,,,,,,,,,,,,,,,,,,,,,,,,,,
ASMA-2489,Bacteria,Actinomycetota,Actinomycetes,Micrococcales,Micrococcaceae,Rothia,Rothia sp001808955,358.0,No,1,0.022900000000000004,,0.022900000000000004,20251003.0,0.09376666666666666,,0.09266666666666667,,-0.0013333333333333391,,-0.002433333333333329,,0.0951,,0.0,,,,,,no_growth,0,0.0,0,0.0,0,,,,,,0.0566,,20251003,0.0816,uncertain,0.0556,uncertain,0.0563,uncertain,0.0657,uncertain,0.0662,uncertain,0.0625,uncertain,0.0639,uncertain,0.0623,uncertain,0.0641,uncertain,0.065,uncertain,0.0604,uncertain,0.0583,uncertain,0.0612,uncertain,0.0634,uncertain,0.0612,uncertain,0.0623,uncertain,0.0628,uncertain,0.063,uncertain,0.062,uncertain,0.0612,uncertain
ASMA-249,Bacteria,Pseudomonadota,Gammaproteobacteria,Burkholderiales,Alcaligenaceae,Achromobacter,Achromobacter xylosoxidans,531.0,No,,,,,,,,,,,,,,,,,,,,,,,,,,,,,,,,,,,,,,,,,,,,,,,,,,,,,,,,,,,,,,,,,,,,,,,,,,,
ASMA-2490,Bacteria,Bacillota,Bacilli,Lactobacillales,Streptococcaceae,Streptococcus,Streptococcus salivarius,534.0,No,,,,,,,,,,,,,,,,,,,,,,,,,,,,,,,,,,,,,,,,,,,,,,,,,,,,,,,,,,,,,,,,,,,,,,,,,,,
ASMA-2491,Bacteria,Bacillota,Bacilli,Lactobacillales,Streptococcaceae,Streptococcus,Streptococcus salivarius,534.0,No,,,,,,,,,,,,,,,,,,,,,,,,,,,,,,,,,,,,,,,,,,,,,,,,,,,,,,,,,,,,,,,,,,,,,,,,,,,
ASMA-2492,Bacteria,Bacillota,Bacilli,Lactobacillales,Streptococcaceae,Streptococcus,Streptococcus salivarius,534.0,No,,,,,,,,,,,,,,,,,,,,,,,,,,,,,,,,,,,,,,,,,,,,,,,,,,,,,,,,,,,,,,,,,,,,,,,,,,,
ASMA-2493,Bacteria,Bacillota,Bacilli,Lactobacillales,Streptococcaceae,Streptococcus,Streptococcus salivarius,534.0,No,,,,,,,,,,,,,,,,,,,,,,,,,,,,,,,,,,,,,,,,,,,,,,,,,,,,,,,,,,,,,,,,,,,,,,,,,,,
ASMA-2494,Bacteria,Bacillota,Bacilli,Lactobacillales,Streptococcaceae,Streptococcus,Streptococcus salivarius,534.0,No,,,,,,,,,,,,,,,,,,,,,,,,,,,,,,,,,,,,,,,,,,,,,,,,,,,,,,,,,,,,,,,,,,,,,,,,,,,
ASMA-2495,Bacteria,Bacillota,Bacilli,Lactobacillales,Streptococcaceae,Streptococcus,Streptococcus salivarius,534.0,No,,,,,,,,,,,,,,,,,,,,,,,,,,,,,,,,,,,,,,,,,,,,,,,,,,,,,,,,,,,,,,,,,,,,,,,,,,,
ASMA-2496,Bacteria,Bacillota,Bacilli,Lactobacillales,Streptococcaceae,Streptococcus,Streptococcus salivarius,534.0,No,,,,,,,,,,,,,,,,,,,,,,,,,,,,,,,,,,,,,,,,,,,,,,,,,,,,,,,,,,,,,,,,,,,,,,,,,,,
ASMA-2497,Bacteria,Bacillota,Bacilli,Lactobacillales,Streptococcaceae,Streptococcus,Streptococcus salivarius,534.0,No,,,,,,,,,,,,,,,,,,,,,,,,,,,,,,,,,,,,,,,,,,,,,,,,,,,,,,,,,,,,,,,,,,,,,,,,,,,
ASMA-2498,Bacteria,Bacillota,Bacilli,Lactobacillales,Streptococcaceae,Streptococcus,Streptococcus gordonii,427.0,No,,,,,,,,,,,,,,,,,,,,,,,,,,,,,,,,,,,,,,,,,,,,,,,,,,,,,,,,,,,,,,,,,,,,,,,,,,,
ASMA-2499,Bacteria,Bacillota,Bacilli,Lactobacillales,Streptococcaceae,Streptococcus,Streptococcus gordonii,427.0,No,,,,,,,,,,,,,,,,,,,,,,,,,,,,,,,,,,,,,,,,,,,,,,,,,,,,,,,,,,,,,,,,,,,,,,,,,,,
ASMA-25,Bacteria,Pseudomonadota,Gammaproteobacteria,Pseudomonadales,Pseudomonadaceae,Pseudomonas,Pseudomonas aeruginosa,536.0,No,,,,,,,,,,,,,,,,,,,,,,,,,,,,,,,,,,,,,,,,,,,,,,,,,,,,,,,,,,,,,,,,,,,,,,,,,,,
ASMA-250,Bacteria,Pseudomonadota,Gammaproteobacteria,Burkholderiales,Alcaligenaceae,Achromobacter,Achromobacter xylosoxidans,531.0,No,,,,,,,,,,,,,,,,,,,,,,,,,,,,,,,,,,,,,,,,,,,,,,,,,,,,,,,,,,,,,,,,,,,,,,,,,,,
ASMA-2500,Bacteria,Pseudomonadota,Gammaproteobacteria,Burkholderiales,Alcaligenaceae,Achromobacter,Achromobacter xylosoxidans,537.0,No,,,,,,,,,,,,,,,,,,,,,,,,,,,,,,,,,,,,,,,,,,,,,,,,,,,,,,,,,,,,,,,,,,,,,,,,,,,
ASMA-2501,Bacteria,Bacillota,Bacilli,Lactobacillales,Streptococcaceae,Streptococcus,Streptococcus salivarius,534.0,No,,,,,,,,,,,,,,,,,,,,,,,,,,,,,,,,,,,,,,,,,,,,,,,,,,,,,,,,,,,,,,,,,,,,,,,,,,,
ASMA-2502,Bacteria,Bacillota,Bacilli,Lactobacillales,Streptococcaceae,Streptococcus,Streptococcus salivarius,534.0,No,,,,,,,,,,,,,,,,,,,,,,,,,,,,,,,,,,,,,,,,,,,,,,,,,,,,,,,,,,,,,,,,,,,,,,,,,,,
ASMA-2503,Bacteria,Bacillota,Bacilli,Lactobacillales,Streptococcaceae,Streptococcus,Streptococcus salivarius,534.0,No,,,,,,,,,,,,,,,,,,,,,,,,,,,,,,,,,,,,,,,,,,,,,,,,,,,,,,,,,,,,,,,,,,,,,,,,,,,
ASMA-2504,Bacteria,Bacillota,Bacilli,Lactobacillales,Streptococcaceae,Streptococcus,Streptococcus salivarius,534.0,No,,,,,,,,,,,,,,,,,,,,,,,,,,,,,,,,,,,,,,,,,,,,,,,,,,,,,,,,,,,,,,,,,,,,,,,,,,,
ASMA-2505,Bacteria,Bacillota,Bacilli,Lactobacillales,Streptococcaceae,Streptococcus,Streptococcus salivarius,534.0,No,,,,,,,,,,,,,,,,,,,,,,,,,,,,,,,,,,,,,,,,,,,,,,,,,,,,,,,,,,,,,,,,,,,,,,,,,,,
ASMA-2506,Bacteria,Bacillota,Bacilli,Lactobacillales,Streptococcaceae,Streptococcus,Streptococcus salivarius,534.0,No,,,,,,,,,,,,,,,,,,,,,,,,,,,,,,,,,,,,,,,,,,,,,,,,,,,,,,,,,,,,,,,,,,,,,,,,,,,
ASMA-2507,Bacteria,Bacillota,Bacilli,Lactobacillales,Streptococcaceae,Streptococcus,Streptococcus salivarius,534.0,No,,,,,,,,,,,,,,,,,,,,,,,,,,,,,,,,,,,,,,,,,,,,,,,,,,,,,,,,,,,,,,,,,,,,,,,,,,,
ASMA-2508,Bacteria,Bacillota,Bacilli,Lactobacillales,Streptococcaceae,Streptococcus,Streptococcus salivarius,534.0,No,,,,,,,,,,,,,,,,,,,,,,,,,,,,,,,,,,,,,,,,,,,,,,,,,,,,,,,,,,,,,,,,,,,,,,,,,,,
ASMA-2509,Bacteria,Bacillota,Bacilli,Lactobacillales,Streptococcaceae,Streptococcus,Streptococcus salivarius,534.0,No,,,,,,,,,,,,,,,,,,,,,,,,,,,,,,,,,,,,,,,,,,,,,,,,,,,,,,,,,,,,,,,,,,,,,,,,,,,
ASMA-251,Bacteria,Pseudomonadota,Gammaproteobacteria,Pseudomonadales,Pseudomonadaceae,Pseudomonas,Pseudomonas aeruginosa,535.0,No,,,,,,,,,,,,,,,,,,,,,,,,,,,,,,,,,,,,,,,,,,,,,,,,,,,,,,,,,,,,,,,,,,,,,,,,,,,
ASMA-2510,Bacteria,Bacillota,Bacilli,Lactobacillales,Streptococcaceae,Streptococcus,undetermined species,513.0,No,1,0.034566666666666704,,0.034566666666666704,20251003.0,0.0971,,0.09786666666666666,,0.002700000000000008,,0.0034666666666666596,,0.09910000000000001,,12.75,,0.011317605318379928,,0.985631647473945,,no_growth,0,0.0,0,0.0,1,,,,,,0.0423,,20251003,0.0427,uncertain,0.042,uncertain,0.042,uncertain,0.0419,uncertain,0.0415,uncertain,0.0419,uncertain,0.0414,uncertain,0.0422,uncertain,0.0412,uncertain,0.0418,uncertain,0.0412,uncertain,0.0417,uncertain,0.0412,uncertain,0.0428,uncertain,0.0411,uncertain,0.0417,uncertain,0.0414,uncertain,0.0417,uncertain,0.0415,uncertain,0.0419,uncertain
ASMA-2511,Bacteria,Bacillota,Bacilli,Lactobacillales,Streptococcaceae,Streptococcus,Streptococcus salivarius,534.0,No,,,,,,,,,,,,,,,,,,,,,,,,,,,,,,,,,,,,,,,,,,,,,,,,,,,,,,,,,,,,,,,,,,,,,,,,,,,
ASMA-2512,Bacteria,Bacillota,Bacilli,Lactobacillales,Streptococcaceae,Streptococcus,undetermined species,513.0,No,,,,,,,,,,,,,,,,,,,,,,,,,,,,,,,,,,,,,,,,,,,,,,,,,,,,,,,,,,,,,,,,,,,,,,,,,,,
ASMA-2513,Bacteria,Bacillota,Bacilli,Lactobacillales,Streptococcaceae,Streptococcus,Streptococcus salivarius,534.0,No,,,,,,,,,,,,,,,,,,,,,,,,,,,,,,,,,,,,,,,,,,,,,,,,,,,,,,,,,,,,,,,,,,,,,,,,,,,
ASMA-2514,Bacteria,Bacillota,Bacilli,Lactobacillales,Streptococcaceae,Streptococcus,undetermined species,513.0,No,,,,,,,,,,,,,,,,,,,,,,,,,,,,,,,,,,,,,,,,,,,,,,,,,,,,,,,,,,,,,,,,,,,,,,,,,,,
ASMA-2515,Bacteria,Bacillota,Bacilli,Lactobacillales,Streptococcaceae,Streptococcus,Streptococcus salivarius,534.0,No,,,,,,,,,,,,,,,,,,,,,,,,,,,,,,,,,,,,,,,,,,,,,,,,,,,,,,,,,,,,,,,,,,,,,,,,,,,
ASMA-2516,Bacteria,Bacillota,Bacilli,Lactobacillales,Streptococcaceae,Streptococcus,undetermined species,513.0,No,,,,,,,,,,,,,,,,,,,,,,,,,,,,,,,,,,,,,,,,,,,,,,,,,,,,,,,,,,,,,,,,,,,,,,,,,,,
ASMA-2517,Bacteria,Bacillota,Bacilli,Lactobacillales,Streptococcaceae,Streptococcus,undetermined species,513.0,No,,,,,,,,,,,,,,,,,,,,,,,,,,,,,,,,,,,,,,,,,,,,,,,,,,,,,,,,,,,,,,,,,,,,,,,,,,,
ASMA-2518,Bacteria,Bacillota,Bacilli,Lactobacillales,Streptococcaceae,Streptococcus,undetermined species,513.0,No,,,,,,,,,,,,,,,,,,,,,,,,,,,,,,,,,,,,,,,,,,,,,,,,,,,,,,,,,,,,,,,,,,,,,,,,,,,
ASMA-2519,Bacteria,Bacillota,Bacilli,Lactobacillales,Streptococcaceae,Streptococcus,Streptococcus salivarius,534.0,No,,,,,,,,,,,,,,,,,,,,,,,,,,,,,,,,,,,,,,,,,,,,,,,,,,,,,,,,,,,,,,,,,,,,,,,,,,,
ASMA-252,Bacteria,Pseudomonadota,Gammaproteobacteria,Pseudomonadales,Pseudomonadaceae,Pseudomonas,Pseudomonas aeruginosa,535.0,No,,,,,,,,,,,,,,,,,,,,,,,,,,,,,,,,,,,,,,,,,,,,,,,,,,,,,,,,,,,,,,,,,,,,,,,,,,,
ASMA-2520,Bacteria,Bacillota,Bacilli,Lactobacillales,Streptococcaceae,Streptococcus,Streptococcus salivarius,534.0,No,,,,,,,,,,,,,,,,,,,,,,,,,,,,,,,,,,,,,,,,,,,,,,,,,,,,,,,,,,,,,,,,,,,,,,,,,,,
ASMA-2521,Bacteria,Bacillota,Bacilli,Lactobacillales,Streptococcaceae,Streptococcus,Streptococcus salivarius,534.0,No,,,,,,,,,,,,,,,,,,,,,,,,,,,,,,,,,,,,,,,,,,,,,,,,,,,,,,,,,,,,,,,,,,,,,,,,,,,
ASMA-2522,Bacteria,Bacillota,Bacilli,Lactobacillales,Streptococcaceae,Streptococcus,Streptococcus salivarius,534.0,No,,,,,,,,,,,,,,,,,,,,,,,,,,,,,,,,,,,,,,,,,,,,,,,,,,,,,,,,,,,,,,,,,,,,,,,,,,,
ASMA-2523,Bacteria,Bacillota,Bacilli,Lactobacillales,Streptococcaceae,Streptococcus,Streptococcus salivarius,534.0,No,,,,,,,,,,,,,,,,,,,,,,,,,,,,,,,,,,,,,,,,,,,,,,,,,,,,,,,,,,,,,,,,,,,,,,,,,,,
ASMA-2524,Bacteria,Bacillota,Bacilli,Lactobacillales,Streptococcaceae,Streptococcus,Streptococcus salivarius,534.0,No,,,,,,,,,,,,,,,,,,,,,,,,,,,,,,,,,,,,,,,,,,,,,,,,,,,,,,,,,,,,,,,,,,,,,,,,,,,
ASMA-2525,Bacteria,Bacillota,Bacilli,Lactobacillales,Streptococcaceae,Streptococcus,Streptococcus salivarius,534.0,No,,,,,,,,,,,,,,,,,,,,,,,,,,,,,,,,,,,,,,,,,,,,,,,,,,,,,,,,,,,,,,,,,,,,,,,,,,,
ASMA-2526,Bacteria,Bacillota,Bacilli,Lactobacillales,Streptococcaceae,Streptococcus,Streptococcus salivarius,534.0,No,,,,,,,,,,,,,,,,,,,,,,,,,,,,,,,,,,,,,,,,,,,,,,,,,,,,,,,,,,,,,,,,,,,,,,,,,,,
ASMA-2527,Bacteria,Bacillota,Bacilli,Lactobacillales,Streptococcaceae,Streptococcus,Streptococcus salivarius,534.0,No,,,,,,,,,,,,,,,,,,,,,,,,,,,,,,,,,,,,,,,,,,,,,,,,,,,,,,,,,,,,,,,,,,,,,,,,,,,
ASMA-2528,Bacteria,Bacillota,Bacilli,Lactobacillales,Streptococcaceae,Streptococcus,Streptococcus salivarius,534.0,No,,,,,,,,,,,,,,,,,,,,,,,,,,,,,,,,,,,,,,,,,,,,,,,,,,,,,,,,,,,,,,,,,,,,,,,,,,,
ASMA-2529,Bacteria,Bacillota,Bacilli,Lactobacillales,Streptococcaceae,Streptococcus,Streptococcus salivarius,534.0,No,,,,,,,,,,,,,,,,,,,,,,,,,,,,,,,,,,,,,,,,,,,,,,,,,,,,,,,,,,,,,,,,,,,,,,,,,,,
ASMA-253,Bacteria,Pseudomonadota,Gammaproteobacteria,Pseudomonadales,Pseudomonadaceae,Pseudomonas,Pseudomonas aeruginosa,535.0,No,,,,,,,,,,,,,,,,,,,,,,,,,,,,,,,,,,,,,,,,,,,,,,,,,,,,,,,,,,,,,,,,,,,,,,,,,,,
ASMA-2530,Bacteria,Bacillota,Bacilli,Lactobacillales,Streptococcaceae,Streptococcus,Streptococcus salivarius,534.0,No,,,,,,,,,,,,,,,,,,,,,,,,,,,,,,,,,,,,,,,,,,,,,,,,,,,,,,,,,,,,,,,,,,,,,,,,,,,
ASMA-2531,Bacteria,Bacillota,Bacilli,Lactobacillales,Streptococcaceae,Streptococcus,Streptococcus salivarius,534.0,No,,,,,,,,,,,,,,,,,,,,,,,,,,,,,,,,,,,,,,,,,,,,,,,,,,,,,,,,,,,,,,,,,,,,,,,,,,,
ASMA-2532,Bacteria,Bacillota,Bacilli,Lactobacillales,Streptococcaceae,Streptococcus,Streptococcus salivarius,534.0,No,,,,,,,,,,,,,,,,,,,,,,,,,,,,,,,,,,,,,,,,,,,,,,,,,,,,,,,,,,,,,,,,,,,,,,,,,,,
ASMA-2533,Bacteria,Bacillota,Bacilli,Lactobacillales,Streptococcaceae,Streptococcus,Streptococcus salivarius,534.0,No,,,,,,,,,,,,,,,,,,,,,,,,,,,,,,,,,,,,,,,,,,,,,,,,,,,,,,,,,,,,,,,,,,,,,,,,,,,
ASMA-2534,Bacteria,Bacillota,Bacilli,Lactobacillales,Streptococcaceae,Streptococcus,Streptococcus salivarius,534.0,No,,,,,,,,,,,,,,,,,,,,,,,,,,,,,,,,,,,,,,,,,,,,,,,,,,,,,,,,,,,,,,,,,,,,,,,,,,,
ASMA-2535,Bacteria,Bacillota,Bacilli,Lactobacillales,Streptococcaceae,Streptococcus,Streptococcus salivarius,534.0,No,,,,,,,,,,,,,,,,,,,,,,,,,,,,,,,,,,,,,,,,,,,,,,,,,,,,,,,,,,,,,,,,,,,,,,,,,,,
ASMA-2536,Bacteria,Bacillota,Bacilli,Lactobacillales,Streptococcaceae,Streptococcus,Streptococcus salivarius,534.0,No,,,,,,,,,,,,,,,,,,,,,,,,,,,,,,,,,,,,,,,,,,,,,,,,,,,,,,,,,,,,,,,,,,,,,,,,,,,
ASMA-2537,Bacteria,Bacillota,Bacilli,Lactobacillales,Streptococcaceae,Streptococcus,undetermined species,513.0,No,,,,,,,,,,,,,,,,,,,,,,,,,,,,,,,,,,,,,,,,,,,,,,,,,,,,,,,,,,,,,,,,,,,,,,,,,,,
ASMA-2538,Bacteria,Bacillota,Bacilli,Lactobacillales,Streptococcaceae,Streptococcus,Streptococcus salivarius,534.0,No,,,,,,,,,,,,,,,,,,,,,,,,,,,,,,,,,,,,,,,,,,,,,,,,,,,,,,,,,,,,,,,,,,,,,,,,,,,
ASMA-2539,Bacteria,Bacillota,Bacilli,Lactobacillales,Streptococcaceae,Streptococcus,Streptococcus sanguinis_R,514.0,No,,,,,,,,,,,,,,,,,,,,,,,,,,,,,,,,,,,,,,,,,,,,,,,,,,,,,,,,,,,,,,,,,,,,,,,,,,,
ASMA-254,Bacteria,Pseudomonadota,Gammaproteobacteria,Pseudomonadales,Pseudomonadaceae,Pseudomonas,Pseudomonas aeruginosa,535.0,No,,,,,,,,,,,,,,,,,,,,,,,,,,,,,,,,,,,,,,,,,,,,,,,,,,,,,,,,,,,,,,,,,,,,,,,,,,,
ASMA-2540,Bacteria,Bacillota,Bacilli,Lactobacillales,Streptococcaceae,Streptococcus,undetermined species,513.0,No,,,,,,,,,,,,,,,,,,,,,,,,,,,,,,,,,,,,,,,,,,,,,,,,,,,,,,,,,,,,,,,,,,,,,,,,,,,
ASMA-2541,Bacteria,Bacillota,Bacilli,Lactobacillales,Streptococcaceae,Streptococcus,undetermined species,513.0,No,,,,,,,,,,,,,,,,,,,,,,,,,,,,,,,,,,,,,,,,,,,,,,,,,,,,,,,,,,,,,,,,,,,,,,,,,,,
ASMA-2542,Bacteria,Bacillota,Bacilli,Lactobacillales,Streptococcaceae,Streptococcus,undetermined species,513.0,No,,,,,,,,,,,,,,,,,,,,,,,,,,,,,,,,,,,,,,,,,,,,,,,,,,,,,,,,,,,,,,,,,,,,,,,,,,,
ASMA-2543,Bacteria,Bacillota,Bacilli,Lactobacillales,Streptococcaceae,Streptococcus,Streptococcus gordonii,427.0,Yes,,,,,,,,,,,,,,,,,,,,,,,,,,,,,,,,,,,,,,,,,,,,,,,,,,,,,,,,,,,,,,,,,,,,,,,,,,,
ASMA-2544,Bacteria,Bacillota,Bacilli,Lactobacillales,Streptococcaceae,Streptococcus,undetermined species,513.0,No,,,,,,,,,,,,,,,,,,,,,,,,,,,,,,,,,,,,,,,,,,,,,,,,,,,,,,,,,,,,,,,,,,,,,,,,,,,
ASMA-2545,Bacteria,Bacillota,Bacilli,Lactobacillales,Streptococcaceae,Streptococcus,Streptococcus salivarius,534.0,No,,,,,,,,,,,,,,,,,,,,,,,,,,,,,,,,,,,,,,,,,,,,,,,,,,,,,,,,,,,,,,,,,,,,,,,,,,,
ASMA-2546,Bacteria,Bacillota,Bacilli,Lactobacillales,Streptococcaceae,Streptococcus,undetermined species,513.0,No,,,,,,,,,,,,,,,,,,,,,,,,,,,,,,,,,,,,,,,,,,,,,,,,,,,,,,,,,,,,,,,,,,,,,,,,,,,
ASMA-2547,Bacteria,Bacillota,Bacilli,Lactobacillales,Streptococcaceae,Streptococcus,Streptococcus gordonii,427.0,No,,,,,,,,,,,,,,,,,,,,,,,,,,,,,,,,,,,,,,,,,,,,,,,,,,,,,,,,,,,,,,,,,,,,,,,,,,,
ASMA-2548,Bacteria,Pseudomonadota,Gammaproteobacteria,Burkholderiales,Alcaligenaceae,Achromobacter,Achromobacter xylosoxidans,537.0,No,,,,,,,,,,,,,,,,,,,,,,,,,,,,,,,,,,,,,,,,,,,,,,,,,,,,,,,,,,,,,,,,,,,,,,,,,,,
ASMA-2549,Bacteria,Bacillota,Bacilli,Lactobacillales,Streptococcaceae,Streptococcus,Streptococcus sanguinis_R,514.0,No,,,,,,,,,,,,,,,,,,,,,,,,,,,,,,,,,,,,,,,,,,,,,,,,,,,,,,,,,,,,,,,,,,,,,,,,,,,
ASMA-255,Bacteria,Pseudomonadota,Gammaproteobacteria,Pseudomonadales,Pseudomonadaceae,Pseudomonas,Pseudomonas aeruginosa,535.0,No,,,,,,,,,,,,,,,,,,,,,,,,,,,,,,,,,,,,,,,,,,,,,,,,,,,,,,,,,,,,,,,,,,,,,,,,,,,
ASMA-2550,Bacteria,Bacillota,Bacilli,Lactobacillales,Streptococcaceae,Streptococcus,Streptococcus sanguinis_R,514.0,No,,,,,,,,,,,,,,,,,,,,,,,,,,,,,,,,,,,,,,,,,,,,,,,,,,,,,,,,,,,,,,,,,,,,,,,,,,,
ASMA-2551,Bacteria,Bacillota,Bacilli,Lactobacillales,Streptococcaceae,Streptococcus,undetermined species,513.0,No,,,,,,,,,,,,,,,,,,,,,,,,,,,,,,,,,,,,,,,,,,,,,,,,,,,,,,,,,,,,,,,,,,,,,,,,,,,
ASMA-2552,Bacteria,Pseudomonadota,Gammaproteobacteria,Burkholderiales,Alcaligenaceae,Achromobacter,Achromobacter xylosoxidans,537.0,No,,,,,,,,,,,,,,,,,,,,,,,,,,,,,,,,,,,,,,,,,,,,,,,,,,,,,,,,,,,,,,,,,,,,,,,,,,,
ASMA-2553,Bacteria,Bacillota,Bacilli,Lactobacillales,Streptococcaceae,Streptococcus,Streptococcus sanguinis_R,514.0,No,,,,,,,,,,,,,,,,,,,,,,,,,,,,,,,,,,,,,,,,,,,,,,,,,,,,,,,,,,,,,,,,,,,,,,,,,,,
ASMA-2554,Bacteria,Bacillota,Bacilli,Lactobacillales,Streptococcaceae,Streptococcus,Streptococcus salivarius,534.0,No,,,,,,,,,,,,,,,,,,,,,,,,,,,,,,,,,,,,,,,,,,,,,,,,,,,,,,,,,,,,,,,,,,,,,,,,,,,
ASMA-2555,Bacteria,Pseudomonadota,Gammaproteobacteria,Burkholderiales,Alcaligenaceae,Achromobacter,Achromobacter xylosoxidans,537.0,No,,,,,,,,,,,,,,,,,,,,,,,,,,,,,,,,,,,,,,,,,,,,,,,,,,,,,,,,,,,,,,,,,,,,,,,,,,,
ASMA-2556,Bacteria,Pseudomonadota,Gammaproteobacteria,Burkholderiales,Alcaligenaceae,Achromobacter,Achromobacter xylosoxidans,537.0,No,,,,,,,,,,,,,,,,,,,,,,,,,,,,,,,,,,,,,,,,,,,,,,,,,,,,,,,,,,,,,,,,,,,,,,,,,,,
ASMA-2557,Bacteria,Pseudomonadota,Gammaproteobacteria,Burkholderiales,Alcaligenaceae,Achromobacter,Achromobacter xylosoxidans,537.0,No,,,,,,,,,,,,,,,,,,,,,,,,,,,,,,,,,,,,,,,,,,,,,,,,,,,,,,,,,,,,,,,,,,,,,,,,,,,
ASMA-2558,Bacteria,Pseudomonadota,Gammaproteobacteria,Burkholderiales,Alcaligenaceae,Achromobacter,Achromobacter xylosoxidans,537.0,No,,,,,,,,,,,,,,,,,,,,,,,,,,,,,,,,,,,,,,,,,,,,,,,,,,,,,,,,,,,,,,,,,,,,,,,,,,,
ASMA-2559,Bacteria,Pseudomonadota,Gammaproteobacteria,Burkholderiales,Alcaligenaceae,Achromobacter,Achromobacter xylosoxidans,537.0,No,,,,,,,,,,,,,,,,,,,,,,,,,,,,,,,,,,,,,,,,,,,,,,,,,,,,,,,,,,,,,,,,,,,,,,,,,,,
ASMA-256,Bacteria,Pseudomonadota,Gammaproteobacteria,Pseudomonadales,Pseudomonadaceae,Pseudomonas,Pseudomonas aeruginosa,535.0,No,,,,,,,,,,,,,,,,,,,,,,,,,,,,,,,,,,,,,,,,,,,,,,,,,,,,,,,,,,,,,,,,,,,,,,,,,,,
ASMA-2560,Bacteria,Pseudomonadota,Gammaproteobacteria,Burkholderiales,Alcaligenaceae,Achromobacter,Achromobacter xylosoxidans,537.0,No,,,,,,,,,,,,,,,,,,,,,,,,,,,,,,,,,,,,,,,,,,,,,,,,,,,,,,,,,,,,,,,,,,,,,,,,,,,
ASMA-2561,Bacteria,Pseudomonadota,Gammaproteobacteria,Burkholderiales,Alcaligenaceae,Achromobacter,Achromobacter xylosoxidans,537.0,No,,,,,,,,,,,,,,,,,,,,,,,,,,,,,,,,,,,,,,,,,,,,,,,,,,,,,,,,,,,,,,,,,,,,,,,,,,,
ASMA-2562,Bacteria,Pseudomonadota,Gammaproteobacteria,Burkholderiales,Alcaligenaceae,Achromobacter,Achromobacter xylosoxidans,537.0,No,,,,,,,,,,,,,,,,,,,,,,,,,,,,,,,,,,,,,,,,,,,,,,,,,,,,,,,,,,,,,,,,,,,,,,,,,,,
ASMA-2563,Bacteria,Bacillota,Bacilli,Lactobacillales,Streptococcaceae,Streptococcus,Streptococcus salivarius,534.0,No,,,,,,,,,,,,,,,,,,,,,,,,,,,,,,,,,,,,,,,,,,,,,,,,,,,,,,,,,,,,,,,,,,,,,,,,,,,
ASMA-2564,Bacteria,Bacillota,Bacilli,Lactobacillales,Streptococcaceae,Streptococcus,Streptococcus salivarius,534.0,No,,,,,,,,,,,,,,,,,,,,,,,,,,,,,,,,,,,,,,,,,,,,,,,,,,,,,,,,,,,,,,,,,,,,,,,,,,,
ASMA-2565,Bacteria,Bacillota,Bacilli,Lactobacillales,Streptococcaceae,Streptococcus,Streptococcus salivarius,534.0,No,,,,,,,,,,,,,,,,,,,,,,,,,,,,,,,,,,,,,,,,,,,,,,,,,,,,,,,,,,,,,,,,,,,,,,,,,,,
ASMA-2566,Bacteria,Bacillota,Bacilli,Lactobacillales,Streptococcaceae,Streptococcus,Streptococcus salivarius,534.0,No,,,,,,,,,,,,,,,,,,,,,,,,,,,,,,,,,,,,,,,,,,,,,,,,,,,,,,,,,,,,,,,,,,,,,,,,,,,
ASMA-2567,Bacteria,Bacillota,Bacilli,Lactobacillales,Streptococcaceae,Streptococcus,Streptococcus salivarius,534.0,No,,,,,,,,,,,,,,,,,,,,,,,,,,,,,,,,,,,,,,,,,,,,,,,,,,,,,,,,,,,,,,,,,,,,,,,,,,,
ASMA-2568,Bacteria,Bacillota,Bacilli,Lactobacillales,Streptococcaceae,Streptococcus,Streptococcus salivarius,534.0,No,,,,,,,,,,,,,,,,,,,,,,,,,,,,,,,,,,,,,,,,,,,,,,,,,,,,,,,,,,,,,,,,,,,,,,,,,,,
ASMA-2569,Bacteria,Bacillota,Bacilli,Lactobacillales,Streptococcaceae,Streptococcus,Streptococcus salivarius,534.0,No,,,,,,,,,,,,,,,,,,,,,,,,,,,,,,,,,,,,,,,,,,,,,,,,,,,,,,,,,,,,,,,,,,,,,,,,,,,
ASMA-257,Bacteria,Pseudomonadota,Gammaproteobacteria,Pseudomonadales,Pseudomonadaceae,Pseudomonas,Pseudomonas aeruginosa,535.0,No,,,,,,,,,,,,,,,,,,,,,,,,,,,,,,,,,,,,,,,,,,,,,,,,,,,,,,,,,,,,,,,,,,,,,,,,,,,
ASMA-2570,Bacteria,Bacillota,Bacilli,Staphylococcales,Staphylococcaceae,Staphylococcus,Staphylococcus epidermidis,237.0,Yes,,,,,,,,,,,,,,,,,,,,,,,,,,,,,,,,,,,,,,,,,,,,,,,,,,,,,,,,,,,,,,,,,,,,,,,,,,,
ASMA-2571,Bacteria,Bacillota,Bacilli,Lactobacillales,Streptococcaceae,Streptococcus,Streptococcus salivarius,534.0,No,,,,,,,,,,,,,,,,,,,,,,,,,,,,,,,,,,,,,,,,,,,,,,,,,,,,,,,,,,,,,,,,,,,,,,,,,,,
ASMA-2572,Bacteria,Bacillota,Bacilli,Lactobacillales,Streptococcaceae,Streptococcus,Streptococcus salivarius,534.0,No,,,,,,,,,,,,,,,,,,,,,,,,,,,,,,,,,,,,,,,,,,,,,,,,,,,,,,,,,,,,,,,,,,,,,,,,,,,
ASMA-2573,Bacteria,Bacillota,Bacilli,Lactobacillales,Streptococcaceae,Streptococcus,Streptococcus salivarius,534.0,No,,,,,,,,,,,,,,,,,,,,,,,,,,,,,,,,,,,,,,,,,,,,,,,,,,,,,,,,,,,,,,,,,,,,,,,,,,,
ASMA-2574,Bacteria,Bacillota,Bacilli,Lactobacillales,Streptococcaceae,Streptococcus,Streptococcus salivarius,534.0,No,,,,,,,,,,,,,,,,,,,,,,,,,,,,,,,,,,,,,,,,,,,,,,,,,,,,,,,,,,,,,,,,,,,,,,,,,,,
ASMA-2575,Bacteria,Pseudomonadota,Gammaproteobacteria,Burkholderiales,Neisseriaceae,Neisseria,undetermined species,475.0,No,,,,,,,,,,,,,,,,,,,,,,,,,,,,,,,,,,,,,,,,,,,,,,,,,,,,,,,,,,,,,,,,,,,,,,,,,,,
ASMA-2576,Bacteria,Bacillota,Bacilli,Lactobacillales,Streptococcaceae,Streptococcus,Streptococcus sp902363395,474.0,No,,,,,,,,,,,,,,,,,,,,,,,,,,,,,,,,,,,,,,,,,,,,,,,,,,,,,,,,,,,,,,,,,,,,,,,,,,,
ASMA-2577,Bacteria,Pseudomonadota,Gammaproteobacteria,Burkholderiales,Neisseriaceae,Neisseria,Neisseria sicca,475.0,No,,,,,,,,,,,,,,,,,,,,,,,,,,,,,,,,,,,,,,,,,,,,,,,,,,,,,,,,,,,,,,,,,,,,,,,,,,,
ASMA-2578,Bacteria,Bacillota,Bacilli,Lactobacillales,Streptococcaceae,Streptococcus,Streptococcus sp001811305,503.0,No,,,,,,,,,,,,,,,,,,,,,,,,,,,,,,,,,,,,,,,,,,,,,,,,,,,,,,,,,,,,,,,,,,,,,,,,,,,
ASMA-2579,Bacteria,Bacillota,Bacilli,Lactobacillales,Streptococcaceae,Streptococcus,Streptococcus sanguinis,480.0,No,,,,,,,,,,,,,,,,,,,,,,,,,,,,,,,,,,,,,,,,,,,,,,,,,,,,,,,,,,,,,,,,,,,,,,,,,,,
ASMA-258,Bacteria,Pseudomonadota,Gammaproteobacteria,Pseudomonadales,Pseudomonadaceae,Pseudomonas,Pseudomonas aeruginosa,535.0,No,,,,,,,,,,,,,,,,,,,,,,,,,,,,,,,,,,,,,,,,,,,,,,,,,,,,,,,,,,,,,,,,,,,,,,,,,,,
ASMA-2580,Bacteria,Bacillota,Bacilli,Lactobacillales,Streptococcaceae,Streptococcus,Streptococcus sp902363395,474.0,No,,,,,,,,,,,,,,,,,,,,,,,,,,,,,,,,,,,,,,,,,,,,,,,,,,,,,,,,,,,,,,,,,,,,,,,,,,,
ASMA-2581,Bacteria,Pseudomonadota,Gammaproteobacteria,Burkholderiales,Neisseriaceae,Neisseria,undetermined species,475.0,No,,,,,,,,,,,,,,,,,,,,,,,,,,,,,,,,,,,,,,,,,,,,,,,,,,,,,,,,,,,,,,,,,,,,,,,,,,,
ASMA-2582,Bacteria,Bacillota,Bacilli,Lactobacillales,Streptococcaceae,Streptococcus,Streptococcus salivarius,527.0,No,,,,,,,,,,,,,,,,,,,,,,,,,,,,,,,,,,,,,,,,,,,,,,,,,,,,,,,,,,,,,,,,,,,,,,,,,,,
ASMA-2583,Bacteria,Bacillota,Bacilli,Lactobacillales,Streptococcaceae,Streptococcus,Streptococcus salivarius,527.0,No,,,,,,,,,,,,,,,,,,,,,,,,,,,,,,,,,,,,,,,,,,,,,,,,,,,,,,,,,,,,,,,,,,,,,,,,,,,
ASMA-2584,Bacteria,Bacillota,Bacilli,Lactobacillales,Streptococcaceae,Streptococcus,Streptococcus sp001811305,503.0,No,,,,,,,,,,,,,,,,,,,,,,,,,,,,,,,,,,,,,,,,,,,,,,,,,,,,,,,,,,,,,,,,,,,,,,,,,,,
ASMA-2585,Bacteria,Pseudomonadota,Gammaproteobacteria,Burkholderiales,Neisseriaceae,Neisseria,undetermined species,475.0,No,,,,,,,,,,,,,,,,,,,,,,,,,,,,,,,,,,,,,,,,,,,,,,,,,,,,,,,,,,,,,,,,,,,,,,,,,,,
ASMA-2586,Bacteria,Bacillota,Bacilli,Lactobacillales,Streptococcaceae,Streptococcus,Streptococcus salivarius,527.0,No,,,,,,,,,,,,,,,,,,,,,,,,,,,,,,,,,,,,,,,,,,,,,,,,,,,,,,,,,,,,,,,,,,,,,,,,,,,
ASMA-2587,Bacteria,Bacillota,Bacilli,Lactobacillales,Streptococcaceae,Streptococcus,Streptococcus salivarius,527.0,No,,,,,,,,,,,,,,,,,,,,,,,,,,,,,,,,,,,,,,,,,,,,,,,,,,,,,,,,,,,,,,,,,,,,,,,,,,,
ASMA-2588,Bacteria,Bacillota,Bacilli,Lactobacillales,Streptococcaceae,Streptococcus,Streptococcus salivarius,527.0,No,,,,,,,,,,,,,,,,,,,,,,,,,,,,,,,,,,,,,,,,,,,,,,,,,,,,,,,,,,,,,,,,,,,,,,,,,,,
ASMA-2589,Bacteria,Pseudomonadota,Gammaproteobacteria,Burkholderiales,Neisseriaceae,Neisseria,undetermined species,475.0,No,,,,,,,,,,,,,,,,,,,,,,,,,,,,,,,,,,,,,,,,,,,,,,,,,,,,,,,,,,,,,,,,,,,,,,,,,,,
ASMA-259,Bacteria,Pseudomonadota,Gammaproteobacteria,Pseudomonadales,Pseudomonadaceae,Pseudomonas,Pseudomonas aeruginosa,535.0,No,,,,,,,,,,,,,,,,,,,,,,,,,,,,,,,,,,,,,,,,,,,,,,,,,,,,,,,,,,,,,,,,,,,,,,,,,,,
ASMA-2590,Bacteria,Pseudomonadota,Gammaproteobacteria,Burkholderiales,Neisseriaceae,Neisseria,undetermined species,475.0,No,,,,,,,,,,,,,,,,,,,,,,,,,,,,,,,,,,,,,,,,,,,,,,,,,,,,,,,,,,,,,,,,,,,,,,,,,,,
ASMA-2591,Bacteria,Pseudomonadota,Gammaproteobacteria,Burkholderiales,Neisseriaceae,Neisseria,undetermined species,475.0,No,,,,,,,,,,,,,,,,,,,,,,,,,,,,,,,,,,,,,,,,,,,,,,,,,,,,,,,,,,,,,,,,,,,,,,,,,,,
ASMA-2592,Bacteria,Bacillota,Bacilli,Lactobacillales,Streptococcaceae,Streptococcus,Streptococcus salivarius,527.0,Yes,,,,,,,,,,,,,,,,,,,,,,,,,,,,,,,,,,,,,,,,,,,,,,,,,,,,,,,,,,,,,,,,,,,,,,,,,,,
ASMA-2593,Bacteria,Bacillota,Bacilli,Lactobacillales,Streptococcaceae,Streptococcus,Streptococcus sanguinis,480.0,No,,,,,,,,,,,,,,,,,,,,,,,,,,,,,,,,,,,,,,,,,,,,,,,,,,,,,,,,,,,,,,,,,,,,,,,,,,,
ASMA-2594,Bacteria,Pseudomonadota,Gammaproteobacteria,Burkholderiales,Neisseriaceae,Neisseria,Neisseria sicca,475.0,No,,,,,,,,,,,,,,,,,,,,,,,,,,,,,,,,,,,,,,,,,,,,,,,,,,,,,,,,,,,,,,,,,,,,,,,,,,,
ASMA-2595,Bacteria,Pseudomonadota,Gammaproteobacteria,Burkholderiales,Neisseriaceae,Neisseria,Neisseria sicca,475.0,No,,,,,,,,,,,,,,,,,,,,,,,,,,,,,,,,,,,,,,,,,,,,,,,,,,,,,,,,,,,,,,,,,,,,,,,,,,,
ASMA-2596,Bacteria,Bacillota,Bacilli,Lactobacillales,Streptococcaceae,Streptococcus,Streptococcus sp001811305,503.0,No,,,,,,,,,,,,,,,,,,,,,,,,,,,,,,,,,,,,,,,,,,,,,,,,,,,,,,,,,,,,,,,,,,,,,,,,,,,
ASMA-2597,Bacteria,Bacillota,Bacilli,Lactobacillales,Streptococcaceae,Streptococcus,Streptococcus salivarius,527.0,No,,,,,,,,,,,,,,,,,,,,,,,,,,,,,,,,,,,,,,,,,,,,,,,,,,,,,,,,,,,,,,,,,,,,,,,,,,,
ASMA-2598,Bacteria,Bacillota,Bacilli,Lactobacillales,Streptococcaceae,Streptococcus,Streptococcus salivarius,527.0,No,,,,,,,,,,,,,,,,,,,,,,,,,,,,,,,,,,,,,,,,,,,,,,,,,,,,,,,,,,,,,,,,,,,,,,,,,,,
ASMA-2599,Bacteria,Bacillota,Bacilli,Lactobacillales,Streptococcaceae,Streptococcus,Streptococcus salivarius,527.0,No,,,,,,,,,,,,,,,,,,,,,,,,,,,,,,,,,,,,,,,,,,,,,,,,,,,,,,,,,,,,,,,,,,,,,,,,,,,
ASMA-26,Bacteria,Pseudomonadota,Gammaproteobacteria,Pseudomonadales,Pseudomonadaceae,Pseudomonas,Pseudomonas aeruginosa,536.0,No,,,,,,,,,,,,,,,,,,,,,,,,,,,,,,,,,,,,,,,,,,,,,,,,,,,,,,,,,,,,,,,,,,,,,,,,,,,
ASMA-260,Bacteria,Pseudomonadota,Gammaproteobacteria,Pseudomonadales,Pseudomonadaceae,Pseudomonas,Pseudomonas aeruginosa,535.0,No,,,,,,,,,,,,,,,,,,,,,,,,,,,,,,,,,,,,,,,,,,,,,,,,,,,,,,,,,,,,,,,,,,,,,,,,,,,
ASMA-2600,Bacteria,Bacillota,Bacilli,Lactobacillales,Streptococcaceae,Streptococcus,Streptococcus salivarius,527.0,No,,,,,,,,,,,,,,,,,,,,,,,,,,,,,,,,,,,,,,,,,,,,,,,,,,,,,,,,,,,,,,,,,,,,,,,,,,,
ASMA-2601,Bacteria,Bacillota,Bacilli,Lactobacillales,Streptococcaceae,Streptococcus,Streptococcus salivarius,527.0,No,,,,,,,,,,,,,,,,,,,,,,,,,,,,,,,,,,,,,,,,,,,,,,,,,,,,,,,,,,,,,,,,,,,,,,,,,,,
ASMA-2602,Bacteria,Bacillota,Bacilli,Lactobacillales,Streptococcaceae,Streptococcus,Streptococcus salivarius,527.0,No,,,,,,,,,,,,,,,,,,,,,,,,,,,,,,,,,,,,,,,,,,,,,,,,,,,,,,,,,,,,,,,,,,,,,,,,,,,
ASMA-2603,Bacteria,Bacillota,Bacilli,Lactobacillales,Streptococcaceae,Streptococcus,Streptococcus salivarius,527.0,No,,,,,,,,,,,,,,,,,,,,,,,,,,,,,,,,,,,,,,,,,,,,,,,,,,,,,,,,,,,,,,,,,,,,,,,,,,,
ASMA-2604,Bacteria,Bacillota,Bacilli,Lactobacillales,Streptococcaceae,Streptococcus,Streptococcus salivarius,527.0,No,,,,,,,,,,,,,,,,,,,,,,,,,,,,,,,,,,,,,,,,,,,,,,,,,,,,,,,,,,,,,,,,,,,,,,,,,,,
ASMA-2605,Bacteria,Bacillota,Bacilli,Lactobacillales,Streptococcaceae,Streptococcus,Streptococcus sp902363395,474.0,No,,,,,,,,,,,,,,,,,,,,,,,,,,,,,,,,,,,,,,,,,,,,,,,,,,,,,,,,,,,,,,,,,,,,,,,,,,,
ASMA-2606,Bacteria,Bacillota,Bacilli,Lactobacillales,Streptococcaceae,Streptococcus,Streptococcus sp001811305,503.0,No,,,,,,,,,,,,,,,,,,,,,,,,,,,,,,,,,,,,,,,,,,,,,,,,,,,,,,,,,,,,,,,,,,,,,,,,,,,
ASMA-2607,Bacteria,Bacillota,Bacilli,Lactobacillales,Streptococcaceae,Streptococcus,Streptococcus sp902363395,474.0,No,,,,,,,,,,,,,,,,,,,,,,,,,,,,,,,,,,,,,,,,,,,,,,,,,,,,,,,,,,,,,,,,,,,,,,,,,,,
ASMA-2608,Bacteria,Bacillota,Bacilli,Lactobacillales,Streptococcaceae,Streptococcus,Streptococcus sp902363395,474.0,No,,,,,,,,,,,,,,,,,,,,,,,,,,,,,,,,,,,,,,,,,,,,,,,,,,,,,,,,,,,,,,,,,,,,,,,,,,,
ASMA-2609,Bacteria,Bacillota,Bacilli,Lactobacillales,Streptococcaceae,Streptococcus,Streptococcus sp001811305,503.0,No,,,,,,,,,,,,,,,,,,,,,,,,,,,,,,,,,,,,,,,,,,,,,,,,,,,,,,,,,,,,,,,,,,,,,,,,,,,
ASMA-261,Bacteria,Pseudomonadota,Gammaproteobacteria,Pseudomonadales,Pseudomonadaceae,Pseudomonas,Pseudomonas aeruginosa,535.0,No,,,,,,,,,,,,,,,,,,,,,,,,,,,,,,,,,,,,,,,,,,,,,,,,,,,,,,,,,,,,,,,,,,,,,,,,,,,
ASMA-2610,Bacteria,Bacillota,Bacilli,Lactobacillales,Streptococcaceae,Streptococcus,Streptococcus sp902363395,474.0,No,,,,,,,,,,,,,,,,,,,,,,,,,,,,,,,,,,,,,,,,,,,,,,,,,,,,,,,,,,,,,,,,,,,,,,,,,,,
ASMA-2611,Bacteria,Bacillota,Bacilli,Lactobacillales,Streptococcaceae,Streptococcus,Streptococcus salivarius,527.0,No,,,,,,,,,,,,,,,,,,,,,,,,,,,,,,,,,,,,,,,,,,,,,,,,,,,,,,,,,,,,,,,,,,,,,,,,,,,
ASMA-2612,Bacteria,Bacillota,Bacilli,Lactobacillales,Streptococcaceae,Streptococcus,Streptococcus sp902363395,474.0,No,,,,,,,,,,,,,,,,,,,,,,,,,,,,,,,,,,,,,,,,,,,,,,,,,,,,,,,,,,,,,,,,,,,,,,,,,,,
ASMA-2613,Fungi,Saccharomycetes,Ascomycota,Saccharomycetales,Debaryomycetaceae,Candida,Candida albicans,,,,,,,,,,,,,,,,,,,,,,,,,,,,,,,,,,,,,,,,,,,,,,,,,,,,,,,,,,,,,,,,,,,,,,,,,,,,,
ASMA-2614,Fungi,Saccharomycetes,Ascomycota,Saccharomycetales,Debaryomycetaceae,Candida,Candida albicans,,,,,,,,,,,,,,,,,,,,,,,,,,,,,,,,,,,,,,,,,,,,,,,,,,,,,,,,,,,,,,,,,,,,,,,,,,,,,
ASMA-2615,Bacteria,Bacillota,Bacilli,Lactobacillales,Streptococcaceae,Streptococcus,Streptococcus sp001811305,503.0,No,,,,,,,,,,,,,,,,,,,,,,,,,,,,,,,,,,,,,,,,,,,,,,,,,,,,,,,,,,,,,,,,,,,,,,,,,,,
ASMA-2616,Bacteria,Bacillota,Bacilli,Lactobacillales,Streptococcaceae,Streptococcus,Streptococcus sp902363395,474.0,No,,,,,,,,,,,,,,,,,,,,,,,,,,,,,,,,,,,,,,,,,,,,,,,,,,,,,,,,,,,,,,,,,,,,,,,,,,,
ASMA-2617,Bacteria,Bacillota,Bacilli,Lactobacillales,Streptococcaceae,Streptococcus,Streptococcus sanguinis,480.0,No,,,,,,,,,,,,,,,,,,,,,,,,,,,,,,,,,,,,,,,,,,,,,,,,,,,,,,,,,,,,,,,,,,,,,,,,,,,
ASMA-2618,Bacteria,Actinomycetota,Actinomycetes,Micrococcales,Micrococcaceae,Rothia,Rothia dentocariosa,233.0,Yes,,,,,,,,,,,,,,,,,,,,,,,,,,,,,,,,,,,,,,,,,,,,,,,,,,,,,,,,,,,,,,,,,,,,,,,,,,,
ASMA-2619,Bacteria,Actinomycetota,Actinomycetes,Micrococcales,Micrococcaceae,Rothia,Rothia aeria,64.0,Yes,,,,,,,,,,,,,,,,,,,,,,,,,,,,,,,,,,,,,,,,,,,,,,,,,,,,,,,,,,,,,,,,,,,,,,,,,,,
ASMA-262,Bacteria,Pseudomonadota,Gammaproteobacteria,Pseudomonadales,Pseudomonadaceae,Pseudomonas,Pseudomonas aeruginosa,535.0,No,,,,,,,,,,,,,,,,,,,,,,,,,,,,,,,,,,,,,,,,,,,,,,,,,,,,,,,,,,,,,,,,,,,,,,,,,,,
ASMA-2620,Bacteria,Actinomycetota,Actinomycetes,Micrococcales,Micrococcaceae,Rothia,Rothia dentocariosa,432.0,No,,,,,,,,,,,,,,,,,,,,,,,,,,,,,,,,,,,,,,,,,,,,,,,,,,,,,,,,,,,,,,,,,,,,,,,,,,,
ASMA-2621,Bacteria,Actinomycetota,Actinomycetes,Micrococcales,Micrococcaceae,Rothia,Rothia dentocariosa,368.0,No,1,0.11470000000000001,,0.11470000000000001,20251006.0,0.9533,,0.6984,,0.8553000000000001,,0.6004,,1.0201,,31.5,,0.12906837739744914,,0.9990262414662058,,normal,1,100.0,1,100.0,1,,,,,,0.0975,,20251006,0.0597,uncertain,0.0666,uncertain,0.0676,uncertain,0.0666,uncertain,0.0701,uncertain,0.0627,uncertain,0.0662,uncertain,0.0729,uncertain,0.0685,uncertain,0.0657,uncertain,0.0688,uncertain,0.0619,uncertain,0.0584,uncertain,0.0626,uncertain,0.0616,uncertain,0.0592,uncertain,0.0569,uncertain,0.0686,uncertain,0.1156,uncertain,0.061,uncertain
ASMA-2622,Bacteria,Actinomycetota,Actinomycetes,Micrococcales,Micrococcaceae,Rothia,Rothia dentocariosa,368.0,Yes,,,,,,,,,,,,,,,,,,,,,,,,,,,,,,,,,,,,,,,,,,,,,,,,,,,,,,,,,,,,,,,,,,,,,,,,,,,
ASMA-2623,Bacteria,Actinomycetota,Actinomycetes,Micrococcales,Micrococcaceae,Rothia,Rothia dentocariosa,368.0,No,,,,,,,,,,,,,,,,,,,,,,,,,,,,,,,,,,,,,,,,,,,,,,,,,,,,,,,,,,,,,,,,,,,,,,,,,,,
ASMA-2624,Bacteria,Actinomycetota,Actinomycetes,Micrococcales,Micrococcaceae,Rothia,Rothia dentocariosa,369.0,No,,,,,,,,,,,,,,,,,,,,,,,,,,,,,,,,,,,,,,,,,,,,,,,,,,,,,,,,,,,,,,,,,,,,,,,,,,,
ASMA-2625,Bacteria,Actinomycetota,Actinomycetes,Micrococcales,Micrococcaceae,Rothia,Rothia dentocariosa,369.0,No,,,,,,,,,,,,,,,,,,,,,,,,,,,,,,,,,,,,,,,,,,,,,,,,,,,,,,,,,,,,,,,,,,,,,,,,,,,
ASMA-2626,Bacteria,Bacillota,Bacilli,Lactobacillales,Streptococcaceae,Streptococcus,Streptococcus hominis,457.0,No,,,,,,,,,,,,,,,,,,,,,,,,,,,,,,,,,,,,,,,,,,,,,,,,,,,,,,,,,,,,,,,,,,,,,,,,,,,
ASMA-2627,Bacteria,Bacillota,Bacilli,Lactobacillales,Streptococcaceae,Streptococcus,Streptococcus oralis_S,486.0,No,,,,,,,,,,,,,,,,,,,,,,,,,,,,,,,,,,,,,,,,,,,,,,,,,,,,,,,,,,,,,,,,,,,,,,,,,,,
ASMA-2628,Bacteria,Bacillota,Bacilli,Lactobacillales,Streptococcaceae,Streptococcus,Streptococcus oralis_S,486.0,No,,,,,,,,,,,,,,,,,,,,,,,,,,,,,,,,,,,,,,,,,,,,,,,,,,,,,,,,,,,,,,,,,,,,,,,,,,,
ASMA-2629,Bacteria,Bacillota,Bacilli,Lactobacillales,Streptococcaceae,Streptococcus,Streptococcus oralis_S,486.0,No,,,,,,,,,,,,,,,,,,,,,,,,,,,,,,,,,,,,,,,,,,,,,,,,,,,,,,,,,,,,,,,,,,,,,,,,,,,
ASMA-263,Bacteria,Pseudomonadota,Gammaproteobacteria,Pseudomonadales,Pseudomonadaceae,Pseudomonas,Pseudomonas aeruginosa,535.0,No,,,,,,,,,,,,,,,,,,,,,,,,,,,,,,,,,,,,,,,,,,,,,,,,,,,,,,,,,,,,,,,,,,,,,,,,,,,
ASMA-2630,Bacteria,Bacillota,Bacilli,Lactobacillales,Streptococcaceae,Streptococcus,Streptococcus oralis_S,486.0,No,,,,,,,,,,,,,,,,,,,,,,,,,,,,,,,,,,,,,,,,,,,,,,,,,,,,,,,,,,,,,,,,,,,,,,,,,,,
ASMA-2631,Bacteria,Bacillota,Bacilli,Lactobacillales,Streptococcaceae,Streptococcus,Streptococcus oralis_S,486.0,Yes,,,,,,,,,,,,,,,,,,,,,,,,,,,,,,,,,,,,,,,,,,,,,,,,,,,,,,,,,,,,,,,,,,,,,,,,,,,
ASMA-2632,Bacteria,Bacillota,Bacilli,Lactobacillales,Streptococcaceae,Streptococcus,Streptococcus oralis_S,486.0,No,,,,,,,,,,,,,,,,,,,,,,,,,,,,,,,,,,,,,,,,,,,,,,,,,,,,,,,,,,,,,,,,,,,,,,,,,,,
ASMA-2633,Bacteria,Bacillota,Bacilli,Lactobacillales,Streptococcaceae,Streptococcus,Streptococcus gordonii,460.0,No,,,,,,,,,,,,,,,,,,,,,,,,,,,,,,,,,,,,,,,,,,,,,,,,,,,,,,,,,,,,,,,,,,,,,,,,,,,
ASMA-2634,Bacteria,Bacillota,Bacilli,Lactobacillales,Streptococcaceae,Streptococcus,Streptococcus sp000296995,411.0,No,,,,,,,,,,,,,,,,,,,,,,,,,,,,,,,,,,,,,,,,,,,,,,,,,,,,,,,,,,,,,,,,,,,,,,,,,,,
ASMA-2635,Bacteria,Bacillota,Bacilli,Lactobacillales,Streptococcaceae,Streptococcus,Streptococcus sp000296995,411.0,No,,,,,,,,,,,,,,,,,,,,,,,,,,,,,,,,,,,,,,,,,,,,,,,,,,,,,,,,,,,,,,,,,,,,,,,,,,,
ASMA-2636,Bacteria,Bacillota,Bacilli,Lactobacillales,Streptococcaceae,Streptococcus,Streptococcus sp000296995,411.0,No,,,,,,,,,,,,,,,,,,,,,,,,,,,,,,,,,,,,,,,,,,,,,,,,,,,,,,,,,,,,,,,,,,,,,,,,,,,
ASMA-2637,Bacteria,Bacillota,Bacilli,Lactobacillales,Streptococcaceae,Streptococcus,Streptococcus gordonii,460.0,No,,,,,,,,,,,,,,,,,,,,,,,,,,,,,,,,,,,,,,,,,,,,,,,,,,,,,,,,,,,,,,,,,,,,,,,,,,,
ASMA-2638,Bacteria,Bacillota,Bacilli,Lactobacillales,Streptococcaceae,Streptococcus,Streptococcus sp000296995,411.0,No,,,,,,,,,,,,,,,,,,,,,,,,,,,,,,,,,,,,,,,,,,,,,,,,,,,,,,,,,,,,,,,,,,,,,,,,,,,
ASMA-264,Bacteria,Pseudomonadota,Gammaproteobacteria,Pseudomonadales,Pseudomonadaceae,Pseudomonas,Pseudomonas aeruginosa,535.0,No,,,,,,,,,,,,,,,,,,,,,,,,,,,,,,,,,,,,,,,,,,,,,,,,,,,,,,,,,,,,,,,,,,,,,,,,,,,
ASMA-2640,Bacteria,Bacillota,Bacilli,Lactobacillales,Streptococcaceae,Streptococcus,Streptococcus gordonii,460.0,No,,,,,,,,,,,,,,,,,,,,,,,,,,,,,,,,,,,,,,,,,,,,,,,,,,,,,,,,,,,,,,,,,,,,,,,,,,,
ASMA-2641,Bacteria,Bacillota,Bacilli,Lactobacillales,Streptococcaceae,Streptococcus,Streptococcus gordonii,460.0,No,,,,,,,,,,,,,,,,,,,,,,,,,,,,,,,,,,,,,,,,,,,,,,,,,,,,,,,,,,,,,,,,,,,,,,,,,,,
ASMA-2642,Bacteria,Bacillota,Bacilli,Lactobacillales,Streptococcaceae,Streptococcus,Streptococcus sp001556435,525.0,No,,,,,,,,,,,,,,,,,,,,,,,,,,,,,,,,,,,,,,,,,,,,,,,,,,,,,,,,,,,,,,,,,,,,,,,,,,,
ASMA-2643,Bacteria,Bacillota,Bacilli,Lactobacillales,Streptococcaceae,Streptococcus,Streptococcus sp001556435,525.0,No,,,,,,,,,,,,,,,,,,,,,,,,,,,,,,,,,,,,,,,,,,,,,,,,,,,,,,,,,,,,,,,,,,,,,,,,,,,
ASMA-2644,Bacteria,Bacillota,Bacilli,Lactobacillales,Streptococcaceae,Streptococcus,Streptococcus sp001813105,321.0,No,,,,,,,,,,,,,,,,,,,,,,,,,,,,,,,,,,,,,,,,,,,,,,,,,,,,,,,,,,,,,,,,,,,,,,,,,,,
ASMA-2645,Bacteria,Bacillota,Bacilli,Lactobacillales,Streptococcaceae,Streptococcus,Streptococcus sp001813105,434.0,No,,,,,,,,,,,,,,,,,,,,,,,,,,,,,,,,,,,,,,,,,,,,,,,,,,,,,,,,,,,,,,,,,,,,,,,,,,,
ASMA-2646,Bacteria,Bacillota,Bacilli,Lactobacillales,Streptococcaceae,Streptococcus,Streptococcus gordonii,460.0,Yes,,,,,,,,,,,,,,,,,,,,,,,,,,,,,,,,,,,,,,,,,,,,,,,,,,,,,,,,,,,,,,,,,,,,,,,,,,,
ASMA-2647,Bacteria,Bacillota,Bacilli,Lactobacillales,Streptococcaceae,Streptococcus,Streptococcus sp000296995,411.0,Yes,,,,,,,,,,,,,,,,,,,,,,,,,,,,,,,,,,,,,,,,,,,,,,,,,,,,,,,,,,,,,,,,,,,,,,,,,,,
ASMA-2648,Bacteria,Bacillota,Bacilli,Lactobacillales,Streptococcaceae,Streptococcus,Streptococcus sp001556435,525.0,No,,,,,,,,,,,,,,,,,,,,,,,,,,,,,,,,,,,,,,,,,,,,,,,,,,,,,,,,,,,,,,,,,,,,,,,,,,,
ASMA-2649,Bacteria,Bacillota,Bacilli,Lactobacillales,Streptococcaceae,Streptococcus,Streptococcus oralis_S,486.0,No,,,,,,,,,,,,,,,,,,,,,,,,,,,,,,,,,,,,,,,,,,,,,,,,,,,,,,,,,,,,,,,,,,,,,,,,,,,
ASMA-265,Bacteria,Pseudomonadota,Gammaproteobacteria,Pseudomonadales,Pseudomonadaceae,Pseudomonas,Pseudomonas aeruginosa,535.0,No,,,,,,,,,,,,,,,,,,,,,,,,,,,,,,,,,,,,,,,,,,,,,,,,,,,,,,,,,,,,,,,,,,,,,,,,,,,
ASMA-2650,Bacteria,Bacillota,Bacilli,Lactobacillales,Streptococcaceae,Streptococcus,Streptococcus oralis_S,486.0,No,,,,,,,,,,,,,,,,,,,,,,,,,,,,,,,,,,,,,,,,,,,,,,,,,,,,,,,,,,,,,,,,,,,,,,,,,,,
ASMA-2651,Bacteria,Bacillota,Bacilli,Lactobacillales,Streptococcaceae,Streptococcus,Streptococcus oralis_BY,459.0,No,,,,,,,,,,,,,,,,,,,,,,,,,,,,,,,,,,,,,,,,,,,,,,,,,,,,,,,,,,,,,,,,,,,,,,,,,,,
ASMA-2652,Bacteria,Bacillota,Bacilli,Lactobacillales,Streptococcaceae,Streptococcus,Streptococcus oralis_BY,459.0,No,,,,,,,,,,,,,,,,,,,,,,,,,,,,,,,,,,,,,,,,,,,,,,,,,,,,,,,,,,,,,,,,,,,,,,,,,,,
ASMA-2653,Bacteria,Bacillota,Bacilli,Lactobacillales,Streptococcaceae,Streptococcus,Streptococcus oralis_BY,459.0,No,,,,,,,,,,,,,,,,,,,,,,,,,,,,,,,,,,,,,,,,,,,,,,,,,,,,,,,,,,,,,,,,,,,,,,,,,,,
ASMA-2654,Bacteria,Bacillota,Bacilli,Lactobacillales,Streptococcaceae,Streptococcus,Streptococcus oralis_BY,459.0,No,,,,,,,,,,,,,,,,,,,,,,,,,,,,,,,,,,,,,,,,,,,,,,,,,,,,,,,,,,,,,,,,,,,,,,,,,,,
ASMA-2655,Bacteria,Bacillota,Bacilli,Lactobacillales,Streptococcaceae,Streptococcus,Streptococcus oralis_BY,459.0,No,,,,,,,,,,,,,,,,,,,,,,,,,,,,,,,,,,,,,,,,,,,,,,,,,,,,,,,,,,,,,,,,,,,,,,,,,,,
ASMA-2656,Bacteria,Bacillota,Bacilli,Lactobacillales,Streptococcaceae,Streptococcus,Streptococcus xiaochunlingii,449.0,No,,,,,,,,,,,,,,,,,,,,,,,,,,,,,,,,,,,,,,,,,,,,,,,,,,,,,,,,,,,,,,,,,,,,,,,,,,,
ASMA-2657,Bacteria,Bacillota,Bacilli,Lactobacillales,Streptococcaceae,Streptococcus,Streptococcus oralis,65.0,Yes,,,,,,,,,,,,,,,,,,,,,,,,,,,,,,,,,,,,,,,,,,,,,,,,,,,,,,,,,,,,,,,,,,,,,,,,,,,
ASMA-2658,Bacteria,Bacillota,Bacilli,Lactobacillales,Streptococcaceae,Streptococcus,Streptococcus sp902363395,474.0,No,,,,,,,,,,,,,,,,,,,,,,,,,,,,,,,,,,,,,,,,,,,,,,,,,,,,,,,,,,,,,,,,,,,,,,,,,,,
ASMA-2659,Bacteria,Bacillota,Bacilli,Lactobacillales,Lactobacillaceae,Lacticaseibacillus,Lacticaseibacillus rhamnosus,528.0,No,,,,,,,,,,,,,,,,,,,,,,,,,,,,,,,,,,,,,,,,,,,,,,,,,,,,,,,,,,,,,,,,,,,,,,,,,,,
ASMA-266,Bacteria,Pseudomonadota,Gammaproteobacteria,Pseudomonadales,Pseudomonadaceae,Pseudomonas,Pseudomonas aeruginosa,535.0,No,,,,,,,,,,,,,,,,,,,,,,,,,,,,,,,,,,,,,,,,,,,,,,,,,,,,,,,,,,,,,,,,,,,,,,,,,,,
ASMA-2660,Bacteria,Bacillota,Bacilli,Lactobacillales,Lactobacillaceae,Lacticaseibacillus,Lacticaseibacillus rhamnosus,528.0,No,,,,,,,,,,,,,,,,,,,,,,,,,,,,,,,,,,,,,,,,,,,,,,,,,,,,,,,,,,,,,,,,,,,,,,,,,,,
ASMA-2661,Bacteria,Bacillota,Bacilli,Lactobacillales,Lactobacillaceae,Lacticaseibacillus,Lacticaseibacillus rhamnosus,528.0,No,,,,,,,,,,,,,,,,,,,,,,,,,,,,,,,,,,,,,,,,,,,,,,,,,,,,,,,,,,,,,,,,,,,,,,,,,,,
ASMA-2662,Bacteria,Bacillota,Bacilli,Lactobacillales,Lactobacillaceae,Lacticaseibacillus,Lacticaseibacillus rhamnosus,528.0,No,,,,,,,,,,,,,,,,,,,,,,,,,,,,,,,,,,,,,,,,,,,,,,,,,,,,,,,,,,,,,,,,,,,,,,,,,,,
ASMA-2663,Bacteria,Bacillota,Bacilli,Lactobacillales,Lactobacillaceae,Lacticaseibacillus,Lacticaseibacillus rhamnosus,528.0,No,,,,,,,,,,,,,,,,,,,,,,,,,,,,,,,,,,,,,,,,,,,,,,,,,,,,,,,,,,,,,,,,,,,,,,,,,,,
ASMA-2664,Bacteria,Bacillota,Bacilli,Lactobacillales,Lactobacillaceae,Lacticaseibacillus,Lacticaseibacillus rhamnosus,528.0,No,,,,,,,,,,,,,,,,,,,,,,,,,,,,,,,,,,,,,,,,,,,,,,,,,,,,,,,,,,,,,,,,,,,,,,,,,,,
ASMA-2665,Fungi,Saccharomycetes,Ascomycota,Saccharomycetales,Debaryomycetaceae,Candida,Candida albicans,,,,,,,,,,,,,,,,,,,,,,,,,,,,,,,,,,,,,,,,,,,,,,,,,,,,,,,,,,,,,,,,,,,,,,,,,,,,,
ASMA-2666,Fungi,Saccharomycetes,Ascomycota,Saccharomycetales,Debaryomycetaceae,Candida,Candida albicans,,,,,,,,,,,,,,,,,,,,,,,,,,,,,,,,,,,,,,,,,,,,,,,,,,,,,,,,,,,,,,,,,,,,,,,,,,,,,
ASMA-2667,Fungi,Saccharomycetes,Ascomycota,Saccharomycetales,Debaryomycetaceae,Candida,Candida albicans,,,,,,,,,,,,,,,,,,,,,,,,,,,,,,,,,,,,,,,,,,,,,,,,,,,,,,,,,,,,,,,,,,,,,,,,,,,,,
ASMA-2668,Fungi,Saccharomycetes,Ascomycota,Saccharomycetales,Debaryomycetaceae,Candida,Candida albicans,,,,,,,,,,,,,,,,,,,,,,,,,,,,,,,,,,,,,,,,,,,,,,,,,,,,,,,,,,,,,,,,,,,,,,,,,,,,,
ASMA-2669,Fungi,Saccharomycetes,Ascomycota,Saccharomycetales,Debaryomycetaceae,Candida,Candida albicans,,,,,,,,,,,,,,,,,,,,,,,,,,,,,,,,,,,,,,,,,,,,,,,,,,,,,,,,,,,,,,,,,,,,,,,,,,,,,
ASMA-267,Bacteria,Pseudomonadota,Gammaproteobacteria,Pseudomonadales,Pseudomonadaceae,Pseudomonas,Pseudomonas aeruginosa,535.0,No,,,,,,,,,,,,,,,,,,,,,,,,,,,,,,,,,,,,,,,,,,,,,,,,,,,,,,,,,,,,,,,,,,,,,,,,,,,
ASMA-2670,Bacteria,Bacillota,Bacilli,Staphylococcales,Staphylococcaceae,Staphylococcus,Staphylococcus epidermidis,521.0,No,,,,,,,,,,,,,,,,,,,,,,,,,,,,,,,,,,,,,,,,,,,,,,,,,,,,,,,,,,,,,,,,,,,,,,,,,,,
ASMA-2671,Bacteria,Bacillota,Bacilli,Staphylococcales,Staphylococcaceae,Staphylococcus,Staphylococcus epidermidis,521.0,No,,,,,,,,,,,,,,,,,,,,,,,,,,,,,,,,,,,,,,,,,,,,,,,,,,,,,,,,,,,,,,,,,,,,,,,,,,,
ASMA-2672,Bacteria,Bacillota,Bacilli,Staphylococcales,Staphylococcaceae,Staphylococcus,Staphylococcus epidermidis,521.0,No,,,,,,,,,,,,,,,,,,,,,,,,,,,,,,,,,,,,,,,,,,,,,,,,,,,,,,,,,,,,,,,,,,,,,,,,,,,
ASMA-2673,Bacteria,Bacillota,Bacilli,Staphylococcales,Staphylococcaceae,Staphylococcus,Staphylococcus epidermidis,521.0,Yes,,,,,,,,,,,,,,,,,,,,,,,,,,,,,,,,,,,,,,,,,,,,,,,,,,,,,,,,,,,,,,,,,,,,,,,,,,,
ASMA-2674,Bacteria,Actinomycetota,Actinomycetes,Micrococcales,Micrococcaceae,Rothia,Rothia mucilaginosa_A,477.0,No,,,,,,,,,,,,,,,,,,,,,,,,,,,,,,,,,,,,,,,,,,,,,,,,,,,,,,,,,,,,,,,,,,,,,,,,,,,
ASMA-2675,Bacteria,Actinomycetota,Actinomycetes,Micrococcales,Micrococcaceae,Rothia,Rothia mucilaginosa_A,477.0,No,,,,,,,,,,,,,,,,,,,,,,,,,,,,,,,,,,,,,,,,,,,,,,,,,,,,,,,,,,,,,,,,,,,,,,,,,,,
ASMA-2676,Bacteria,Actinomycetota,Actinomycetes,Micrococcales,Micrococcaceae,Rothia,Rothia mucilaginosa_A,477.0,No,,,,,,,,,,,,,,,,,,,,,,,,,,,,,,,,,,,,,,,,,,,,,,,,,,,,,,,,,,,,,,,,,,,,,,,,,,,
ASMA-2677,Bacteria,Actinomycetota,Actinomycetes,Micrococcales,Micrococcaceae,Rothia,Rothia mucilaginosa_A,477.0,No,,,,,,,,,,,,,,,,,,,,,,,,,,,,,,,,,,,,,,,,,,,,,,,,,,,,,,,,,,,,,,,,,,,,,,,,,,,
ASMA-2678,Bacteria,Actinomycetota,Actinomycetes,Micrococcales,Micrococcaceae,Rothia,Rothia mucilaginosa_A,477.0,Yes,,,,,,,,,,,,,,,,,,,,,,,,,,,,,,,,,,,,,,,,,,,,,,,,,,,,,,,,,,,,,,,,,,,,,,,,,,,
ASMA-2679,Bacteria,Bacillota,Bacilli,Lactobacillales,Streptococcaceae,Streptococcus,Streptococcus mitis_BA,66.0,Yes,1,0.001700000000000007,,0.001700000000000007,20251111.0,0.1073,,0.13365,,-0.0029499999999999943,,0.02339999999999999,,0.13405,,33.0,,0.0233881945838669,,0.9949743070517723,,no_growth,0,0.0,0,0.0,1,1,2.1691973969631277,,20251111,none,,,,,,,,,,,,,,,,,,,,,,,,,,,,,,,,,,,,,,,,,,,
ASMA-268,Bacteria,Pseudomonadota,Gammaproteobacteria,Pseudomonadales,Pseudomonadaceae,Pseudomonas,Pseudomonas aeruginosa,535.0,No,,,,,,,,,,,,,,,,,,,,,,,,,,,,,,,,,,,,,,,,,,,,,,,,,,,,,,,,,,,,,,,,,,,,,,,,,,,
ASMA-2680,Bacteria,Actinomycetota,Actinomycetes,Micrococcales,Micrococcaceae,Rothia,Rothia mucilaginosa_A,477.0,No,,,,,,,,,,,,,,,,,,,,,,,,,,,,,,,,,,,,,,,,,,,,,,,,,,,,,,,,,,,,,,,,,,,,,,,,,,,
ASMA-2681,Bacteria,Actinomycetota,Actinomycetes,Micrococcales,Micrococcaceae,Rothia,Rothia mucilaginosa_A,477.0,No,4,0.0332875,0.03115435028477832,0.0761,20251121.0,0.6496062499999999,0.37025959608034914,0.5754375,0.3225164869816735,0.5387875,0.3601904528047164,0.46461874999999997,0.3121861806778929,0.67434375,0.3859747581205927,21.0,14.400520823914668,0.07647269498293606,0.00851765466962849,0.9998080988084422,0.00012505401502434075,no_growth,3,75.0,3,75.0,3,1,28.55684573178513,,20251111,weak,0.056799999999999996,0.005335728628781639,20251121,0.05243333333333333,no_growth,0.04886666666666667,no_growth,0.04836666666666667,no_growth,0.05026666666666666,no_growth,0.04883333333333333,no_growth,0.0474,no_growth,0.049499999999999995,no_growth,0.050133333333333335,no_growth,0.05263333333333334,no_growth,0.04950000000000001,no_growth,0.04856666666666667,no_growth,0.050633333333333336,no_growth,0.049633333333333335,no_growth,0.052833333333333336,no_growth,0.04776666666666666,no_growth,0.04833333333333333,no_growth,0.04979999999999999,no_growth,0.04886666666666667,no_growth,0.053799999999999994,no_growth,0.05036666666666667,no_growth
ASMA-2682,Bacteria,Actinomycetota,Actinomycetes,Micrococcales,Micrococcaceae,Rothia,Rothia mucilaginosa_A,477.0,No,,,,,,,,,,,,,,,,,,,,,,,,,,,,,,,,,,,,,,,,,,,,,,,,,,,,,,,,,,,,,,,,,,,,,,,,,,,
ASMA-2683,Bacteria,Bacillota,Bacilli,Staphylococcales,Staphylococcaceae,Staphylococcus,Staphylococcus epidermidis,521.0,No,,,,,,,,,,,,,,,,,,,,,,,,,,,,,,,,,,,,,,,,,,,,,,,,,,,,,,,,,,,,,,,,,,,,,,,,,,,
ASMA-2684,Bacteria,Bacillota,Bacilli,Staphylococcales,Staphylococcaceae,Staphylococcus,Staphylococcus epidermidis,521.0,No,,,,,,,,,,,,,,,,,,,,,,,,,,,,,,,,,,,,,,,,,,,,,,,,,,,,,,,,,,,,,,,,,,,,,,,,,,,
ASMA-2685,Bacteria,Bacillota,Bacilli,Staphylococcales,Staphylococcaceae,Staphylococcus,Staphylococcus epidermidis,521.0,No,,,,,,,,,,,,,,,,,,,,,,,,,,,,,,,,,,,,,,,,,,,,,,,,,,,,,,,,,,,,,,,,,,,,,,,,,,,
ASMA-2686,Bacteria,Bacillota,Bacilli,Staphylococcales,Staphylococcaceae,Staphylococcus,Staphylococcus epidermidis,521.0,No,,,,,,,,,,,,,,,,,,,,,,,,,,,,,,,,,,,,,,,,,,,,,,,,,,,,,,,,,,,,,,,,,,,,,,,,,,,
ASMA-2687,Bacteria,Bacillota,Bacilli,Staphylococcales,Staphylococcaceae,Staphylococcus,Staphylococcus epidermidis,357.0,No,,,,,,,,,,,,,,,,,,,,,,,,,,,,,,,,,,,,,,,,,,,,,,,,,,,,,,,,,,,,,,,,,,,,,,,,,,,
ASMA-2688,Fungi,Saccharomycetes,Ascomycota,Saccharomycetales,Debaryomycetaceae,Candida,Candida albicans,,,,,,,,,,,,,,,,,,,,,,,,,,,,,,,,,,,,,,,,,,,,,,,,,,,,,,,,,,,,,,,,,,,,,,,,,,,,,
ASMA-2689,Fungi,Saccharomycetes,Ascomycota,Saccharomycetales,Debaryomycetaceae,Candida,Candida albicans,,,,,,,,,,,,,,,,,,,,,,,,,,,,,,,,,,,,,,,,,,,,,,,,,,,,,,,,,,,,,,,,,,,,,,,,,,,,,
ASMA-269,Bacteria,Pseudomonadota,Gammaproteobacteria,Pseudomonadales,Pseudomonadaceae,Pseudomonas,Pseudomonas aeruginosa,535.0,No,,,,,,,,,,,,,,,,,,,,,,,,,,,,,,,,,,,,,,,,,,,,,,,,,,,,,,,,,,,,,,,,,,,,,,,,,,,
ASMA-2690,Bacteria,Bacillota,Bacilli,Staphylococcales,Staphylococcaceae,Staphylococcus,Staphylococcus epidermidis,357.0,No,,,,,,,,,,,,,,,,,,,,,,,,,,,,,,,,,,,,,,,,,,,,,,,,,,,,,,,,,,,,,,,,,,,,,,,,,,,
ASMA-2691,Bacteria,Bacillota,Bacilli,Staphylococcales,Staphylococcaceae,Staphylococcus,Staphylococcus epidermidis,357.0,No,,,,,,,,,,,,,,,,,,,,,,,,,,,,,,,,,,,,,,,,,,,,,,,,,,,,,,,,,,,,,,,,,,,,,,,,,,,
ASMA-2692,Bacteria,Bacillota,Bacilli,Staphylococcales,Staphylococcaceae,Staphylococcus,Staphylococcus epidermidis,521.0,No,,,,,,,,,,,,,,,,,,,,,,,,,,,,,,,,,,,,,,,,,,,,,,,,,,,,,,,,,,,,,,,,,,,,,,,,,,,
ASMA-2693,Bacteria,Bacillota,Bacilli,Lactobacillales,Streptococcaceae,Streptococcus,Streptococcus thermophilus,67.0,Yes,1,0.003850000000000006,,0.003850000000000006,20251111.0,0.6291,,0.68425,,0.39605,,0.45120000000000005,,0.84245,,31.75,,0.27876388637215854,,0.9995472717733735,,no_growth,1,100.0,1,100.0,1,1,26.872527752966704,,20251111,weak,,,,,,,,,,,,,,,,,,,,,,,,,,,,,,,,,,,,,,,,,,,
ASMA-2694,Bacteria,Actinomycetota,Actinomycetes,Micrococcales,Micrococcaceae,Rothia,Rothia mucilaginosa_A,477.0,No,,,,,,,,,,,,,,,,,,,,,,,,,,,,,,,,,,,,,,,,,,,,,,,,,,,,,,,,,,,,,,,,,,,,,,,,,,,
ASMA-2695,Fungi,Saccharomycetes,Ascomycota,Saccharomycetales,Debaryomycetaceae,Candida,Candida albicans,,,,,,,,,,,,,,,,,,,,,,,,,,,,,,,,,,,,,,,,,,,,,,,,,,,,,,,,,,,,,,,,,,,,,,,,,,,,,
ASMA-2696,Bacteria,Actinomycetota,Actinomycetes,Micrococcales,Micrococcaceae,Rothia,Rothia mucilaginosa_A,477.0,No,,,,,,,,,,,,,,,,,,,,,,,,,,,,,,,,,,,,,,,,,,,,,,,,,,,,,,,,,,,,,,,,,,,,,,,,,,,
ASMA-2697,Bacteria,Actinomycetota,Actinomycetes,Micrococcales,Micrococcaceae,Rothia,Rothia mucilaginosa_A,477.0,No,,,,,,,,,,,,,,,,,,,,,,,,,,,,,,,,,,,,,,,,,,,,,,,,,,,,,,,,,,,,,,,,,,,,,,,,,,,
ASMA-2698,Bacteria,Bacillota,Bacilli,Staphylococcales,Staphylococcaceae,Staphylococcus,Staphylococcus epidermidis,,,,,,,,,,,,,,,,,,,,,,,,,,,,,,,,,,,,,,,,,,,,,,,,,,,,,,,,,,,,,,,,,,,,,,,,,,,,,
ASMA-2699,Fungi,Saccharomycetes,Ascomycota,Saccharomycetales,Debaryomycetaceae,Candida,Candida albicans,,,,,,,,,,,,,,,,,,,,,,,,,,,,,,,,,,,,,,,,,,,,,,,,,,,,,,,,,,,,,,,,,,,,,,,,,,,,,
ASMA-27,Bacteria,Pseudomonadota,Gammaproteobacteria,Pseudomonadales,Pseudomonadaceae,Pseudomonas,Pseudomonas aeruginosa,536.0,No,,,,,,,,,,,,,,,,,,,,,,,,,,,,,,,,,,,,,,,,,,,,,,,,,,,,,,,,,,,,,,,,,,,,,,,,,,,
ASMA-270,Bacteria,Pseudomonadota,Gammaproteobacteria,Pseudomonadales,Pseudomonadaceae,Pseudomonas,Pseudomonas aeruginosa,535.0,No,,,,,,,,,,,,,,,,,,,,,,,,,,,,,,,,,,,,,,,,,,,,,,,,,,,,,,,,,,,,,,,,,,,,,,,,,,,
ASMA-2700,Fungi,Saccharomycetes,Ascomycota,Saccharomycetales,Debaryomycetaceae,Candida,Candida albicans,,,,,,,,,,,,,,,,,,,,,,,,,,,,,,,,,,,,,,,,,,,,,,,,,,,,,,,,,,,,,,,,,,,,,,,,,,,,,
ASMA-2701,Fungi,Saccharomycetes,Ascomycota,Saccharomycetales,Debaryomycetaceae,Candida,Candida albicans,,,,,,,,,,,,,,,,,,,,,,,,,,,,,,,,,,,,,,,,,,,,,,,,,,,,,,,,,,,,,,,,,,,,,,,,,,,,,
ASMA-2702,Bacteria,Bacillota,Bacilli,Lactobacillales,Lactobacillaceae,Lacticaseibacillus,Lacticaseibacillus paracasei,322.0,Yes,,,,,,,,,,,,,,,,,,,,,,,,,,,,,,,,,,,,,,,,,,,,,,,,,,,,,,,,,,,,,,,,,,,,,,,,,,,
ASMA-2703,Bacteria,Bacillota,Bacilli,Lactobacillales,Lactobacillaceae,Lacticaseibacillus,Lacticaseibacillus paracasei,322.0,No,1,0.006749999999999992,,0.006749999999999992,20251111.0,0.09495,,0.09575,,0.0,,0.0007999999999999952,,0.0961,,47.25,,,,,,no_growth,0,0.0,0,0.0,0,1,20.837054995534004,,20251111,none,,,,,,,,,,,,,,,,,,,,,,,,,,,,,,,,,,,,,,,,,,,
ASMA-2704,Bacteria,Bacillota,Bacilli,Lactobacillales,Lactobacillaceae,Lacticaseibacillus,Lacticaseibacillus paracasei,322.0,No,,,,,,,,,,,,,,,,,,,,,,,,,,,,,,,,,,,,,,,,,,,,,,,,,,,,,,,,,,,,,,,,,,,,,,,,,,,
ASMA-2705,Bacteria,Bacillota,Bacilli,Staphylococcales,Staphylococcaceae,Staphylococcus,Staphylococcus epidermidis,521.0,No,,,,,,,,,,,,,,,,,,,,,,,,,,,,,,,,,,,,,,,,,,,,,,,,,,,,,,,,,,,,,,,,,,,,,,,,,,,
ASMA-2706,Bacteria,Bacillota,Bacilli,Lactobacillales,Streptococcaceae,Streptococcus,Streptococcus gordonii,238.0,Yes,1,0.0018500000000000044,,0.0018500000000000044,20251111.0,0.4032,,0.54775,,0.2773,,0.42184999999999995,,0.5499499999999999,,45.75,,0.03964947517956537,,0.9995925836455496,,no_growth,1,100.0,1,100.0,1,1,21.117774658670413,,20251111,none,,,,,,,,,,,,,,,,,,,,,,,,,,,,,,,,,,,,,,,,,,,
ASMA-2707,Bacteria,Bacillota,Bacilli,Lactobacillales,Streptococcaceae,Streptococcus,Streptococcus gordonii,238.0,No,,,,,,,,,,,,,,,,,,,,,,,,,,,,,,,,,,,,,,,,,,,,,,,,,,,,,,,,,,,,,,,,,,,,,,,,,,,
ASMA-2708,Bacteria,Bacillota,Bacilli,Staphylococcales,Staphylococcaceae,Staphylococcus,Staphylococcus epidermidis,530.0,No,,,,,,,,,,,,,,,,,,,,,,,,,,,,,,,,,,,,,,,,,,,,,,,,,,,,,,,,,,,,,,,,,,,,,,,,,,,
ASMA-2709,Bacteria,Bacillota,Bacilli,Staphylococcales,Staphylococcaceae,Staphylococcus,Staphylococcus epidermidis,530.0,No,,,,,,,,,,,,,,,,,,,,,,,,,,,,,,,,,,,,,,,,,,,,,,,,,,,,,,,,,,,,,,,,,,,,,,,,,,,
ASMA-271,Bacteria,Pseudomonadota,Gammaproteobacteria,Pseudomonadales,Pseudomonadaceae,Pseudomonas,Pseudomonas aeruginosa,535.0,No,,,,,,,,,,,,,,,,,,,,,,,,,,,,,,,,,,,,,,,,,,,,,,,,,,,,,,,,,,,,,,,,,,,,,,,,,,,
ASMA-2710,Bacteria,Bacillota,Bacilli,Staphylococcales,Staphylococcaceae,Staphylococcus,Staphylococcus epidermidis,530.0,No,,,,,,,,,,,,,,,,,,,,,,,,,,,,,,,,,,,,,,,,,,,,,,,,,,,,,,,,,,,,,,,,,,,,,,,,,,,
ASMA-2711,Bacteria,Bacillota,Bacilli,Staphylococcales,Staphylococcaceae,Staphylococcus,Staphylococcus epidermidis,530.0,No,,,,,,,,,,,,,,,,,,,,,,,,,,,,,,,,,,,,,,,,,,,,,,,,,,,,,,,,,,,,,,,,,,,,,,,,,,,
ASMA-2712,Bacteria,Bacillota,Bacilli,Staphylococcales,Staphylococcaceae,Staphylococcus,Staphylococcus epidermidis,530.0,No,,,,,,,,,,,,,,,,,,,,,,,,,,,,,,,,,,,,,,,,,,,,,,,,,,,,,,,,,,,,,,,,,,,,,,,,,,,
ASMA-2713,Bacteria,Bacillota,Bacilli,Staphylococcales,Staphylococcaceae,Staphylococcus,Staphylococcus epidermidis,530.0,No,,,,,,,,,,,,,,,,,,,,,,,,,,,,,,,,,,,,,,,,,,,,,,,,,,,,,,,,,,,,,,,,,,,,,,,,,,,
ASMA-2714,Bacteria,Bacillota,Bacilli,Staphylococcales,Staphylococcaceae,Staphylococcus,Staphylococcus epidermidis,530.0,No,,,,,,,,,,,,,,,,,,,,,,,,,,,,,,,,,,,,,,,,,,,,,,,,,,,,,,,,,,,,,,,,,,,,,,,,,,,
ASMA-2715,Bacteria,Bacillota,Bacilli,Staphylococcales,Staphylococcaceae,Staphylococcus,Staphylococcus epidermidis,530.0,No,,,,,,,,,,,,,,,,,,,,,,,,,,,,,,,,,,,,,,,,,,,,,,,,,,,,,,,,,,,,,,,,,,,,,,,,,,,
ASMA-2716,Fungi,Saccharomycetes,Ascomycota,Saccharomycetales,Debaryomycetaceae,Candida,Candida albicans,,,,,,,,,,,,,,,,,,,,,,,,,,,,,,,,,,,,,,,,,,,,,,,,,,,,,,,,,,,,,,,,,,,,,,,,,,,,,
ASMA-2717,Fungi,Saccharomycetes,Ascomycota,Saccharomycetales,Debaryomycetaceae,Candida,Candida albicans,,,,,,,,,,,,,,,,,,,,,,,,,,,,,,,,,,,,,,,,,,,,,,,,,,,,,,,,,,,,,,,,,,,,,,,,,,,,,
ASMA-2718,Bacteria,Bacillota,Bacilli,Staphylococcales,Staphylococcaceae,Staphylococcus,Staphylococcus epidermidis,530.0,No,,,,,,,,,,,,,,,,,,,,,,,,,,,,,,,,,,,,,,,,,,,,,,,,,,,,,,,,,,,,,,,,,,,,,,,,,,,
ASMA-2719,Bacteria,Bacillota,Bacilli,Staphylococcales,Staphylococcaceae,Staphylococcus,Staphylococcus epidermidis,530.0,No,,,,,,,,,,,,,,,,,,,,,,,,,,,,,,,,,,,,,,,,,,,,,,,,,,,,,,,,,,,,,,,,,,,,,,,,,,,
ASMA-272,Bacteria,Pseudomonadota,Gammaproteobacteria,Pseudomonadales,Pseudomonadaceae,Pseudomonas,Pseudomonas aeruginosa,535.0,No,,,,,,,,,,,,,,,,,,,,,,,,,,,,,,,,,,,,,,,,,,,,,,,,,,,,,,,,,,,,,,,,,,,,,,,,,,,
ASMA-2720,Bacteria,Bacillota,Bacilli,Staphylococcales,Staphylococcaceae,Staphylococcus,Staphylococcus epidermidis,530.0,No,,,,,,,,,,,,,,,,,,,,,,,,,,,,,,,,,,,,,,,,,,,,,,,,,,,,,,,,,,,,,,,,,,,,,,,,,,,
ASMA-2721,Bacteria,Bacillota,Bacilli,Staphylococcales,Staphylococcaceae,Staphylococcus,Staphylococcus epidermidis,530.0,No,,,,,,,,,,,,,,,,,,,,,,,,,,,,,,,,,,,,,,,,,,,,,,,,,,,,,,,,,,,,,,,,,,,,,,,,,,,
ASMA-2722,Bacteria,Bacillota,Bacilli,Lactobacillales,Enterococcaceae,Enterococcus,Enterococcus faecalis,323.0,No,1,0.0055499999999999855,,0.0055499999999999855,20251111.0,0.09755,,0.09695000000000001,,-0.002600000000000005,,-0.0031999999999999945,,0.10015,,0.0,,,,,,no_growth,0,0.0,0,0.0,0,1,26.59180808983031,,20251111,weak,,,,,,,,,,,,,,,,,,,,,,,,,,,,,,,,,,,,,,,,,,,
ASMA-2723,Bacteria,Bacillota,Bacilli,Staphylococcales,Staphylococcaceae,Staphylococcus,Staphylococcus epidermidis,530.0,No,,,,,,,,,,,,,,,,,,,,,,,,,,,,,,,,,,,,,,,,,,,,,,,,,,,,,,,,,,,,,,,,,,,,,,,,,,,
ASMA-2724,Bacteria,Bacillota,Bacilli,Lactobacillales,Enterococcaceae,Enterococcus,Enterococcus faecalis,323.0,Yes,,,,,,,,,,,,,,,,,,,,,,,,,,,,,,,,,,,,,,,,,,,,,,,,,,,,,,,,,,,,,,,,,,,,,,,,,,,
ASMA-2725,Bacteria,Bacillota,Bacilli,Staphylococcales,Staphylococcaceae,Staphylococcus,Staphylococcus epidermidis,530.0,No,,,,,,,,,,,,,,,,,,,,,,,,,,,,,,,,,,,,,,,,,,,,,,,,,,,,,,,,,,,,,,,,,,,,,,,,,,,
ASMA-2726,Bacteria,Bacillota,Bacilli,Lactobacillales,Enterococcaceae,Enterococcus,Enterococcus faecalis,323.0,No,,,,,,,,,,,,,,,,,,,,,,,,,,,,,,,,,,,,,,,,,,,,,,,,,,,,,,,,,,,,,,,,,,,,,,,,,,,
ASMA-2727,Bacteria,Bacillota,Bacilli,Staphylococcales,Staphylococcaceae,Staphylococcus,Staphylococcus epidermidis,530.0,No,,,,,,,,,,,,,,,,,,,,,,,,,,,,,,,,,,,,,,,,,,,,,,,,,,,,,,,,,,,,,,,,,,,,,,,,,,,
ASMA-2728,Bacteria,Bacillota,Bacilli,Staphylococcales,Staphylococcaceae,Staphylococcus,Staphylococcus epidermidis,530.0,No,,,,,,,,,,,,,,,,,,,,,,,,,,,,,,,,,,,,,,,,,,,,,,,,,,,,,,,,,,,,,,,,,,,,,,,,,,,
ASMA-2729,Bacteria,Bacillota,Bacilli,Staphylococcales,Staphylococcaceae,Staphylococcus,Staphylococcus epidermidis,530.0,No,,,,,,,,,,,,,,,,,,,,,,,,,,,,,,,,,,,,,,,,,,,,,,,,,,,,,,,,,,,,,,,,,,,,,,,,,,,
ASMA-273,Bacteria,Pseudomonadota,Gammaproteobacteria,Pseudomonadales,Pseudomonadaceae,Pseudomonas,Pseudomonas aeruginosa,535.0,Yes,,,,,,,,,,,,,,,,,,,,,,,,,,,,,,,,,,,,,,,,,,,,,,,,,,,,,,,,,,,,,,,,,,,,,,,,,,,
ASMA-2730,Fungi,Saccharomycetes,Ascomycota,Saccharomycetales,Debaryomycetaceae,Candida,Candida albicans,,,,,,,,,,,,,,,,,,,,,,,,,,,,,,,,,,,,,,,,,,,,,,,,,,,,,,,,,,,,,,,,,,,,,,,,,,,,,
ASMA-2731,Fungi,Saccharomycetes,Ascomycota,Saccharomycetales,Debaryomycetaceae,Candida,Candida albicans,,,,,,,,,,,,,,,,,,,,,,,,,,,,,,,,,,,,,,,,,,,,,,,,,,,,,,,,,,,,,,,,,,,,,,,,,,,,,
ASMA-2732,Bacteria,Bacillota,Bacilli,Staphylococcales,Staphylococcaceae,Staphylococcus,Staphylococcus epidermidis,530.0,No,,,,,,,,,,,,,,,,,,,,,,,,,,,,,,,,,,,,,,,,,,,,,,,,,,,,,,,,,,,,,,,,,,,,,,,,,,,
ASMA-2733,Bacteria,Bacillota,Bacilli,Staphylococcales,Staphylococcaceae,Staphylococcus,Staphylococcus epidermidis,237.0,No,,,,,,,,,,,,,,,,,,,,,,,,,,,,,,,,,,,,,,,,,,,,,,,,,,,,,,,,,,,,,,,,,,,,,,,,,,,
ASMA-2734,Bacteria,Bacillota,Bacilli,Staphylococcales,Staphylococcaceae,Staphylococcus,Staphylococcus epidermidis,530.0,No,,,,,,,,,,,,,,,,,,,,,,,,,,,,,,,,,,,,,,,,,,,,,,,,,,,,,,,,,,,,,,,,,,,,,,,,,,,
ASMA-2735,Bacteria,Bacillota,Bacilli,Staphylococcales,Staphylococcaceae,Staphylococcus,Staphylococcus epidermidis,530.0,No,,,,,,,,,,,,,,,,,,,,,,,,,,,,,,,,,,,,,,,,,,,,,,,,,,,,,,,,,,,,,,,,,,,,,,,,,,,
ASMA-2736,Bacteria,Bacillota,Bacilli,Staphylococcales,Staphylococcaceae,Staphylococcus,Staphylococcus epidermidis,530.0,No,,,,,,,,,,,,,,,,,,,,,,,,,,,,,,,,,,,,,,,,,,,,,,,,,,,,,,,,,,,,,,,,,,,,,,,,,,,
ASMA-2737,Bacteria,Bacillota,Bacilli,Staphylococcales,Staphylococcaceae,Staphylococcus,Staphylococcus epidermidis,530.0,No,,,,,,,,,,,,,,,,,,,,,,,,,,,,,,,,,,,,,,,,,,,,,,,,,,,,,,,,,,,,,,,,,,,,,,,,,,,
ASMA-2738,Bacteria,Bacillota,Bacilli,Staphylococcales,Staphylococcaceae,Staphylococcus,Staphylococcus epidermidis,530.0,No,,,,,,,,,,,,,,,,,,,,,,,,,,,,,,,,,,,,,,,,,,,,,,,,,,,,,,,,,,,,,,,,,,,,,,,,,,,
ASMA-2739,Bacteria,Bacillota,Bacilli,Staphylococcales,Staphylococcaceae,Staphylococcus,Staphylococcus epidermidis,530.0,No,,,,,,,,,,,,,,,,,,,,,,,,,,,,,,,,,,,,,,,,,,,,,,,,,,,,,,,,,,,,,,,,,,,,,,,,,,,
ASMA-274,Bacteria,Pseudomonadota,Gammaproteobacteria,Pseudomonadales,Pseudomonadaceae,Pseudomonas,Pseudomonas aeruginosa,535.0,No,1,0.2602,,0.2602,20250920.0,0.1282333333333333,,0.1294333333333333,,0.008333333333333304,,0.009533333333333283,,0.1411666666666667,,6.5,,0.03824355295895368,,0.9994794451241144,,robust,0,0.0,0,0.0,1,,,,,,0.0452,,20250920,0.0446,uncertain,0.0456,uncertain,0.0453,uncertain,0.045,uncertain,0.0448,uncertain,0.0452,uncertain,0.0449,uncertain,0.0448,uncertain,0.045,uncertain,0.0446,uncertain,0.0455,uncertain,0.0453,uncertain,0.0457,uncertain,0.0456,uncertain,0.0454,uncertain,0.0453,uncertain,0.0454,uncertain,0.0456,uncertain,0.0464,uncertain,0.0454,uncertain
ASMA-2740,Fungi,Saccharomycetes,Ascomycota,Saccharomycetales,Debaryomycetaceae,Candida,Candida albicans,,,,,,,,,,,,,,,,,,,,,,,,,,,,,,,,,,,,,,,,,,,,,,,,,,,,,,,,,,,,,,,,,,,,,,,,,,,,,
ASMA-2741,Bacteria,Actinomycetota,Actinomycetes,Micrococcales,Micrococcaceae,Rothia,Rothia sp001808955,425.0,No,,,,,,,,,,,,,,,,,,,,,,,,,,,,,,,,,,,,,,,,,,,,,,,,,,,,,,,,,,,,,,,,,,,,,,,,,,,
ASMA-2742,Bacteria,Bacillota,Bacilli,Bacillales_B,DSM-18226,Neobacillus,undetermined species,68.0,Yes,1,0.0022999999999999965,,0.0022999999999999965,20251111.0,0.0937,,0.093,,-0.0015999999999999903,,-0.0022999999999999965,,0.0953,,0.0,,,,,,no_growth,0,0.0,0,0.0,0,1,19.29309684828378,,20251111,none,,,,,,,,,,,,,,,,,,,,,,,,,,,,,,,,,,,,,,,,,,,
ASMA-2743,Fungi,Saccharomycetes,Ascomycota,Saccharomycetales,Debaryomycetaceae,Candida,Candida albicans,,,,,,,,,,,,,,,,,,,,,,,,,,,,,,,,,,,,,,,,,,,,,,,,,,,,,,,,,,,,,,,,,,,,,,,,,,,,,
ASMA-2745,Bacteria,Actinomycetota,Actinomycetes,Micrococcales,Micrococcaceae,Rothia,Rothia sp001808955,425.0,No,,,,,,,,,,,,,,,,,,,,,,,,,,,,,,,,,,,,,,,,,,,,,,,,,,,,,,,,,,,,,,,,,,,,,,,,,,,
ASMA-2746,Bacteria,Bacillota,Bacilli,Staphylococcales,Staphylococcaceae,Staphylococcus,Staphylococcus haemolyticus,529.0,No,,,,,,,,,,,,,,,,,,,,,,,,,,,,,,,,,,,,,,,,,,,,,,,,,,,,,,,,,,,,,,,,,,,,,,,,,,,
ASMA-2747,Bacteria,Bacillota,Bacilli,Lactobacillales,Streptococcaceae,Streptococcus,Streptococcus mitis_DA,465.0,No,,,,,,,,,,,,,,,,,,,,,,,,,,,,,,,,,,,,,,,,,,,,,,,,,,,,,,,,,,,,,,,,,,,,,,,,,,,
ASMA-2748,Bacteria,Bacillota,Bacilli,Staphylococcales,Staphylococcaceae,Staphylococcus,Staphylococcus epidermidis,502.0,No,,,,,,,,,,,,,,,,,,,,,,,,,,,,,,,,,,,,,,,,,,,,,,,,,,,,,,,,,,,,,,,,,,,,,,,,,,,
ASMA-2749,Bacteria,Bacillota,Bacilli,Staphylococcales,Staphylococcaceae,Staphylococcus,Staphylococcus epidermidis,502.0,No,,,,,,,,,,,,,,,,,,,,,,,,,,,,,,,,,,,,,,,,,,,,,,,,,,,,,,,,,,,,,,,,,,,,,,,,,,,
ASMA-275,Bacteria,Pseudomonadota,Gammaproteobacteria,Pseudomonadales,Pseudomonadaceae,Pseudomonas,Pseudomonas aeruginosa,535.0,No,,,,,,,,,,,,,,,,,,,,,,,,,,,,,,,,,,,,,,,,,,,,,,,,,,,,,,,,,,,,,,,,,,,,,,,,,,,
ASMA-2750,Bacteria,Bacillota,Bacilli,Staphylococcales,Staphylococcaceae,Staphylococcus,Staphylococcus epidermidis,502.0,No,,,,,,,,,,,,,,,,,,,,,,,,,,,,,,,,,,,,,,,,,,,,,,,,,,,,,,,,,,,,,,,,,,,,,,,,,,,
ASMA-2751,Bacteria,Bacillota,Bacilli,Staphylococcales,Staphylococcaceae,Staphylococcus,Staphylococcus epidermidis,530.0,No,,,,,,,,,,,,,,,,,,,,,,,,,,,,,,,,,,,,,,,,,,,,,,,,,,,,,,,,,,,,,,,,,,,,,,,,,,,
ASMA-2752,Fungi,Saccharomycetes,Ascomycota,Saccharomycetales,Debaryomycetaceae,Candida,Candida albicans,,,,,,,,,,,,,,,,,,,,,,,,,,,,,,,,,,,,,,,,,,,,,,,,,,,,,,,,,,,,,,,,,,,,,,,,,,,,,
ASMA-2753,Fungi,Saccharomycetes,Ascomycota,Saccharomycetales,Debaryomycetaceae,Candida,Candida albicans,,,,,,,,,,,,,,,,,,,,,,,,,,,,,,,,,,,,,,,,,,,,,,,,,,,,,,,,,,,,,,,,,,,,,,,,,,,,,
ASMA-2754,Bacteria,Bacillota,Bacilli,Staphylococcales,Staphylococcaceae,Staphylococcus,Staphylococcus haemolyticus,529.0,No,,,,,,,,,,,,,,,,,,,,,,,,,,,,,,,,,,,,,,,,,,,,,,,,,,,,,,,,,,,,,,,,,,,,,,,,,,,
ASMA-2755,Fungi,Saccharomycetes,Ascomycota,Saccharomycetales,Debaryomycetaceae,Candida,Candida albicans,,,,,,,,,,,,,,,,,,,,,,,,,,,,,,,,,,,,,,,,,,,,,,,,,,,,,,,,,,,,,,,,,,,,,,,,,,,,,
ASMA-2756,Fungi,Saccharomycetes,Ascomycota,Saccharomycetales,Debaryomycetaceae,Candida,Candida albicans,,,,,,,,,,,,,,,,,,,,,,,,,,,,,,,,,,,,,,,,,,,,,,,,,,,,,,,,,,,,,,,,,,,,,,,,,,,,,
ASMA-2757,Bacteria,Bacillota,Bacilli,Lactobacillales,Streptococcaceae,Streptococcus,Streptococcus sp900766505,448.0,No,,,,,,,,,,,,,,,,,,,,,,,,,,,,,,,,,,,,,,,,,,,,,,,,,,,,,,,,,,,,,,,,,,,,,,,,,,,
ASMA-2758,Bacteria,Bacillota,Bacilli,Lactobacillales,Streptococcaceae,Streptococcus,Streptococcus sp900766505,448.0,No,,,,,,,,,,,,,,,,,,,,,,,,,,,,,,,,,,,,,,,,,,,,,,,,,,,,,,,,,,,,,,,,,,,,,,,,,,,
ASMA-2759,Bacteria,Bacillota,Bacilli,Lactobacillales,Streptococcaceae,Streptococcus,Streptococcus sp900766505,448.0,No,,,,,,,,,,,,,,,,,,,,,,,,,,,,,,,,,,,,,,,,,,,,,,,,,,,,,,,,,,,,,,,,,,,,,,,,,,,
ASMA-276,Bacteria,Pseudomonadota,Gammaproteobacteria,Pseudomonadales,Pseudomonadaceae,Pseudomonas,Pseudomonas aeruginosa,535.0,No,,,,,,,,,,,,,,,,,,,,,,,,,,,,,,,,,,,,,,,,,,,,,,,,,,,,,,,,,,,,,,,,,,,,,,,,,,,
ASMA-2760,Bacteria,Bacillota,Bacilli,Lactobacillales,Streptococcaceae,Streptococcus,Streptococcus mitis_DA,465.0,No,,,,,,,,,,,,,,,,,,,,,,,,,,,,,,,,,,,,,,,,,,,,,,,,,,,,,,,,,,,,,,,,,,,,,,,,,,,
ASMA-2761,Bacteria,Bacillota,Bacilli,Lactobacillales,Streptococcaceae,Streptococcus,Streptococcus sp900766505,448.0,No,,,,,,,,,,,,,,,,,,,,,,,,,,,,,,,,,,,,,,,,,,,,,,,,,,,,,,,,,,,,,,,,,,,,,,,,,,,
ASMA-2762,Bacteria,Actinomycetota,Actinomycetes,Micrococcales,Micrococcaceae,Rothia,Rothia sp001808955,425.0,Yes,,,,,,,,,,,,,,,,,,,,,,,,,,,,,,,,,,,,,,,,,,,,,,,,,,,,,,,,,,,,,,,,,,,,,,,,,,,
ASMA-2763,Bacteria,Actinomycetota,Actinomycetes,Micrococcales,Micrococcaceae,Rothia,Rothia sp001808955,425.0,No,,,,,,,,,,,,,,,,,,,,,,,,,,,,,,,,,,,,,,,,,,,,,,,,,,,,,,,,,,,,,,,,,,,,,,,,,,,
ASMA-2764,Fungi,Saccharomycetes,Ascomycota,Saccharomycetales,Debaryomycetaceae,Candida,Candida albicans,,,,,,,,,,,,,,,,,,,,,,,,,,,,,,,,,,,,,,,,,,,,,,,,,,,,,,,,,,,,,,,,,,,,,,,,,,,,,
ASMA-2765,Bacteria,Actinomycetota,Actinomycetes,Micrococcales,Micrococcaceae,Rothia,Rothia sp001808955,425.0,No,,,,,,,,,,,,,,,,,,,,,,,,,,,,,,,,,,,,,,,,,,,,,,,,,,,,,,,,,,,,,,,,,,,,,,,,,,,
ASMA-2766,Bacteria,Bacillota,Bacilli,Staphylococcales,Staphylococcaceae,Staphylococcus,Staphylococcus haemolyticus,529.0,No,,,,,,,,,,,,,,,,,,,,,,,,,,,,,,,,,,,,,,,,,,,,,,,,,,,,,,,,,,,,,,,,,,,,,,,,,,,
ASMA-2767,Fungi,Saccharomycetes,Ascomycota,Saccharomycetales,Debaryomycetaceae,Candida,Candida albicans,,,,,,,,,,,,,,,,,,,,,,,,,,,,,,,,,,,,,,,,,,,,,,,,,,,,,,,,,,,,,,,,,,,,,,,,,,,,,
ASMA-2768,Bacteria,Bacillota,Bacilli,Staphylococcales,Staphylococcaceae,Staphylococcus,Staphylococcus haemolyticus,529.0,No,,,,,,,,,,,,,,,,,,,,,,,,,,,,,,,,,,,,,,,,,,,,,,,,,,,,,,,,,,,,,,,,,,,,,,,,,,,
ASMA-2769,Fungi,Saccharomycetes,Ascomycota,Saccharomycetales,Debaryomycetaceae,Candida,Candida albicans,,,,,,,,,,,,,,,,,,,,,,,,,,,,,,,,,,,,,,,,,,,,,,,,,,,,,,,,,,,,,,,,,,,,,,,,,,,,,
ASMA-277,Bacteria,Pseudomonadota,Gammaproteobacteria,Pseudomonadales,Pseudomonadaceae,Pseudomonas,Pseudomonas aeruginosa,535.0,No,,,,,,,,,,,,,,,,,,,,,,,,,,,,,,,,,,,,,,,,,,,,,,,,,,,,,,,,,,,,,,,,,,,,,,,,,,,
ASMA-2770,Bacteria,Bacillota,Bacilli,Lactobacillales,Lactobacillaceae,Weissella,Weissella cibaria,69.0,Yes,1,0.0033500000000000058,,0.0033500000000000058,20251111.0,0.10095,,0.1005,,-0.008800000000000002,,-0.009249999999999994,,0.11185,,2.75,,,,,,no_growth,0,0.0,0,0.0,0,1,23.08281230062525,,20251111,none,,,,,,,,,,,,,,,,,,,,,,,,,,,,,,,,,,,,,,,,,,,
ASMA-2771,Fungi,Saccharomycetes,Ascomycota,Saccharomycetales,Debaryomycetaceae,Candida,Candida albicans,,,,,,,,,,,,,,,,,,,,,,,,,,,,,,,,,,,,,,,,,,,,,,,,,,,,,,,,,,,,,,,,,,,,,,,,,,,,,
ASMA-2772,Bacteria,Bacillota,Bacilli,Lactobacillales,Enterococcaceae,Enterococcus_B,Enterococcus_B lactis,298.0,No,,,,,,,,,,,,,,,,,,,,,,,,,,,,,,,,,,,,,,,,,,,,,,,,,,,,,,,,,,,,,,,,,,,,,,,,,,,
ASMA-2773,Fungi,Saccharomycetes,Ascomycota,Saccharomycetales,Debaryomycetaceae,Candida,Candida albicans,,,,,,,,,,,,,,,,,,,,,,,,,,,,,,,,,,,,,,,,,,,,,,,,,,,,,,,,,,,,,,,,,,,,,,,,,,,,,
ASMA-2774,Fungi,Saccharomycetes,Ascomycota,Saccharomycetales,Debaryomycetaceae,Candida,Candida albicans,,,,,,,,,,,,,,,,,,,,,,,,,,,,,,,,,,,,,,,,,,,,,,,,,,,,,,,,,,,,,,,,,,,,,,,,,,,,,
ASMA-2775,Fungi,Saccharomycetes,Ascomycota,Saccharomycetales,Debaryomycetaceae,Candida,Candida albicans,,,,,,,,,,,,,,,,,,,,,,,,,,,,,,,,,,,,,,,,,,,,,,,,,,,,,,,,,,,,,,,,,,,,,,,,,,,,,
ASMA-2776,Bacteria,Bacillota,Bacilli,Lactobacillales,Lactobacillaceae,Weissella,Weissella cibaria,70.0,Yes,1,0.0034499999999999947,,0.0034499999999999947,20251111.0,0.1581,,0.154,,0.05289999999999999,,0.048799999999999996,,0.1587,,22.0,,0.049775134091816796,,0.9997216146228914,,no_growth,0,0.0,0,0.0,1,1,19.99489600612479,,20251111,none,,,,,,,,,,,,,,,,,,,,,,,,,,,,,,,,,,,,,,,,,,,
ASMA-2777,Bacteria,Pseudomonadota,Gammaproteobacteria,Enterobacterales,Enterobacteriaceae,Leclercia,Leclercia adecarboxylata,71.0,Yes,4,0.6700125,0.16289116573651252,0.76195,20251121.0,0.4280125,0.22537899423341715,0.4014125,0.20669542256260373,0.29286875,0.197259373853099,0.26626875,0.17871885669840026,0.4387875,0.23130515423353623,16.1875,10.800028935146424,0.1258909152882932,0.10205438653774046,0.9981254992545053,0.0004972612465418695,robust,3,75.0,3,75.0,3,1,96.35064437922675,,20251111,strong,0.12753333333333333,0.01935828849184073,20251121,0.3113,utilizes,0.23929999999999998,utilizes,0.0573,no_growth,0.048466666666666665,no_growth,0.3981333333333333,utilizes,0.04713333333333333,no_growth,0.4456,utilizes,0.0539,no_growth,0.0514,no_growth,0.051366666666666665,no_growth,0.3415333333333333,utilizes,0.24370000000000003,utilizes,0.05383333333333334,no_growth,0.08943333333333332,no_growth,0.047433333333333334,no_growth,0.06086666666666666,no_growth,0.0546,no_growth,0.11003333333333333,no_growth,0.0562,no_growth,0.04713333333333333,no_growth
ASMA-2778,Bacteria,Bacillota,Bacilli,Lactobacillales,Streptococcaceae,Streptococcus,Streptococcus salivarius_D,490.0,No,,,,,,,,,,,,,,,,,,,,,,,,,,,,,,,,,,,,,,,,,,,,,,,,,,,,,,,,,,,,,,,,,,,,,,,,,,,
ASMA-2779,Fungi,Saccharomycetes,Ascomycota,Saccharomycetales,Debaryomycetaceae,Candida,Candida albicans,,,,,,,,,,,,,,,,,,,,,,,,,,,,,,,,,,,,,,,,,,,,,,,,,,,,,,,,,,,,,,,,,,,,,,,,,,,,,
ASMA-278,Bacteria,Pseudomonadota,Gammaproteobacteria,Pseudomonadales,Pseudomonadaceae,Pseudomonas,Pseudomonas aeruginosa,535.0,No,,,,,,,,,,,,,,,,,,,,,,,,,,,,,,,,,,,,,,,,,,,,,,,,,,,,,,,,,,,,,,,,,,,,,,,,,,,
ASMA-2780,Bacteria,Bacillota,Bacilli,Lactobacillales,Streptococcaceae,Streptococcus,Streptococcus salivarius_D,490.0,No,,,,,,,,,,,,,,,,,,,,,,,,,,,,,,,,,,,,,,,,,,,,,,,,,,,,,,,,,,,,,,,,,,,,,,,,,,,
ASMA-2781,Fungi,Saccharomycetes,Ascomycota,Saccharomycetales,Debaryomycetaceae,Candida,Candida albicans,,,,,,,,,,,,,,,,,,,,,,,,,,,,,,,,,,,,,,,,,,,,,,,,,,,,,,,,,,,,,,,,,,,,,,,,,,,,,
ASMA-2782,Bacteria,Bacillota,Bacilli,Lactobacillales,Streptococcaceae,Streptococcus,Streptococcus xiaochunlingii,72.0,Yes,1,0.0027500000000000024,,0.0027500000000000024,20251111.0,0.09375,,0.09355,,-0.001350000000000004,,-0.0015500000000000097,,0.0951,,0.0,,,,,,no_growth,0,0.0,0,0.0,0,1,16.34554038535154,,20251111,none,,,,,,,,,,,,,,,,,,,,,,,,,,,,,,,,,,,,,,,,,,,
ASMA-2783,Bacteria,Bacillota,Bacilli,Lactobacillales,Streptococcaceae,Streptococcus,Streptococcus salivarius,453.0,No,,,,,,,,,,,,,,,,,,,,,,,,,,,,,,,,,,,,,,,,,,,,,,,,,,,,,,,,,,,,,,,,,,,,,,,,,,,
ASMA-2784,Bacteria,Bacillota,Bacilli,Lactobacillales,Streptococcaceae,Streptococcus,Streptococcus salivarius_D,490.0,No,,,,,,,,,,,,,,,,,,,,,,,,,,,,,,,,,,,,,,,,,,,,,,,,,,,,,,,,,,,,,,,,,,,,,,,,,,,
ASMA-2785,Fungi,Saccharomycetes,Ascomycota,Saccharomycetales,Debaryomycetaceae,Candida,Candida albicans,,,,,,,,,,,,,,,,,,,,,,,,,,,,,,,,,,,,,,,,,,,,,,,,,,,,,,,,,,,,,,,,,,,,,,,,,,,,,
ASMA-2786,Bacteria,Bacillota,Bacilli,Lactobacillales,Streptococcaceae,Streptococcus,Streptococcus salivarius,,,,,,,,,,,,,,,,,,,,,,,,,,,,,,,,,,,,,,,,,,,,,,,,,,,,,,,,,,,,,,,,,,,,,,,,,,,,,
ASMA-2787,Bacteria,Bacillota,Bacilli,Lactobacillales,Streptococcaceae,Streptococcus,Streptococcus salivarius,453.0,No,,,,,,,,,,,,,,,,,,,,,,,,,,,,,,,,,,,,,,,,,,,,,,,,,,,,,,,,,,,,,,,,,,,,,,,,,,,
ASMA-2788,Fungi,Saccharomycetes,Ascomycota,Saccharomycetales,Debaryomycetaceae,Candida,Candida albicans,,,,,,,,,,,,,,,,,,,,,,,,,,,,,,,,,,,,,,,,,,,,,,,,,,,,,,,,,,,,,,,,,,,,,,,,,,,,,
ASMA-2789,Bacteria,Bacillota,Bacilli,Lactobacillales,Streptococcaceae,Streptococcus,Streptococcus salivarius,453.0,Yes,1,0.07319999999999999,,0.07319999999999999,20251111.0,0.09705,,0.0969,,-0.0026499999999999996,,-0.002799999999999997,,0.0997,,0.0,,,,,,poor,0,0.0,0,0.0,0,1,19.71417634298838,,20251111,none,,,,,,,,,,,,,,,,,,,,,,,,,,,,,,,,,,,,,,,,,,,
ASMA-279,Bacteria,Pseudomonadota,Gammaproteobacteria,Pseudomonadales,Pseudomonadaceae,Pseudomonas,Pseudomonas aeruginosa,535.0,No,,,,,,,,,,,,,,,,,,,,,,,,,,,,,,,,,,,,,,,,,,,,,,,,,,,,,,,,,,,,,,,,,,,,,,,,,,,
ASMA-2790,Bacteria,Bacillota,Bacilli,Lactobacillales,Streptococcaceae,Streptococcus,Streptococcus parasanguinis,239.0,No,1,0.0021499999999999853,,0.0021499999999999853,20251111.0,0.09795000000000001,,0.09765,,-0.002449999999999994,,-0.0027500000000000024,,0.1004,,0.0,,,,,,no_growth,0,0.0,0,0.0,0,1,19.854536174556586,,20251111,none,,,,,,,,,,,,,,,,,,,,,,,,,,,,,,,,,,,,,,,,,,,
ASMA-2791,Bacteria,Bacillota,Bacilli,Lactobacillales,Streptococcaceae,Streptococcus,Streptococcus salivarius_D,490.0,No,,,,,,,,,,,,,,,,,,,,,,,,,,,,,,,,,,,,,,,,,,,,,,,,,,,,,,,,,,,,,,,,,,,,,,,,,,,
ASMA-2792,Bacteria,Bacillota,Bacilli,Lactobacillales,Streptococcaceae,Streptococcus,Streptococcus salivarius,453.0,No,,,,,,,,,,,,,,,,,,,,,,,,,,,,,,,,,,,,,,,,,,,,,,,,,,,,,,,,,,,,,,,,,,,,,,,,,,,
ASMA-2793,Bacteria,Bacillota,Bacilli,Lactobacillales,Streptococcaceae,Streptococcus,Streptococcus anginosus,73.0,Yes,1,0.0019499999999999934,,0.0019499999999999934,20251111.0,0.09265000000000001,,0.09225,,-0.0012999999999999956,,-0.001700000000000007,,0.09425,,7.75,,,,,,no_growth,0,0.0,0,0.0,0,1,6.5203521755774005,,20251111,none,,,,,,,,,,,,,,,,,,,,,,,,,,,,,,,,,,,,,,,,,,,
ASMA-2794,Bacteria,Bacillota,Bacilli,Lactobacillales,Streptococcaceae,Streptococcus,Streptococcus salivarius_D,490.0,No,,,,,,,,,,,,,,,,,,,,,,,,,,,,,,,,,,,,,,,,,,,,,,,,,,,,,,,,,,,,,,,,,,,,,,,,,,,
ASMA-2795,Bacteria,Pseudomonadota,Gammaproteobacteria,Pseudomonadales,Pseudomonadaceae,Pseudomonas_E,Pseudomonas_E fulva,240.0,No,4,0.45828125,0.10764020193643577,0.6158,20251121.0,0.10080625,0.0010753633107001596,0.1000875,0.001131831112254236,-0.002100000000000001,0.002807950023296943,-0.002818750000000002,0.0030784448860856056,0.13235,0.059908183219545795,5.9375,8.493563739679594,0.03035118916806536,,0.9986677282754477,,robust,0,0.0,0,0.0,1,1,76.13882863340564,,20251111,strong,0.12946666666666667,0.03428182219972173,20251121,0.47623333333333334,utilizes,0.24103333333333332,utilizes,0.057333333333333326,no_growth,0.11043333333333333,no_growth,0.3010666666666667,utilizes,0.09033333333333332,no_growth,0.2977666666666667,utilizes,0.0921,no_growth,0.28876666666666667,utilizes,0.18899999999999997,no_growth,0.27286666666666665,utilizes,0.43783333333333335,utilizes,0.0721,no_growth,0.05723333333333334,no_growth,0.08126666666666667,no_growth,0.06903333333333334,no_growth,0.20400000000000004,utilizes,0.0737,no_growth,0.06540000000000001,no_growth,0.05676666666666667,no_growth
ASMA-2796,Bacteria,Pseudomonadota,Gammaproteobacteria,Pseudomonadales,Pseudomonadaceae,Pseudomonas_E,Pseudomonas_E fulva,240.0,Yes,,,,,,,,,,,,,,,,,,,,,,,,,,,,,,,,,,,,,,,,,,,,,,,,,,,,,,,,,,,,,,,,,,,,,,,,,,,
ASMA-2797,Bacteria,Bacillota,Bacilli,Lactobacillales,Streptococcaceae,Streptococcus,Streptococcus sanguinis_K,74.0,Yes,4,0.06206875,0.06412093188850268,0.11910000000000001,20251121.0,0.14301875,0.04338288052811463,0.12459375,0.03186997264275575,0.027981250000000003,0.026266600901461663,0.009556250000000002,0.02387813133915634,0.14631875,0.046755299944676504,21.3125,15.735277510528162,0.014017001878513282,4.6444510531529586e-05,0.9871133331330711,0.005411056219233353,poor,0,0.0,0,0.0,3,1,-8.357789970652036,,20251111,none,0.04413333333333334,0.0008386497083606084,20251121,0.04526666666666667,no_growth,0.043766666666666655,no_growth,0.043500000000000004,no_growth,0.04286666666666667,no_growth,0.04243333333333333,no_growth,0.042366666666666664,no_growth,0.04273333333333334,no_growth,0.04276666666666667,no_growth,0.042166666666666665,no_growth,0.043133333333333336,no_growth,0.0421,no_growth,0.04206666666666667,no_growth,0.04236666666666667,no_growth,0.0436,no_growth,0.0419,no_growth,0.04146666666666667,no_growth,0.04163333333333333,no_growth,0.04203333333333333,no_growth,0.04413333333333333,no_growth,0.04263333333333333,no_growth
ASMA-2798,Bacteria,Bacillota,Bacilli,Lactobacillales,Streptococcaceae,Streptococcus,Streptococcus salivarius_D,490.0,No,,,,,,,,,,,,,,,,,,,,,,,,,,,,,,,,,,,,,,,,,,,,,,,,,,,,,,,,,,,,,,,,,,,,,,,,,,,
ASMA-28,Bacteria,Pseudomonadota,Gammaproteobacteria,Pseudomonadales,Pseudomonadaceae,Pseudomonas,Pseudomonas aeruginosa,536.0,No,,,,,,,,,,,,,,,,,,,,,,,,,,,,,,,,,,,,,,,,,,,,,,,,,,,,,,,,,,,,,,,,,,,,,,,,,,,
ASMA-280,Bacteria,Pseudomonadota,Gammaproteobacteria,Pseudomonadales,Pseudomonadaceae,Pseudomonas,Pseudomonas aeruginosa,535.0,No,,,,,,,,,,,,,,,,,,,,,,,,,,,,,,,,,,,,,,,,,,,,,,,,,,,,,,,,,,,,,,,,,,,,,,,,,,,
ASMA-2800,Fungi,Saccharomycetes,Ascomycota,Saccharomycetales,Debaryomycetaceae,Candida,Candida albicans,,,,,,,,,,,,,,,,,,,,,,,,,,,,,,,,,,,,,,,,,,,,,,,,,,,,,,,,,,,,,,,,,,,,,,,,,,,,,
ASMA-2801,Bacteria,Bacillota,Bacilli,Lactobacillales,Streptococcaceae,Streptococcus,Streptococcus salivarius,453.0,No,,,,,,,,,,,,,,,,,,,,,,,,,,,,,,,,,,,,,,,,,,,,,,,,,,,,,,,,,,,,,,,,,,,,,,,,,,,
ASMA-2802,Fungi,Saccharomycetes,Ascomycota,Saccharomycetales,Debaryomycetaceae,Candida,Candida albicans,,,,,,,,,,,,,,,,,,,,,,,,,,,,,,,,,,,,,,,,,,,,,,,,,,,,,,,,,,,,,,,,,,,,,,,,,,,,,
ASMA-2803,Fungi,Saccharomycetes,Ascomycota,Saccharomycetales,Debaryomycetaceae,Candida,Candida albicans,,,,,,,,,,,,,,,,,,,,,,,,,,,,,,,,,,,,,,,,,,,,,,,,,,,,,,,,,,,,,,,,,,,,,,,,,,,,,
ASMA-2804,Bacteria,Bacillota,Bacilli,Staphylococcales,Staphylococcaceae,Staphylococcus,Staphylococcus epidermidis,521.0,No,,,,,,,,,,,,,,,,,,,,,,,,,,,,,,,,,,,,,,,,,,,,,,,,,,,,,,,,,,,,,,,,,,,,,,,,,,,
ASMA-2805,Fungi,Saccharomycetes,Ascomycota,Saccharomycetales,Debaryomycetaceae,Candida,Candida albicans,,,,,,,,,,,,,,,,,,,,,,,,,,,,,,,,,,,,,,,,,,,,,,,,,,,,,,,,,,,,,,,,,,,,,,,,,,,,,
ASMA-2806,Fungi,Saccharomycetes,Ascomycota,Saccharomycetales,Debaryomycetaceae,Candida,Candida albicans,,,,,,,,,,,,,,,,,,,,,,,,,,,,,,,,,,,,,,,,,,,,,,,,,,,,,,,,,,,,,,,,,,,,,,,,,,,,,
ASMA-2807,Bacteria,Bacillota,Bacilli,Lactobacillales,Streptococcaceae,Streptococcus,Streptococcus parasanguinis,239.0,Yes,,,,,,,,,,,,,,,,,,,,,,,,,,,,,,,,,,,,,,,,,,,,,,,,,,,,,,,,,,,,,,,,,,,,,,,,,,,
ASMA-2808,Bacteria,Bacillota,Bacilli,Lactobacillales,Streptococcaceae,Streptococcus,Streptococcus salivarius_D,490.0,No,,,,,,,,,,,,,,,,,,,,,,,,,,,,,,,,,,,,,,,,,,,,,,,,,,,,,,,,,,,,,,,,,,,,,,,,,,,
ASMA-2809,Bacteria,Bacillota,Bacilli,Lactobacillales,Streptococcaceae,Streptococcus,Streptococcus caecimuris,75.0,Yes,4,0.002425,0.000554902393819551,0.002924999999999997,20251121.0,0.14758125,0.04864665274113593,0.1421875,0.0448037875073079,0.015393750000000005,0.012789487463668486,0.010000000000000002,0.00907367988561788,0.1544875,0.051152396897245524,2.8125,1.8860783829593792,0.1008196853158685,0.005319494491561561,0.9872400938286635,0.00476492757198151,no_growth,0,0.0,0,0.0,3,1,20.6966951639658,,20251111,none,0.04586666666666667,0.0024193663082165404,20251121,0.04526666666666667,no_growth,0.044033333333333334,no_growth,0.04326666666666667,no_growth,0.04293333333333333,no_growth,0.042366666666666664,no_growth,0.04223333333333334,no_growth,0.042633333333333336,no_growth,0.04253333333333333,no_growth,0.04323333333333334,no_growth,0.043133333333333336,no_growth,0.04253333333333333,no_growth,0.042600000000000006,no_growth,0.042366666666666664,no_growth,0.0436,no_growth,0.0425,no_growth,0.041833333333333333,no_growth,0.042666666666666665,no_growth,0.042366666666666664,no_growth,0.05276666666666666,utilizes,0.04226666666666667,no_growth
ASMA-281,Bacteria,Pseudomonadota,Gammaproteobacteria,Pseudomonadales,Pseudomonadaceae,Pseudomonas,Pseudomonas aeruginosa,535.0,No,,,,,,,,,,,,,,,,,,,,,,,,,,,,,,,,,,,,,,,,,,,,,,,,,,,,,,,,,,,,,,,,,,,,,,,,,,,
ASMA-2810,Bacteria,Bacillota,Bacilli,Lactobacillales,Streptococcaceae,Streptococcus,Streptococcus salivarius,453.0,No,,,,,,,,,,,,,,,,,,,,,,,,,,,,,,,,,,,,,,,,,,,,,,,,,,,,,,,,,,,,,,,,,,,,,,,,,,,
ASMA-2811,Bacteria,Bacillota,Bacilli,Lactobacillales,Streptococcaceae,Streptococcus,Streptococcus salivarius,423.0,Yes,,,,,,,,,,,,,,,,,,,,,,,,,,,,,,,,,,,,,,,,,,,,,,,,,,,,,,,,,,,,,,,,,,,,,,,,,,,
ASMA-2812,Bacteria,Bacillota,Bacilli,Lactobacillales,Streptococcaceae,Streptococcus,Streptococcus salivarius,453.0,No,,,,,,,,,,,,,,,,,,,,,,,,,,,,,,,,,,,,,,,,,,,,,,,,,,,,,,,,,,,,,,,,,,,,,,,,,,,
ASMA-2813,Bacteria,Bacillota,Bacilli,Lactobacillales,Streptococcaceae,Streptococcus,Streptococcus salivarius_D,490.0,No,,,,,,,,,,,,,,,,,,,,,,,,,,,,,,,,,,,,,,,,,,,,,,,,,,,,,,,,,,,,,,,,,,,,,,,,,,,
ASMA-2814,Bacteria,Bacillota,Bacilli,Lactobacillales,Lactobacillaceae,Lactiplantibacillus,Lactiplantibacillus plantarum,,,4,0.055318750000000014,0.06561059484755494,0.15087500000000004,20251121.0,0.12108125,0.015492597358631207,0.11033125,0.011747169428561651,-0.006831249999999997,0.014977696960814767,-0.017581249999999996,0.023209170017832743,0.15414375,0.048030469387497485,22.0,11.034038245356955,0.021499855333585116,0.013128888078345436,0.9916062323481576,0.008992597214651529,poor,0,0.0,0,0.0,3,1,10.310067627918855,,20251111,none,0.04993333333333333,0.004277070648625453,20251121,0.05026666666666666,no_growth,0.05093333333333333,no_growth,0.05026666666666666,no_growth,0.0488,no_growth,0.04906666666666667,no_growth,0.0515,no_growth,0.050166666666666665,no_growth,0.0484,no_growth,0.04986666666666666,no_growth,0.04963333333333333,no_growth,0.04756666666666667,no_growth,0.049166666666666664,no_growth,0.049466666666666666,no_growth,0.0511,no_growth,0.04716666666666666,no_growth,0.04976666666666666,no_growth,0.05179999999999999,no_growth,0.04786666666666667,no_growth,0.07693333333333334,utilizes,0.048966666666666665,no_growth
ASMA-2815,Fungi,Saccharomycetes,Ascomycota,Saccharomycetales,Debaryomycetaceae,Candida,Candida albicans,,,,,,,,,,,,,,,,,,,,,,,,,,,,,,,,,,,,,,,,,,,,,,,,,,,,,,,,,,,,,,,,,,,,,,,,,,,,,
ASMA-2816,Fungi,Saccharomycetes,Ascomycota,Saccharomycetales,Debaryomycetaceae,Candida,Candida albicans,,,,,,,,,,,,,,,,,,,,,,,,,,,,,,,,,,,,,,,,,,,,,,,,,,,,,,,,,,,,,,,,,,,,,,,,,,,,,
ASMA-2817,Bacteria,Bacillota,Bacilli,Lactobacillales,Lactobacillaceae,Limosilactobacillus,Limosilactobacillus fermentum,76.0,Yes,4,0.04450625,0.04511677614350712,0.0963,20251121.0,0.11600625,0.015167459342838762,0.1077,0.008832067519367517,-0.009274999999999995,0.00965079875796125,-0.01758125,0.021228904970581962,0.16875,0.05679362860391999,13.8125,8.832645413464757,0.029533280096333648,0.014202248652987384,0.9858510378893341,0.016474099145881396,no_growth,0,0.0,0,0.0,4,1,13.3979839224193,,20251111,none,0.051833333333333335,0.00646632301492381,20251121,0.04933333333333333,no_growth,0.0472,no_growth,0.0488,no_growth,0.048466666666666665,no_growth,0.047066666666666666,no_growth,0.04806666666666667,no_growth,0.049166666666666664,no_growth,0.0473,no_growth,0.047999999999999994,no_growth,0.0483,no_growth,0.04826666666666667,no_growth,0.0509,no_growth,0.05303333333333334,no_growth,0.04943333333333333,no_growth,0.04736666666666667,no_growth,0.0468,no_growth,0.04936666666666667,no_growth,0.046066666666666665,no_growth,0.06553333333333333,utilizes,0.04806666666666667,no_growth
ASMA-2818,Bacteria,Bacillota,Bacilli,Lactobacillales,Lactobacillaceae,Limosilactobacillus,Limosilactobacillus fermentum,400.0,No,,,,,,,,,,,,,,,,,,,,,,,,,,,,,,,,,,,,,,,,,,,,,,,,,,,,,,,,,,,,,,,,,,,,,,,,,,,
ASMA-2819,Bacteria,Bacillota,Bacilli,Lactobacillales,Lactobacillaceae,Limosilactobacillus,Limosilactobacillus fermentum,400.0,No,,,,,,,,,,,,,,,,,,,,,,,,,,,,,,,,,,,,,,,,,,,,,,,,,,,,,,,,,,,,,,,,,,,,,,,,,,,
ASMA-282,Bacteria,Pseudomonadota,Gammaproteobacteria,Pseudomonadales,Pseudomonadaceae,Pseudomonas,Pseudomonas aeruginosa,535.0,No,,,,,,,,,,,,,,,,,,,,,,,,,,,,,,,,,,,,,,,,,,,,,,,,,,,,,,,,,,,,,,,,,,,,,,,,,,,
ASMA-2820,Bacteria,Bacillota,Bacilli,Lactobacillales,Lactobacillaceae,Limosilactobacillus,Limosilactobacillus fermentum,400.0,No,,,,,,,,,,,,,,,,,,,,,,,,,,,,,,,,,,,,,,,,,,,,,,,,,,,,,,,,,,,,,,,,,,,,,,,,,,,
ASMA-2821,Bacteria,Bacillota,Bacilli,Lactobacillales,Lactobacillaceae,Limosilactobacillus,Limosilactobacillus fermentum,,,1,0.0018500000000000044,,0.0018500000000000044,20251111.0,0.09825,,0.09964999999999999,,-0.0036500000000000005,,-0.002250000000000016,,0.1028,,1.5,,0.0017984626817696809,,0.9504365978629903,,no_growth,0,0.0,0,0.0,1,1,27.995406405512327,,20251111,weak,,,,,,,,,,,,,,,,,,,,,,,,,,,,,,,,,,,,,,,,,,,
ASMA-2822,Bacteria,Bacillota,Bacilli,Lactobacillales,Lactobacillaceae,Lacticaseibacillus,Lacticaseibacillus rhamnosus,,,1,0.005650000000000002,,0.005650000000000002,20251111.0,0.09795,,0.0972,,-0.0003000000000000086,,-0.0010500000000000093,,0.0998,,4.75,,,,,,no_growth,0,0.0,0,0.0,0,1,18.731657522010977,,20251111,none,,,,,,,,,,,,,,,,,,,,,,,,,,,,,,,,,,,,,,,,,,,
ASMA-2823,Bacteria,Bacillota,Bacilli,Lactobacillales,Lactobacillaceae,Lacticaseibacillus,Lacticaseibacillus rhamnosus,528.0,No,,,,,,,,,,,,,,,,,,,,,,,,,,,,,,,,,,,,,,,,,,,,,,,,,,,,,,,,,,,,,,,,,,,,,,,,,,,
ASMA-2824,Bacteria,Bacillota,Bacilli,Lactobacillales,Lactobacillaceae,Lacticaseibacillus,Lacticaseibacillus rhamnosus,528.0,No,,,,,,,,,,,,,,,,,,,,,,,,,,,,,,,,,,,,,,,,,,,,,,,,,,,,,,,,,,,,,,,,,,,,,,,,,,,
ASMA-2825,Bacteria,Bacillota,Bacilli,Lactobacillales,Lactobacillaceae,Lacticaseibacillus,Lacticaseibacillus rhamnosus,528.0,No,,,,,,,,,,,,,,,,,,,,,,,,,,,,,,,,,,,,,,,,,,,,,,,,,,,,,,,,,,,,,,,,,,,,,,,,,,,
ASMA-2826,Bacteria,Bacillota,Bacilli,Lactobacillales,Streptococcaceae,Streptococcus,Streptococcus sp030825805,495.0,No,,,,,,,,,,,,,,,,,,,,,,,,,,,,,,,,,,,,,,,,,,,,,,,,,,,,,,,,,,,,,,,,,,,,,,,,,,,
ASMA-2827,Bacteria,Bacillota,Bacilli,Lactobacillales,Streptococcaceae,Streptococcus,Streptococcus constellatus,77.0,Yes,1,0.0020000000000000018,,0.0020000000000000018,20251111.0,0.15285,,0.1696,,0.055650000000000005,,0.07239999999999999,,0.1704,,47.5,,0.018594132970592387,,0.9944974496164771,,no_growth,0,0.0,0,0.0,1,1,16.62626004848795,,20251111,none,,,,,,,,,,,,,,,,,,,,,,,,,,,,,,,,,,,,,,,,,,,
ASMA-2828,Bacteria,Bacillota,Bacilli,Lactobacillales,Streptococcaceae,Streptococcus,Streptococcus sanguinis,508.0,No,,,,,,,,,,,,,,,,,,,,,,,,,,,,,,,,,,,,,,,,,,,,,,,,,,,,,,,,,,,,,,,,,,,,,,,,,,,
ASMA-2829,Bacteria,Bacillota,Bacilli,Lactobacillales,Streptococcaceae,Streptococcus,Streptococcus sp030825805,495.0,No,,,,,,,,,,,,,,,,,,,,,,,,,,,,,,,,,,,,,,,,,,,,,,,,,,,,,,,,,,,,,,,,,,,,,,,,,,,
ASMA-283,Bacteria,Pseudomonadota,Gammaproteobacteria,Pseudomonadales,Pseudomonadaceae,Pseudomonas,Pseudomonas aeruginosa,535.0,No,,,,,,,,,,,,,,,,,,,,,,,,,,,,,,,,,,,,,,,,,,,,,,,,,,,,,,,,,,,,,,,,,,,,,,,,,,,
ASMA-2830,Bacteria,Bacillota,Bacilli,Lactobacillales,Streptococcaceae,Streptococcus,Streptococcus sp030825805,495.0,No,,,,,,,,,,,,,,,,,,,,,,,,,,,,,,,,,,,,,,,,,,,,,,,,,,,,,,,,,,,,,,,,,,,,,,,,,,,
ASMA-2831,Bacteria,Bacillota,Bacilli,Lactobacillales,Streptococcaceae,Streptococcus,Streptococcus sp030825805,495.0,Yes,,,,,,,,,,,,,,,,,,,,,,,,,,,,,,,,,,,,,,,,,,,,,,,,,,,,,,,,,,,,,,,,,,,,,,,,,,,
ASMA-2832,Bacteria,Bacillota,Bacilli,Lactobacillales,Streptococcaceae,Streptococcus,Streptococcus sp001553685,467.0,No,,,,,,,,,,,,,,,,,,,,,,,,,,,,,,,,,,,,,,,,,,,,,,,,,,,,,,,,,,,,,,,,,,,,,,,,,,,
ASMA-2833,Bacteria,Bacillota,Bacilli,Lactobacillales,Streptococcaceae,Streptococcus,Streptococcus hominis,324.0,Yes,1,0.1232,,0.1232,20251111.0,0.09315,,0.09275,,-0.0016000000000000042,,-0.0020000000000000018,,0.09475,,0.0,,,,,,normal,0,0.0,0,0.0,0,1,21.538854153375013,,20251111,none,,,,,,,,,,,,,,,,,,,,,,,,,,,,,,,,,,,,,,,,,,,
ASMA-2834,Bacteria,Pseudomonadota,Gammaproteobacteria,Burkholderiales,Neisseriaceae,Neisseria,Neisseria flavescens_B,504.0,Yes,,,,,,,,,,,,,,,,,,,,,,,,,,,,,,,,,,,,,,,,,,,,,,,,,,,,,,,,,,,,,,,,,,,,,,,,,,,
ASMA-2835,Bacteria,Pseudomonadota,Gammaproteobacteria,Burkholderiales,Neisseriaceae,Neisseria,Neisseria flavescens_B,504.0,No,,,,,,,,,,,,,,,,,,,,,,,,,,,,,,,,,,,,,,,,,,,,,,,,,,,,,,,,,,,,,,,,,,,,,,,,,,,
ASMA-2836,Bacteria,Pseudomonadota,Gammaproteobacteria,Burkholderiales,Neisseriaceae,Neisseria,Neisseria flavescens_B,504.0,No,,,,,,,,,,,,,,,,,,,,,,,,,,,,,,,,,,,,,,,,,,,,,,,,,,,,,,,,,,,,,,,,,,,,,,,,,,,
ASMA-2837,Bacteria,Pseudomonadota,Gammaproteobacteria,Burkholderiales,Neisseriaceae,Neisseria,Neisseria flavescens_B,504.0,No,,,,,,,,,,,,,,,,,,,,,,,,,,,,,,,,,,,,,,,,,,,,,,,,,,,,,,,,,,,,,,,,,,,,,,,,,,,
ASMA-2838,Bacteria,Pseudomonadota,Gammaproteobacteria,Burkholderiales,Neisseriaceae,Neisseria,Neisseria flavescens_B,504.0,No,,,,,,,,,,,,,,,,,,,,,,,,,,,,,,,,,,,,,,,,,,,,,,,,,,,,,,,,,,,,,,,,,,,,,,,,,,,
ASMA-2839,Bacteria,Bacillota,Bacilli,Lactobacillales,Streptococcaceae,Streptococcus,Streptococcus sp030825805,495.0,No,,,,,,,,,,,,,,,,,,,,,,,,,,,,,,,,,,,,,,,,,,,,,,,,,,,,,,,,,,,,,,,,,,,,,,,,,,,
ASMA-284,Bacteria,Pseudomonadota,Gammaproteobacteria,Pseudomonadales,Pseudomonadaceae,Pseudomonas,Pseudomonas aeruginosa,535.0,No,,,,,,,,,,,,,,,,,,,,,,,,,,,,,,,,,,,,,,,,,,,,,,,,,,,,,,,,,,,,,,,,,,,,,,,,,,,
ASMA-2840,Bacteria,Actinomycetota,Actinomycetes,Micrococcales,Micrococcaceae,Rothia,Rothia sp001836735,481.0,No,,,,,,,,,,,,,,,,,,,,,,,,,,,,,,,,,,,,,,,,,,,,,,,,,,,,,,,,,,,,,,,,,,,,,,,,,,,
ASMA-2841,Bacteria,Bacillota,Bacilli,Lactobacillales,Streptococcaceae,Streptococcus,Streptococcus sp030825805,495.0,No,,,,,,,,,,,,,,,,,,,,,,,,,,,,,,,,,,,,,,,,,,,,,,,,,,,,,,,,,,,,,,,,,,,,,,,,,,,
ASMA-2842,Bacteria,Bacillota,Bacilli,Staphylococcales,Gemellaceae,Gemella,Gemella sanguinis,360.0,No,,,,,,,,,,,,,,,,,,,,,,,,,,,,,,,,,,,,,,,,,,,,,,,,,,,,,,,,,,,,,,,,,,,,,,,,,,,
ASMA-2843,Bacteria,Bacillota,Bacilli,Lactobacillales,Streptococcaceae,Streptococcus,Streptococcus sanguinis,508.0,No,,,,,,,,,,,,,,,,,,,,,,,,,,,,,,,,,,,,,,,,,,,,,,,,,,,,,,,,,,,,,,,,,,,,,,,,,,,
ASMA-2844,Bacteria,Bacillota,Bacilli,Staphylococcales,Gemellaceae,Gemella,Gemella sanguinis,241.0,No,,,,,,,,,,,,,,,,,,,,,,,,,,,,,,,,,,,,,,,,,,,,,,,,,,,,,,,,,,,,,,,,,,,,,,,,,,,
ASMA-2845,Bacteria,Bacillota,Bacilli,Lactobacillales,Streptococcaceae,Streptococcus,Streptococcus sp030825805,495.0,No,,,,,,,,,,,,,,,,,,,,,,,,,,,,,,,,,,,,,,,,,,,,,,,,,,,,,,,,,,,,,,,,,,,,,,,,,,,
ASMA-2846,Bacteria,Pseudomonadota,Gammaproteobacteria,Burkholderiales,Neisseriaceae,Neisseria,Neisseria flavescens_B,504.0,No,1,0.011450000000000002,,0.011450000000000002,20251111.0,0.0931,,0.09255,,-0.0010000000000000009,,-0.0015500000000000097,,0.0941,,0.0,,,,,,no_growth,0,0.0,0,0.0,0,1,13.67870358555571,,20251111,none,,,,,,,,,,,,,,,,,,,,,,,,,,,,,,,,,,,,,,,,,,,
ASMA-2847,Bacteria,Bacillota,Bacilli,Staphylococcales,Gemellaceae,Gemella,Gemella sanguinis,241.0,Yes,1,0.00180000000000001,,0.00180000000000001,20251111.0,0.212,,0.1964,,0.07244999999999999,,0.056849999999999984,,0.2153,,8.0,,0.010833305990152494,,0.9888263209943484,,no_growth,0,0.0,0,0.0,1,1,23.644251626898054,,20251111,none,,,,,,,,,,,,,,,,,,,,,,,,,,,,,,,,,,,,,,,,,,,
ASMA-2848,Bacteria,Pseudomonadota,Gammaproteobacteria,Burkholderiales,Neisseriaceae,Neisseria,Neisseria flavescens_B,504.0,No,,,,,,,,,,,,,,,,,,,,,,,,,,,,,,,,,,,,,,,,,,,,,,,,,,,,,,,,,,,,,,,,,,,,,,,,,,,
ASMA-2849,Bacteria,Pseudomonadota,Gammaproteobacteria,Burkholderiales,Neisseriaceae,Neisseria,Neisseria flavescens_B,504.0,No,,,,,,,,,,,,,,,,,,,,,,,,,,,,,,,,,,,,,,,,,,,,,,,,,,,,,,,,,,,,,,,,,,,,,,,,,,,
ASMA-285,Bacteria,Pseudomonadota,Gammaproteobacteria,Pseudomonadales,Pseudomonadaceae,Pseudomonas,Pseudomonas aeruginosa,535.0,No,,,,,,,,,,,,,,,,,,,,,,,,,,,,,,,,,,,,,,,,,,,,,,,,,,,,,,,,,,,,,,,,,,,,,,,,,,,
ASMA-2850,Bacteria,Pseudomonadota,Gammaproteobacteria,Burkholderiales,Neisseriaceae,Neisseria,Neisseria flavescens_B,504.0,No,,,,,,,,,,,,,,,,,,,,,,,,,,,,,,,,,,,,,,,,,,,,,,,,,,,,,,,,,,,,,,,,,,,,,,,,,,,
ASMA-2852,Bacteria,Bacillota,Bacilli,Lactobacillales,Streptococcaceae,Streptococcus,Streptococcus sanguinis,508.0,No,,,,,,,,,,,,,,,,,,,,,,,,,,,,,,,,,,,,,,,,,,,,,,,,,,,,,,,,,,,,,,,,,,,,,,,,,,,
ASMA-2853,Bacteria,Pseudomonadota,Gammaproteobacteria,Burkholderiales,Neisseriaceae,Neisseria,Neisseria sp915066515,451.0,No,,,,,,,,,,,,,,,,,,,,,,,,,,,,,,,,,,,,,,,,,,,,,,,,,,,,,,,,,,,,,,,,,,,,,,,,,,,
ASMA-2854,Bacteria,Bacillota,Bacilli,Lactobacillales,Streptococcaceae,Streptococcus,Streptococcus sanguinis,508.0,No,,,,,,,,,,,,,,,,,,,,,,,,,,,,,,,,,,,,,,,,,,,,,,,,,,,,,,,,,,,,,,,,,,,,,,,,,,,
ASMA-2855,Bacteria,Pseudomonadota,Gammaproteobacteria,Burkholderiales,Neisseriaceae,Neisseria,Neisseria flavescens_B,504.0,No,,,,,,,,,,,,,,,,,,,,,,,,,,,,,,,,,,,,,,,,,,,,,,,,,,,,,,,,,,,,,,,,,,,,,,,,,,,
ASMA-2856,Bacteria,Pseudomonadota,Gammaproteobacteria,Burkholderiales,Neisseriaceae,Neisseria,Neisseria flavescens_B,504.0,No,,,,,,,,,,,,,,,,,,,,,,,,,,,,,,,,,,,,,,,,,,,,,,,,,,,,,,,,,,,,,,,,,,,,,,,,,,,
ASMA-2857,Bacteria,Pseudomonadota,Gammaproteobacteria,Burkholderiales,Neisseriaceae,Neisseria,Neisseria flavescens_B,504.0,No,,,,,,,,,,,,,,,,,,,,,,,,,,,,,,,,,,,,,,,,,,,,,,,,,,,,,,,,,,,,,,,,,,,,,,,,,,,
ASMA-2858,Bacteria,Bacillota,Bacilli,Lactobacillales,Streptococcaceae,Streptococcus,Streptococcus sp001553685,467.0,No,,,,,,,,,,,,,,,,,,,,,,,,,,,,,,,,,,,,,,,,,,,,,,,,,,,,,,,,,,,,,,,,,,,,,,,,,,,
ASMA-2859,Bacteria,Pseudomonadota,Gammaproteobacteria,Burkholderiales,Neisseriaceae,Neisseria,Neisseria sp915066515,451.0,No,,,,,,,,,,,,,,,,,,,,,,,,,,,,,,,,,,,,,,,,,,,,,,,,,,,,,,,,,,,,,,,,,,,,,,,,,,,
ASMA-286,Bacteria,Pseudomonadota,Gammaproteobacteria,Pseudomonadales,Pseudomonadaceae,Pseudomonas,Pseudomonas aeruginosa,535.0,No,,,,,,,,,,,,,,,,,,,,,,,,,,,,,,,,,,,,,,,,,,,,,,,,,,,,,,,,,,,,,,,,,,,,,,,,,,,
ASMA-2860,Bacteria,Pseudomonadota,Gammaproteobacteria,Burkholderiales,Neisseriaceae,Neisseria,Neisseria flavescens_B,504.0,No,,,,,,,,,,,,,,,,,,,,,,,,,,,,,,,,,,,,,,,,,,,,,,,,,,,,,,,,,,,,,,,,,,,,,,,,,,,
ASMA-2861,Bacteria,Bacillota,Bacilli,Lactobacillales,Streptococcaceae,Streptococcus,Streptococcus sanguinis,508.0,No,,,,,,,,,,,,,,,,,,,,,,,,,,,,,,,,,,,,,,,,,,,,,,,,,,,,,,,,,,,,,,,,,,,,,,,,,,,
ASMA-2862,Bacteria,Pseudomonadota,Gammaproteobacteria,Burkholderiales,Neisseriaceae,Neisseria,Neisseria flavescens_B,504.0,No,,,,,,,,,,,,,,,,,,,,,,,,,,,,,,,,,,,,,,,,,,,,,,,,,,,,,,,,,,,,,,,,,,,,,,,,,,,
ASMA-2863,Bacteria,Pseudomonadota,Gammaproteobacteria,Burkholderiales,Neisseriaceae,Neisseria,Neisseria sp915066515,451.0,No,,,,,,,,,,,,,,,,,,,,,,,,,,,,,,,,,,,,,,,,,,,,,,,,,,,,,,,,,,,,,,,,,,,,,,,,,,,
ASMA-2864,Bacteria,Bacillota,Bacilli,Lactobacillales,Streptococcaceae,Streptococcus,Streptococcus sp001553685,467.0,No,,,,,,,,,,,,,,,,,,,,,,,,,,,,,,,,,,,,,,,,,,,,,,,,,,,,,,,,,,,,,,,,,,,,,,,,,,,
ASMA-2865,Bacteria,Bacillota,Bacilli,Lactobacillales,Streptococcaceae,Streptococcus,Streptococcus sp030825805,495.0,No,,,,,,,,,,,,,,,,,,,,,,,,,,,,,,,,,,,,,,,,,,,,,,,,,,,,,,,,,,,,,,,,,,,,,,,,,,,
ASMA-2866,Bacteria,Bacillota,Bacilli,Lactobacillales,Streptococcaceae,Streptococcus,Streptococcus oralis_BY,430.0,No,,,,,,,,,,,,,,,,,,,,,,,,,,,,,,,,,,,,,,,,,,,,,,,,,,,,,,,,,,,,,,,,,,,,,,,,,,,
ASMA-2867,Bacteria,Actinomycetota,Actinomycetes,Micrococcales,Micrococcaceae,Rothia,Rothia mucilaginosa,481.0,No,,,,,,,,,,,,,,,,,,,,,,,,,,,,,,,,,,,,,,,,,,,,,,,,,,,,,,,,,,,,,,,,,,,,,,,,,,,
ASMA-2868,Bacteria,Bacillota,Bacilli,Lactobacillales,Streptococcaceae,Streptococcus,Streptococcus hominis,324.0,No,,,,,,,,,,,,,,,,,,,,,,,,,,,,,,,,,,,,,,,,,,,,,,,,,,,,,,,,,,,,,,,,,,,,,,,,,,,
ASMA-2869,Bacteria,Bacillota,Bacilli,Lactobacillales,Streptococcaceae,Streptococcus,Streptococcus hominis,324.0,No,,,,,,,,,,,,,,,,,,,,,,,,,,,,,,,,,,,,,,,,,,,,,,,,,,,,,,,,,,,,,,,,,,,,,,,,,,,
ASMA-287,Bacteria,Pseudomonadota,Gammaproteobacteria,Pseudomonadales,Pseudomonadaceae,Pseudomonas,Pseudomonas aeruginosa,535.0,No,,,,,,,,,,,,,,,,,,,,,,,,,,,,,,,,,,,,,,,,,,,,,,,,,,,,,,,,,,,,,,,,,,,,,,,,,,,
ASMA-2870,Bacteria,Bacillota,Bacilli,Lactobacillales,Streptococcaceae,Streptococcus,Streptococcus parasanguinis_A,78.0,Yes,1,0.0017500000000000016,,0.0017500000000000016,20251111.0,0.20765,,0.1869,,0.064,,0.04325000000000001,,0.2339,,18.75,,0.02970235699991841,,0.9983828049882432,,no_growth,0,0.0,0,0.0,1,1,25.749649100421095,,20251111,weak,,,,,,,,,,,,,,,,,,,,,,,,,,,,,,,,,,,,,,,,,,,
ASMA-2871,Bacteria,Bacillota,Bacilli,Lactobacillales,Streptococcaceae,Streptococcus,Streptococcus sp030825805,495.0,No,,,,,,,,,,,,,,,,,,,,,,,,,,,,,,,,,,,,,,,,,,,,,,,,,,,,,,,,,,,,,,,,,,,,,,,,,,,
ASMA-2872,Bacteria,Bacillota,Bacilli,Lactobacillales,Streptococcaceae,Streptococcus,Streptococcus sp030825805,495.0,No,,,,,,,,,,,,,,,,,,,,,,,,,,,,,,,,,,,,,,,,,,,,,,,,,,,,,,,,,,,,,,,,,,,,,,,,,,,
ASMA-2873,Bacteria,Bacillota,Bacilli,Lactobacillales,Streptococcaceae,Streptococcus,Streptococcus salivarius,499.0,No,,,,,,,,,,,,,,,,,,,,,,,,,,,,,,,,,,,,,,,,,,,,,,,,,,,,,,,,,,,,,,,,,,,,,,,,,,,
ASMA-2874,Bacteria,Bacillota,Bacilli,Lactobacillales,Streptococcaceae,Streptococcus,Streptococcus salivarius,499.0,No,,,,,,,,,,,,,,,,,,,,,,,,,,,,,,,,,,,,,,,,,,,,,,,,,,,,,,,,,,,,,,,,,,,,,,,,,,,
ASMA-2875,Bacteria,Bacillota,Bacilli,Lactobacillales,Streptococcaceae,Streptococcus,Streptococcus salivarius,499.0,Yes,,,,,,,,,,,,,,,,,,,,,,,,,,,,,,,,,,,,,,,,,,,,,,,,,,,,,,,,,,,,,,,,,,,,,,,,,,,
ASMA-2876,Bacteria,Bacillota,Bacilli,Lactobacillales,Streptococcaceae,Streptococcus,Streptococcus salivarius,499.0,No,,,,,,,,,,,,,,,,,,,,,,,,,,,,,,,,,,,,,,,,,,,,,,,,,,,,,,,,,,,,,,,,,,,,,,,,,,,
ASMA-2877,Bacteria,Bacillota,Bacilli,Lactobacillales,Streptococcaceae,Streptococcus,Streptococcus salivarius,499.0,No,,,,,,,,,,,,,,,,,,,,,,,,,,,,,,,,,,,,,,,,,,,,,,,,,,,,,,,,,,,,,,,,,,,,,,,,,,,
ASMA-2878,Bacteria,Bacillota,Bacilli,Lactobacillales,Streptococcaceae,Streptococcus,Streptococcus salivarius,499.0,No,,,,,,,,,,,,,,,,,,,,,,,,,,,,,,,,,,,,,,,,,,,,,,,,,,,,,,,,,,,,,,,,,,,,,,,,,,,
ASMA-2879,Bacteria,Bacillota,Bacilli,Lactobacillales,Streptococcaceae,Streptococcus,Streptococcus salivarius,499.0,No,,,,,,,,,,,,,,,,,,,,,,,,,,,,,,,,,,,,,,,,,,,,,,,,,,,,,,,,,,,,,,,,,,,,,,,,,,,
ASMA-288,Bacteria,Pseudomonadota,Gammaproteobacteria,Pseudomonadales,Pseudomonadaceae,Pseudomonas,Pseudomonas aeruginosa,535.0,No,,,,,,,,,,,,,,,,,,,,,,,,,,,,,,,,,,,,,,,,,,,,,,,,,,,,,,,,,,,,,,,,,,,,,,,,,,,
ASMA-2880,Bacteria,Bacillota,Bacilli,Lactobacillales,Streptococcaceae,Streptococcus,Streptococcus salivarius,499.0,No,,,,,,,,,,,,,,,,,,,,,,,,,,,,,,,,,,,,,,,,,,,,,,,,,,,,,,,,,,,,,,,,,,,,,,,,,,,
ASMA-2881,Fungi,Saccharomycetes,Ascomycota,Saccharomycetales,Debaryomycetaceae,Candida,Candida albicans,,,,,,,,,,,,,,,,,,,,,,,,,,,,,,,,,,,,,,,,,,,,,,,,,,,,,,,,,,,,,,,,,,,,,,,,,,,,,
ASMA-2882,Fungi,Saccharomycetes,Ascomycota,Saccharomycetales,Debaryomycetaceae,Candida,Candida albicans,,,,,,,,,,,,,,,,,,,,,,,,,,,,,,,,,,,,,,,,,,,,,,,,,,,,,,,,,,,,,,,,,,,,,,,,,,,,,
ASMA-2883,Fungi,Saccharomycetes,Ascomycota,Saccharomycetales,Debaryomycetaceae,Candida,Candida albicans,,,,,,,,,,,,,,,,,,,,,,,,,,,,,,,,,,,,,,,,,,,,,,,,,,,,,,,,,,,,,,,,,,,,,,,,,,,,,
ASMA-2884,Fungi,Saccharomycetes,Ascomycota,Saccharomycetales,Debaryomycetaceae,Candida,Candida albicans,,,,,,,,,,,,,,,,,,,,,,,,,,,,,,,,,,,,,,,,,,,,,,,,,,,,,,,,,,,,,,,,,,,,,,,,,,,,,
ASMA-2885,Fungi,Saccharomycetes,Ascomycota,Saccharomycetales,Debaryomycetaceae,Candida,Candida albicans,,,,,,,,,,,,,,,,,,,,,,,,,,,,,,,,,,,,,,,,,,,,,,,,,,,,,,,,,,,,,,,,,,,,,,,,,,,,,
ASMA-2886,Bacteria,Bacillota,Bacilli,Lactobacillales,Streptococcaceae,Streptococcus,Streptococcus salivarius,499.0,No,,,,,,,,,,,,,,,,,,,,,,,,,,,,,,,,,,,,,,,,,,,,,,,,,,,,,,,,,,,,,,,,,,,,,,,,,,,
ASMA-2887,Bacteria,Pseudomonadota,Gammaproteobacteria,Pseudomonadales,Pseudomonadaceae,Pseudomonas,Pseudomonas aeruginosa,435.0,No,,,,,,,,,,,,,,,,,,,,,,,,,,,,,,,,,,,,,,,,,,,,,,,,,,,,,,,,,,,,,,,,,,,,,,,,,,,
ASMA-2888,Bacteria,Pseudomonadota,Gammaproteobacteria,Pseudomonadales,Pseudomonadaceae,Pseudomonas,Pseudomonas aeruginosa,435.0,No,1,0.0558,,0.0558,20251111.0,0.132,,0.12185,,0.02535000000000001,,0.015200000000000005,,0.1402,,28.25,,0.07380944351674094,,0.9980772933464944,,poor,0,0.0,0,0.0,1,1,22.942452469057045,,20251111,none,,,,,,,,,,,,,,,,,,,,,,,,,,,,,,,,,,,,,,,,,,,
ASMA-2889,Bacteria,Pseudomonadota,Gammaproteobacteria,Pseudomonadales,Pseudomonadaceae,Pseudomonas,Pseudomonas aeruginosa,435.0,No,,,,,,,,,,,,,,,,,,,,,,,,,,,,,,,,,,,,,,,,,,,,,,,,,,,,,,,,,,,,,,,,,,,,,,,,,,,
ASMA-289,Bacteria,Pseudomonadota,Gammaproteobacteria,Pseudomonadales,Pseudomonadaceae,Pseudomonas,Pseudomonas aeruginosa,535.0,No,,,,,,,,,,,,,,,,,,,,,,,,,,,,,,,,,,,,,,,,,,,,,,,,,,,,,,,,,,,,,,,,,,,,,,,,,,,
ASMA-2890,Bacteria,Pseudomonadota,Gammaproteobacteria,Pseudomonadales,Pseudomonadaceae,Pseudomonas,Pseudomonas aeruginosa,435.0,Yes,,,,,,,,,,,,,,,,,,,,,,,,,,,,,,,,,,,,,,,,,,,,,,,,,,,,,,,,,,,,,,,,,,,,,,,,,,,
ASMA-2891,Bacteria,Pseudomonadota,Gammaproteobacteria,Pseudomonadales,Pseudomonadaceae,Pseudomonas,Pseudomonas aeruginosa,435.0,No,,,,,,,,,,,,,,,,,,,,,,,,,,,,,,,,,,,,,,,,,,,,,,,,,,,,,,,,,,,,,,,,,,,,,,,,,,,
ASMA-2892,Bacteria,Pseudomonadota,Gammaproteobacteria,Pseudomonadales,Pseudomonadaceae,Pseudomonas,Pseudomonas aeruginosa,435.0,No,,,,,,,,,,,,,,,,,,,,,,,,,,,,,,,,,,,,,,,,,,,,,,,,,,,,,,,,,,,,,,,,,,,,,,,,,,,
ASMA-2893,Bacteria,Bacillota,Bacilli,Lactobacillales,Streptococcaceae,Streptococcus,Streptococcus salivarius,499.0,No,,,,,,,,,,,,,,,,,,,,,,,,,,,,,,,,,,,,,,,,,,,,,,,,,,,,,,,,,,,,,,,,,,,,,,,,,,,
ASMA-2894,Bacteria,Bacillota,Bacilli,Lactobacillales,Streptococcaceae,Streptococcus,Streptococcus salivarius,499.0,No,,,,,,,,,,,,,,,,,,,,,,,,,,,,,,,,,,,,,,,,,,,,,,,,,,,,,,,,,,,,,,,,,,,,,,,,,,,
ASMA-2895,Bacteria,Bacillota,Bacilli,Lactobacillales,Streptococcaceae,Streptococcus,Streptococcus salivarius,499.0,No,1,0.03384999999999999,,0.03384999999999999,20251111.0,0.17755,,0.1499,,0.06130000000000001,,0.03365,,0.1824,,12.25,,0.044437802416238785,,0.9953913222760679,,no_growth,0,0.0,0,0.0,1,1,34.87303815235421,,20251111,weak,,,,,,,,,,,,,,,,,,,,,,,,,,,,,,,,,,,,,,,,,,,
ASMA-2896,Bacteria,Bacillota,Bacilli,Lactobacillales,Streptococcaceae,Streptococcus,Streptococcus sp900766505,79.0,Yes,1,0.0014000000000000123,,0.0014000000000000123,20251111.0,0.10985,,0.108,,-0.0020000000000000018,,-0.003850000000000006,,0.11685,,7.75,,0.011415415654066759,,0.963669895447695,,no_growth,0,0.0,0,0.0,1,1,17.04733954319255,,20251111,none,,,,,,,,,,,,,,,,,,,,,,,,,,,,,,,,,,,,,,,,,,,
ASMA-2897,Bacteria,Bacillota,Bacilli,Lactobacillales,Streptococcaceae,Streptococcus,Streptococcus oralis_S,80.0,Yes,4,0.007768750000000005,0.012105359952654588,0.025925000000000017,20251121.0,0.180125,0.09728205341514266,0.18560000000000001,0.10308171313736172,0.051025,0.060812255480837636,0.056499999999999995,0.06724892502238729,0.18759375,0.10361418092897967,23.1875,26.79814592467173,0.018340450399908354,0.015461773316520468,0.9869092275773191,0.008575179312977577,no_growth,1,25.0,2,50.0,3,1,19.012377185147372,,20251111,none,0.043466666666666674,5.773502691896023e-05,20251121,0.043699999999999996,utilizes,0.043666666666666666,utilizes,0.04406666666666667,utilizes,0.043199999999999995,no_growth,0.043533333333333334,no_growth,0.0431,no_growth,0.04346666666666666,no_growth,0.04303333333333333,no_growth,0.043366666666666664,no_growth,0.04413333333333334,utilizes,0.0433,no_growth,0.042966666666666674,no_growth,0.04326666666666667,no_growth,0.044033333333333334,utilizes,0.044199999999999996,utilizes,0.042666666666666665,no_growth,0.04303333333333333,no_growth,0.04293333333333333,no_growth,0.043333333333333335,no_growth,0.043133333333333336,no_growth
ASMA-2898,Bacteria,Bacillota,Bacilli,Lactobacillales,Streptococcaceae,Streptococcus,Streptococcus salivarius,499.0,No,,,,,,,,,,,,,,,,,,,,,,,,,,,,,,,,,,,,,,,,,,,,,,,,,,,,,,,,,,,,,,,,,,,,,,,,,,,
ASMA-2899,Fungi,Saccharomycetes,Ascomycota,Saccharomycetales,Debaryomycetaceae,Candida,Candida albicans,,,,,,,,,,,,,,,,,,,,,,,,,,,,,,,,,,,,,,,,,,,,,,,,,,,,,,,,,,,,,,,,,,,,,,,,,,,,,
ASMA-29,Bacteria,Pseudomonadota,Gammaproteobacteria,Pseudomonadales,Pseudomonadaceae,Pseudomonas,Pseudomonas aeruginosa,536.0,No,,,,,,,,,,,,,,,,,,,,,,,,,,,,,,,,,,,,,,,,,,,,,,,,,,,,,,,,,,,,,,,,,,,,,,,,,,,
ASMA-290,Bacteria,Pseudomonadota,Gammaproteobacteria,Pseudomonadales,Pseudomonadaceae,Pseudomonas,Pseudomonas aeruginosa,535.0,No,1,0.5235666666666667,,0.5235666666666667,20251003.0,0.4094333333333333,,0.6006,,0.307,,0.4981666666666667,,0.7051666666666666,,38.25,,0.05926553429385448,,0.9999344601542887,,robust,1,100.0,1,100.0,1,,,,,,0.0536,,20251003,0.0741,uncertain,0.0837,uncertain,0.0676,uncertain,0.0676,uncertain,0.0881,uncertain,0.0753,uncertain,0.0767,uncertain,0.067,uncertain,0.0799,uncertain,0.0559,uncertain,0.0636,uncertain,0.0581,uncertain,0.0548,uncertain,0.0595,uncertain,0.0518,uncertain,0.0663,uncertain,0.0515,uncertain,0.0525,uncertain,0.0584,uncertain,0.0521,uncertain
ASMA-2900,Fungi,Saccharomycetes,Ascomycota,Saccharomycetales,Debaryomycetaceae,Candida,Candida albicans,,,,,,,,,,,,,,,,,,,,,,,,,,,,,,,,,,,,,,,,,,,,,,,,,,,,,,,,,,,,,,,,,,,,,,,,,,,,,
ASMA-2901,Fungi,Saccharomycetes,Ascomycota,Saccharomycetales,Debaryomycetaceae,Candida,Candida albicans,,,,,,,,,,,,,,,,,,,,,,,,,,,,,,,,,,,,,,,,,,,,,,,,,,,,,,,,,,,,,,,,,,,,,,,,,,,,,
ASMA-2902,Fungi,Saccharomycetes,Ascomycota,Saccharomycetales,Debaryomycetaceae,Candida,Candida albicans,,,,,,,,,,,,,,,,,,,,,,,,,,,,,,,,,,,,,,,,,,,,,,,,,,,,,,,,,,,,,,,,,,,,,,,,,,,,,
ASMA-2903,Fungi,Saccharomycetes,Ascomycota,Saccharomycetales,Debaryomycetaceae,Candida,Candida albicans,,,,,,,,,,,,,,,,,,,,,,,,,,,,,,,,,,,,,,,,,,,,,,,,,,,,,,,,,,,,,,,,,,,,,,,,,,,,,
ASMA-2904,Fungi,Saccharomycetes,Ascomycota,Saccharomycetales,Debaryomycetaceae,Candida,Candida albicans,,,,,,,,,,,,,,,,,,,,,,,,,,,,,,,,,,,,,,,,,,,,,,,,,,,,,,,,,,,,,,,,,,,,,,,,,,,,,
ASMA-2905,Bacteria,Bacillota,Bacilli,Lactobacillales,Enterococcaceae,Enterococcus,Enterococcus faecalis,428.0,No,,,,,,,,,,,,,,,,,,,,,,,,,,,,,,,,,,,,,,,,,,,,,,,,,,,,,,,,,,,,,,,,,,,,,,,,,,,
ASMA-2906,Bacteria,Bacillota,Bacilli,Lactobacillales,Streptococcaceae,Streptococcus,Streptococcus salivarius,499.0,No,,,,,,,,,,,,,,,,,,,,,,,,,,,,,,,,,,,,,,,,,,,,,,,,,,,,,,,,,,,,,,,,,,,,,,,,,,,
ASMA-2907,Bacteria,Bacillota,Bacilli,Lactobacillales,Lactobacillaceae,Lactiplantibacillus,Lactiplantibacillus plantarum,,,1,0.004650000000000015,,0.004650000000000015,20251111.0,0.1049,,0.10165,,0.000999999999999987,,-0.002250000000000002,,0.1255,,11.5,,0.006451204668515274,,0.9729840839109378,,no_growth,0,0.0,0,0.0,1,1,17.889498532601763,,20251111,none,,,,,,,,,,,,,,,,,,,,,,,,,,,,,,,,,,,,,,,,,,,
ASMA-2908,Bacteria,Bacillota,Bacilli,Lactobacillales,Streptococcaceae,Streptococcus,Streptococcus salivarius,499.0,No,,,,,,,,,,,,,,,,,,,,,,,,,,,,,,,,,,,,,,,,,,,,,,,,,,,,,,,,,,,,,,,,,,,,,,,,,,,
ASMA-2909,Bacteria,Bacillota,Bacilli,Lactobacillales,Streptococcaceae,Streptococcus,Streptococcus salivarius,499.0,No,,,,,,,,,,,,,,,,,,,,,,,,,,,,,,,,,,,,,,,,,,,,,,,,,,,,,,,,,,,,,,,,,,,,,,,,,,,
ASMA-291,Bacteria,Pseudomonadota,Gammaproteobacteria,Pseudomonadales,Pseudomonadaceae,Pseudomonas,Pseudomonas aeruginosa,535.0,No,,,,,,,,,,,,,,,,,,,,,,,,,,,,,,,,,,,,,,,,,,,,,,,,,,,,,,,,,,,,,,,,,,,,,,,,,,,
ASMA-2910,Fungi,Saccharomycetes,Ascomycota,Saccharomycetales,Debaryomycetaceae,Candida,Candida albicans,,,,,,,,,,,,,,,,,,,,,,,,,,,,,,,,,,,,,,,,,,,,,,,,,,,,,,,,,,,,,,,,,,,,,,,,,,,,,
ASMA-2911,Fungi,Saccharomycetes,Ascomycota,Saccharomycetales,Debaryomycetaceae,Candida,Candida albicans,,,,,,,,,,,,,,,,,,,,,,,,,,,,,,,,,,,,,,,,,,,,,,,,,,,,,,,,,,,,,,,,,,,,,,,,,,,,,
ASMA-2912,Fungi,Saccharomycetes,Ascomycota,Saccharomycetales,Debaryomycetaceae,Candida,Candida albicans,,,,,,,,,,,,,,,,,,,,,,,,,,,,,,,,,,,,,,,,,,,,,,,,,,,,,,,,,,,,,,,,,,,,,,,,,,,,,
ASMA-2913,Bacteria,Bacillota,Bacilli,Lactobacillales,Lactobacillaceae,Lactiplantibacillus,Lactiplantibacillus plantarum,,,,,,,,,,,,,,,,,,,,,,,,,,,,,,,,,,,,,,,,,,,,,,,,,,,,,,,,,,,,,,,,,,,,,,,,,,,,,
ASMA-2914,Bacteria,Bacillota,Bacilli,Lactobacillales,Lactobacillaceae,Lactiplantibacillus,Lactiplantibacillus plantarum,,,,,,,,,,,,,,,,,,,,,,,,,,,,,,,,,,,,,,,,,,,,,,,,,,,,,,,,,,,,,,,,,,,,,,,,,,,,,
ASMA-2915,Bacteria,Bacillota,Bacilli,Lactobacillales,Lactobacillaceae,Lactiplantibacillus,Lactiplantibacillus plantarum,,,1,0.005400000000000016,,0.005400000000000016,20251111.0,0.16955,,0.1663,,0.05945,,0.0562,,0.1699,,28.75,,0.04678775431056907,,0.998879023106545,,no_growth,0,0.0,0,0.0,1,1,18.731657522010977,,20251111,none,,,,,,,,,,,,,,,,,,,,,,,,,,,,,,,,,,,,,,,,,,,
ASMA-2916,Bacteria,Bacillota,Bacilli,Lactobacillales,Lactobacillaceae,Lactiplantibacillus,Lactiplantibacillus plantarum,,,,,,,,,,,,,,,,,,,,,,,,,,,,,,,,,,,,,,,,,,,,,,,,,,,,,,,,,,,,,,,,,,,,,,,,,,,,,
ASMA-2917,Bacteria,Bacillota,Bacilli,Lactobacillales,Lactobacillaceae,Lactiplantibacillus,Lactiplantibacillus plantarum,,,,,,,,,,,,,,,,,,,,,,,,,,,,,,,,,,,,,,,,,,,,,,,,,,,,,,,,,,,,,,,,,,,,,,,,,,,,,
ASMA-2918,Bacteria,Bacillota,Bacilli,Lactobacillales,Lactobacillaceae,Lactiplantibacillus,Lactiplantibacillus plantarum,,,,,,,,,,,,,,,,,,,,,,,,,,,,,,,,,,,,,,,,,,,,,,,,,,,,,,,,,,,,,,,,,,,,,,,,,,,,,
ASMA-2919,Bacteria,Bacillota,Bacilli,Lactobacillales,Lactobacillaceae,Lactiplantibacillus,Lactiplantibacillus plantarum,,,1,0.013749999999999998,,0.013749999999999998,20251111.0,0.17585,,0.1887,,0.07690000000000001,,0.08975000000000001,,0.18965,,46.0,,0.022134622441743742,,0.9980432497649036,,no_growth,0,0.0,0,0.0,1,1,17.32805920632896,,20251111,none,,,,,,,,,,,,,,,,,,,,,,,,,,,,,,,,,,,,,,,,,,,
ASMA-292,Bacteria,Pseudomonadota,Gammaproteobacteria,Pseudomonadales,Pseudomonadaceae,Pseudomonas,Pseudomonas aeruginosa,535.0,No,,,,,,,,,,,,,,,,,,,,,,,,,,,,,,,,,,,,,,,,,,,,,,,,,,,,,,,,,,,,,,,,,,,,,,,,,,,
ASMA-2920,Bacteria,Bacillota,Bacilli,Lactobacillales,Lactobacillaceae,Lacticaseibacillus,Lacticaseibacillus paracasei,325.0,No,1,0.0039000000000000007,,0.0039000000000000007,20251111.0,0.0997,,0.11255,,-0.0031000000000000055,,0.009749999999999995,,0.11255,,48.0,,0.023663303743159746,,0.9591270526422787,,no_growth,0,0.0,0,0.0,1,1,17.889498532601763,,20251111,none,,,,,,,,,,,,,,,,,,,,,,,,,,,,,,,,,,,,,,,,,,,
ASMA-2921,Bacteria,Bacillota,Bacilli,Lactobacillales,Lactobacillaceae,Lacticaseibacillus,Lacticaseibacillus paracasei,325.0,Yes,,,,,,,,,,,,,,,,,,,,,,,,,,,,,,,,,,,,,,,,,,,,,,,,,,,,,,,,,,,,,,,,,,,,,,,,,,,
ASMA-2922,Bacteria,Bacillota,Bacilli,Lactobacillales,Lactobacillaceae,Lacticaseibacillus,Lacticaseibacillus paracasei,325.0,No,,,,,,,,,,,,,,,,,,,,,,,,,,,,,,,,,,,,,,,,,,,,,,,,,,,,,,,,,,,,,,,,,,,,,,,,,,,
ASMA-2923,Bacteria,Actinomycetota,Actinomycetes,Micrococcales,Micrococcaceae,Rothia,Rothia dentocariosa,509.0,No,,,,,,,,,,,,,,,,,,,,,,,,,,,,,,,,,,,,,,,,,,,,,,,,,,,,,,,,,,,,,,,,,,,,,,,,,,,
ASMA-2924,Bacteria,Actinomycetota,Actinomycetes,Micrococcales,Micrococcaceae,Rothia,Rothia dentocariosa,509.0,No,,,,,,,,,,,,,,,,,,,,,,,,,,,,,,,,,,,,,,,,,,,,,,,,,,,,,,,,,,,,,,,,,,,,,,,,,,,
ASMA-2925,Bacteria,Actinomycetota,Actinomycetes,Micrococcales,Micrococcaceae,Rothia,Rothia dentocariosa,509.0,No,,,,,,,,,,,,,,,,,,,,,,,,,,,,,,,,,,,,,,,,,,,,,,,,,,,,,,,,,,,,,,,,,,,,,,,,,,,
ASMA-2926,Bacteria,Actinomycetota,Actinomycetes,Micrococcales,Micrococcaceae,Rothia,Rothia dentocariosa,509.0,No,,,,,,,,,,,,,,,,,,,,,,,,,,,,,,,,,,,,,,,,,,,,,,,,,,,,,,,,,,,,,,,,,,,,,,,,,,,
ASMA-2927,Bacteria,Actinomycetota,Actinomycetes,Micrococcales,Micrococcaceae,Rothia,Rothia dentocariosa,509.0,No,,,,,,,,,,,,,,,,,,,,,,,,,,,,,,,,,,,,,,,,,,,,,,,,,,,,,,,,,,,,,,,,,,,,,,,,,,,
ASMA-2928,Bacteria,Actinomycetota,Actinomycetes,Micrococcales,Micrococcaceae,Rothia,Rothia dentocariosa,509.0,No,,,,,,,,,,,,,,,,,,,,,,,,,,,,,,,,,,,,,,,,,,,,,,,,,,,,,,,,,,,,,,,,,,,,,,,,,,,
ASMA-2929,Bacteria,Actinomycetota,Actinomycetes,Micrococcales,Micrococcaceae,Rothia,Rothia dentocariosa,510.0,No,,,,,,,,,,,,,,,,,,,,,,,,,,,,,,,,,,,,,,,,,,,,,,,,,,,,,,,,,,,,,,,,,,,,,,,,,,,
ASMA-293,Bacteria,Pseudomonadota,Gammaproteobacteria,Pseudomonadales,Pseudomonadaceae,Pseudomonas,Pseudomonas aeruginosa,535.0,No,,,,,,,,,,,,,,,,,,,,,,,,,,,,,,,,,,,,,,,,,,,,,,,,,,,,,,,,,,,,,,,,,,,,,,,,,,,
ASMA-2930,Bacteria,Actinomycetota,Actinomycetes,Micrococcales,Micrococcaceae,Rothia,Rothia dentocariosa,510.0,No,,,,,,,,,,,,,,,,,,,,,,,,,,,,,,,,,,,,,,,,,,,,,,,,,,,,,,,,,,,,,,,,,,,,,,,,,,,
ASMA-2931,Bacteria,Actinomycetota,Actinomycetes,Micrococcales,Micrococcaceae,Rothia,Rothia dentocariosa,510.0,No,,,,,,,,,,,,,,,,,,,,,,,,,,,,,,,,,,,,,,,,,,,,,,,,,,,,,,,,,,,,,,,,,,,,,,,,,,,
ASMA-2932,Bacteria,Actinomycetota,Actinomycetes,Micrococcales,Micrococcaceae,Rothia,Rothia dentocariosa,510.0,No,,,,,,,,,,,,,,,,,,,,,,,,,,,,,,,,,,,,,,,,,,,,,,,,,,,,,,,,,,,,,,,,,,,,,,,,,,,
ASMA-2933,Bacteria,Actinomycetota,Actinomycetes,Micrococcales,Micrococcaceae,Rothia,Rothia dentocariosa,509.0,No,,,,,,,,,,,,,,,,,,,,,,,,,,,,,,,,,,,,,,,,,,,,,,,,,,,,,,,,,,,,,,,,,,,,,,,,,,,
ASMA-2934,Bacteria,Actinomycetota,Actinomycetes,Micrococcales,Micrococcaceae,Rothia,Rothia dentocariosa,509.0,No,,,,,,,,,,,,,,,,,,,,,,,,,,,,,,,,,,,,,,,,,,,,,,,,,,,,,,,,,,,,,,,,,,,,,,,,,,,
ASMA-2935,Bacteria,Actinomycetota,Actinomycetes,Micrococcales,Micrococcaceae,Rothia,Rothia dentocariosa,509.0,No,4,0.04235,0.02262626607875604,0.07574999999999998,20251121.0,0.15935,0.06091447214469372,0.1501875,0.05199960136065148,0.043574999999999996,0.03940159154991923,0.0344125,0.03056962340297963,0.16510625,0.06579767085226751,22.0,8.044149012377465,0.023670667640761308,0.015249186878238999,0.9962768843763428,0.0021198255884346383,no_growth,0,0.0,0,0.0,3,1,53.5408957509251,,20251111,strong,0.07943333333333334,0.012791142768858975,20251121,0.2041666666666667,utilizes,0.05773333333333333,no_growth,0.04906666666666667,no_growth,0.055799999999999995,no_growth,0.05249999999999999,no_growth,0.05386666666666667,no_growth,0.06033333333333333,no_growth,0.058,no_growth,0.05706666666666666,no_growth,0.05356666666666667,no_growth,0.05153333333333334,no_growth,0.05436666666666667,no_growth,0.05983333333333334,no_growth,0.0573,no_growth,0.051366666666666665,no_growth,0.05156666666666667,no_growth,0.0552,no_growth,0.05453333333333333,no_growth,0.05356666666666667,no_growth,0.0573,no_growth
ASMA-2936,Bacteria,Actinomycetota,Actinomycetes,Micrococcales,Micrococcaceae,Rothia,Rothia dentocariosa,509.0,Yes,,,,,,,,,,,,,,,,,,,,,,,,,,,,,,,,,,,,,,,,,,,,,,,,,,,,,,,,,,,,,,,,,,,,,,,,,,,
ASMA-2937,Bacteria,Actinomycetota,Actinomycetes,Micrococcales,Micrococcaceae,Rothia,Rothia dentocariosa,510.0,No,,,,,,,,,,,,,,,,,,,,,,,,,,,,,,,,,,,,,,,,,,,,,,,,,,,,,,,,,,,,,,,,,,,,,,,,,,,
ASMA-2938,Bacteria,Actinomycetota,Actinomycetes,Micrococcales,Micrococcaceae,Rothia,Rothia dentocariosa,510.0,No,,,,,,,,,,,,,,,,,,,,,,,,,,,,,,,,,,,,,,,,,,,,,,,,,,,,,,,,,,,,,,,,,,,,,,,,,,,
ASMA-2939,Bacteria,Bacillota,Bacilli,Lactobacillales,Streptococcaceae,Streptococcus,Streptococcus mitis_BZ,242.0,No,,,,,,,,,,,,,,,,,,,,,,,,,,,,,,,,,,,,,,,,,,,,,,,,,,,,,,,,,,,,,,,,,,,,,,,,,,,
ASMA-294,Bacteria,Pseudomonadota,Gammaproteobacteria,Pseudomonadales,Pseudomonadaceae,Pseudomonas,Pseudomonas aeruginosa,535.0,No,,,,,,,,,,,,,,,,,,,,,,,,,,,,,,,,,,,,,,,,,,,,,,,,,,,,,,,,,,,,,,,,,,,,,,,,,,,
ASMA-2940,Bacteria,Actinomycetota,Actinomycetes,Actinomycetales,Actinomycetaceae,Actinomyces,Actinomyces oris,81.0,Yes,4,0.07925625,0.03257486489483367,0.11107500000000001,20251121.0,0.12076875,0.01503788791408775,0.12361249999999999,0.018437490112991693,0.00923125,0.010923357523368593,0.012074999999999995,0.015659302347167323,0.1483375,0.029507834411672207,12.625,8.550097465331413,0.032273903245476236,0.03691816658015496,0.9792599105582092,0.012675372988972285,poor,0,0.0,0,0.0,3,1,37.259155289013655,,20251111,weak,0.05453333333333334,0.010819118879711664,20251121,0.07823333333333334,utilizes,0.04593333333333333,no_growth,0.0456,no_growth,0.046033333333333336,no_growth,0.0462,no_growth,0.0457,no_growth,0.04886666666666667,no_growth,0.04573333333333333,no_growth,0.04643333333333333,no_growth,0.0456,no_growth,0.0462,no_growth,0.04716666666666666,no_growth,0.04886666666666667,no_growth,0.049166666666666664,no_growth,0.050133333333333335,no_growth,0.04583333333333333,no_growth,0.0466,no_growth,0.04463333333333333,no_growth,0.05136666666666667,no_growth,0.047066666666666666,no_growth
ASMA-2941,Bacteria,Bacillota,Bacilli,Lactobacillales,Streptococcaceae,Streptococcus,Streptococcus sanguinis_N,370.0,No,,,,,,,,,,,,,,,,,,,,,,,,,,,,,,,,,,,,,,,,,,,,,,,,,,,,,,,,,,,,,,,,,,,,,,,,,,,
ASMA-2942,Bacteria,Bacillota,Bacilli,Lactobacillales,Streptococcaceae,Streptococcus,Streptococcus sanguinis_N,370.0,No,,,,,,,,,,,,,,,,,,,,,,,,,,,,,,,,,,,,,,,,,,,,,,,,,,,,,,,,,,,,,,,,,,,,,,,,,,,
ASMA-2943,Bacteria,Bacillota,Bacilli,Staphylococcales,Gemellaceae,Gemella,Gemella sanguinis,412.0,No,1,0.0027500000000000024,,0.0027500000000000024,20251111.0,0.2584,,0.3219,,0.0806,,0.1441,,0.40435,,18.0,,0.0634424505390619,,0.9998104101024526,,no_growth,0,0.0,1,100.0,1,1,15.082301901237727,,20251111,none,,,,,,,,,,,,,,,,,,,,,,,,,,,,,,,,,,,,,,,,,,,
ASMA-2944,Bacteria,Bacillota,Bacilli,Staphylococcales,Gemellaceae,Gemella,Gemella haemolysans_B,243.0,Yes,1,0.0020000000000000018,,0.0020000000000000018,20251111.0,0.0947,,0.0929,,-0.0008499999999999897,,-0.0026499999999999996,,0.1001,,7.0,,0.02057753631165265,,0.9556758257659199,,no_growth,0,0.0,0,0.0,1,1,16.62626004848795,,20251111,none,,,,,,,,,,,,,,,,,,,,,,,,,,,,,,,,,,,,,,,,,,,
ASMA-2945,Bacteria,Actinomycetota,Actinomycetes,Micrococcales,Micrococcaceae,Rothia,Rothia dentocariosa,82.0,Yes,1,0.1536499999999999,,0.1536499999999999,20251111.0,0.40725,,0.4635,,0.27995000000000003,,0.33620000000000005,,0.5138,,12.0,,0.12403288879012438,,0.9996585695349153,,normal,1,100.0,1,100.0,1,1,22.240653311216036,,20251111,none,,,,,,,,,,,,,,,,,,,,,,,,,,,,,,,,,,,,,,,,,,,
ASMA-2946,Bacteria,Actinomycetota,Actinomycetes,Micrococcales,Micrococcaceae,Rothia,Rothia dentocariosa,510.0,No,,,,,,,,,,,,,,,,,,,,,,,,,,,,,,,,,,,,,,,,,,,,,,,,,,,,,,,,,,,,,,,,,,,,,,,,,,,
ASMA-2947,Bacteria,Actinomycetota,Actinomycetes,Micrococcales,Micrococcaceae,Rothia,Rothia dentocariosa,510.0,No,,,,,,,,,,,,,,,,,,,,,,,,,,,,,,,,,,,,,,,,,,,,,,,,,,,,,,,,,,,,,,,,,,,,,,,,,,,
ASMA-2948,Bacteria,Bacillota,Bacilli,Staphylococcales,Gemellaceae,Gemella,Gemella sanguinis,412.0,Yes,,,,,,,,,,,,,,,,,,,,,,,,,,,,,,,,,,,,,,,,,,,,,,,,,,,,,,,,,,,,,,,,,,,,,,,,,,,
ASMA-2949,Bacteria,Bacillota,Bacilli,Staphylococcales,Gemellaceae,Gemella,Gemella sanguinis,412.0,No,,,,,,,,,,,,,,,,,,,,,,,,,,,,,,,,,,,,,,,,,,,,,,,,,,,,,,,,,,,,,,,,,,,,,,,,,,,
ASMA-295,Bacteria,Pseudomonadota,Gammaproteobacteria,Pseudomonadales,Pseudomonadaceae,Pseudomonas,Pseudomonas aeruginosa,535.0,No,,,,,,,,,,,,,,,,,,,,,,,,,,,,,,,,,,,,,,,,,,,,,,,,,,,,,,,,,,,,,,,,,,,,,,,,,,,
ASMA-2950,Bacteria,Actinomycetota,Actinomycetes,Micrococcales,Micrococcaceae,Rothia,Rothia dentocariosa,510.0,No,,,,,,,,,,,,,,,,,,,,,,,,,,,,,,,,,,,,,,,,,,,,,,,,,,,,,,,,,,,,,,,,,,,,,,,,,,,
ASMA-2951,Bacteria,Actinomycetota,Actinomycetes,Actinomycetales,Actinomycetaceae,Actinomyces,Actinomyces oris_A,371.0,No,,,,,,,,,,,,,,,,,,,,,,,,,,,,,,,,,,,,,,,,,,,,,,,,,,,,,,,,,,,,,,,,,,,,,,,,,,,
ASMA-2952,Bacteria,Actinomycetota,Actinomycetes,Actinomycetales,Actinomycetaceae,Actinomyces,Actinomyces oris_A,371.0,No,,,,,,,,,,,,,,,,,,,,,,,,,,,,,,,,,,,,,,,,,,,,,,,,,,,,,,,,,,,,,,,,,,,,,,,,,,,
ASMA-2953,Bacteria,Bacillota,Bacilli,Lactobacillales,Streptococcaceae,Streptococcus,undetermined species,,,,,,,,,,,,,,,,,,,,,,,,,,,,,,,,,,,,,,,,,,,,,,,,,,,,,,,,,,,,,,,,,,,,,,,,,,,,,
ASMA-2954,Bacteria,Bacillota,Bacilli,Staphylococcales,Staphylococcaceae,Staphylococcus,Staphylococcus epidermidis,,,,,,,,,,,,,,,,,,,,,,,,,,,,,,,,,,,,,,,,,,,,,,,,,,,,,,,,,,,,,,,,,,,,,,,,,,,,,
ASMA-2955,Bacteria,Bacillota,Bacilli,Staphylococcales,Gemellaceae,Gemella,Gemella sanguinis,412.0,No,,,,,,,,,,,,,,,,,,,,,,,,,,,,,,,,,,,,,,,,,,,,,,,,,,,,,,,,,,,,,,,,,,,,,,,,,,,
ASMA-2956,Bacteria,Bacillota,Bacilli,Staphylococcales,Gemellaceae,Gemella,Gemella sanguinis,412.0,No,,,,,,,,,,,,,,,,,,,,,,,,,,,,,,,,,,,,,,,,,,,,,,,,,,,,,,,,,,,,,,,,,,,,,,,,,,,
ASMA-2957,Bacteria,Actinomycetota,Actinomycetes,Micrococcales,Micrococcaceae,Rothia,Rothia dentocariosa,510.0,No,,,,,,,,,,,,,,,,,,,,,,,,,,,,,,,,,,,,,,,,,,,,,,,,,,,,,,,,,,,,,,,,,,,,,,,,,,,
ASMA-2958,Bacteria,Actinomycetota,Actinomycetes,Micrococcales,Micrococcaceae,Rothia,Rothia dentocariosa,509.0,No,,,,,,,,,,,,,,,,,,,,,,,,,,,,,,,,,,,,,,,,,,,,,,,,,,,,,,,,,,,,,,,,,,,,,,,,,,,
ASMA-2959,Bacteria,Actinomycetota,Actinomycetes,Mycobacteriales,Mycobacteriaceae,Corynebacterium,Corynebacterium durum,83.0,Yes,3,0.061175,0.0431072427209164,0.110425,20251121.0,0.231325,0.18994001026639964,0.25379999999999997,0.2051649199424697,0.119475,0.1871235237082714,0.14195,0.20231469453551806,0.263275,0.1969378328305661,40.333333333333336,8.16368993368399,0.04897098824106115,0.04709494642127728,0.9939502953049113,0.007013358531149403,poor,1,33.33333333333333,1,33.33333333333333,2,,,,,,0.04906666666666667,0.0023965252624024926,20251121,0.055466666666666664,utilizes,0.04633333333333334,no_growth,0.046000000000000006,no_growth,0.04766666666666666,no_growth,0.04643333333333333,no_growth,0.04700000000000001,no_growth,0.04826666666666667,no_growth,0.0483,no_growth,0.04800000000000001,no_growth,0.04613333333333333,no_growth,0.054900000000000004,utilizes,0.05253333333333334,no_growth,0.04680000000000001,no_growth,0.04816666666666666,no_growth,0.04699999999999999,no_growth,0.05079999999999999,no_growth,0.047999999999999994,no_growth,0.04723333333333333,no_growth,0.04543333333333333,no_growth,0.04766666666666666,no_growth
ASMA-296,Bacteria,Pseudomonadota,Gammaproteobacteria,Pseudomonadales,Pseudomonadaceae,Pseudomonas,Pseudomonas aeruginosa,535.0,No,,,,,,,,,,,,,,,,,,,,,,,,,,,,,,,,,,,,,,,,,,,,,,,,,,,,,,,,,,,,,,,,,,,,,,,,,,,
ASMA-2960,Bacteria,Actinomycetota,Actinomycetes,Micrococcales,Micrococcaceae,Rothia,Rothia dentocariosa,510.0,No,,,,,,,,,,,,,,,,,,,,,,,,,,,,,,,,,,,,,,,,,,,,,,,,,,,,,,,,,,,,,,,,,,,,,,,,,,,
ASMA-2961,Bacteria,Bacillota,Bacilli,Staphylococcales,Gemellaceae,Gemella,Gemella haemolysans_B,243.0,No,,,,,,,,,,,,,,,,,,,,,,,,,,,,,,,,,,,,,,,,,,,,,,,,,,,,,,,,,,,,,,,,,,,,,,,,,,,
ASMA-2962,Bacteria,Bacillota,Bacilli,Lactobacillales,Lactobacillaceae,Lacticaseibacillus,Lacticaseibacillus paracasei,84.0,Yes,4,0.06665625,0.045899820147614234,0.1196,20251121.0,0.1099125,0.006291578365826286,0.109775,0.005992182407103432,0.0015999999999999973,0.0014368658021309234,0.0014624999999999985,0.0020172691937369197,0.11185625,0.006579905489442838,13.625,11.778334630441888,0.003853787362583707,0.0015296696392082755,0.9614810384316408,0.014432392305716694,poor,0,0.0,0,0.0,2,1,11.994385606737268,,20251111,none,0.05146666666666667,0.005163655036244512,20251121,0.04950000000000001,no_growth,0.0461,no_growth,0.04663333333333333,no_growth,0.04723333333333333,no_growth,0.046533333333333336,no_growth,0.04700000000000001,no_growth,0.04736666666666667,no_growth,0.04750000000000001,no_growth,0.04763333333333333,no_growth,0.046433333333333326,no_growth,0.04703333333333334,no_growth,0.0472,no_growth,0.04803333333333334,no_growth,0.04733333333333333,no_growth,0.04643333333333333,no_growth,0.0464,no_growth,0.04623333333333333,no_growth,0.044199999999999996,no_growth,0.08433333333333333,utilizes,0.0477,no_growth
ASMA-2963,Bacteria,Bacillota,Bacilli,Lactobacillales,Streptococcaceae,Streptococcus,Streptococcus oralis_S,326.0,No,1,0.0032000000000000084,,0.0032000000000000084,20251111.0,0.09359999999999999,,0.09325,,-0.0007500000000000145,,-0.0011000000000000038,,0.09435,,0.0,,,,,,no_growth,0,0.0,0,0.0,0,1,5.537833354599982,,20251111,none,,,,,,,,,,,,,,,,,,,,,,,,,,,,,,,,,,,,,,,,,,,
ASMA-2965,Bacteria,Actinomycetota,Actinomycetes,Actinomycetales,Micrococcaceae,Micrococcus,Micrococcus luteus,85.0,Yes,4,0.25250625,0.017962024465985636,0.26739999999999997,20251121.0,0.43359375,0.03193277036081691,0.45581875,0.07683380976443033,0.2959625,0.04282391514485023,0.3181875,0.09475507132426565,0.5097499999999999,0.07486947809354624,34.25,11.337621737677908,0.08235917196203373,0.051188642445457525,0.9989587804889531,0.0006679500871821056,robust,4,100.0,4,100.0,4,1,30.521883373739954,,20251111,weak,0.3657333333333333,0.05548065729002618,20251121,0.5085666666666667,utilizes,0.2292666666666667,no_growth,0.0678,no_growth,0.0714,no_growth,0.11136666666666666,no_growth,0.08849999999999998,no_growth,0.2731333333333333,no_growth,0.10510000000000001,no_growth,0.32936666666666664,no_growth,0.28476666666666667,no_growth,0.26496666666666663,no_growth,0.36156666666666665,no_growth,0.3252,no_growth,0.11166666666666668,no_growth,0.2066,no_growth,0.34909999999999997,no_growth,0.3449333333333333,no_growth,0.11246666666666666,no_growth,0.10029999999999999,no_growth,0.07083333333333335,no_growth
ASMA-2966,Bacteria,Actinomycetota,Actinomycetes,Micrococcales,Micrococcaceae,Rothia,Rothia dentocariosa,509.0,No,,,,,,,,,,,,,,,,,,,,,,,,,,,,,,,,,,,,,,,,,,,,,,,,,,,,,,,,,,,,,,,,,,,,,,,,,,,
ASMA-2967,Bacteria,Actinomycetota,Actinomycetes,Micrococcales,Micrococcaceae,Rothia,Rothia dentocariosa,509.0,No,,,,,,,,,,,,,,,,,,,,,,,,,,,,,,,,,,,,,,,,,,,,,,,,,,,,,,,,,,,,,,,,,,,,,,,,,,,
ASMA-2968,Bacteria,Actinomycetota,Actinomycetes,Micrococcales,Micrococcaceae,Rothia,Rothia dentocariosa,509.0,No,,,,,,,,,,,,,,,,,,,,,,,,,,,,,,,,,,,,,,,,,,,,,,,,,,,,,,,,,,,,,,,,,,,,,,,,,,,
ASMA-2969,Bacteria,Actinomycetota,Actinomycetes,Micrococcales,Micrococcaceae,Rothia,Rothia dentocariosa,509.0,No,,,,,,,,,,,,,,,,,,,,,,,,,,,,,,,,,,,,,,,,,,,,,,,,,,,,,,,,,,,,,,,,,,,,,,,,,,,
ASMA-297,Bacteria,Pseudomonadota,Gammaproteobacteria,Pseudomonadales,Pseudomonadaceae,Pseudomonas,Pseudomonas aeruginosa,535.0,No,,,,,,,,,,,,,,,,,,,,,,,,,,,,,,,,,,,,,,,,,,,,,,,,,,,,,,,,,,,,,,,,,,,,,,,,,,,
ASMA-2970,Bacteria,Actinomycetota,Actinomycetes,Micrococcales,Micrococcaceae,Rothia,Rothia dentocariosa,509.0,No,,,,,,,,,,,,,,,,,,,,,,,,,,,,,,,,,,,,,,,,,,,,,,,,,,,,,,,,,,,,,,,,,,,,,,,,,,,
ASMA-2971,Bacteria,Actinomycetota,Actinomycetes,Micrococcales,Micrococcaceae,Rothia,Rothia dentocariosa,510.0,Yes,4,0.08415625,0.10261175691045347,0.23795,20251121.0,0.11999375,0.034457971834057015,0.118975,0.033510707244103335,0.0057562499999999905,0.02282705243601692,0.004737499999999999,0.021757072604864217,0.14825625,0.03972672995498958,10.5,17.381743295768697,0.10019893207252074,0.06022611593637051,0.9920958849574856,0.006115078752367607,poor,0,0.0,0,0.0,3,1,30.521883373739954,,20251111,weak,0.0978,0.02478648825469232,20251121,0.15213333333333334,utilizes,0.049666666666666665,no_growth,0.04716666666666666,no_growth,0.051833333333333335,no_growth,0.05106666666666667,no_growth,0.0499,no_growth,0.05280000000000001,no_growth,0.05093333333333333,no_growth,0.051833333333333335,no_growth,0.0521,no_growth,0.04823333333333333,no_growth,0.053233333333333334,no_growth,0.05253333333333334,no_growth,0.0531,no_growth,0.04776666666666667,no_growth,0.04823333333333333,no_growth,0.0519,no_growth,0.05503333333333333,no_growth,0.0509,no_growth,0.05093333333333333,no_growth
ASMA-2972,Bacteria,Actinomycetota,Actinomycetes,Micrococcales,Micrococcaceae,Rothia,Rothia dentocariosa,510.0,No,,,,,,,,,,,,,,,,,,,,,,,,,,,,,,,,,,,,,,,,,,,,,,,,,,,,,,,,,,,,,,,,,,,,,,,,,,,
ASMA-2973,Bacteria,Actinomycetota,Actinomycetes,Micrococcales,Micrococcaceae,Rothia,Rothia dentocariosa,510.0,No,,,,,,,,,,,,,,,,,,,,,,,,,,,,,,,,,,,,,,,,,,,,,,,,,,,,,,,,,,,,,,,,,,,,,,,,,,,
ASMA-2974,Bacteria,Actinomycetota,Actinomycetes,Actinomycetales,Actinomycetaceae,Actinomyces,Actinomyces oris_A,371.0,No,4,0.03973125,0.020657871532420765,0.052925000000000014,20251121.0,0.25939375,0.10118865708624,0.32885,0.15113932314258918,0.1225875,0.08284855787318611,0.19204375,0.12907607959229575,0.33418749999999997,0.1464591033645001,23.875,17.666470124692896,0.030029647257090487,0.014035685954077292,0.9944953255555454,0.010731124208061538,no_growth,3,75.0,3,75.0,4,1,38.52239377312748,,20251111,weak,0.0545,0.005102940328869229,20251121,0.07433333333333335,utilizes,0.04773333333333333,no_growth,0.0431,no_growth,0.04973333333333333,no_growth,0.04626666666666666,no_growth,0.04763333333333333,no_growth,0.049133333333333334,no_growth,0.0467,no_growth,0.0483,no_growth,0.04523333333333333,no_growth,0.045566666666666665,no_growth,0.04866666666666667,no_growth,0.04643333333333333,no_growth,0.0501,no_growth,0.04356666666666666,no_growth,0.04413333333333334,no_growth,0.04636666666666667,no_growth,0.04516666666666666,no_growth,0.06946666666666668,utilizes,0.045599999999999995,no_growth
ASMA-2975,Bacteria,Actinomycetota,Actinomycetes,Micrococcales,Micrococcaceae,Rothia,Rothia dentocariosa,510.0,No,,,,,,,,,,,,,,,,,,,,,,,,,,,,,,,,,,,,,,,,,,,,,,,,,,,,,,,,,,,,,,,,,,,,,,,,,,,
ASMA-2976,Bacteria,Actinomycetota,Actinomycetes,Micrococcales,Micrococcaceae,Rothia,Rothia dentocariosa,510.0,No,,,,,,,,,,,,,,,,,,,,,,,,,,,,,,,,,,,,,,,,,,,,,,,,,,,,,,,,,,,,,,,,,,,,,,,,,,,
ASMA-2977,Bacteria,Actinomycetota,Actinomycetes,Actinomycetales,Actinomycetaceae,Actinomyces,Actinomyces oris_A,371.0,Yes,,,,,,,,,,,,,,,,,,,,,,,,,,,,,,,,,,,,,,,,,,,,,,,,,,,,,,,,,,,,,,,,,,,,,,,,,,,
ASMA-2978,Bacteria,Bacillota,Bacilli,Lactobacillales,Streptococcaceae,Streptococcus,Streptococcus oralis_S,326.0,Yes,,,,,,,,,,,,,,,,,,,,,,,,,,,,,,,,,,,,,,,,,,,,,,,,,,,,,,,,,,,,,,,,,,,,,,,,,,,
ASMA-2979,Bacteria,Actinomycetota,Actinomycetes,Micrococcales,Micrococcaceae,Rothia,Rothia dentocariosa,510.0,No,,,,,,,,,,,,,,,,,,,,,,,,,,,,,,,,,,,,,,,,,,,,,,,,,,,,,,,,,,,,,,,,,,,,,,,,,,,
ASMA-298,Bacteria,Pseudomonadota,Gammaproteobacteria,Pseudomonadales,Pseudomonadaceae,Pseudomonas,Pseudomonas aeruginosa,535.0,No,,,,,,,,,,,,,,,,,,,,,,,,,,,,,,,,,,,,,,,,,,,,,,,,,,,,,,,,,,,,,,,,,,,,,,,,,,,
ASMA-2980,Bacteria,Actinomycetota,Actinomycetes,Micrococcales,Micrococcaceae,Rothia,Rothia dentocariosa,509.0,No,,,,,,,,,,,,,,,,,,,,,,,,,,,,,,,,,,,,,,,,,,,,,,,,,,,,,,,,,,,,,,,,,,,,,,,,,,,
ASMA-2981,Bacteria,Actinomycetota,Actinomycetes,Micrococcales,Micrococcaceae,Rothia,Rothia dentocariosa,509.0,No,,,,,,,,,,,,,,,,,,,,,,,,,,,,,,,,,,,,,,,,,,,,,,,,,,,,,,,,,,,,,,,,,,,,,,,,,,,
ASMA-2982,Bacteria,Actinomycetota,Actinomycetes,Micrococcales,Micrococcaceae,Rothia,Rothia dentocariosa,510.0,No,,,,,,,,,,,,,,,,,,,,,,,,,,,,,,,,,,,,,,,,,,,,,,,,,,,,,,,,,,,,,,,,,,,,,,,,,,,
ASMA-2983,Bacteria,Actinomycetota,Actinomycetes,Micrococcales,Micrococcaceae,Rothia,Rothia dentocariosa,509.0,No,,,,,,,,,,,,,,,,,,,,,,,,,,,,,,,,,,,,,,,,,,,,,,,,,,,,,,,,,,,,,,,,,,,,,,,,,,,
ASMA-2984,Bacteria,Pseudomonadota,Gammaproteobacteria,Pseudomonadales,Pseudomonadaceae,Pseudomonas,Pseudomonas aeruginosa,462.0,No,,,,,,,,,,,,,,,,,,,,,,,,,,,,,,,,,,,,,,,,,,,,,,,,,,,,,,,,,,,,,,,,,,,,,,,,,,,
ASMA-2985,Bacteria,Pseudomonadota,Gammaproteobacteria,Pseudomonadales,Pseudomonadaceae,Pseudomonas_E,Pseudomonas_E juntendi,86.0,Yes,4,0.48394375,0.12975438395772992,0.6766,20251121.0,0.18985,0.13442937891944104,0.18099375,0.12021867120480913,0.056525,0.11212917959508428,0.04766875000000001,0.09782639464675848,0.228225,0.15341805222984678,12.25,18.169342310606623,0.06830330226543502,0.044999051871761904,0.9941918965691019,0.007318030232348378,robust,1,25.0,1,25.0,4,1,76.98098762281485,,20251111,strong,0.17213333333333333,0.026404040094904675,20251121,0.35566666666666674,utilizes,0.23036666666666664,utilizes,0.053233333333333334,no_growth,0.16590000000000002,no_growth,0.27763333333333334,utilizes,0.15153333333333333,no_growth,0.1523,no_growth,0.09876666666666667,no_growth,0.15443333333333334,no_growth,0.24186666666666667,utilizes,0.22986666666666666,utilizes,0.25003333333333333,utilizes,0.21130000000000002,no_growth,0.153,no_growth,0.1975,no_growth,0.269,utilizes,0.33499999999999996,utilizes,0.4155666666666667,utilizes,0.3558333333333333,utilizes,0.19316666666666668,no_growth
ASMA-2986,Bacteria,Pseudomonadota,Gammaproteobacteria,Pseudomonadales,Pseudomonadaceae,Pseudomonas,Pseudomonas aeruginosa,462.0,No,,,,,,,,,,,,,,,,,,,,,,,,,,,,,,,,,,,,,,,,,,,,,,,,,,,,,,,,,,,,,,,,,,,,,,,,,,,
ASMA-2987,Bacteria,Bacillota,Bacilli,Lactobacillales,Streptococcaceae,Streptococcus,Streptococcus gordonii,454.0,No,,,,,,,,,,,,,,,,,,,,,,,,,,,,,,,,,,,,,,,,,,,,,,,,,,,,,,,,,,,,,,,,,,,,,,,,,,,
ASMA-2988,Bacteria,Bacillota,Bacilli,Lactobacillales,Streptococcaceae,Streptococcus,Streptococcus mitis_BM,244.0,Yes,,,,,,,,,,,,,,,,,,,,,,,,,,,,,,,,,,,,,,,,,,,,,,,,,,,,,,,,,,,,,,,,,,,,,,,,,,,
ASMA-2989,Bacteria,Bacillota,Bacilli,Lactobacillales,Streptococcaceae,Streptococcus,undetermined species,87.0,Yes,,,,,,,,,,,,,,,,,,,,,,,,,,,,,,,,,,,,,,,,,,,,,,,,,,,,,,,,,,,,,,,,,,,,,,,,,,,
ASMA-299,Bacteria,Pseudomonadota,Gammaproteobacteria,Pseudomonadales,Pseudomonadaceae,Pseudomonas,Pseudomonas aeruginosa,535.0,No,,,,,,,,,,,,,,,,,,,,,,,,,,,,,,,,,,,,,,,,,,,,,,,,,,,,,,,,,,,,,,,,,,,,,,,,,,,
ASMA-2990,Bacteria,Bacillota,Bacilli,Lactobacillales,Streptococcaceae,Streptococcus,Streptococcus gordonii,454.0,No,1,0.001799999999999996,,0.001799999999999996,20251111.0,0.09745,,0.09709999999999999,,-0.0003500000000000031,,-0.0007000000000000062,,0.09784999999999999,,1.5,,,,,,no_growth,0,0.0,0,0.0,0,1,18.731657522010977,,20251111,none,,,,,,,,,,,,,,,,,,,,,,,,,,,,,,,,,,,,,,,,,,,
ASMA-2991,Bacteria,Bacillota,Bacilli,Lactobacillales,Streptococcaceae,Streptococcus,Streptococcus mitis_BM,244.0,No,1,0.003699999999999995,,0.003699999999999995,20251111.0,0.0927,,0.09235,,-0.0008499999999999897,,-0.0011999999999999927,,0.0938,,6.5,,0.0059416894940003415,,0.952215089294743,,no_growth,0,0.0,0,0.0,1,1,0.2041597550083054,,20251111,none,,,,,,,,,,,,,,,,,,,,,,,,,,,,,,,,,,,,,,,,,,,
ASMA-2992,Bacteria,Bacillota,Bacilli,Lactobacillales,Streptococcaceae,Streptococcus,Streptococcus peroris,245.0,Yes,,,,,,,,,,,,,,,,,,,,,,,,,,,,,,,,,,,,,,,,,,,,,,,,,,,,,,,,,,,,,,,,,,,,,,,,,,,
ASMA-2993,Bacteria,Bacillota,Bacilli,Lactobacillales,Streptococcaceae,Streptococcus,Streptococcus sp001072385,88.0,Yes,1,0.0031000000000000055,,0.0031000000000000055,20251111.0,0.09675,,0.09625,,-0.0012500000000000011,,-0.0017500000000000016,,0.098,,0.0,,,,,,no_growth,0,0.0,0,0.0,0,1,22.240653311216036,,20251111,none,,,,,,,,,,,,,,,,,,,,,,,,,,,,,,,,,,,,,,,,,,,
ASMA-2994,Bacteria,Bacillota,Bacilli,Staphylococcales,Gemellaceae,Gemella,Gemella sanguinis,372.0,No,,,,,,,,,,,,,,,,,,,,,,,,,,,,,,,,,,,,,,,,,,,,,,,,,,,,,,,,,,,,,,,,,,,,,,,,,,,
ASMA-2995,Bacteria,Bacillota,Bacilli,Staphylococcales,Gemellaceae,Gemella,undetermined species,89.0,Yes,4,0.0356125,0.024889376080301142,0.065525,20251121.0,0.1634,0.04721825212069304,0.16580625,0.049244180599505014,0.04955,0.03414597950955085,0.051956249999999995,0.036164153378495295,0.173875,0.05317198902304357,25.1875,16.799522562660325,0.020673504236698444,0.004038898009964508,0.9991187289810237,0.0002831374149352717,no_growth,0,0.0,0,0.0,3,1,1.8884777338267185,,20251111,none,0.04493333333333333,0.0010016652800877812,20251121,0.04526666666666667,no_growth,0.044366666666666665,no_growth,0.04476666666666667,no_growth,0.0443,no_growth,0.05223333333333333,utilizes,0.0441,no_growth,0.0447,no_growth,0.044500000000000005,no_growth,0.044899999999999995,no_growth,0.044066666666666664,no_growth,0.044233333333333326,no_growth,0.043966666666666675,no_growth,0.044300000000000006,no_growth,0.04583333333333333,no_growth,0.04466666666666667,no_growth,0.04446666666666666,no_growth,0.044500000000000005,no_growth,0.044333333333333336,no_growth,0.05153333333333334,utilizes,0.044500000000000005,no_growth
ASMA-2996,Bacteria,Bacillota,Bacilli,Staphylococcales,Gemellaceae,Gemella,Gemella sp900766305,,,1,0.00764999999999999,,0.00764999999999999,20251111.0,0.278,,0.26575,,0.13380000000000003,,0.12154999999999999,,0.2978499999999999,,28.75,,0.06808822544051074,,0.9996998470851706,,no_growth,1,100.0,1,100.0,1,1,18.170218195738173,,20251111,none,,,,,,,,,,,,,,,,,,,,,,,,,,,,,,,,,,,,,,,,,,,
ASMA-2997,Bacteria,Bacillota,Bacilli,Lactobacillales,Streptococcaceae,Streptococcus,Streptococcus sanguinis_K,246.0,Yes,,,,,,,,,,,,,,,,,,,,,,,,,,,,,,,,,,,,,,,,,,,,,,,,,,,,,,,,,,,,,,,,,,,,,,,,,,,
ASMA-2998,Bacteria,Bacillota,Bacilli,Staphylococcales,Gemellaceae,Gemella,Gemella sanguinis,372.0,No,,,,,,,,,,,,,,,,,,,,,,,,,,,,,,,,,,,,,,,,,,,,,,,,,,,,,,,,,,,,,,,,,,,,,,,,,,,
ASMA-2999,Bacteria,Bacillota,Bacilli,Lactobacillales,Streptococcaceae,Streptococcus,Streptococcus sp001556435,373.0,No,,,,,,,,,,,,,,,,,,,,,,,,,,,,,,,,,,,,,,,,,,,,,,,,,,,,,,,,,,,,,,,,,,,,,,,,,,,
ASMA-3,Bacteria,Actinomycetota,Actinomycetes,Micrococcales,Micrococcaceae,Rothia,Rothia dentocariosa,518.0,No,,,,,,,,,,,,,,,,,,,,,,,,,,,,,,,,,,,,,,,,,,,,,,,,,,,,,,,,,,,,,,,,,,,,,,,,,,,
ASMA-30,Bacteria,Pseudomonadota,Gammaproteobacteria,Pseudomonadales,Pseudomonadaceae,Pseudomonas,Pseudomonas aeruginosa,536.0,No,,,,,,,,,,,,,,,,,,,,,,,,,,,,,,,,,,,,,,,,,,,,,,,,,,,,,,,,,,,,,,,,,,,,,,,,,,,
ASMA-300,Bacteria,Pseudomonadota,Gammaproteobacteria,Pseudomonadales,Pseudomonadaceae,Pseudomonas,Pseudomonas aeruginosa,535.0,No,,,,,,,,,,,,,,,,,,,,,,,,,,,,,,,,,,,,,,,,,,,,,,,,,,,,,,,,,,,,,,,,,,,,,,,,,,,
ASMA-3000,Bacteria,Bacillota,Bacilli,Staphylococcales,Gemellaceae,Gemella,Gemella sanguinis,372.0,Yes,,,,,,,,,,,,,,,,,,,,,,,,,,,,,,,,,,,,,,,,,,,,,,,,,,,,,,,,,,,,,,,,,,,,,,,,,,,
ASMA-3001,Bacteria,Actinomycetota,Actinomycetes,Micrococcales,Micrococcaceae,Rothia,Rothia dentocariosa,90.0,Yes,4,0.112175,0.11990826180876776,0.29174999999999995,20251121.0,0.22693750000000001,0.09277545135972123,0.2424,0.10017474939657531,0.0887375,0.06599900409602152,0.10419999999999999,0.07314103670307114,0.2488375,0.10279751233209228,22.4375,17.633272290379534,0.06836137197458854,0.04065771262122915,0.9991143548134708,0.0003009414988969709,normal,2,50.0,3,75.0,3,1,23.644251626898054,,20251111,none,0.0907,0.022289908030317215,20251121,0.15686666666666668,utilizes,0.050100000000000006,no_growth,0.04566666666666667,no_growth,0.050033333333333325,no_growth,0.048933333333333336,no_growth,0.0486,no_growth,0.049499999999999995,no_growth,0.0542,no_growth,0.050166666666666665,no_growth,0.04923333333333333,no_growth,0.045399999999999996,no_growth,0.04766666666666667,no_growth,0.05096666666666667,no_growth,0.05176666666666666,no_growth,0.046033333333333336,no_growth,0.04496666666666666,no_growth,0.047499999999999994,no_growth,0.0468,no_growth,0.050199999999999995,no_growth,0.048133333333333334,no_growth
ASMA-3002,Bacteria,Actinomycetota,Actinomycetes,Actinomycetales,Actinomycetaceae,Actinomyces,Actinomyces naeslundii,,,4,0.07188125,0.03208561057935473,0.10750000000000001,20251121.0,0.196075,0.10424251771710044,0.1901125,0.099335224744297,0.048381249999999994,0.05144028647778574,0.04241874999999999,0.0464417259180793,0.20964375,0.10479717588235224,14.9375,10.953262451586438,0.024184759909428463,0.015081193756919839,0.9944509602918167,0.0041548456876484745,poor,1,25.0,0,0.0,3,1,48.34758198290163,,20251111,weak,0.05486666666666667,0.006069870948655608,20251121,0.05993333333333333,no_growth,0.04693333333333333,no_growth,0.04566666666666667,no_growth,0.04873333333333333,no_growth,0.0469,no_growth,0.04886666666666667,no_growth,0.049266666666666674,no_growth,0.048999999999999995,no_growth,0.0492,no_growth,0.04936666666666667,no_growth,0.048133333333333334,no_growth,0.0499,no_growth,0.049666666666666665,no_growth,0.0519,no_growth,0.046566666666666666,no_growth,0.04753333333333334,no_growth,0.04833333333333333,no_growth,0.04913333333333333,no_growth,0.046933333333333334,no_growth,0.0482,no_growth
ASMA-3003,Bacteria,Actinomycetota,Actinomycetes,Micrococcales,Micrococcaceae,Rothia,Rothia dentocariosa,413.0,No,,,,,,,,,,,,,,,,,,,,,,,,,,,,,,,,,,,,,,,,,,,,,,,,,,,,,,,,,,,,,,,,,,,,,,,,,,,
ASMA-3004,Bacteria,Actinomycetota,Actinomycetes,Actinomycetales,Actinomycetaceae,Actinomyces,Actinomyces naeslundii,436.0,No,,,,,,,,,,,,,,,,,,,,,,,,,,,,,,,,,,,,,,,,,,,,,,,,,,,,,,,,,,,,,,,,,,,,,,,,,,,
ASMA-3005,Bacteria,Bacillota,Bacilli,Lactobacillales,Streptococcaceae,Streptococcus,Streptococcus salivarius,527.0,No,,,,,,,,,,,,,,,,,,,,,,,,,,,,,,,,,,,,,,,,,,,,,,,,,,,,,,,,,,,,,,,,,,,,,,,,,,,
ASMA-3006,Bacteria,Bacillota,Bacilli,Staphylococcales,Gemellaceae,Gemella,Gemella sanguinis,247.0,Yes,1,0.012200000000000003,,0.012200000000000003,20251111.0,0.6111,,0.5299,,0.4496,,0.36840000000000006,,0.8169,,10.0,,0.4278470107463141,,0.9988835607154982,,no_growth,1,100.0,1,100.0,1,1,24.626770447875472,,20251111,none,,,,,,,,,,,,,,,,,,,,,,,,,,,,,,,,,,,,,,,,,,,
ASMA-3007,Bacteria,Actinomycetota,Actinomycetes,Actinomycetales,Actinomycetaceae,Actinomyces,Actinomyces sp915069725,91.0,Yes,3,0.08250833333333332,0.0040755623333882844,0.08524999999999999,20251121.0,0.17881666666666665,0.07061409797861426,0.17649166666666663,0.08355755626113853,0.04723333333333334,0.04115793007833768,0.04490833333333333,0.05418764465570849,0.19264166666666668,0.07206104327813562,21.5,11.734031702701335,0.024796472734095965,0.015146805389918345,0.9839426396151882,0.011642988835811397,poor,0,0.0,1,33.33333333333333,3,,,,,,0.0529,0.001539480431834063,20251121,0.0594,utilizes,0.04929999999999999,no_growth,0.0484,no_growth,0.049999999999999996,no_growth,0.048133333333333334,no_growth,0.049666666666666665,no_growth,0.04986666666666667,no_growth,0.04776666666666666,no_growth,0.049133333333333334,no_growth,0.04726666666666667,no_growth,0.0489,no_growth,0.04693333333333333,no_growth,0.05036666666666667,no_growth,0.05413333333333333,no_growth,0.0481,no_growth,0.04663333333333333,no_growth,0.04926666666666666,no_growth,0.047066666666666666,no_growth,0.06776666666666666,utilizes,0.050366666666666664,no_growth
ASMA-3009,Bacteria,Bacillota,Bacilli,Lactobacillales,Lactobacillaceae,Lacticaseibacillus,Lacticaseibacillus rhamnosus,414.0,No,,,,,,,,,,,,,,,,,,,,,,,,,,,,,,,,,,,,,,,,,,,,,,,,,,,,,,,,,,,,,,,,,,,,,,,,,,,
ASMA-301,Bacteria,Pseudomonadota,Gammaproteobacteria,Pseudomonadales,Pseudomonadaceae,Pseudomonas,Pseudomonas aeruginosa,535.0,No,,,,,,,,,,,,,,,,,,,,,,,,,,,,,,,,,,,,,,,,,,,,,,,,,,,,,,,,,,,,,,,,,,,,,,,,,,,
ASMA-3010,Fungi,Saccharomycetes,Ascomycota,Saccharomycetales,Debaryomycetaceae,Candida,Candida albicans,,,,,,,,,,,,,,,,,,,,,,,,,,,,,,,,,,,,,,,,,,,,,,,,,,,,,,,,,,,,,,,,,,,,,,,,,,,,,
ASMA-3011,Bacteria,Bacillota,Bacilli,Lactobacillales,Lactobacillaceae,Lacticaseibacillus,Lacticaseibacillus paracasei,,,,,,,,,,,,,,,,,,,,,,,,,,,,,,,,,,,,,,,,,,,,,,,,,,,,,,,,,,,,,,,,,,,,,,,,,,,,,
ASMA-3012,Bacteria,Bacillota,Bacilli,Lactobacillales,Lactobacillaceae,Weissella,Weissella cibaria,92.0,Yes,1,0.0008499999999999897,,0.0008499999999999897,20251111.0,0.255,,0.3638,,0.15465,,0.26345,,0.472,,14.75,,0.043432303178737905,,0.997881430213239,,no_growth,1,100.0,1,100.0,1,1,27.43396707923951,,20251111,weak,,,,,,,,,,,,,,,,,,,,,,,,,,,,,,,,,,,,,,,,,,,
ASMA-3013,Bacteria,Bacillota,Bacilli,Lactobacillales,Lactobacillaceae,Weissella,Weissella cibaria,93.0,Yes,4,0.018800000000000004,0.03381685353981552,0.069525,20251121.0,0.12271875,0.04080640970382799,0.1101625,0.01647948851350268,0.008306250000000008,0.030966509967759268,-0.004249999999999997,0.011349467682083898,0.14235,0.045849695564238305,22.75,19.61398310729703,0.018525973286301234,0.013526772732069066,0.9818234424757312,0.01736639110544012,no_growth,0,0.0,0,0.0,4,1,26.451448258262104,,20251111,weak,0.04646666666666666,0.0009712534856222301,20251121,0.04683333333333334,no_growth,0.045399999999999996,no_growth,0.044199999999999996,no_growth,0.0458,no_growth,0.04463333333333333,no_growth,0.045566666666666665,no_growth,0.044500000000000005,no_growth,0.04513333333333333,no_growth,0.0456,no_growth,0.0443,no_growth,0.0448,no_growth,0.044899999999999995,no_growth,0.04576666666666667,no_growth,0.0462,no_growth,0.043100000000000006,no_growth,0.04343333333333333,no_growth,0.04363333333333333,no_growth,0.04416666666666667,no_growth,0.057566666666666676,utilizes,0.04576666666666666,no_growth
ASMA-3014,Bacteria,Bacillota,Bacilli,Lactobacillales,Lactobacillaceae,Lacticaseibacillus,Lacticaseibacillus rhamnosus,528.0,No,,,,,,,,,,,,,,,,,,,,,,,,,,,,,,,,,,,,,,,,,,,,,,,,,,,,,,,,,,,,,,,,,,,,,,,,,,,
ASMA-3015,Bacteria,Bacillota,Bacilli,Lactobacillales,Lactobacillaceae,Lacticaseibacillus,Lacticaseibacillus rhamnosus,528.0,No,,,,,,,,,,,,,,,,,,,,,,,,,,,,,,,,,,,,,,,,,,,,,,,,,,,,,,,,,,,,,,,,,,,,,,,,,,,
ASMA-3016,Bacteria,Bacillota,Bacilli,Staphylococcales,Staphylococcaceae,Staphylococcus,Staphylococcus epidermidis,94.0,Yes,4,0.20748750000000002,0.12083868465161868,0.38650000000000007,20251121.0,0.13511875,0.04468760722597859,0.13851875,0.050210823762577995,0.020156250000000004,0.026802692456480322,0.023556249999999997,0.0323023372154916,0.13974375,0.04951077481636363,23.875,25.728146066127657,0.028536629221905065,0.00957596861484421,0.9852283222658031,0.004225954339241991,robust,0,0.0,0,0.0,2,1,69.68227638126834,,20251111,strong,0.05806666666666666,0.007985820767668987,20251121,0.07646666666666667,utilizes,0.05279999999999999,no_growth,0.04833333333333333,no_growth,0.04756666666666667,no_growth,0.05366666666666667,no_growth,0.0486,no_growth,0.04803333333333334,no_growth,0.05003333333333334,no_growth,0.0474,no_growth,0.05076666666666666,no_growth,0.04923333333333333,no_growth,0.0501,no_growth,0.04683333333333334,no_growth,0.04623333333333333,no_growth,0.04773333333333333,no_growth,0.048966666666666665,no_growth,0.04626666666666667,no_growth,0.0466,no_growth,0.04900000000000001,no_growth,0.04886666666666667,no_growth
ASMA-3017,Bacteria,Bacillota,Bacilli,Lactobacillales,Lactobacillaceae,Weissella,Weissella cibaria,,,4,0.02579375,0.03053169374464291,0.06640000000000001,20251121.0,0.12635625,0.0462893408131577,0.12994375,0.05326705272727223,0.011756250000000003,0.027590777255875446,0.015343750000000007,0.03455487408335715,0.13419999999999999,0.05225462100777946,14.25,22.441590852700262,0.012668967695176336,0.008579597899378124,0.9760596323929338,0.03227678332706484,no_growth,0,0.0,0,0.0,2,1,22.942452469057045,,20251111,none,0.04623333333333333,0.0005033222956847172,20251121,0.04783333333333333,utilizes,0.0456,no_growth,0.044899999999999995,no_growth,0.046433333333333326,no_growth,0.045033333333333335,no_growth,0.044966666666666676,no_growth,0.04586666666666667,no_growth,0.04573333333333333,no_growth,0.045899999999999996,no_growth,0.045566666666666665,no_growth,0.0449,no_growth,0.04516666666666667,no_growth,0.045899999999999996,no_growth,0.04703333333333334,no_growth,0.0461,no_growth,0.044199999999999996,no_growth,0.0463,no_growth,0.044300000000000006,no_growth,0.07296666666666667,utilizes,0.04526666666666667,no_growth
ASMA-3019,Bacteria,Bacillota,Bacilli,Lactobacillales,Lactobacillaceae,Weissella,Weissella cibaria,95.0,Yes,1,0.0024500000000000077,,0.0024500000000000077,20251111.0,0.09605,,0.09525,,-0.007300000000000001,,-0.008099999999999996,,0.10335,,0.0,,,,,,no_growth,0,0.0,0,0.0,0,1,27.574326910807713,,20251111,weak,,,,,,,,,,,,,,,,,,,,,,,,,,,,,,,,,,,,,,,,,,,
ASMA-302,Bacteria,Pseudomonadota,Gammaproteobacteria,Pseudomonadales,Pseudomonadaceae,Pseudomonas,Pseudomonas aeruginosa,535.0,No,,,,,,,,,,,,,,,,,,,,,,,,,,,,,,,,,,,,,,,,,,,,,,,,,,,,,,,,,,,,,,,,,,,,,,,,,,,
ASMA-3020,Bacteria,Bacillota,Bacilli,Lactobacillales,Lactobacillaceae,Lacticaseibacillus,Lacticaseibacillus rhamnosus,414.0,Yes,,,,,,,,,,,,,,,,,,,,,,,,,,,,,,,,,,,,,,,,,,,,,,,,,,,,,,,,,,,,,,,,,,,,,,,,,,,
ASMA-3021,Bacteria,Bacillota,Bacilli,Lactobacillales,Streptococcaceae,Streptococcus,Streptococcus salivarius,327.0,Yes,,,,,,,,,,,,,,,,,,,,,,,,,,,,,,,,,,,,,,,,,,,,,,,,,,,,,,,,,,,,,,,,,,,,,,,,,,,
ASMA-3022,Bacteria,Bacillota,Bacilli,Lactobacillales,Lactobacillaceae,Weissella,Weissella cibaria,96.0,Yes,1,0.003149999999999986,,0.003149999999999986,20251111.0,0.36765,,0.34195,,0.19444999999999998,,0.16874999999999998,,0.37065,,20.0,,0.11514125201315493,,0.9989690333191827,,no_growth,1,100.0,1,100.0,1,1,21.398494321806822,,20251111,none,,,,,,,,,,,,,,,,,,,,,,,,,,,,,,,,,,,,,,,,,,,
ASMA-3023,Bacteria,Bacillota,Bacilli,Lactobacillales,Streptococcaceae,Streptococcus,Streptococcus sanguinis_K,246.0,No,1,0.0028500000000000053,,0.0028500000000000053,20251111.0,0.0945,,0.0938,,-0.0022999999999999965,,-0.0030000000000000027,,0.0968,,0.0,,,,,,no_growth,0,0.0,0,0.0,0,1,20.556335332397595,,20251111,none,,,,,,,,,,,,,,,,,,,,,,,,,,,,,,,,,,,,,,,,,,,
ASMA-3024,Bacteria,Bacillota,Bacilli,Lactobacillales,Streptococcaceae,Streptococcus,Streptococcus parasanguinis_I,248.0,No,,,,,,,,,,,,,,,,,,,,,,,,,,,,,,,,,,,,,,,,,,,,,,,,,,,,,,,,,,,,,,,,,,,,,,,,,,,
ASMA-3025,Bacteria,Bacillota,Bacilli,Lactobacillales,Streptococcaceae,Streptococcus,Streptococcus parasanguinis_I,248.0,Yes,1,0.00180000000000001,,0.00180000000000001,20251111.0,0.09335,,0.09204999999999999,,-0.001350000000000004,,-0.0026500000000000135,,0.0947,,0.0,,,,,,no_growth,0,0.0,0,0.0,0,1,22.661732805920636,,20251111,none,,,,,,,,,,,,,,,,,,,,,,,,,,,,,,,,,,,,,,,,,,,
ASMA-3026,Bacteria,Bacillota,Bacilli,Staphylococcales,Gemellaceae,Gemella,Gemella sanguinis,328.0,No,,,,,,,,,,,,,,,,,,,,,,,,,,,,,,,,,,,,,,,,,,,,,,,,,,,,,,,,,,,,,,,,,,,,,,,,,,,
ASMA-3027,Bacteria,Bacillota,Bacilli,Staphylococcales,Gemellaceae,Gemella,Gemella sanguinis,328.0,Yes,,,,,,,,,,,,,,,,,,,,,,,,,,,,,,,,,,,,,,,,,,,,,,,,,,,,,,,,,,,,,,,,,,,,,,,,,,,
ASMA-3028,Bacteria,Bacillota,Bacilli,Staphylococcales,Gemellaceae,Gemella,Gemella sanguinis,328.0,No,1,0.013649999999999995,,0.013649999999999995,20251111.0,0.499,,0.461,,0.377,,0.339,,0.5508,,16.75,,0.16144289292830974,,0.9995196556688338,,no_growth,1,100.0,1,100.0,1,1,30.38152354217175,,20251111,weak,,,,,,,,,,,,,,,,,,,,,,,,,,,,,,,,,,,,,,,,,,,
ASMA-3029,Bacteria,Bacillota,Bacilli,Lactobacillales,Streptococcaceae,Streptococcus,Streptococcus sanguinis_C,97.0,Yes,1,0.032000000000000015,,0.032000000000000015,20251111.0,0.1196,,0.1212,,0.0102,,0.011800000000000005,,0.14675,,3.25,,0.13360827423648755,,0.9938211523489535,,no_growth,0,0.0,0,0.0,1,1,33.469439836672194,,20251111,weak,,,,,,,,,,,,,,,,,,,,,,,,,,,,,,,,,,,,,,,,,,,
ASMA-303,Bacteria,Pseudomonadota,Gammaproteobacteria,Pseudomonadales,Pseudomonadaceae,Pseudomonas,Pseudomonas aeruginosa,535.0,No,,,,,,,,,,,,,,,,,,,,,,,,,,,,,,,,,,,,,,,,,,,,,,,,,,,,,,,,,,,,,,,,,,,,,,,,,,,
ASMA-3031,Bacteria,Actinomycetota,Actinomycetes,Micrococcales,Micrococcaceae,Rothia,Rothia dentocariosa,98.0,Yes,1,0.10965000000000003,,0.10965000000000003,20251111.0,0.4159,,0.30365,,0.25615,,0.14389999999999997,,0.4439,,33.25,,0.012665057565567737,,0.9993729886307159,,normal,1,100.0,1,100.0,1,1,23.644251626898054,,20251111,none,,,,,,,,,,,,,,,,,,,,,,,,,,,,,,,,,,,,,,,,,,,
ASMA-3032,Bacteria,Actinomycetota,Actinomycetes,Micrococcales,Micrococcaceae,Rothia,Rothia dentocariosa,413.0,No,,,,,,,,,,,,,,,,,,,,,,,,,,,,,,,,,,,,,,,,,,,,,,,,,,,,,,,,,,,,,,,,,,,,,,,,,,,
ASMA-3033,Bacteria,Actinomycetota,Actinomycetes,Micrococcales,Micrococcaceae,Rothia,Rothia dentocariosa,413.0,No,,,,,,,,,,,,,,,,,,,,,,,,,,,,,,,,,,,,,,,,,,,,,,,,,,,,,,,,,,,,,,,,,,,,,,,,,,,
ASMA-3034,Bacteria,Actinomycetota,Actinomycetes,Actinomycetales,Actinomycetaceae,Actinomyces,Actinomyces naeslundii,436.0,No,3,0.15196666666666664,0.19364530935019655,0.37554999999999994,20251121.0,,,,,,,,,,,,,,,,,normal,0,,0,,0,,,,,,0.0494,0.0,20251121,0.05343333333333333,utilizes,0.0562,utilizes,0.044566666666666664,no_growth,0.04623333333333333,no_growth,0.050133333333333335,utilizes,0.04636666666666667,no_growth,0.04713333333333333,no_growth,0.04683333333333334,no_growth,0.05513333333333333,utilizes,0.0481,no_growth,0.04516666666666667,no_growth,0.054733333333333335,utilizes,0.04726666666666666,no_growth,0.04833333333333333,no_growth,0.04493333333333333,no_growth,0.0431,no_growth,0.04563333333333333,no_growth,0.044500000000000005,no_growth,0.07143333333333333,utilizes,0.0458,no_growth
ASMA-3035,Bacteria,Actinomycetota,Actinomycetes,Actinomycetales,Actinomycetaceae,Actinomyces,Actinomyces naeslundii,436.0,No,,,,,,,,,,,,,,,,,,,,,,,,,,,,,,,,,,,,,,,,,,,,,,,,,,,,,,,,,,,,,,,,,,,,,,,,,,,
ASMA-3036,Bacteria,Actinomycetota,Actinomycetes,Actinomycetales,Actinomycetaceae,Actinomyces,Actinomyces naeslundii,436.0,No,,,,,,,,,,,,,,,,,,,,,,,,,,,,,,,,,,,,,,,,,,,,,,,,,,,,,,,,,,,,,,,,,,,,,,,,,,,
ASMA-3037,Bacteria,Actinomycetota,Actinomycetes,Actinomycetales,Actinomycetaceae,Actinomyces,Actinomyces naeslundii,436.0,No,,,,,,,,,,,,,,,,,,,,,,,,,,,,,,,,,,,,,,,,,,,,,,,,,,,,,,,,,,,,,,,,,,,,,,,,,,,
ASMA-3038,Bacteria,Bacillota,Bacilli,Lactobacillales,Lactobacillaceae,Lacticaseibacillus,Lacticaseibacillus rhamnosus,414.0,No,,,,,,,,,,,,,,,,,,,,,,,,,,,,,,,,,,,,,,,,,,,,,,,,,,,,,,,,,,,,,,,,,,,,,,,,,,,
ASMA-3039,Bacteria,Bacillota,Bacilli,Lactobacillales,Streptococcaceae,Streptococcus,Streptococcus sp001556435,373.0,No,,,,,,,,,,,,,,,,,,,,,,,,,,,,,,,,,,,,,,,,,,,,,,,,,,,,,,,,,,,,,,,,,,,,,,,,,,,
ASMA-304,Bacteria,Pseudomonadota,Gammaproteobacteria,Pseudomonadales,Pseudomonadaceae,Pseudomonas,Pseudomonas aeruginosa,535.0,No,,,,,,,,,,,,,,,,,,,,,,,,,,,,,,,,,,,,,,,,,,,,,,,,,,,,,,,,,,,,,,,,,,,,,,,,,,,
ASMA-3040,Bacteria,Bacillota,Bacilli,Lactobacillales,Streptococcaceae,Streptococcus,Streptococcus sp001556435,373.0,Yes,1,0.03559999999999999,,0.03559999999999999,20251111.0,0.096,,0.09534999999999999,,-0.001799999999999996,,-0.0024500000000000077,,0.0978,,0.0,,,,,,no_growth,0,0.0,0,0.0,0,1,30.100803879035354,,20251111,weak,,,,,,,,,,,,,,,,,,,,,,,,,,,,,,,,,,,,,,,,,,,
ASMA-3042,Bacteria,Actinomycetota,Actinomycetes,Micrococcales,Micrococcaceae,Rothia,Rothia dentocariosa,249.0,Yes,1,0.35140000000000005,,0.35140000000000005,20251111.0,0.2033,,0.19365,,0.06520000000000001,,0.05554999999999999,,0.2344,,7.75,,0.045037049602683225,,0.9994655933546019,,robust,0,0.0,0,0.0,1,1,25.32856960571648,,20251111,weak,,,,,,,,,,,,,,,,,,,,,,,,,,,,,,,,,,,,,,,,,,,
ASMA-3043,Bacteria,Bacillota,Bacilli,Staphylococcales,Gemellaceae,Gemella,Gemella sanguinis,247.0,No,,,,,,,,,,,,,,,,,,,,,,,,,,,,,,,,,,,,,,,,,,,,,,,,,,,,,,,,,,,,,,,,,,,,,,,,,,,
ASMA-3044,Bacteria,Bacillota,Bacilli,Staphylococcales,Gemellaceae,Gemella,Gemella sanguinis,372.0,No,4,0.12781875,0.1664981210792382,0.37365,20251121.0,0.14421875,0.04557593651899359,0.13864375,0.03929658792970031,0.01949375,0.038033485109615364,0.013918750000000008,0.03052228267320998,0.1697125,0.04936095158793706,4.5625,3.1249999999999996,0.07859072233378,0.018493977711627564,0.9935071943562157,0.003980309816906147,normal,0,0.0,0,0.0,4,1,35.01339798392242,,20251111,weak,0.0546,0.006392964883369844,20251121,0.05186666666666667,no_growth,0.048966666666666665,no_growth,0.044866666666666666,no_growth,0.0466,no_growth,0.04626666666666666,no_growth,0.0461,no_growth,0.045933333333333326,no_growth,0.04713333333333333,no_growth,0.046966666666666664,no_growth,0.04623333333333333,no_growth,0.044833333333333336,no_growth,0.046033333333333336,no_growth,0.0463,no_growth,0.0488,no_growth,0.0453,no_growth,0.0452,no_growth,0.045899999999999996,no_growth,0.0458,no_growth,0.09176666666666666,utilizes,0.0463,no_growth
ASMA-3045,Bacteria,Bacillota,Bacilli,Staphylococcales,Gemellaceae,Gemella,Gemella sp900766305,,,,,,,,,,,,,,,,,,,,,,,,,,,,,,,,,,,,,,,,,,,,,,,,,,,,,,,,,,,,,,,,,,,,,,,,,,,,,
ASMA-3046,Bacteria,Bacillota,Bacilli,Lactobacillales,Streptococcaceae,Streptococcus,Streptococcus sp030825805,99.0,Yes,1,0.00315,,0.00315,20251111.0,0.1277,,0.11885,,0.007000000000000006,,-0.0018500000000000044,,0.1484,,2.75,,0.018279364951525028,,0.9677763732290355,,no_growth,0,0.0,0,0.0,1,1,20.837054995534004,,20251111,none,,,,,,,,,,,,,,,,,,,,,,,,,,,,,,,,,,,,,,,,,,,
ASMA-3047,Bacteria,Actinomycetota,Actinomycetes,Micrococcales,Micrococcaceae,Rothia,Rothia dentocariosa,100.0,Yes,1,0.18844999999999998,,0.18844999999999998,20251111.0,0.1893,,0.1805,,0.052299999999999985,,0.04349999999999998,,0.1959,,6.0,,0.15895605150426664,,0.9840802951374843,,normal,0,0.0,0,0.0,1,1,13.67870358555571,,20251111,none,,,,,,,,,,,,,,,,,,,,,,,,,,,,,,,,,,,,,,,,,,,
ASMA-3048,Bacteria,Bacillota,Bacilli,Lactobacillales,Aerococcaceae,Granulicatella,Granulicatella sp916049935,,,,,,,,,,,,,,,,,,,,,,,,,,,,,,,,,,,,,,,,,,,,,,,,,,,,,,,,,,,,,,,,,,,,,,,,,,,,,
ASMA-3049,Bacteria,Bacillota,Bacilli,Staphylococcales,Gemellaceae,Gemella,Gemella sp900766305,101.0,Yes,1,0.0032999999999999974,,0.0032999999999999974,20251111.0,0.42415,,0.46645,,0.27175000000000005,,0.31404999999999994,,0.5038,,42.25,,0.03751771898402913,,0.9979221746765217,,no_growth,1,100.0,1,100.0,1,1,22.80209263748884,,20251111,none,,,,,,,,,,,,,,,,,,,,,,,,,,,,,,,,,,,,,,,,,,,
ASMA-305,Bacteria,Pseudomonadota,Gammaproteobacteria,Burkholderiales,Alcaligenaceae,Achromobacter,Achromobacter xylosoxidans,531.0,No,,,,,,,,,,,,,,,,,,,,,,,,,,,,,,,,,,,,,,,,,,,,,,,,,,,,,,,,,,,,,,,,,,,,,,,,,,,
ASMA-3050,Bacteria,Actinomycetota,Actinomycetes,Micrococcales,Micrococcaceae,Rothia,Rothia dentocariosa,249.0,No,,,,,,,,,,,,,,,,,,,,,,,,,,,,,,,,,,,,,,,,,,,,,,,,,,,,,,,,,,,,,,,,,,,,,,,,,,,
ASMA-3051,Bacteria,Bacillota,Bacilli,Lactobacillales,Aerococcaceae,Granulicatella,Granulicatella sp916049935,,,,,,,,,,,,,,,,,,,,,,,,,,,,,,,,,,,,,,,,,,,,,,,,,,,,,,,,,,,,,,,,,,,,,,,,,,,,,
ASMA-3052,Bacteria,Actinomycetota,Actinomycetes,Micrococcales,Micrococcaceae,Rothia,Rothia dentocariosa,413.0,No,4,0.09292500000000001,0.1275385807641489,0.28415,20251121.0,0.1378375,0.030559330953627454,0.12654374999999998,0.022579446544368612,0.016524999999999995,0.011774708064321597,0.005231249999999993,0.010793620318657375,0.14733125,0.03672006930253989,6.5625,5.205665983650251,0.08618252085682858,0.003852144127348863,0.9951318575785538,0.0034184470171844113,poor,0,0.0,0,0.0,3,1,20.415975500829404,,20251111,none,0.0642,0.011805083650698966,20251121,0.10733333333333334,utilizes,0.05173333333333333,no_growth,0.0486,no_growth,0.0502,no_growth,0.049433333333333336,no_growth,0.0479,no_growth,0.05363333333333334,no_growth,0.05023333333333333,no_growth,0.04973333333333333,no_growth,0.0502,no_growth,0.04943333333333333,no_growth,0.05003333333333334,no_growth,0.051133333333333336,no_growth,0.05216666666666667,no_growth,0.048999999999999995,no_growth,0.04783333333333333,no_growth,0.05036666666666667,no_growth,0.04926666666666666,no_growth,0.05256666666666667,no_growth,0.0504,no_growth
ASMA-3053,Bacteria,Bacillota,Bacilli,Lactobacillales,Streptococcaceae,Streptococcus,Streptococcus sanguinis_H,329.0,No,,,,,,,,,,,,,,,,,,,,,,,,,,,,,,,,,,,,,,,,,,,,,,,,,,,,,,,,,,,,,,,,,,,,,,,,,,,
ASMA-3054,Bacteria,Bacillota,Bacilli,Lactobacillales,Streptococcaceae,Streptococcus,Streptococcus sanguinis_H,329.0,Yes,,,,,,,,,,,,,,,,,,,,,,,,,,,,,,,,,,,,,,,,,,,,,,,,,,,,,,,,,,,,,,,,,,,,,,,,,,,
ASMA-3055,Bacteria,Bacillota,Bacilli,Lactobacillales,Streptococcaceae,Streptococcus,Streptococcus sp001556435,437.0,No,1,0.037349999999999994,,0.037349999999999994,20251111.0,0.09575,,0.0958,,-0.0026499999999999857,,-0.002599999999999991,,0.09839999999999999,,0.0,,,,,,no_growth,0,0.0,0,0.0,0,1,25.60928926885289,,20251111,weak,,,,,,,,,,,,,,,,,,,,,,,,,,,,,,,,,,,,,,,,,,,
ASMA-3057,Bacteria,Bacillota,Bacilli,Lactobacillales,Streptococcaceae,Streptococcus,Streptococcus sp001556435,437.0,No,,,,,,,,,,,,,,,,,,,,,,,,,,,,,,,,,,,,,,,,,,,,,,,,,,,,,,,,,,,,,,,,,,,,,,,,,,,
ASMA-3058,Bacteria,Bacillota,Bacilli,Lactobacillales,Streptococcaceae,Streptococcus,Streptococcus sp001556435,437.0,Yes,,,,,,,,,,,,,,,,,,,,,,,,,,,,,,,,,,,,,,,,,,,,,,,,,,,,,,,,,,,,,,,,,,,,,,,,,,,
ASMA-3059,Bacteria,Bacillota,Bacilli,Lactobacillales,Streptococcaceae,Streptococcus,Streptococcus salivarius,327.0,No,,,,,,,,,,,,,,,,,,,,,,,,,,,,,,,,,,,,,,,,,,,,,,,,,,,,,,,,,,,,,,,,,,,,,,,,,,,
ASMA-306,Bacteria,Pseudomonadota,Gammaproteobacteria,Burkholderiales,Alcaligenaceae,Achromobacter,Achromobacter xylosoxidans,531.0,No,,,,,,,,,,,,,,,,,,,,,,,,,,,,,,,,,,,,,,,,,,,,,,,,,,,,,,,,,,,,,,,,,,,,,,,,,,,
ASMA-3060,Bacteria,Bacillota,Bacilli,Lactobacillales,Streptococcaceae,Streptococcus,Streptococcus salivarius,327.0,No,1,0.03209999999999999,,0.03209999999999999,20251111.0,0.13085,,0.1214,,0.022199999999999998,,0.012749999999999997,,0.14425,,4.75,,0.09343444147952198,,0.995516200443004,,no_growth,0,0.0,0,0.0,1,1,54.804134235038916,,20251111,strong,,,,,,,,,,,,,,,,,,,,,,,,,,,,,,,,,,,,,,,,,,,
ASMA-3061,Bacteria,Bacillota,Bacilli,Lactobacillales,Streptococcaceae,Streptococcus,Streptococcus salivarius,527.0,No,,,,,,,,,,,,,,,,,,,,,,,,,,,,,,,,,,,,,,,,,,,,,,,,,,,,,,,,,,,,,,,,,,,,,,,,,,,
ASMA-3062,Bacteria,Bacillota,Bacilli,Lactobacillales,Streptococcaceae,Streptococcus,Streptococcus sp001556435,437.0,No,,,,,,,,,,,,,,,,,,,,,,,,,,,,,,,,,,,,,,,,,,,,,,,,,,,,,,,,,,,,,,,,,,,,,,,,,,,
ASMA-3063,Bacteria,Bacillota,Bacilli,Lactobacillales,Streptococcaceae,Streptococcus,Streptococcus sp001556435,437.0,No,,,,,,,,,,,,,,,,,,,,,,,,,,,,,,,,,,,,,,,,,,,,,,,,,,,,,,,,,,,,,,,,,,,,,,,,,,,
ASMA-3064,Fungi,Saccharomycetes,Ascomycota,Saccharomycetales,Debaryomycetaceae,Candida,Candida albicans,,,,,,,,,,,,,,,,,,,,,,,,,,,,,,,,,,,,,,,,,,,,,,,,,,,,,,,,,,,,,,,,,,,,,,,,,,,,,
ASMA-3065,Bacteria,Pseudomonadota,Gammaproteobacteria,Pseudomonadales,Pseudomonadaceae,Pseudomonas,Pseudomonas aeruginosa,462.0,No,,,,,,,,,,,,,,,,,,,,,,,,,,,,,,,,,,,,,,,,,,,,,,,,,,,,,,,,,,,,,,,,,,,,,,,,,,,
ASMA-3066,Bacteria,Pseudomonadota,Gammaproteobacteria,Pseudomonadales,Pseudomonadaceae,Pseudomonas,Pseudomonas aeruginosa,462.0,No,1,0.43504999999999994,,0.43504999999999994,20251111.0,0.33075,,0.1917,,0.1606,,0.021550000000000014,,0.358,,21.0,,0.01752778681175495,,0.9976032652048229,,robust,1,100.0,0,0.0,1,1,79.36710475947429,,20251111,strong,,,,,,,,,,,,,,,,,,,,,,,,,,,,,,,,,,,,,,,,,,,
ASMA-3067,Bacteria,Bacillota,Bacilli,Lactobacillales,Streptococcaceae,Streptococcus,Streptococcus sp001556435,437.0,No,,,,,,,,,,,,,,,,,,,,,,,,,,,,,,,,,,,,,,,,,,,,,,,,,,,,,,,,,,,,,,,,,,,,,,,,,,,
ASMA-3068,Bacteria,Bacillota,Bacilli,Lactobacillales,Streptococcaceae,Streptococcus,Streptococcus gordonii,454.0,No,,,,,,,,,,,,,,,,,,,,,,,,,,,,,,,,,,,,,,,,,,,,,,,,,,,,,,,,,,,,,,,,,,,,,,,,,,,
ASMA-3069,Bacteria,Bacillota,Bacilli,Lactobacillales,Streptococcaceae,Streptococcus,Streptococcus gordonii,454.0,Yes,,,,,,,,,,,,,,,,,,,,,,,,,,,,,,,,,,,,,,,,,,,,,,,,,,,,,,,,,,,,,,,,,,,,,,,,,,,
ASMA-307,Bacteria,Pseudomonadota,Gammaproteobacteria,Burkholderiales,Alcaligenaceae,Achromobacter,Achromobacter xylosoxidans,531.0,No,,,,,,,,,,,,,,,,,,,,,,,,,,,,,,,,,,,,,,,,,,,,,,,,,,,,,,,,,,,,,,,,,,,,,,,,,,,
ASMA-3070,Bacteria,Bacillota,Bacilli,Lactobacillales,Streptococcaceae,Streptococcus,Streptococcus peroris,245.0,No,,,,,,,,,,,,,,,,,,,,,,,,,,,,,,,,,,,,,,,,,,,,,,,,,,,,,,,,,,,,,,,,,,,,,,,,,,,
ASMA-3071,Bacteria,Actinomycetota,Actinomycetes,Micrococcales,Micrococcaceae,Rothia,Rothia dentocariosa,102.0,Yes,1,0.0963,,0.0963,20251111.0,0.13095,,0.1259,,0.01755000000000001,,0.012500000000000011,,0.1455,,4.0,,0.06444165490122959,,0.965523462484897,,poor,0,0.0,0,0.0,1,1,21.819573816511422,,20251111,none,,,,,,,,,,,,,,,,,,,,,,,,,,,,,,,,,,,,,,,,,,,
ASMA-3072,Bacteria,Pseudomonadota,Gammaproteobacteria,Pseudomonadales,Pseudomonadaceae,Pseudomonas,Pseudomonas aeruginosa,462.0,No,,,,,,,,,,,,,,,,,,,,,,,,,,,,,,,,,,,,,,,,,,,,,,,,,,,,,,,,,,,,,,,,,,,,,,,,,,,
ASMA-3073,Bacteria,Bacillota,Bacilli,Lactobacillales,Streptococcaceae,Streptococcus,Streptococcus sp001556435,373.0,No,,,,,,,,,,,,,,,,,,,,,,,,,,,,,,,,,,,,,,,,,,,,,,,,,,,,,,,,,,,,,,,,,,,,,,,,,,,
ASMA-3075,Bacteria,Actinomycetota,Actinomycetes,Actinomycetales,Actinomycetaceae,Actinomyces,Actinomyces naeslundii,436.0,Yes,,,,,,,,,,,,,,,,,,,,,,,,,,,,,,,,,,,,,,,,,,,,,,,,,,,,,,,,,,,,,,,,,,,,,,,,,,,
ASMA-3076,Bacteria,Bacillota,Bacilli,Lactobacillales,Lactobacillaceae,Lacticaseibacillus,Lacticaseibacillus rhamnosus,528.0,No,,,,,,,,,,,,,,,,,,,,,,,,,,,,,,,,,,,,,,,,,,,,,,,,,,,,,,,,,,,,,,,,,,,,,,,,,,,
ASMA-3077,Fungi,Saccharomycetes,Ascomycota,Saccharomycetales,Debaryomycetaceae,Candida,Candida albicans,,,,,,,,,,,,,,,,,,,,,,,,,,,,,,,,,,,,,,,,,,,,,,,,,,,,,,,,,,,,,,,,,,,,,,,,,,,,,
ASMA-3078,Bacteria,Bacillota,Bacilli,Lactobacillales,Lactobacillaceae,Lacticaseibacillus,Lacticaseibacillus rhamnosus,414.0,No,1,0.05979999999999999,,0.05979999999999999,20251111.0,0.09920000000000001,,0.09945,,-0.0006499999999999839,,-0.0003999999999999976,,0.102,,36.5,,,,,,poor,0,0.0,0,0.0,0,1,10.02934796478246,,20251111,none,,,,,,,,,,,,,,,,,,,,,,,,,,,,,,,,,,,,,,,,,,,
ASMA-3079,Bacteria,Bacillota,Bacilli,Lactobacillales,Lactobacillaceae,Lacticaseibacillus,Lacticaseibacillus rhamnosus,414.0,No,,,,,,,,,,,,,,,,,,,,,,,,,,,,,,,,,,,,,,,,,,,,,,,,,,,,,,,,,,,,,,,,,,,,,,,,,,,
ASMA-308,Bacteria,Pseudomonadota,Gammaproteobacteria,Burkholderiales,Alcaligenaceae,Achromobacter,Achromobacter xylosoxidans,531.0,No,,,,,,,,,,,,,,,,,,,,,,,,,,,,,,,,,,,,,,,,,,,,,,,,,,,,,,,,,,,,,,,,,,,,,,,,,,,
ASMA-3080,Bacteria,Bacillota,Bacilli,Lactobacillales,Lactobacillaceae,Lacticaseibacillus,Lacticaseibacillus rhamnosus,103.0,Yes,4,0.025675000000000003,0.04340171367584465,0.09070000000000002,20251121.0,0.15568749999999998,0.06280394925215027,0.14215625,0.07187739090226263,0.03526249999999999,0.040786632307656875,0.02173125,0.0565590265968513,0.16281875,0.06935043671756268,35.9375,20.349421572450982,0.029821325214884842,0.014087209171254791,0.9942493721026184,0.005589743955431171,no_growth,0,0.0,1,25.0,3,1,20.2756156692612,,20251111,none,0.0511,0.0027784887978899624,20251121,0.051366666666666665,no_growth,0.04873333333333333,no_growth,0.046933333333333334,no_growth,0.0484,no_growth,0.0461,no_growth,0.047433333333333334,no_growth,0.04826666666666667,no_growth,0.0484,no_growth,0.04803333333333334,no_growth,0.04626666666666667,no_growth,0.04593333333333333,no_growth,0.04746666666666668,no_growth,0.04773333333333333,no_growth,0.048633333333333334,no_growth,0.04776666666666667,no_growth,0.04566666666666667,no_growth,0.0468,no_growth,0.0447,no_growth,0.056966666666666665,utilizes,0.047499999999999994,no_growth
ASMA-3081,Bacteria,Bacillota,Bacilli,Lactobacillales,Lactobacillaceae,Lacticaseibacillus,Lacticaseibacillus rhamnosus,528.0,No,,,,,,,,,,,,,,,,,,,,,,,,,,,,,,,,,,,,,,,,,,,,,,,,,,,,,,,,,,,,,,,,,,,,,,,,,,,
ASMA-3082,Fungi,Saccharomycetes,Ascomycota,Saccharomycetales,Debaryomycetaceae,Candida,Candida albicans,,,,,,,,,,,,,,,,,,,,,,,,,,,,,,,,,,,,,,,,,,,,,,,,,,,,,,,,,,,,,,,,,,,,,,,,,,,,,
ASMA-3083,Bacteria,Bacillota,Bacilli,Lactobacillales,Lactobacillaceae,Lacticaseibacillus,Lacticaseibacillus rhamnosus,528.0,No,,,,,,,,,,,,,,,,,,,,,,,,,,,,,,,,,,,,,,,,,,,,,,,,,,,,,,,,,,,,,,,,,,,,,,,,,,,
ASMA-3084,Bacteria,Pseudomonadota,Gammaproteobacteria,Burkholderiales,Neisseriaceae,Neisseria,Neisseria perflava,522.0,No,,,,,,,,,,,,,,,,,,,,,,,,,,,,,,,,,,,,,,,,,,,,,,,,,,,,,,,,,,,,,,,,,,,,,,,,,,,
ASMA-3086,Bacteria,Pseudomonadota,Gammaproteobacteria,Burkholderiales,Neisseriaceae,Neisseria,Neisseria perflava,522.0,No,,,,,,,,,,,,,,,,,,,,,,,,,,,,,,,,,,,,,,,,,,,,,,,,,,,,,,,,,,,,,,,,,,,,,,,,,,,
ASMA-3087,Bacteria,Pseudomonadota,Gammaproteobacteria,Burkholderiales,Neisseriaceae,Neisseria,Neisseria perflava,522.0,No,,,,,,,,,,,,,,,,,,,,,,,,,,,,,,,,,,,,,,,,,,,,,,,,,,,,,,,,,,,,,,,,,,,,,,,,,,,
ASMA-3088,Bacteria,Bacillota,Bacilli,Lactobacillales,Streptococcaceae,Streptococcus,Streptococcus salivarius_D,526.0,No,,,,,,,,,,,,,,,,,,,,,,,,,,,,,,,,,,,,,,,,,,,,,,,,,,,,,,,,,,,,,,,,,,,,,,,,,,,
ASMA-3089,Bacteria,Bacillota,Bacilli,Lactobacillales,Streptococcaceae,Streptococcus,Streptococcus salivarius_D,526.0,No,,,,,,,,,,,,,,,,,,,,,,,,,,,,,,,,,,,,,,,,,,,,,,,,,,,,,,,,,,,,,,,,,,,,,,,,,,,
ASMA-309,Bacteria,Pseudomonadota,Gammaproteobacteria,Burkholderiales,Alcaligenaceae,Achromobacter,Achromobacter xylosoxidans,531.0,No,,,,,,,,,,,,,,,,,,,,,,,,,,,,,,,,,,,,,,,,,,,,,,,,,,,,,,,,,,,,,,,,,,,,,,,,,,,
ASMA-3090,Bacteria,Bacillota,Bacilli,Lactobacillales,Streptococcaceae,Streptococcus,Streptococcus salivarius_D,526.0,No,,,,,,,,,,,,,,,,,,,,,,,,,,,,,,,,,,,,,,,,,,,,,,,,,,,,,,,,,,,,,,,,,,,,,,,,,,,
ASMA-3091,Bacteria,Actinomycetota,Actinomycetes,Actinomycetales,Actinomycetaceae,Actinomyces,Actinomyces oris_A,250.0,No,,,,,,,,,,,,,,,,,,,,,,,,,,,,,,,,,,,,,,,,,,,,,,,,,,,,,,,,,,,,,,,,,,,,,,,,,,,
ASMA-3092,Bacteria,Actinomycetota,Actinomycetes,Actinomycetales,Actinomycetaceae,Actinomyces,Actinomyces oris_A,250.0,Yes,,,,,,,,,,,,,,,,,,,,,,,,,,,,,,,,,,,,,,,,,,,,,,,,,,,,,,,,,,,,,,,,,,,,,,,,,,,
ASMA-3093,Bacteria,Pseudomonadota,Gammaproteobacteria,Burkholderiales,Neisseriaceae,Neisseria,Neisseria perflava,522.0,No,,,,,,,,,,,,,,,,,,,,,,,,,,,,,,,,,,,,,,,,,,,,,,,,,,,,,,,,,,,,,,,,,,,,,,,,,,,
ASMA-3094,Bacteria,Actinomycetota,Actinomycetes,Micrococcales,Micrococcaceae,Rothia,Rothia mucilaginosa,104.0,Yes,1,0.05889999999999998,,0.05889999999999998,20251111.0,0.12165,,0.12,,0.0169,,0.01525,,0.13675,,8.0,,0.05410487471818327,,0.9914793858701729,,poor,0,0.0,0,0.0,1,1,23.92497129003445,,20251111,none,,,,,,,,,,,,,,,,,,,,,,,,,,,,,,,,,,,,,,,,,,,
ASMA-3095,Bacteria,Pseudomonadota,Gammaproteobacteria,Burkholderiales,Neisseriaceae,Neisseria,Neisseria perflava,522.0,No,,,,,,,,,,,,,,,,,,,,,,,,,,,,,,,,,,,,,,,,,,,,,,,,,,,,,,,,,,,,,,,,,,,,,,,,,,,
ASMA-3096,Bacteria,Bacillota,Bacilli,Lactobacillales,Streptococcaceae,Streptococcus,Streptococcus parasanguinis,364.0,No,,,,,,,,,,,,,,,,,,,,,,,,,,,,,,,,,,,,,,,,,,,,,,,,,,,,,,,,,,,,,,,,,,,,,,,,,,,
ASMA-3097,Bacteria,Actinomycetota,Actinomycetes,Micrococcales,Micrococcaceae,Rothia,Rothia dentocariosa,413.0,Yes,,,,,,,,,,,,,,,,,,,,,,,,,,,,,,,,,,,,,,,,,,,,,,,,,,,,,,,,,,,,,,,,,,,,,,,,,,,
ASMA-3098,Bacteria,Bacillota,Bacilli,Lactobacillales,Streptococcaceae,Streptococcus,Streptococcus parasanguinis,364.0,No,,,,,,,,,,,,,,,,,,,,,,,,,,,,,,,,,,,,,,,,,,,,,,,,,,,,,,,,,,,,,,,,,,,,,,,,,,,
ASMA-3099,Bacteria,Pseudomonadota,Gammaproteobacteria,Burkholderiales,Neisseriaceae,Neisseria,Neisseria perflava,522.0,No,,,,,,,,,,,,,,,,,,,,,,,,,,,,,,,,,,,,,,,,,,,,,,,,,,,,,,,,,,,,,,,,,,,,,,,,,,,
ASMA-31,Bacteria,Pseudomonadota,Gammaproteobacteria,Pseudomonadales,Pseudomonadaceae,Pseudomonas,Pseudomonas aeruginosa,536.0,No,,,,,,,,,,,,,,,,,,,,,,,,,,,,,,,,,,,,,,,,,,,,,,,,,,,,,,,,,,,,,,,,,,,,,,,,,,,
ASMA-310,Bacteria,Pseudomonadota,Gammaproteobacteria,Burkholderiales,Alcaligenaceae,Achromobacter,Achromobacter xylosoxidans,531.0,No,,,,,,,,,,,,,,,,,,,,,,,,,,,,,,,,,,,,,,,,,,,,,,,,,,,,,,,,,,,,,,,,,,,,,,,,,,,
ASMA-3100,Bacteria,Bacillota,Bacilli,Lactobacillales,Streptococcaceae,Streptococcus,Streptococcus oralis_S,105.0,Yes,1,0.002250000000000002,,0.002250000000000002,20251111.0,0.347975,,0.22665,,0.11549999999999999,,-0.005824999999999997,,0.3768,,41.25,,0.04086214873030539,,0.9990010906829694,,no_growth,1,100.0,0,0.0,1,1,-5.410233507719781,,20251111,none,,,,,,,,,,,,,,,,,,,,,,,,,,,,,,,,,,,,,,,,,,,
ASMA-3101,Bacteria,Bacillota,Bacilli,Lactobacillales,Streptococcaceae,Streptococcus,Streptococcus vulneris,251.0,No,,,,,,,,,,,,,,,,,,,,,,,,,,,,,,,,,,,,,,,,,,,,,,,,,,,,,,,,,,,,,,,,,,,,,,,,,,,
ASMA-3102,Bacteria,Pseudomonadota,Gammaproteobacteria,Burkholderiales,Neisseriaceae,Neisseria,Neisseria perflava,522.0,No,,,,,,,,,,,,,,,,,,,,,,,,,,,,,,,,,,,,,,,,,,,,,,,,,,,,,,,,,,,,,,,,,,,,,,,,,,,
ASMA-3103,Bacteria,Bacillota,Bacilli,Lactobacillales,Streptococcaceae,Streptococcus,Streptococcus oralis_I,106.0,Yes,1,0.0013500000000000179,,0.0013500000000000179,20251111.0,0.10465,,0.10285,,-0.00714999999999999,,-0.00895,,0.1118,,0.0,,0.004491554281213499,,0.9852827870299882,,no_growth,0,0.0,0,0.0,1,1,6.239632512440991,,20251111,none,,,,,,,,,,,,,,,,,,,,,,,,,,,,,,,,,,,,,,,,,,,
ASMA-3104,Bacteria,Bacillota,Bacilli,Lactobacillales,Streptococcaceae,Streptococcus,Streptococcus sp902363395,402.0,Yes,,,,,,,,,,,,,,,,,,,,,,,,,,,,,,,,,,,,,,,,,,,,,,,,,,,,,,,,,,,,,,,,,,,,,,,,,,,
ASMA-3105,Bacteria,Bacillota,Bacilli,Lactobacillales,Streptococcaceae,Streptococcus,Streptococcus salivarius_D,526.0,No,,,,,,,,,,,,,,,,,,,,,,,,,,,,,,,,,,,,,,,,,,,,,,,,,,,,,,,,,,,,,,,,,,,,,,,,,,,
ASMA-3106,Bacteria,Bacillota,Bacilli,Lactobacillales,Streptococcaceae,Streptococcus,Streptococcus salivarius_D,526.0,No,,,,,,,,,,,,,,,,,,,,,,,,,,,,,,,,,,,,,,,,,,,,,,,,,,,,,,,,,,,,,,,,,,,,,,,,,,,
ASMA-3107,Bacteria,Bacillota,Bacilli,Lactobacillales,Streptococcaceae,Streptococcus,Streptococcus mitis_BP,252.0,No,,,,,,,,,,,,,,,,,,,,,,,,,,,,,,,,,,,,,,,,,,,,,,,,,,,,,,,,,,,,,,,,,,,,,,,,,,,
ASMA-3108,Bacteria,Bacillota,Bacilli,Lactobacillales,Streptococcaceae,Streptococcus,Streptococcus mitis_BP,252.0,Yes,,,,,,,,,,,,,,,,,,,,,,,,,,,,,,,,,,,,,,,,,,,,,,,,,,,,,,,,,,,,,,,,,,,,,,,,,,,
ASMA-3109,Bacteria,Bacillota,Bacilli,Lactobacillales,Streptococcaceae,Streptococcus,Streptococcus sp001556435,401.0,No,,,,,,,,,,,,,,,,,,,,,,,,,,,,,,,,,,,,,,,,,,,,,,,,,,,,,,,,,,,,,,,,,,,,,,,,,,,
ASMA-311,Bacteria,Pseudomonadota,Gammaproteobacteria,Burkholderiales,Alcaligenaceae,Achromobacter,Achromobacter xylosoxidans,531.0,No,,,,,,,,,,,,,,,,,,,,,,,,,,,,,,,,,,,,,,,,,,,,,,,,,,,,,,,,,,,,,,,,,,,,,,,,,,,
ASMA-3110,Bacteria,Bacillota,Bacilli,Lactobacillales,Streptococcaceae,Streptococcus,Streptococcus salivarius,423.0,No,,,,,,,,,,,,,,,,,,,,,,,,,,,,,,,,,,,,,,,,,,,,,,,,,,,,,,,,,,,,,,,,,,,,,,,,,,,
ASMA-3111,Bacteria,Actinomycetota,Actinomycetes,Micrococcales,Micrococcaceae,Rothia,Rothia dentocariosa,212.0,Yes,,,,,,,,,,,,,,,,,,,,,,,,,,,,,,,,,,,,,,,,,,,,,,,,,,,,,,,,,,,,,,,,,,,,,,,,,,,
ASMA-3112,Bacteria,Bacillota,Bacilli,Lactobacillales,Streptococcaceae,Streptococcus,undetermined species,,,,,,,,,,,,,,,,,,,,,,,,,,,,,,,,,,,,,,,,,,,,,,,,,,,,,,,,,,,,,,,,,,,,,,,,,,,,,
ASMA-3113,Bacteria,Pseudomonadota,Gammaproteobacteria,Burkholderiales,Neisseriaceae,Neisseria,Neisseria flava,485.0,No,,,,,,,,,,,,,,,,,,,,,,,,,,,,,,,,,,,,,,,,,,,,,,,,,,,,,,,,,,,,,,,,,,,,,,,,,,,
ASMA-3114,Bacteria,Bacillota,Bacilli,Lactobacillales,Streptococcaceae,Streptococcus,Streptococcus sp001556435,401.0,Yes,,,,,,,,,,,,,,,,,,,,,,,,,,,,,,,,,,,,,,,,,,,,,,,,,,,,,,,,,,,,,,,,,,,,,,,,,,,
ASMA-3115,Bacteria,Bacillota,Bacilli,Lactobacillales,Streptococcaceae,Streptococcus,Streptococcus sp001556435,401.0,No,,,,,,,,,,,,,,,,,,,,,,,,,,,,,,,,,,,,,,,,,,,,,,,,,,,,,,,,,,,,,,,,,,,,,,,,,,,
ASMA-3116,Bacteria,Actinomycetota,Actinomycetes,Mycobacteriales,Mycobacteriaceae,Corynebacterium,Corynebacterium durum,253.0,Yes,1,0.029700000000000004,,0.029700000000000004,20251111.0,0.1536,,0.1501,,0.03349999999999999,,0.030000000000000013,,0.15635,,41.75,,0.03449259709461444,,0.9976541794990993,,no_growth,0,0.0,0,0.0,1,1,28.416485900216927,,20251111,weak,,,,,,,,,,,,,,,,,,,,,,,,,,,,,,,,,,,,,,,,,,,
ASMA-3117,Bacteria,Actinomycetota,Actinomycetes,Mycobacteriales,Mycobacteriaceae,Corynebacterium,Corynebacterium durum,253.0,No,,,,,,,,,,,,,,,,,,,,,,,,,,,,,,,,,,,,,,,,,,,,,,,,,,,,,,,,,,,,,,,,,,,,,,,,,,,
ASMA-3118,Bacteria,Bacillota,Bacilli,Lactobacillales,Streptococcaceae,Streptococcus,Streptococcus parasanguinis,501.0,No,,,,,,,,,,,,,,,,,,,,,,,,,,,,,,,,,,,,,,,,,,,,,,,,,,,,,,,,,,,,,,,,,,,,,,,,,,,
ASMA-3119,Bacteria,Bacillota,Bacilli,Lactobacillales,Streptococcaceae,Streptococcus,Streptococcus mitis_Q,107.0,Yes,,,,,,,,,,,,,,,,,,,,,,,,,,,,,,,,,,,,,,,,,,,,,,,,,,,,,,,,,,,,,,,,,,,,,,,,,,,
ASMA-312,Bacteria,Pseudomonadota,Gammaproteobacteria,Burkholderiales,Alcaligenaceae,Achromobacter,Achromobacter xylosoxidans,531.0,No,,,,,,,,,,,,,,,,,,,,,,,,,,,,,,,,,,,,,,,,,,,,,,,,,,,,,,,,,,,,,,,,,,,,,,,,,,,
ASMA-3120,Fungi,Saccharomycetes,Ascomycota,Saccharomycetales,Debaryomycetaceae,Candida,Candida albicans,,,,,,,,,,,,,,,,,,,,,,,,,,,,,,,,,,,,,,,,,,,,,,,,,,,,,,,,,,,,,,,,,,,,,,,,,,,,,
ASMA-3121,Bacteria,Bacillota,Bacilli,Lactobacillales,Streptococcaceae,Streptococcus,Streptococcus salivarius_D,490.0,No,,,,,,,,,,,,,,,,,,,,,,,,,,,,,,,,,,,,,,,,,,,,,,,,,,,,,,,,,,,,,,,,,,,,,,,,,,,
ASMA-3122,Bacteria,Bacillota,Bacilli,Lactobacillales,Lactobacillaceae,Lacticaseibacillus,Lacticaseibacillus paracasei,293.0,Yes,,,,,,,,,,,,,,,,,,,,,,,,,,,,,,,,,,,,,,,,,,,,,,,,,,,,,,,,,,,,,,,,,,,,,,,,,,,
ASMA-3123,Bacteria,Bacillota,Bacilli,Lactobacillales,Streptococcaceae,Streptococcus,Streptococcus sp001556435,401.0,No,,,,,,,,,,,,,,,,,,,,,,,,,,,,,,,,,,,,,,,,,,,,,,,,,,,,,,,,,,,,,,,,,,,,,,,,,,,
ASMA-3124,Bacteria,Bacillota,Bacilli,Lactobacillales,Lactobacillaceae,Lacticaseibacillus,Lacticaseibacillus rhamnosus,528.0,No,,,,,,,,,,,,,,,,,,,,,,,,,,,,,,,,,,,,,,,,,,,,,,,,,,,,,,,,,,,,,,,,,,,,,,,,,,,
ASMA-3125,Bacteria,Bacillota,Bacilli,Lactobacillales,Lactobacillaceae,Lactiplantibacillus,Lactiplantibacillus plantarum,,,1,0.004049999999999998,,0.004049999999999998,20251111.0,0.10215,,0.10175,,0.0002500000000000002,,-0.00015000000000001124,,0.1035,,5.0,,,,,,no_growth,0,0.0,0,0.0,0,1,21.679213984943217,,20251111,none,,,,,,,,,,,,,,,,,,,,,,,,,,,,,,,,,,,,,,,,,,,
ASMA-3126,Fungi,Saccharomycetes,Ascomycota,Saccharomycetales,Debaryomycetaceae,Candida,Candida albicans,,,,,,,,,,,,,,,,,,,,,,,,,,,,,,,,,,,,,,,,,,,,,,,,,,,,,,,,,,,,,,,,,,,,,,,,,,,,,
ASMA-3127,Bacteria,Bacillota,Bacilli,Lactobacillales,Lactobacillaceae,Lacticaseibacillus,Lacticaseibacillus paracasei,293.0,No,,,,,,,,,,,,,,,,,,,,,,,,,,,,,,,,,,,,,,,,,,,,,,,,,,,,,,,,,,,,,,,,,,,,,,,,,,,
ASMA-3128,Bacteria,Bacillota,Bacilli,Lactobacillales,Lactobacillaceae,Lacticaseibacillus,Lacticaseibacillus rhamnosus,528.0,No,,,,,,,,,,,,,,,,,,,,,,,,,,,,,,,,,,,,,,,,,,,,,,,,,,,,,,,,,,,,,,,,,,,,,,,,,,,
ASMA-3129,Bacteria,Bacillota,Bacilli,Lactobacillales,Lactobacillaceae,Lacticaseibacillus,Lacticaseibacillus paracasei,108.0,Yes,1,0.0030000000000000027,,0.0030000000000000027,20251111.0,0.0997,,0.0991,,0.0005499999999999949,,-5.000000000000837e-05,,0.1021,,5.0,,,,,,no_growth,0,0.0,0,0.0,0,1,22.52137297435243,,20251111,none,,,,,,,,,,,,,,,,,,,,,,,,,,,,,,,,,,,,,,,,,,,
ASMA-313,Bacteria,Pseudomonadota,Gammaproteobacteria,Burkholderiales,Alcaligenaceae,Achromobacter,Achromobacter xylosoxidans,531.0,No,,,,,,,,,,,,,,,,,,,,,,,,,,,,,,,,,,,,,,,,,,,,,,,,,,,,,,,,,,,,,,,,,,,,,,,,,,,
ASMA-3130,Bacteria,Bacillota,Bacilli,Lactobacillales,Streptococcaceae,Streptococcus,Streptococcus infantis_M,216.0,No,1,0.0014500000000000068,,0.0014500000000000068,20251111.0,0.10005,,0.09665,,-0.001899999999999999,,-0.005299999999999999,,0.10445,,36.25,,,,,,no_growth,0,0.0,0,0.0,0,1,-2.3223172132193355,,20251111,none,,,,,,,,,,,,,,,,,,,,,,,,,,,,,,,,,,,,,,,,,,,
ASMA-3131,Bacteria,Bacillota,Bacilli,Lactobacillales,Streptococcaceae,Streptococcus,Streptococcus sp001813105,330.0,Yes,1,0.0015500000000000097,,0.0015500000000000097,20251111.0,0.09395,,0.0935,,-0.001799999999999996,,-0.002250000000000002,,0.09575,,0.0,,,,,,no_growth,0,0.0,0,0.0,0,1,19.152737016715577,,20251111,none,,,,,,,,,,,,,,,,,,,,,,,,,,,,,,,,,,,,,,,,,,,
ASMA-3132,Bacteria,Actinomycetota,Actinomycetes,Micrococcales,Micrococcaceae,Rothia,Rothia dentocariosa,463.0,No,4,0.07676875,0.08344072091161484,0.20189999999999997,20251121.0,0.09960625000000001,0.005209701486969614,0.09928125,0.005645771832383354,-0.00585625,0.010329980134701773,-0.006181249999999999,0.009884697242876649,0.10655625,0.01599527762341123,2.8125,3.1049355870935553,0.011877356562706068,,0.9699631561939438,,poor,0,0.0,0,0.0,1,1,17.32805920632896,,20251111,none,0.1353,0.005963220606350228,20251121,0.17666666666666667,utilizes,0.050499999999999996,no_growth,0.04699999999999999,no_growth,0.054799999999999995,no_growth,0.0531,no_growth,0.05113333333333333,no_growth,0.0534,no_growth,0.050033333333333325,no_growth,0.05206666666666667,no_growth,0.0539,no_growth,0.05016666666666667,no_growth,0.0515,no_growth,0.052866666666666666,no_growth,0.05383333333333332,no_growth,0.051,no_growth,0.05133333333333334,no_growth,0.05223333333333333,no_growth,0.051800000000000006,no_growth,0.08846666666666665,no_growth,0.05156666666666667,no_growth
ASMA-3133,Bacteria,Pseudomonadota,Gammaproteobacteria,Burkholderiales,Neisseriaceae,Neisseria,Neisseria sp000186165,438.0,Yes,1,0.00814999999999999,,0.00814999999999999,20251111.0,0.09275,,0.09234999999999999,,-0.0008499999999999897,,-0.0012500000000000011,,0.09359999999999999,,0.0,,,,,,no_growth,0,0.0,0,0.0,0,1,22.38101314278424,,20251111,none,,,,,,,,,,,,,,,,,,,,,,,,,,,,,,,,,,,,,,,,,,,
ASMA-3134,Bacteria,Bacillota,Bacilli,Lactobacillales,Streptococcaceae,Streptococcus,Streptococcus salivarius,527.0,No,,,,,,,,,,,,,,,,,,,,,,,,,,,,,,,,,,,,,,,,,,,,,,,,,,,,,,,,,,,,,,,,,,,,,,,,,,,
ASMA-3135,Bacteria,Pseudomonadota,Gammaproteobacteria,Burkholderiales,Neisseriaceae,Neisseria,undetermined species,475.0,No,,,,,,,,,,,,,,,,,,,,,,,,,,,,,,,,,,,,,,,,,,,,,,,,,,,,,,,,,,,,,,,,,,,,,,,,,,,
ASMA-3136,Bacteria,Bacillota,Bacilli,Lactobacillales,Streptococcaceae,Streptococcus,Streptococcus sp002238115,109.0,Yes,,,,,,,,,,,,,,,,,,,,,,,,,,,,,,,,,,,,,,,,,,,,,,,,,,,,,,,,,,,,,,,,,,,,,,,,,,,
ASMA-3137,Fungi,Saccharomycetes,Ascomycota,Saccharomycetales,Debaryomycetaceae,Candida,Candida albicans,,,,,,,,,,,,,,,,,,,,,,,,,,,,,,,,,,,,,,,,,,,,,,,,,,,,,,,,,,,,,,,,,,,,,,,,,,,,,
ASMA-3138,Fungi,Saccharomycetes,Ascomycota,Saccharomycetales,Debaryomycetaceae,Candida,Candida albicans,,,,,,,,,,,,,,,,,,,,,,,,,,,,,,,,,,,,,,,,,,,,,,,,,,,,,,,,,,,,,,,,,,,,,,,,,,,,,
ASMA-3139,Bacteria,Bacillota,Bacilli,Lactobacillales,Streptococcaceae,Streptococcus,Streptococcus salivarius,476.0,No,,,,,,,,,,,,,,,,,,,,,,,,,,,,,,,,,,,,,,,,,,,,,,,,,,,,,,,,,,,,,,,,,,,,,,,,,,,
ASMA-314,Bacteria,Pseudomonadota,Gammaproteobacteria,Burkholderiales,Alcaligenaceae,Achromobacter,Achromobacter xylosoxidans,531.0,No,,,,,,,,,,,,,,,,,,,,,,,,,,,,,,,,,,,,,,,,,,,,,,,,,,,,,,,,,,,,,,,,,,,,,,,,,,,
ASMA-3140,Bacteria,Bacillota,Bacilli,Lactobacillales,Streptococcaceae,Streptococcus,Streptococcus salivarius,476.0,No,,,,,,,,,,,,,,,,,,,,,,,,,,,,,,,,,,,,,,,,,,,,,,,,,,,,,,,,,,,,,,,,,,,,,,,,,,,
ASMA-3141,Bacteria,Actinomycetota,Actinomycetes,Micrococcales,Micrococcaceae,Rothia,Rothia dentocariosa,450.0,No,,,,,,,,,,,,,,,,,,,,,,,,,,,,,,,,,,,,,,,,,,,,,,,,,,,,,,,,,,,,,,,,,,,,,,,,,,,
ASMA-3142,Bacteria,Actinomycetota,Actinomycetes,Micrococcales,Micrococcaceae,Rothia,Rothia dentocariosa,450.0,No,,,,,,,,,,,,,,,,,,,,,,,,,,,,,,,,,,,,,,,,,,,,,,,,,,,,,,,,,,,,,,,,,,,,,,,,,,,
ASMA-3143,Bacteria,Actinomycetota,Actinomycetes,Micrococcales,Micrococcaceae,Rothia,Rothia dentocariosa,110.0,Yes,,,,,,,,,,,,,,,,,,,,,,,,,,,,,,,,,,,,,,,,,,,,,,,,,,,,,,,,,,,,,,,,,,,,,,,,,,,
ASMA-3144,Bacteria,Actinomycetota,Actinomycetes,Actinomycetales,Actinomycetaceae,Actinomyces,Actinomyces sp915069725,111.0,Yes,,,,,,,,,,,,,,,,,,,,,,,,,,,,,,,,,,,,,,,,,,,,,,,,,,,,,,,,,,,,,,,,,,,,,,,,,,,
ASMA-3145,Fungi,Saccharomycetes,Ascomycota,Saccharomycetales,Debaryomycetaceae,Candida,Candida albicans,,,,,,,,,,,,,,,,,,,,,,,,,,,,,,,,,,,,,,,,,,,,,,,,,,,,,,,,,,,,,,,,,,,,,,,,,,,,,
ASMA-3146,Bacteria,Bacillota,Bacilli,Staphylococcales,Staphylococcaceae,Staphylococcus,Staphylococcus epidermidis,530.0,No,,,,,,,,,,,,,,,,,,,,,,,,,,,,,,,,,,,,,,,,,,,,,,,,,,,,,,,,,,,,,,,,,,,,,,,,,,,
ASMA-3147,Fungi,Saccharomycetes,Ascomycota,Saccharomycetales,Debaryomycetaceae,Candida,Candida albicans,,,,,,,,,,,,,,,,,,,,,,,,,,,,,,,,,,,,,,,,,,,,,,,,,,,,,,,,,,,,,,,,,,,,,,,,,,,,,
ASMA-3148,Bacteria,Bacillota,Bacilli,Staphylococcales,Staphylococcaceae,Staphylococcus,Staphylococcus epidermidis,530.0,No,,,,,,,,,,,,,,,,,,,,,,,,,,,,,,,,,,,,,,,,,,,,,,,,,,,,,,,,,,,,,,,,,,,,,,,,,,,
ASMA-3149,Fungi,Saccharomycetes,Ascomycota,Saccharomycetales,Debaryomycetaceae,Candida,Candida albicans,,,,,,,,,,,,,,,,,,,,,,,,,,,,,,,,,,,,,,,,,,,,,,,,,,,,,,,,,,,,,,,,,,,,,,,,,,,,,
ASMA-315,Bacteria,Pseudomonadota,Gammaproteobacteria,Burkholderiales,Alcaligenaceae,Achromobacter,Achromobacter xylosoxidans,531.0,No,,,,,,,,,,,,,,,,,,,,,,,,,,,,,,,,,,,,,,,,,,,,,,,,,,,,,,,,,,,,,,,,,,,,,,,,,,,
ASMA-3150,Bacteria,Bacillota,Bacilli,Staphylococcales,Staphylococcaceae,Staphylococcus,Staphylococcus epidermidis,530.0,No,,,,,,,,,,,,,,,,,,,,,,,,,,,,,,,,,,,,,,,,,,,,,,,,,,,,,,,,,,,,,,,,,,,,,,,,,,,
ASMA-3151,Fungi,Saccharomycetes,Ascomycota,Saccharomycetales,Debaryomycetaceae,Candida,Candida albicans,,,,,,,,,,,,,,,,,,,,,,,,,,,,,,,,,,,,,,,,,,,,,,,,,,,,,,,,,,,,,,,,,,,,,,,,,,,,,
ASMA-3152,Fungi,Saccharomycetes,Ascomycota,Saccharomycetales,Debaryomycetaceae,Candida,Candida albicans,,,,,,,,,,,,,,,,,,,,,,,,,,,,,,,,,,,,,,,,,,,,,,,,,,,,,,,,,,,,,,,,,,,,,,,,,,,,,
ASMA-3153,Bacteria,Bacillota,Bacilli,Lactobacillales,Lactobacillaceae,Lactiplantibacillus,Lactiplantibacillus plantarum,,,1,0.003149999999999986,,0.003149999999999986,20251111.0,0.12205,,0.1175,,0.013450000000000004,,0.008899999999999991,,0.1406,,22.5,,0.05089284174296832,,0.9911893130444893,,no_growth,0,0.0,0,0.0,1,1,19.012377185147372,,20251111,none,,,,,,,,,,,,,,,,,,,,,,,,,,,,,,,,,,,,,,,,,,,
ASMA-3154,Bacteria,Bacillota,Bacilli,Lactobacillales,Lactobacillaceae,Lactiplantibacillus,Lactiplantibacillus plantarum,,,1,0.0034499999999999947,,0.0034499999999999947,20251111.0,0.10135,,0.1005,,0.004699999999999996,,0.003850000000000006,,0.10245,,11.25,,0.014178057172353231,,0.9878952904851902,,no_growth,0,0.0,0,0.0,1,1,20.135255837692995,,20251111,none,,,,,,,,,,,,,,,,,,,,,,,,,,,,,,,,,,,,,,,,,,,
ASMA-3155,Bacteria,Bacillota,Bacilli,Lactobacillales,Streptococcaceae,Streptococcus,Streptococcus salivarius_D,526.0,No,,,,,,,,,,,,,,,,,,,,,,,,,,,,,,,,,,,,,,,,,,,,,,,,,,,,,,,,,,,,,,,,,,,,,,,,,,,
ASMA-3156,Bacteria,Bacillota,Bacilli,Lactobacillales,Streptococcaceae,Streptococcus,Streptococcus salivarius_D,526.0,No,,,,,,,,,,,,,,,,,,,,,,,,,,,,,,,,,,,,,,,,,,,,,,,,,,,,,,,,,,,,,,,,,,,,,,,,,,,
ASMA-3157,Bacteria,Pseudomonadota,Gammaproteobacteria,Burkholderiales,Neisseriaceae,Neisseria,Neisseria perflava,522.0,No,,,,,,,,,,,,,,,,,,,,,,,,,,,,,,,,,,,,,,,,,,,,,,,,,,,,,,,,,,,,,,,,,,,,,,,,,,,
ASMA-3158,Bacteria,Pseudomonadota,Gammaproteobacteria,Burkholderiales,Neisseriaceae,Neisseria,Neisseria perflava,522.0,No,,,,,,,,,,,,,,,,,,,,,,,,,,,,,,,,,,,,,,,,,,,,,,,,,,,,,,,,,,,,,,,,,,,,,,,,,,,
ASMA-3159,Bacteria,Actinomycetota,Actinomycetes,Micrococcales,Micrococcaceae,Rothia,Rothia dentocariosa,365.0,No,,,,,,,,,,,,,,,,,,,,,,,,,,,,,,,,,,,,,,,,,,,,,,,,,,,,,,,,,,,,,,,,,,,,,,,,,,,
ASMA-316,Bacteria,Pseudomonadota,Gammaproteobacteria,Burkholderiales,Alcaligenaceae,Achromobacter,Achromobacter xylosoxidans,531.0,No,,,,,,,,,,,,,,,,,,,,,,,,,,,,,,,,,,,,,,,,,,,,,,,,,,,,,,,,,,,,,,,,,,,,,,,,,,,
ASMA-3160,Bacteria,Actinomycetota,Actinomycetes,Micrococcales,Micrococcaceae,Rothia,Rothia dentocariosa,365.0,Yes,,,,,,,,,,,,,,,,,,,,,,,,,,,,,,,,,,,,,,,,,,,,,,,,,,,,,,,,,,,,,,,,,,,,,,,,,,,
ASMA-3161,Bacteria,Bacillota,Bacilli,Lactobacillales,Streptococcaceae,Streptococcus,undetermined species,226.0,No,,,,,,,,,,,,,,,,,,,,,,,,,,,,,,,,,,,,,,,,,,,,,,,,,,,,,,,,,,,,,,,,,,,,,,,,,,,
ASMA-3162,Bacteria,Actinomycetota,Actinomycetes,Micrococcales,Micrococcaceae,Rothia,Rothia dentocariosa,254.0,No,1,0.03624999999999999,,0.03624999999999999,20251111.0,0.09335,,0.09235,,-0.000800000000000009,,-0.00180000000000001,,0.09415000000000001,,0.0,,,,,,no_growth,0,0.0,0,0.0,0,1,14.520862574964923,,20251111,none,,,,,,,,,,,,,,,,,,,,,,,,,,,,,,,,,,,,,,,,,,,
ASMA-3164,Bacteria,Actinomycetota,Actinomycetes,Micrococcales,Micrococcaceae,Rothia,Rothia dentocariosa,254.0,Yes,,,,,,,,,,,,,,,,,,,,,,,,,,,,,,,,,,,,,,,,,,,,,,,,,,,,,,,,,,,,,,,,,,,,,,,,,,,
ASMA-3165,Bacteria,Pseudomonadota,Gammaproteobacteria,Burkholderiales,Neisseriaceae,Neisseria,Neisseria perflava,522.0,No,,,,,,,,,,,,,,,,,,,,,,,,,,,,,,,,,,,,,,,,,,,,,,,,,,,,,,,,,,,,,,,,,,,,,,,,,,,
ASMA-3166,Bacteria,Pseudomonadota,Gammaproteobacteria,Burkholderiales,Neisseriaceae,Neisseria,Neisseria perflava,522.0,Yes,,,,,,,,,,,,,,,,,,,,,,,,,,,,,,,,,,,,,,,,,,,,,,,,,,,,,,,,,,,,,,,,,,,,,,,,,,,
ASMA-3167,Bacteria,Bacillota,Bacilli,Lactobacillales,Streptococcaceae,Streptococcus,Streptococcus sanguinis,112.0,Yes,1,0.0012500000000000011,,0.0012500000000000011,20251111.0,0.0946,,0.09365000000000001,,-0.0018500000000000044,,-0.002799999999999997,,0.09645000000000001,,0.0,,,,,,no_growth,0,0.0,0,0.0,0,1,17.889498532601763,,20251111,none,,,,,,,,,,,,,,,,,,,,,,,,,,,,,,,,,,,,,,,,,,,
ASMA-3168,Bacteria,Bacillota,Bacilli,Lactobacillales,Streptococcaceae,Streptococcus,Streptococcus salivarius_D,526.0,No,,,,,,,,,,,,,,,,,,,,,,,,,,,,,,,,,,,,,,,,,,,,,,,,,,,,,,,,,,,,,,,,,,,,,,,,,,,
ASMA-3169,Bacteria,Bacillota,Bacilli,Lactobacillales,Streptococcaceae,Streptococcus,Streptococcus salivarius_D,526.0,No,,,,,,,,,,,,,,,,,,,,,,,,,,,,,,,,,,,,,,,,,,,,,,,,,,,,,,,,,,,,,,,,,,,,,,,,,,,
ASMA-317,Bacteria,Pseudomonadota,Gammaproteobacteria,Burkholderiales,Alcaligenaceae,Achromobacter,Achromobacter xylosoxidans,531.0,No,,,,,,,,,,,,,,,,,,,,,,,,,,,,,,,,,,,,,,,,,,,,,,,,,,,,,,,,,,,,,,,,,,,,,,,,,,,
ASMA-3170,Bacteria,Bacillota,Bacilli,Lactobacillales,Streptococcaceae,Streptococcus,Streptococcus salivarius_D,526.0,No,,,,,,,,,,,,,,,,,,,,,,,,,,,,,,,,,,,,,,,,,,,,,,,,,,,,,,,,,,,,,,,,,,,,,,,,,,,
ASMA-3172,Bacteria,Bacillota,Bacilli,Staphylococcales,Staphylococcaceae,Staphylococcus,Staphylococcus aureus,471.0,No,,,,,,,,,,,,,,,,,,,,,,,,,,,,,,,,,,,,,,,,,,,,,,,,,,,,,,,,,,,,,,,,,,,,,,,,,,,
ASMA-3173,Fungi,Saccharomycetes,Ascomycota,Saccharomycetales,Debaryomycetaceae,Candida,Candida albicans,,,,,,,,,,,,,,,,,,,,,,,,,,,,,,,,,,,,,,,,,,,,,,,,,,,,,,,,,,,,,,,,,,,,,,,,,,,,,
ASMA-3174,Fungi,Saccharomycetes,Ascomycota,Saccharomycetales,Debaryomycetaceae,Candida,Candida albicans,,,,,,,,,,,,,,,,,,,,,,,,,,,,,,,,,,,,,,,,,,,,,,,,,,,,,,,,,,,,,,,,,,,,,,,,,,,,,
ASMA-3175,Bacteria,Pseudomonadota,Gammaproteobacteria,Pseudomonadales,Pseudomonadaceae,Pseudomonas,Pseudomonas aeruginosa,462.0,No,,,,,,,,,,,,,,,,,,,,,,,,,,,,,,,,,,,,,,,,,,,,,,,,,,,,,,,,,,,,,,,,,,,,,,,,,,,
ASMA-3176,Bacteria,Pseudomonadota,Gammaproteobacteria,Pseudomonadales,Pseudomonadaceae,Pseudomonas,Pseudomonas aeruginosa,,,,,,,,,,,,,,,,,,,,,,,,,,,,,,,,,,,,,,,,,,,,,,,,,,,,,,,,,,,,,,,,,,,,,,,,,,,,,
ASMA-3177,Bacteria,Pseudomonadota,Gammaproteobacteria,Pseudomonadales,Pseudomonadaceae,Pseudomonas,Pseudomonas aeruginosa,462.0,No,,,,,,,,,,,,,,,,,,,,,,,,,,,,,,,,,,,,,,,,,,,,,,,,,,,,,,,,,,,,,,,,,,,,,,,,,,,
ASMA-3178,Bacteria,Pseudomonadota,Gammaproteobacteria,Pseudomonadales,Pseudomonadaceae,Pseudomonas,Pseudomonas aeruginosa,462.0,Yes,,,,,,,,,,,,,,,,,,,,,,,,,,,,,,,,,,,,,,,,,,,,,,,,,,,,,,,,,,,,,,,,,,,,,,,,,,,
ASMA-3179,Bacteria,Bacillota,Bacilli,Lactobacillales,Aerococcaceae,Granulicatella,Granulicatella sp900551535,,,,,,,,,,,,,,,,,,,,,,,,,,,,,,,,,,,,,,,,,,,,,,,,,,,,,,,,,,,,,,,,,,,,,,,,,,,,,
ASMA-318,Bacteria,Pseudomonadota,Gammaproteobacteria,Burkholderiales,Alcaligenaceae,Achromobacter,Achromobacter xylosoxidans,531.0,No,,,,,,,,,,,,,,,,,,,,,,,,,,,,,,,,,,,,,,,,,,,,,,,,,,,,,,,,,,,,,,,,,,,,,,,,,,,
ASMA-3180,Bacteria,Bacillota,Bacilli,Lactobacillales,Aerococcaceae,Granulicatella,Granulicatella sp900551535,,,,,,,,,,,,,,,,,,,,,,,,,,,,,,,,,,,,,,,,,,,,,,,,,,,,,,,,,,,,,,,,,,,,,,,,,,,,,
ASMA-3181,Bacteria,Bacillota,Bacilli,Lactobacillales,Streptococcaceae,Streptococcus,Streptococcus sp900766505,448.0,No,,,,,,,,,,,,,,,,,,,,,,,,,,,,,,,,,,,,,,,,,,,,,,,,,,,,,,,,,,,,,,,,,,,,,,,,,,,
ASMA-3182,Fungi,Saccharomycetes,Ascomycota,Saccharomycetales,Debaryomycetaceae,Candida,Candida albicans,,,,,,,,,,,,,,,,,,,,,,,,,,,,,,,,,,,,,,,,,,,,,,,,,,,,,,,,,,,,,,,,,,,,,,,,,,,,,
ASMA-3183,Bacteria,Bacillota,Bacilli,Lactobacillales,Streptococcaceae,Streptococcus,Streptococcus mitis_DA,465.0,No,,,,,,,,,,,,,,,,,,,,,,,,,,,,,,,,,,,,,,,,,,,,,,,,,,,,,,,,,,,,,,,,,,,,,,,,,,,
ASMA-3184,Bacteria,Bacillota,Bacilli,Lactobacillales,Streptococcaceae,Streptococcus,Streptococcus mitis_CU,255.0,Yes,,,,,,,,,,,,,,,,,,,,,,,,,,,,,,,,,,,,,,,,,,,,,,,,,,,,,,,,,,,,,,,,,,,,,,,,,,,
ASMA-3185,Bacteria,Bacillota,Bacilli,Lactobacillales,Streptococcaceae,Streptococcus,Streptococcus sp013277555,113.0,Yes,,,,,,,,,,,,,,,,,,,,,,,,,,,,,,,,,,,,,,,,,,,,,,,,,,,,,,,,,,,,,,,,,,,,,,,,,,,
ASMA-3186,Bacteria,Bacillota,Bacilli,Lactobacillales,Streptococcaceae,Streptococcus,Streptococcus mitis_CU,255.0,No,,,,,,,,,,,,,,,,,,,,,,,,,,,,,,,,,,,,,,,,,,,,,,,,,,,,,,,,,,,,,,,,,,,,,,,,,,,
ASMA-3187,Bacteria,Bacillota,Bacilli,Lactobacillales,Streptococcaceae,Streptococcus,Streptococcus sp030546305,430.0,No,,,,,,,,,,,,,,,,,,,,,,,,,,,,,,,,,,,,,,,,,,,,,,,,,,,,,,,,,,,,,,,,,,,,,,,,,,,
ASMA-3188,Bacteria,Bacillota,Bacilli,Lactobacillales,Streptococcaceae,Streptococcus,Streptococcus sp030825805,495.0,No,,,,,,,,,,,,,,,,,,,,,,,,,,,,,,,,,,,,,,,,,,,,,,,,,,,,,,,,,,,,,,,,,,,,,,,,,,,
ASMA-3189,Bacteria,Bacillota,Bacilli,Lactobacillales,Streptococcaceae,Streptococcus,Streptococcus sp030546305,430.0,Yes,,,,,,,,,,,,,,,,,,,,,,,,,,,,,,,,,,,,,,,,,,,,,,,,,,,,,,,,,,,,,,,,,,,,,,,,,,,
ASMA-319,Bacteria,Pseudomonadota,Gammaproteobacteria,Burkholderiales,Alcaligenaceae,Achromobacter,Achromobacter xylosoxidans,531.0,No,,,,,,,,,,,,,,,,,,,,,,,,,,,,,,,,,,,,,,,,,,,,,,,,,,,,,,,,,,,,,,,,,,,,,,,,,,,
ASMA-3190,Bacteria,Bacillota,Bacilli,Lactobacillales,Lactobacillaceae,Lacticaseibacillus,Lacticaseibacillus paracasei,114.0,Yes,1,0.0020499999999999963,,0.0020499999999999963,20251111.0,0.3603,,0.3716,,0.20435,,0.21564999999999998,,0.39695,,37.75,,0.1928457657714118,,0.9996289539962526,,no_growth,1,100.0,1,100.0,1,1,23.644251626898054,,20251111,none,,,,,,,,,,,,,,,,,,,,,,,,,,,,,,,,,,,,,,,,,,,
ASMA-3191,Bacteria,Bacillota,Bacilli,Lactobacillales,Streptococcaceae,Streptococcus,Streptococcus mitis_BZ,242.0,Yes,,,,,,,,,,,,,,,,,,,,,,,,,,,,,,,,,,,,,,,,,,,,,,,,,,,,,,,,,,,,,,,,,,,,,,,,,,,
ASMA-3192,Bacteria,Bacillota,Bacilli,Lactobacillales,Streptococcaceae,Streptococcus,Streptococcus sanguinis_N,370.0,No,,,,,,,,,,,,,,,,,,,,,,,,,,,,,,,,,,,,,,,,,,,,,,,,,,,,,,,,,,,,,,,,,,,,,,,,,,,
ASMA-3193,Bacteria,Bacillota,Bacilli,Lactobacillales,Streptococcaceae,Streptococcus,Streptococcus sanguinis_N,370.0,Yes,1,0.0028500000000000053,,0.0028500000000000053,20251111.0,0.10145,,0.10055,,0.0006999999999999923,,-0.00020000000000000573,,0.12065,,6.0,,0.013851370186437909,,0.9781318411929707,,no_growth,0,0.0,0,0.0,1,1,25.32856960571648,,20251111,weak,,,,,,,,,,,,,,,,,,,,,,,,,,,,,,,,,,,,,,,,,,,
ASMA-3194,Bacteria,Bacillota,Bacilli,Lactobacillales,Streptococcaceae,Streptococcus,Streptococcus oralis_S,326.0,No,,,,,,,,,,,,,,,,,,,,,,,,,,,,,,,,,,,,,,,,,,,,,,,,,,,,,,,,,,,,,,,,,,,,,,,,,,,
ASMA-3195,Bacteria,Actinomycetota,Actinomycetes,Micrococcales,Micrococcaceae,Rothia,Rothia dentocariosa,510.0,No,,,,,,,,,,,,,,,,,,,,,,,,,,,,,,,,,,,,,,,,,,,,,,,,,,,,,,,,,,,,,,,,,,,,,,,,,,,
ASMA-3196,Bacteria,Bacillota,Bacilli,Lactobacillales,Streptococcaceae,Streptococcus,Streptococcus sanguinis_H,329.0,No,1,0.0019500000000000073,,0.0019500000000000073,20251111.0,0.093,,0.09225,,-0.0012000000000000066,,-0.0019500000000000073,,0.0942,,0.0,,0.0018988440606846346,,0.9575675915535674,,no_growth,0,0.0,0,0.0,1,1,20.135255837692995,,20251111,none,,,,,,,,,,,,,,,,,,,,,,,,,,,,,,,,,,,,,,,,,,,
ASMA-3197,Bacteria,Bacillota,Bacilli,Lactobacillales,Streptococcaceae,Streptococcus,Streptococcus gordonii,454.0,No,,,,,,,,,,,,,,,,,,,,,,,,,,,,,,,,,,,,,,,,,,,,,,,,,,,,,,,,,,,,,,,,,,,,,,,,,,,
ASMA-3198,Bacteria,Bacillota,Bacilli,Lactobacillales,Streptococcaceae,Streptococcus,Streptococcus sp001072385,115.0,Yes,1,0.0025499999999999967,,0.0025499999999999967,20251111.0,0.0944,,0.0941,,0.00014999999999999736,,-0.00014999999999999736,,0.11115,,16.75,,0.005416710894491139,,0.9807840071260079,,no_growth,0,0.0,0,0.0,1,1,17.04733954319255,,20251111,none,,,,,,,,,,,,,,,,,,,,,,,,,,,,,,,,,,,,,,,,,,,
ASMA-3199,Bacteria,Bacillota,Bacilli,Lactobacillales,Streptococcaceae,Streptococcus,Streptococcus gordonii,454.0,No,,,,,,,,,,,,,,,,,,,,,,,,,,,,,,,,,,,,,,,,,,,,,,,,,,,,,,,,,,,,,,,,,,,,,,,,,,,
ASMA-32,Bacteria,Pseudomonadota,Gammaproteobacteria,Pseudomonadales,Pseudomonadaceae,Pseudomonas,Pseudomonas aeruginosa,536.0,No,,,,,,,,,,,,,,,,,,,,,,,,,,,,,,,,,,,,,,,,,,,,,,,,,,,,,,,,,,,,,,,,,,,,,,,,,,,
ASMA-320,Bacteria,Pseudomonadota,Gammaproteobacteria,Burkholderiales,Alcaligenaceae,Achromobacter,Achromobacter xylosoxidans,531.0,No,,,,,,,,,,,,,,,,,,,,,,,,,,,,,,,,,,,,,,,,,,,,,,,,,,,,,,,,,,,,,,,,,,,,,,,,,,,
ASMA-3200,Bacteria,Bacillota,Bacilli,Lactobacillales,Streptococcaceae,Streptococcus,Streptococcus gordonii,454.0,No,,,,,,,,,,,,,,,,,,,,,,,,,,,,,,,,,,,,,,,,,,,,,,,,,,,,,,,,,,,,,,,,,,,,,,,,,,,
ASMA-3201,Bacteria,Bacillota,Bacilli,Lactobacillales,Streptococcaceae,Streptococcus,Streptococcus vulneris,251.0,Yes,,,,,,,,,,,,,,,,,,,,,,,,,,,,,,,,,,,,,,,,,,,,,,,,,,,,,,,,,,,,,,,,,,,,,,,,,,,
ASMA-3202,Bacteria,Bacillota,Bacilli,Lactobacillales,Streptococcaceae,Streptococcus,Streptococcus sp001811305,503.0,No,,,,,,,,,,,,,,,,,,,,,,,,,,,,,,,,,,,,,,,,,,,,,,,,,,,,,,,,,,,,,,,,,,,,,,,,,,,
ASMA-3203,Bacteria,Bacillota,Bacilli,Lactobacillales,Streptococcaceae,Streptococcus,Streptococcus sp001813105,330.0,No,,,,,,,,,,,,,,,,,,,,,,,,,,,,,,,,,,,,,,,,,,,,,,,,,,,,,,,,,,,,,,,,,,,,,,,,,,,
ASMA-3204,Bacteria,Bacillota,Bacilli,Lactobacillales,Streptococcaceae,Streptococcus,Streptococcus sp001811305,503.0,No,,,,,,,,,,,,,,,,,,,,,,,,,,,,,,,,,,,,,,,,,,,,,,,,,,,,,,,,,,,,,,,,,,,,,,,,,,,
ASMA-3205,Bacteria,Bacillota,Bacilli,Lactobacillales,Streptococcaceae,Streptococcus,Streptococcus sp001813105,330.0,No,,,,,,,,,,,,,,,,,,,,,,,,,,,,,,,,,,,,,,,,,,,,,,,,,,,,,,,,,,,,,,,,,,,,,,,,,,,
ASMA-3206,Bacteria,Bacillota,Bacilli,Bacillales_A,Planococcaceae,Psychrobacillus,undetermined species,256.0,Yes,1,0.00205000000000001,,0.00205000000000001,20251111.0,0.0925,,0.0919,,-0.0008500000000000035,,-0.0014500000000000068,,0.09335,,0.0,,,,,,no_growth,0,0.0,0,0.0,0,1,21.117774658670413,,20251111,none,,,,,,,,,,,,,,,,,,,,,,,,,,,,,,,,,,,,,,,,,,,
ASMA-3207,Bacteria,Bacillota,Bacilli,Bacillales_A,Planococcaceae,Psychrobacillus,undetermined species,256.0,No,,,,,,,,,,,,,,,,,,,,,,,,,,,,,,,,,,,,,,,,,,,,,,,,,,,,,,,,,,,,,,,,,,,,,,,,,,,
ASMA-3208,Bacteria,Actinomycetota,Actinomycetes,Micrococcales,Micrococcaceae,Rothia,Rothia mucilaginosa,331.0,No,,,,,,,,,,,,,,,,,,,,,,,,,,,,,,,,,,,,,,,,,,,,,,,,,,,,,,,,,,,,,,,,,,,,,,,,,,,
ASMA-3209,Bacteria,Bacillota,Bacilli,Lactobacillales,Streptococcaceae,Streptococcus,Streptococcus salivarius,464.0,No,,,,,,,,,,,,,,,,,,,,,,,,,,,,,,,,,,,,,,,,,,,,,,,,,,,,,,,,,,,,,,,,,,,,,,,,,,,
ASMA-321,Bacteria,Pseudomonadota,Gammaproteobacteria,Burkholderiales,Alcaligenaceae,Achromobacter,Achromobacter xylosoxidans,531.0,No,,,,,,,,,,,,,,,,,,,,,,,,,,,,,,,,,,,,,,,,,,,,,,,,,,,,,,,,,,,,,,,,,,,,,,,,,,,
ASMA-3210,Bacteria,Bacillota,Bacilli,Staphylococcales,Staphylococcaceae,Staphylococcus,Staphylococcus capitis,116.0,Yes,,,,,,,,,,,,,,,,,,,,,,,,,,,,,,,,,,,,,,,,,,,,,,,,,,,,,,,,,,,,,,,,,,,,,,,,,,,
ASMA-3211,Bacteria,Bacillota,Bacilli,Lactobacillales,Streptococcaceae,Streptococcus,Streptococcus salivarius,464.0,No,,,,,,,,,,,,,,,,,,,,,,,,,,,,,,,,,,,,,,,,,,,,,,,,,,,,,,,,,,,,,,,,,,,,,,,,,,,
ASMA-3212,Bacteria,Bacillota,Bacilli,Lactobacillales,Streptococcaceae,Streptococcus,Streptococcus sp902489265,117.0,Yes,,,,,,,,,,,,,,,,,,,,,,,,,,,,,,,,,,,,,,,,,,,,,,,,,,,,,,,,,,,,,,,,,,,,,,,,,,,
ASMA-3213,Bacteria,Bacillota,Bacilli,Lactobacillales,Streptococcaceae,Streptococcus,Streptococcus salivarius_D,498.0,No,,,,,,,,,,,,,,,,,,,,,,,,,,,,,,,,,,,,,,,,,,,,,,,,,,,,,,,,,,,,,,,,,,,,,,,,,,,
ASMA-3214,Bacteria,Bacillota,Bacilli,Lactobacillales,Streptococcaceae,Streptococcus,Streptococcus parasanguinis_D,257.0,No,,,,,,,,,,,,,,,,,,,,,,,,,,,,,,,,,,,,,,,,,,,,,,,,,,,,,,,,,,,,,,,,,,,,,,,,,,,
ASMA-3215,Bacteria,Bacillota,Bacilli,Lactobacillales,Streptococcaceae,Streptococcus,Streptococcus salivarius_D,498.0,No,,,,,,,,,,,,,,,,,,,,,,,,,,,,,,,,,,,,,,,,,,,,,,,,,,,,,,,,,,,,,,,,,,,,,,,,,,,
ASMA-3216,Bacteria,Actinomycetota,Actinomycetes,Micrococcales,Micrococcaceae,Rothia,Rothia mucilaginosa,331.0,Yes,,,,,,,,,,,,,,,,,,,,,,,,,,,,,,,,,,,,,,,,,,,,,,,,,,,,,,,,,,,,,,,,,,,,,,,,,,,
ASMA-3217,Bacteria,Bacillota,Bacilli,Lactobacillales,Streptococcaceae,Streptococcus,Streptococcus salivarius,464.0,No,,,,,,,,,,,,,,,,,,,,,,,,,,,,,,,,,,,,,,,,,,,,,,,,,,,,,,,,,,,,,,,,,,,,,,,,,,,
ASMA-3218,Bacteria,Bacillota,Bacilli,Lactobacillales,Streptococcaceae,Streptococcus,Streptococcus salivarius,464.0,No,,,,,,,,,,,,,,,,,,,,,,,,,,,,,,,,,,,,,,,,,,,,,,,,,,,,,,,,,,,,,,,,,,,,,,,,,,,
ASMA-3219,Bacteria,Bacillota,Bacilli,Lactobacillales,Streptococcaceae,Streptococcus,Streptococcus salivarius,464.0,Yes,,,,,,,,,,,,,,,,,,,,,,,,,,,,,,,,,,,,,,,,,,,,,,,,,,,,,,,,,,,,,,,,,,,,,,,,,,,
ASMA-322,Bacteria,Pseudomonadota,Gammaproteobacteria,Burkholderiales,Alcaligenaceae,Achromobacter,Achromobacter xylosoxidans,531.0,No,,,,,,,,,,,,,,,,,,,,,,,,,,,,,,,,,,,,,,,,,,,,,,,,,,,,,,,,,,,,,,,,,,,,,,,,,,,
ASMA-3220,Bacteria,Bacillota,Bacilli,Lactobacillales,Streptococcaceae,Streptococcus,Streptococcus salivarius,464.0,No,,,,,,,,,,,,,,,,,,,,,,,,,,,,,,,,,,,,,,,,,,,,,,,,,,,,,,,,,,,,,,,,,,,,,,,,,,,
ASMA-3221,Bacteria,Bacillota,Bacilli,Lactobacillales,Streptococcaceae,Streptococcus,Streptococcus salivarius_D,498.0,No,,,,,,,,,,,,,,,,,,,,,,,,,,,,,,,,,,,,,,,,,,,,,,,,,,,,,,,,,,,,,,,,,,,,,,,,,,,
ASMA-3222,Bacteria,Bacillota,Bacilli,Lactobacillales,Streptococcaceae,Streptococcus,Streptococcus salivarius,464.0,No,,,,,,,,,,,,,,,,,,,,,,,,,,,,,,,,,,,,,,,,,,,,,,,,,,,,,,,,,,,,,,,,,,,,,,,,,,,
ASMA-3223,Bacteria,Actinomycetota,Actinomycetes,Micrococcales,Micrococcaceae,Rothia,Rothia mucilaginosa,331.0,No,,,,,,,,,,,,,,,,,,,,,,,,,,,,,,,,,,,,,,,,,,,,,,,,,,,,,,,,,,,,,,,,,,,,,,,,,,,
ASMA-3224,Bacteria,Bacillota,Bacilli,Lactobacillales,Streptococcaceae,Streptococcus,Streptococcus parasanguinis_D,257.0,Yes,,,,,,,,,,,,,,,,,,,,,,,,,,,,,,,,,,,,,,,,,,,,,,,,,,,,,,,,,,,,,,,,,,,,,,,,,,,
ASMA-3225,Bacteria,Bacillota,Bacilli,Lactobacillales,Lactobacillaceae,Limosilactobacillus,Limosilactobacillus fermentum,118.0,Yes,,,,,,,,,,,,,,,,,,,,,,,,,,,,,,,,,,,,,,,,,,,,,,,,,,,,,,,,,,,,,,,,,,,,,,,,,,,
ASMA-3226,Bacteria,Bacillota,Bacilli,Lactobacillales,Lactobacillaceae,Lacticaseibacillus,Lacticaseibacillus rhamnosus,528.0,No,,,,,,,,,,,,,,,,,,,,,,,,,,,,,,,,,,,,,,,,,,,,,,,,,,,,,,,,,,,,,,,,,,,,,,,,,,,
ASMA-3227,Bacteria,Bacillota,Bacilli,Lactobacillales,Streptococcaceae,Streptococcus,Streptococcus salivarius_D,498.0,No,,,,,,,,,,,,,,,,,,,,,,,,,,,,,,,,,,,,,,,,,,,,,,,,,,,,,,,,,,,,,,,,,,,,,,,,,,,
ASMA-3228,Bacteria,Bacillota,Bacilli,Lactobacillales,Streptococcaceae,Streptococcus,Streptococcus salivarius,464.0,No,,,,,,,,,,,,,,,,,,,,,,,,,,,,,,,,,,,,,,,,,,,,,,,,,,,,,,,,,,,,,,,,,,,,,,,,,,,
ASMA-3229,Bacteria,Bacillota,Bacilli,Lactobacillales,Lactobacillaceae,Lactiplantibacillus,Lactiplantibacillus plantarum,,,,,,,,,,,,,,,,,,,,,,,,,,,,,,,,,,,,,,,,,,,,,,,,,,,,,,,,,,,,,,,,,,,,,,,,,,,,,
ASMA-323,Bacteria,Pseudomonadota,Gammaproteobacteria,Burkholderiales,Alcaligenaceae,Achromobacter,Achromobacter xylosoxidans,531.0,Yes,,,,,,,,,,,,,,,,,,,,,,,,,,,,,,,,,,,,,,,,,,,,,,,,,,,,,,,,,,,,,,,,,,,,,,,,,,,
ASMA-3230,Bacteria,Bacillota,Bacilli,Lactobacillales,Lactobacillaceae,Lacticaseibacillus,Lacticaseibacillus rhamnosus,119.0,Yes,,,,,,,,,,,,,,,,,,,,,,,,,,,,,,,,,,,,,,,,,,,,,,,,,,,,,,,,,,,,,,,,,,,,,,,,,,,
ASMA-3231,Bacteria,Bacillota,Bacilli,Lactobacillales,Lactobacillaceae,Lacticaseibacillus,Lacticaseibacillus paracasei,120.0,Yes,,,,,,,,,,,,,,,,,,,,,,,,,,,,,,,,,,,,,,,,,,,,,,,,,,,,,,,,,,,,,,,,,,,,,,,,,,,
ASMA-3232,Bacteria,Bacillota,Bacilli,Lactobacillales,Lactobacillaceae,Lacticaseibacillus,Lacticaseibacillus rhamnosus,332.0,No,,,,,,,,,,,,,,,,,,,,,,,,,,,,,,,,,,,,,,,,,,,,,,,,,,,,,,,,,,,,,,,,,,,,,,,,,,,
ASMA-3233,Bacteria,Actinomycetota,Actinomycetes,Micrococcales,Micrococcaceae,Rothia,Rothia dentocariosa,121.0,Yes,,,,,,,,,,,,,,,,,,,,,,,,,,,,,,,,,,,,,,,,,,,,,,,,,,,,,,,,,,,,,,,,,,,,,,,,,,,
ASMA-3234,Bacteria,Actinomycetota,Actinomycetes,Micrococcales,Micrococcaceae,Rothia,Rothia dentocariosa,374.0,Yes,,,,,,,,,,,,,,,,,,,,,,,,,,,,,,,,,,,,,,,,,,,,,,,,,,,,,,,,,,,,,,,,,,,,,,,,,,,
ASMA-3235,Bacteria,Actinomycetota,Actinomycetes,Micrococcales,Micrococcaceae,Rothia,Rothia dentocariosa,374.0,No,,,,,,,,,,,,,,,,,,,,,,,,,,,,,,,,,,,,,,,,,,,,,,,,,,,,,,,,,,,,,,,,,,,,,,,,,,,
ASMA-3236,Bacteria,Actinomycetota,Actinomycetes,Micrococcales,Micrococcaceae,Rothia,Rothia dentocariosa,374.0,No,,,,,,,,,,,,,,,,,,,,,,,,,,,,,,,,,,,,,,,,,,,,,,,,,,,,,,,,,,,,,,,,,,,,,,,,,,,
ASMA-3237,Bacteria,Pseudomonadota,Gammaproteobacteria,Burkholderiales,Neisseriaceae,Neisseria,Neisseria perflava,439.0,No,,,,,,,,,,,,,,,,,,,,,,,,,,,,,,,,,,,,,,,,,,,,,,,,,,,,,,,,,,,,,,,,,,,,,,,,,,,
ASMA-3238,Bacteria,Pseudomonadota,Gammaproteobacteria,Burkholderiales,Neisseriaceae,Neisseria,Neisseria perflava,439.0,No,,,,,,,,,,,,,,,,,,,,,,,,,,,,,,,,,,,,,,,,,,,,,,,,,,,,,,,,,,,,,,,,,,,,,,,,,,,
ASMA-3239,Bacteria,Bacillota,Bacilli,Lactobacillales,Streptococcaceae,Streptococcus,Streptococcus salivarius_D,498.0,No,,,,,,,,,,,,,,,,,,,,,,,,,,,,,,,,,,,,,,,,,,,,,,,,,,,,,,,,,,,,,,,,,,,,,,,,,,,
ASMA-324,Bacteria,Pseudomonadota,Gammaproteobacteria,Burkholderiales,Alcaligenaceae,Achromobacter,Achromobacter xylosoxidans,531.0,No,,,,,,,,,,,,,,,,,,,,,,,,,,,,,,,,,,,,,,,,,,,,,,,,,,,,,,,,,,,,,,,,,,,,,,,,,,,
ASMA-3240,Bacteria,Bacillota,Bacilli,Lactobacillales,Streptococcaceae,Streptococcus,Streptococcus salivarius_D,498.0,No,,,,,,,,,,,,,,,,,,,,,,,,,,,,,,,,,,,,,,,,,,,,,,,,,,,,,,,,,,,,,,,,,,,,,,,,,,,
ASMA-3241,Bacteria,Bacillota,Bacilli,Lactobacillales,Streptococcaceae,Streptococcus,Streptococcus vestibularis,122.0,Yes,,,,,,,,,,,,,,,,,,,,,,,,,,,,,,,,,,,,,,,,,,,,,,,,,,,,,,,,,,,,,,,,,,,,,,,,,,,
ASMA-3242,Bacteria,Pseudomonadota,Gammaproteobacteria,Burkholderiales,Neisseriaceae,Neisseria,Neisseria perflava,439.0,No,,,,,,,,,,,,,,,,,,,,,,,,,,,,,,,,,,,,,,,,,,,,,,,,,,,,,,,,,,,,,,,,,,,,,,,,,,,
ASMA-3243,Bacteria,Bacillota,Bacilli,Lactobacillales,Streptococcaceae,Streptococcus,Streptococcus salivarius_D,498.0,No,,,,,,,,,,,,,,,,,,,,,,,,,,,,,,,,,,,,,,,,,,,,,,,,,,,,,,,,,,,,,,,,,,,,,,,,,,,
ASMA-3244,Bacteria,Pseudomonadota,Gammaproteobacteria,Burkholderiales,Neisseriaceae,Neisseria,Neisseria perflava,439.0,No,,,,,,,,,,,,,,,,,,,,,,,,,,,,,,,,,,,,,,,,,,,,,,,,,,,,,,,,,,,,,,,,,,,,,,,,,,,
ASMA-3245,Bacteria,Bacillota,Bacilli,Lactobacillales,Streptococcaceae,Streptococcus,Streptococcus sp030825805,123.0,Yes,,,,,,,,,,,,,,,,,,,,,,,,,,,,,,,,,,,,,,,,,,,,,,,,,,,,,,,,,,,,,,,,,,,,,,,,,,,
ASMA-3246,Bacteria,Bacillota,Bacilli,Lactobacillales,Streptococcaceae,Streptococcus,Streptococcus salivarius_D,498.0,No,,,,,,,,,,,,,,,,,,,,,,,,,,,,,,,,,,,,,,,,,,,,,,,,,,,,,,,,,,,,,,,,,,,,,,,,,,,
ASMA-3247,Bacteria,Pseudomonadota,Gammaproteobacteria,Burkholderiales,Neisseriaceae,Neisseria,Neisseria perflava,439.0,Yes,,,,,,,,,,,,,,,,,,,,,,,,,,,,,,,,,,,,,,,,,,,,,,,,,,,,,,,,,,,,,,,,,,,,,,,,,,,
ASMA-3248,Bacteria,Bacillota,Bacilli,Lactobacillales,Streptococcaceae,Streptococcus,Streptococcus salivarius_D,498.0,No,,,,,,,,,,,,,,,,,,,,,,,,,,,,,,,,,,,,,,,,,,,,,,,,,,,,,,,,,,,,,,,,,,,,,,,,,,,
ASMA-3249,Bacteria,Pseudomonadota,Gammaproteobacteria,Burkholderiales,Neisseriaceae,Neisseria,Neisseria perflava,439.0,No,,,,,,,,,,,,,,,,,,,,,,,,,,,,,,,,,,,,,,,,,,,,,,,,,,,,,,,,,,,,,,,,,,,,,,,,,,,
ASMA-325,Bacteria,Pseudomonadota,Gammaproteobacteria,Burkholderiales,Alcaligenaceae,Achromobacter,Achromobacter xylosoxidans,531.0,No,1,0.018733333333333407,,0.018733333333333407,20251003.0,0.6734333333333332,,0.4855333333333333,,0.5791666666666666,,0.39126666666666665,,0.7111666666666666,,28.0,,0.08721493772742876,,0.9997532397966803,,no_growth,1,100.0,1,100.0,1,,,,,,0.0504,,20251003,0.0969,uncertain,0.0792,uncertain,0.0599,uncertain,0.0511,uncertain,0.0661,uncertain,0.0517,uncertain,0.0573,uncertain,0.0528,uncertain,0.0578,uncertain,0.0631,uncertain,0.0549,uncertain,0.0896,uncertain,0.0581,uncertain,0.1422,uncertain,0.063,uncertain,0.0523,uncertain,0.05,uncertain,0.0837,uncertain,0.0599,uncertain,0.05,uncertain
ASMA-3250,Bacteria,Bacillota,Bacilli,Lactobacillales,Streptococcaceae,Streptococcus,Streptococcus sp001556435,124.0,Yes,,,,,,,,,,,,,,,,,,,,,,,,,,,,,,,,,,,,,,,,,,,,,,,,,,,,,,,,,,,,,,,,,,,,,,,,,,,
ASMA-3251,Bacteria,Bacillota,Bacilli,Lactobacillales,Streptococcaceae,Streptococcus,Streptococcus mitis_CA,125.0,Yes,,,,,,,,,,,,,,,,,,,,,,,,,,,,,,,,,,,,,,,,,,,,,,,,,,,,,,,,,,,,,,,,,,,,,,,,,,,
ASMA-3252,Bacteria,Bacillota,Bacilli,Lactobacillales,Streptococcaceae,Streptococcus,Streptococcus parasanguinis_Q,126.0,Yes,,,,,,,,,,,,,,,,,,,,,,,,,,,,,,,,,,,,,,,,,,,,,,,,,,,,,,,,,,,,,,,,,,,,,,,,,,,
ASMA-3253,Bacteria,Bacillota,Bacilli,Lactobacillales,Streptococcaceae,Streptococcus,Streptococcus salivarius_D,498.0,No,,,,,,,,,,,,,,,,,,,,,,,,,,,,,,,,,,,,,,,,,,,,,,,,,,,,,,,,,,,,,,,,,,,,,,,,,,,
ASMA-3254,Bacteria,Actinomycetota,Actinomycetes,Micrococcales,Micrococcaceae,Rothia,Rothia dentocariosa,374.0,No,,,,,,,,,,,,,,,,,,,,,,,,,,,,,,,,,,,,,,,,,,,,,,,,,,,,,,,,,,,,,,,,,,,,,,,,,,,
ASMA-3255,Bacteria,Bacillota,Bacilli,Lactobacillales,Streptococcaceae,Streptococcus,Streptococcus salivarius,127.0,Yes,,,,,,,,,,,,,,,,,,,,,,,,,,,,,,,,,,,,,,,,,,,,,,,,,,,,,,,,,,,,,,,,,,,,,,,,,,,
ASMA-3256,Bacteria,Actinomycetota,Actinomycetes,Micrococcales,Micrococcaceae,Rothia,Rothia aeria,375.0,Yes,,,,,,,,,,,,,,,,,,,,,,,,,,,,,,,,,,,,,,,,,,,,,,,,,,,,,,,,,,,,,,,,,,,,,,,,,,,
ASMA-3257,Bacteria,Actinomycetota,Actinomycetes,Micrococcales,Micrococcaceae,Rothia,Rothia aeria,375.0,No,,,,,,,,,,,,,,,,,,,,,,,,,,,,,,,,,,,,,,,,,,,,,,,,,,,,,,,,,,,,,,,,,,,,,,,,,,,
ASMA-3258,Bacteria,Actinomycetota,Actinomycetes,Micrococcales,Micrococcaceae,Rothia,Rothia dentocariosa,258.0,Yes,,,,,,,,,,,,,,,,,,,,,,,,,,,,,,,,,,,,,,,,,,,,,,,,,,,,,,,,,,,,,,,,,,,,,,,,,,,
ASMA-3259,Bacteria,Pseudomonadota,Gammaproteobacteria,Burkholderiales,Neisseriaceae,Neisseria,Neisseria sp000227275,259.0,Yes,,,,,,,,,,,,,,,,,,,,,,,,,,,,,,,,,,,,,,,,,,,,,,,,,,,,,,,,,,,,,,,,,,,,,,,,,,,
ASMA-326,Bacteria,Pseudomonadota,Gammaproteobacteria,Burkholderiales,Alcaligenaceae,Achromobacter,Achromobacter xylosoxidans,531.0,No,,,,,,,,,,,,,,,,,,,,,,,,,,,,,,,,,,,,,,,,,,,,,,,,,,,,,,,,,,,,,,,,,,,,,,,,,,,
ASMA-3260,Bacteria,Bacillota,Bacilli,Lactobacillales,Streptococcaceae,Streptococcus,Streptococcus oralis_BC,128.0,Yes,,,,,,,,,,,,,,,,,,,,,,,,,,,,,,,,,,,,,,,,,,,,,,,,,,,,,,,,,,,,,,,,,,,,,,,,,,,
ASMA-3261,Bacteria,Pseudomonadota,Gammaproteobacteria,Burkholderiales,Neisseriaceae,Neisseria,Neisseria sp000227275,259.0,No,,,,,,,,,,,,,,,,,,,,,,,,,,,,,,,,,,,,,,,,,,,,,,,,,,,,,,,,,,,,,,,,,,,,,,,,,,,
ASMA-3262,Bacteria,Bacillota,Bacilli,Bacillales_A,Planococcaceae,Lysinibacillus,Lysinibacillus sphaericus_A,260.0,Yes,,,,,,,,,,,,,,,,,,,,,,,,,,,,,,,,,,,,,,,,,,,,,,,,,,,,,,,,,,,,,,,,,,,,,,,,,,,
ASMA-3263,Bacteria,Bacillota,Bacilli,Lactobacillales,Streptococcaceae,Streptococcus,Streptococcus sanguinis_M,333.0,Yes,,,,,,,,,,,,,,,,,,,,,,,,,,,,,,,,,,,,,,,,,,,,,,,,,,,,,,,,,,,,,,,,,,,,,,,,,,,
ASMA-3264,Bacteria,Bacillota,Bacilli,Bacillales_A,Planococcaceae,Lysinibacillus,Lysinibacillus sphaericus_A,260.0,No,,,,,,,,,,,,,,,,,,,,,,,,,,,,,,,,,,,,,,,,,,,,,,,,,,,,,,,,,,,,,,,,,,,,,,,,,,,
ASMA-3265,Bacteria,Bacillota,Bacilli,Lactobacillales,Streptococcaceae,Streptococcus,Streptococcus sanguinis_M,333.0,No,,,,,,,,,,,,,,,,,,,,,,,,,,,,,,,,,,,,,,,,,,,,,,,,,,,,,,,,,,,,,,,,,,,,,,,,,,,
ASMA-3266,Bacteria,Actinomycetota,Actinomycetes,Micrococcales,Micrococcaceae,Rothia,Rothia aeria,375.0,No,,,,,,,,,,,,,,,,,,,,,,,,,,,,,,,,,,,,,,,,,,,,,,,,,,,,,,,,,,,,,,,,,,,,,,,,,,,
ASMA-3267,Bacteria,Actinomycetota,Actinomycetes,Micrococcales,Micrococcaceae,Rothia,Rothia aeria,375.0,No,,,,,,,,,,,,,,,,,,,,,,,,,,,,,,,,,,,,,,,,,,,,,,,,,,,,,,,,,,,,,,,,,,,,,,,,,,,
ASMA-3268,Bacteria,Bacillota,Bacilli,Lactobacillales,Streptococcaceae,Streptococcus,Streptococcus sanguinis_M,333.0,No,,,,,,,,,,,,,,,,,,,,,,,,,,,,,,,,,,,,,,,,,,,,,,,,,,,,,,,,,,,,,,,,,,,,,,,,,,,
ASMA-3269,Bacteria,Bacillota,Bacilli,Lactobacillales,Streptococcaceae,Streptococcus,Streptococcus timonensis,129.0,Yes,,,,,,,,,,,,,,,,,,,,,,,,,,,,,,,,,,,,,,,,,,,,,,,,,,,,,,,,,,,,,,,,,,,,,,,,,,,
ASMA-327,Bacteria,Pseudomonadota,Gammaproteobacteria,Burkholderiales,Alcaligenaceae,Achromobacter,Achromobacter xylosoxidans,531.0,No,,,,,,,,,,,,,,,,,,,,,,,,,,,,,,,,,,,,,,,,,,,,,,,,,,,,,,,,,,,,,,,,,,,,,,,,,,,
ASMA-3270,Bacteria,Bacillota,Bacilli,Lactobacillales,Streptococcaceae,Streptococcus,Streptococcus xiaochunlingii,130.0,Yes,,,,,,,,,,,,,,,,,,,,,,,,,,,,,,,,,,,,,,,,,,,,,,,,,,,,,,,,,,,,,,,,,,,,,,,,,,,
ASMA-3271,Bacteria,Actinomycetota,Actinomycetes,Actinomycetales,Actinomycetaceae,Actinomyces,Actinomyces oris,131.0,Yes,,,,,,,,,,,,,,,,,,,,,,,,,,,,,,,,,,,,,,,,,,,,,,,,,,,,,,,,,,,,,,,,,,,,,,,,,,,
ASMA-3272,Bacteria,Pseudomonadota,Gammaproteobacteria,Pseudomonadales,Pseudomonadaceae,Pseudomonas,Pseudomonas aeruginosa,535.0,No,,,,,,,,,,,,,,,,,,,,,,,,,,,,,,,,,,,,,,,,,,,,,,,,,,,,,,,,,,,,,,,,,,,,,,,,,,,
ASMA-3273,Bacteria,Pseudomonadota,Gammaproteobacteria,Pseudomonadales,Pseudomonadaceae,Pseudomonas,Pseudomonas aeruginosa,535.0,No,,,,,,,,,,,,,,,,,,,,,,,,,,,,,,,,,,,,,,,,,,,,,,,,,,,,,,,,,,,,,,,,,,,,,,,,,,,
ASMA-3274,Bacteria,Pseudomonadota,Gammaproteobacteria,Pseudomonadales,Pseudomonadaceae,Pseudomonas,Pseudomonas aeruginosa,535.0,No,,,,,,,,,,,,,,,,,,,,,,,,,,,,,,,,,,,,,,,,,,,,,,,,,,,,,,,,,,,,,,,,,,,,,,,,,,,
ASMA-3275,Bacteria,Pseudomonadota,Gammaproteobacteria,Pseudomonadales,Pseudomonadaceae,Pseudomonas,Pseudomonas aeruginosa,535.0,No,,,,,,,,,,,,,,,,,,,,,,,,,,,,,,,,,,,,,,,,,,,,,,,,,,,,,,,,,,,,,,,,,,,,,,,,,,,
ASMA-3276,Bacteria,Pseudomonadota,Gammaproteobacteria,Pseudomonadales,Pseudomonadaceae,Pseudomonas,Pseudomonas aeruginosa,535.0,No,,,,,,,,,,,,,,,,,,,,,,,,,,,,,,,,,,,,,,,,,,,,,,,,,,,,,,,,,,,,,,,,,,,,,,,,,,,
ASMA-3277,Bacteria,Bacillota,Bacilli,Lactobacillales,Streptococcaceae,Streptococcus,Streptococcus sanguinis_H,482.0,No,,,,,,,,,,,,,,,,,,,,,,,,,,,,,,,,,,,,,,,,,,,,,,,,,,,,,,,,,,,,,,,,,,,,,,,,,,,
ASMA-3278,Bacteria,Pseudomonadota,Gammaproteobacteria,Pseudomonadales,Pseudomonadaceae,Pseudomonas,Pseudomonas aeruginosa,535.0,No,,,,,,,,,,,,,,,,,,,,,,,,,,,,,,,,,,,,,,,,,,,,,,,,,,,,,,,,,,,,,,,,,,,,,,,,,,,
ASMA-3279,Bacteria,Bacillota,Bacilli,Staphylococcales,Staphylococcaceae,Staphylococcus,Staphylococcus epidermidis,334.0,No,,,,,,,,,,,,,,,,,,,,,,,,,,,,,,,,,,,,,,,,,,,,,,,,,,,,,,,,,,,,,,,,,,,,,,,,,,,
ASMA-328,Bacteria,Pseudomonadota,Gammaproteobacteria,Burkholderiales,Alcaligenaceae,Achromobacter,Achromobacter xylosoxidans,531.0,No,,,,,,,,,,,,,,,,,,,,,,,,,,,,,,,,,,,,,,,,,,,,,,,,,,,,,,,,,,,,,,,,,,,,,,,,,,,
ASMA-3282,Bacteria,Bacillota,Bacilli,Staphylococcales,Staphylococcaceae,Staphylococcus,Staphylococcus aureus,,,,,,,,,,,,,,,,,,,,,,,,,,,,,,,,,,,,,,,,,,,,,,,,,,,,,,,,,,,,,,,,,,,,,,,,,,,,,
ASMA-3283,Bacteria,Bacillota,Bacilli,Staphylococcales,Staphylococcaceae,Staphylococcus,Staphylococcus epidermidis,334.0,Yes,,,,,,,,,,,,,,,,,,,,,,,,,,,,,,,,,,,,,,,,,,,,,,,,,,,,,,,,,,,,,,,,,,,,,,,,,,,
ASMA-3284,Bacteria,Actinomycetota,Actinomycetes,Micrococcales,Micrococcaceae,Rothia,Rothia dentocariosa,496.0,No,,,,,,,,,,,,,,,,,,,,,,,,,,,,,,,,,,,,,,,,,,,,,,,,,,,,,,,,,,,,,,,,,,,,,,,,,,,
ASMA-3285,Bacteria,Actinomycetota,Actinomycetes,Micrococcales,Micrococcaceae,Rothia,Rothia dentocariosa,496.0,No,,,,,,,,,,,,,,,,,,,,,,,,,,,,,,,,,,,,,,,,,,,,,,,,,,,,,,,,,,,,,,,,,,,,,,,,,,,
ASMA-3286,Bacteria,Actinomycetota,Actinomycetes,Micrococcales,Micrococcaceae,Rothia,Rothia dentocariosa,496.0,No,,,,,,,,,,,,,,,,,,,,,,,,,,,,,,,,,,,,,,,,,,,,,,,,,,,,,,,,,,,,,,,,,,,,,,,,,,,
ASMA-3287,Bacteria,Bacillota,Bacilli,Lactobacillales,Streptococcaceae,Streptococcus,Streptococcus salivarius,483.0,No,,,,,,,,,,,,,,,,,,,,,,,,,,,,,,,,,,,,,,,,,,,,,,,,,,,,,,,,,,,,,,,,,,,,,,,,,,,
ASMA-3288,Bacteria,Actinomycetota,Actinomycetes,Micrococcales,Micrococcaceae,Rothia,Rothia dentocariosa,496.0,No,,,,,,,,,,,,,,,,,,,,,,,,,,,,,,,,,,,,,,,,,,,,,,,,,,,,,,,,,,,,,,,,,,,,,,,,,,,
ASMA-3289,Bacteria,Actinomycetota,Actinomycetes,Micrococcales,Micrococcaceae,Rothia,Rothia dentocariosa,496.0,No,,,,,,,,,,,,,,,,,,,,,,,,,,,,,,,,,,,,,,,,,,,,,,,,,,,,,,,,,,,,,,,,,,,,,,,,,,,
ASMA-329,Bacteria,Pseudomonadota,Gammaproteobacteria,Burkholderiales,Alcaligenaceae,Achromobacter,Achromobacter xylosoxidans,531.0,No,,,,,,,,,,,,,,,,,,,,,,,,,,,,,,,,,,,,,,,,,,,,,,,,,,,,,,,,,,,,,,,,,,,,,,,,,,,
ASMA-3290,Bacteria,Bacillota,Bacilli,Lactobacillales,Streptococcaceae,Streptococcus,Streptococcus sp900766505,309.0,Yes,,,,,,,,,,,,,,,,,,,,,,,,,,,,,,,,,,,,,,,,,,,,,,,,,,,,,,,,,,,,,,,,,,,,,,,,,,,
ASMA-3291,Bacteria,Bacillota,Bacilli,Lactobacillales,Streptococcaceae,Streptococcus,Streptococcus parasanguinis_I,132.0,Yes,,,,,,,,,,,,,,,,,,,,,,,,,,,,,,,,,,,,,,,,,,,,,,,,,,,,,,,,,,,,,,,,,,,,,,,,,,,
ASMA-3292,Bacteria,Actinomycetota,Actinomycetes,Actinomycetales,Micrococcaceae,Micrococcus,Micrococcus luteus,335.0,No,,,,,,,,,,,,,,,,,,,,,,,,,,,,,,,,,,,,,,,,,,,,,,,,,,,,,,,,,,,,,,,,,,,,,,,,,,,
ASMA-3293,Bacteria,Actinomycetota,Actinomycetes,Actinomycetales,Micrococcaceae,Micrococcus,Micrococcus luteus,335.0,Yes,,,,,,,,,,,,,,,,,,,,,,,,,,,,,,,,,,,,,,,,,,,,,,,,,,,,,,,,,,,,,,,,,,,,,,,,,,,
ASMA-3294,Bacteria,Actinomycetota,Actinomycetes,Actinomycetales,Micrococcaceae,Micrococcus,Micrococcus luteus,335.0,No,,,,,,,,,,,,,,,,,,,,,,,,,,,,,,,,,,,,,,,,,,,,,,,,,,,,,,,,,,,,,,,,,,,,,,,,,,,
ASMA-3295,Bacteria,Pseudomonadota,Gammaproteobacteria,Pseudomonadales,Pseudomonadaceae,Pseudomonas,Pseudomonas aeruginosa,535.0,No,,,,,,,,,,,,,,,,,,,,,,,,,,,,,,,,,,,,,,,,,,,,,,,,,,,,,,,,,,,,,,,,,,,,,,,,,,,
ASMA-3296,Bacteria,Bacillota,Bacilli,Lactobacillales,Streptococcaceae,Streptococcus,Streptococcus salivarius,483.0,No,,,,,,,,,,,,,,,,,,,,,,,,,,,,,,,,,,,,,,,,,,,,,,,,,,,,,,,,,,,,,,,,,,,,,,,,,,,
ASMA-3297,Bacteria,Bacillota,Bacilli,Lactobacillales,Streptococcaceae,Streptococcus,Streptococcus salivarius,483.0,No,,,,,,,,,,,,,,,,,,,,,,,,,,,,,,,,,,,,,,,,,,,,,,,,,,,,,,,,,,,,,,,,,,,,,,,,,,,
ASMA-3298,Bacteria,Bacillota,Bacilli,Lactobacillales,Streptococcaceae,Streptococcus,Streptococcus sp900766505,309.0,No,,,,,,,,,,,,,,,,,,,,,,,,,,,,,,,,,,,,,,,,,,,,,,,,,,,,,,,,,,,,,,,,,,,,,,,,,,,
ASMA-3299,Bacteria,Actinomycetota,Actinomycetes,Micrococcales,Micrococcaceae,Rothia,Rothia dentocariosa,496.0,No,,,,,,,,,,,,,,,,,,,,,,,,,,,,,,,,,,,,,,,,,,,,,,,,,,,,,,,,,,,,,,,,,,,,,,,,,,,
ASMA-33,Bacteria,Pseudomonadota,Gammaproteobacteria,Pseudomonadales,Pseudomonadaceae,Pseudomonas,Pseudomonas aeruginosa,536.0,No,,,,,,,,,,,,,,,,,,,,,,,,,,,,,,,,,,,,,,,,,,,,,,,,,,,,,,,,,,,,,,,,,,,,,,,,,,,
ASMA-330,Bacteria,Pseudomonadota,Gammaproteobacteria,Burkholderiales,Alcaligenaceae,Achromobacter,Achromobacter xylosoxidans,531.0,No,,,,,,,,,,,,,,,,,,,,,,,,,,,,,,,,,,,,,,,,,,,,,,,,,,,,,,,,,,,,,,,,,,,,,,,,,,,
ASMA-3300,Bacteria,Actinomycetota,Actinomycetes,Micrococcales,Micrococcaceae,Rothia,Rothia dentocariosa,496.0,No,,,,,,,,,,,,,,,,,,,,,,,,,,,,,,,,,,,,,,,,,,,,,,,,,,,,,,,,,,,,,,,,,,,,,,,,,,,
ASMA-3301,Bacteria,Actinomycetota,Actinomycetes,Micrococcales,Micrococcaceae,Rothia,Rothia dentocariosa,261.0,Yes,,,,,,,,,,,,,,,,,,,,,,,,,,,,,,,,,,,,,,,,,,,,,,,,,,,,,,,,,,,,,,,,,,,,,,,,,,,
ASMA-3302,Bacteria,Actinomycetota,Actinomycetes,Micrococcales,Micrococcaceae,Rothia,Rothia dentocariosa,261.0,No,,,,,,,,,,,,,,,,,,,,,,,,,,,,,,,,,,,,,,,,,,,,,,,,,,,,,,,,,,,,,,,,,,,,,,,,,,,
ASMA-3303,Bacteria,Actinomycetota,Actinomycetes,Micrococcales,Micrococcaceae,Rothia,Rothia sp001808955,376.0,No,,,,,,,,,,,,,,,,,,,,,,,,,,,,,,,,,,,,,,,,,,,,,,,,,,,,,,,,,,,,,,,,,,,,,,,,,,,
ASMA-3304,Bacteria,Bacillota,Bacilli,Lactobacillales,Streptococcaceae,Streptococcus,Streptococcus sanguinis,377.0,No,,,,,,,,,,,,,,,,,,,,,,,,,,,,,,,,,,,,,,,,,,,,,,,,,,,,,,,,,,,,,,,,,,,,,,,,,,,
ASMA-3305,Bacteria,Actinomycetota,Actinomycetes,Actinomycetales,Actinomycetaceae,Actinomyces,Actinomyces sp915069725,378.0,No,,,,,,,,,,,,,,,,,,,,,,,,,,,,,,,,,,,,,,,,,,,,,,,,,,,,,,,,,,,,,,,,,,,,,,,,,,,
ASMA-3306,Bacteria,Actinomycetota,Actinomycetes,Micrococcales,Micrococcaceae,Rothia,Rothia sp001808955,376.0,No,,,,,,,,,,,,,,,,,,,,,,,,,,,,,,,,,,,,,,,,,,,,,,,,,,,,,,,,,,,,,,,,,,,,,,,,,,,
ASMA-3307,Bacteria,Actinomycetota,Actinomycetes,Actinomycetales,Actinomycetaceae,Actinomyces,Actinomyces sp915069725,378.0,No,,,,,,,,,,,,,,,,,,,,,,,,,,,,,,,,,,,,,,,,,,,,,,,,,,,,,,,,,,,,,,,,,,,,,,,,,,,
ASMA-3308,Fungi,Saccharomycetes,Ascomycota,Saccharomycetales,Debaryomycetaceae,Candida,Candida albicans,,,,,,,,,,,,,,,,,,,,,,,,,,,,,,,,,,,,,,,,,,,,,,,,,,,,,,,,,,,,,,,,,,,,,,,,,,,,,
ASMA-3309,Bacteria,Pseudomonadota,Gammaproteobacteria,Burkholderiales,Neisseriaceae,Neisseria,Neisseria sp915066515,133.0,Yes,,,,,,,,,,,,,,,,,,,,,,,,,,,,,,,,,,,,,,,,,,,,,,,,,,,,,,,,,,,,,,,,,,,,,,,,,,,
ASMA-331,Bacteria,Pseudomonadota,Gammaproteobacteria,Burkholderiales,Alcaligenaceae,Achromobacter,Achromobacter xylosoxidans,531.0,No,,,,,,,,,,,,,,,,,,,,,,,,,,,,,,,,,,,,,,,,,,,,,,,,,,,,,,,,,,,,,,,,,,,,,,,,,,,
ASMA-3310,Bacteria,Bacillota,Bacilli,Lactobacillales,Lactobacillaceae,Lacticaseibacillus,Lacticaseibacillus paracasei,336.0,No,,,,,,,,,,,,,,,,,,,,,,,,,,,,,,,,,,,,,,,,,,,,,,,,,,,,,,,,,,,,,,,,,,,,,,,,,,,
ASMA-3311,Bacteria,Bacillota,Bacilli,Lactobacillales,Streptococcaceae,Streptococcus,Streptococcus sp001556435,262.0,No,,,,,,,,,,,,,,,,,,,,,,,,,,,,,,,,,,,,,,,,,,,,,,,,,,,,,,,,,,,,,,,,,,,,,,,,,,,
ASMA-3312,Bacteria,Bacillota,Bacilli,Lactobacillales,Streptococcaceae,Streptococcus,Streptococcus sp001556435,262.0,Yes,,,,,,,,,,,,,,,,,,,,,,,,,,,,,,,,,,,,,,,,,,,,,,,,,,,,,,,,,,,,,,,,,,,,,,,,,,,
ASMA-3313,Bacteria,Bacillota,Bacilli,Lactobacillales,Streptococcaceae,Streptococcus,Streptococcus sanguinis,377.0,Yes,,,,,,,,,,,,,,,,,,,,,,,,,,,,,,,,,,,,,,,,,,,,,,,,,,,,,,,,,,,,,,,,,,,,,,,,,,,
ASMA-3314,Bacteria,Bacillota,Bacilli,Lactobacillales,Streptococcaceae,Streptococcus,Streptococcus sanguinis,377.0,No,,,,,,,,,,,,,,,,,,,,,,,,,,,,,,,,,,,,,,,,,,,,,,,,,,,,,,,,,,,,,,,,,,,,,,,,,,,
ASMA-3315,Bacteria,Actinomycetota,Actinomycetes,Micrococcales,Micrococcaceae,Rothia,Rothia sp001808955,376.0,Yes,,,,,,,,,,,,,,,,,,,,,,,,,,,,,,,,,,,,,,,,,,,,,,,,,,,,,,,,,,,,,,,,,,,,,,,,,,,
ASMA-3316,Bacteria,Actinomycetota,Actinomycetes,Micrococcales,Micrococcaceae,Rothia,Rothia sp001808955,376.0,No,,,,,,,,,,,,,,,,,,,,,,,,,,,,,,,,,,,,,,,,,,,,,,,,,,,,,,,,,,,,,,,,,,,,,,,,,,,
ASMA-3317,Bacteria,Actinomycetota,Actinomycetes,Actinomycetales,Actinomycetaceae,Actinomyces,Actinomyces sp915069725,378.0,No,,,,,,,,,,,,,,,,,,,,,,,,,,,,,,,,,,,,,,,,,,,,,,,,,,,,,,,,,,,,,,,,,,,,,,,,,,,
ASMA-3318,Bacteria,Actinomycetota,Actinomycetes,Actinomycetales,Actinomycetaceae,Actinomyces,Actinomyces sp915069725,378.0,Yes,,,,,,,,,,,,,,,,,,,,,,,,,,,,,,,,,,,,,,,,,,,,,,,,,,,,,,,,,,,,,,,,,,,,,,,,,,,
ASMA-3319,Bacteria,Bacillota,Bacilli,Lactobacillales,Streptococcaceae,Streptococcus,Streptococcus sanguinis,377.0,No,,,,,,,,,,,,,,,,,,,,,,,,,,,,,,,,,,,,,,,,,,,,,,,,,,,,,,,,,,,,,,,,,,,,,,,,,,,
ASMA-332,Bacteria,Pseudomonadota,Gammaproteobacteria,Burkholderiales,Alcaligenaceae,Achromobacter,Achromobacter xylosoxidans,531.0,No,,,,,,,,,,,,,,,,,,,,,,,,,,,,,,,,,,,,,,,,,,,,,,,,,,,,,,,,,,,,,,,,,,,,,,,,,,,
ASMA-3320,Bacteria,Bacillota,Bacilli,Lactobacillales,Streptococcaceae,Streptococcus,Streptococcus parasanguinis,134.0,Yes,,,,,,,,,,,,,,,,,,,,,,,,,,,,,,,,,,,,,,,,,,,,,,,,,,,,,,,,,,,,,,,,,,,,,,,,,,,
ASMA-3321,Fungi,Saccharomycetes,Ascomycota,Saccharomycetales,Debaryomycetaceae,Candida,Candida albicans,,,,,,,,,,,,,,,,,,,,,,,,,,,,,,,,,,,,,,,,,,,,,,,,,,,,,,,,,,,,,,,,,,,,,,,,,,,,,
ASMA-3322,Fungi,Saccharomycetes,Ascomycota,Saccharomycetales,Debaryomycetaceae,Candida,Candida albicans,,,,,,,,,,,,,,,,,,,,,,,,,,,,,,,,,,,,,,,,,,,,,,,,,,,,,,,,,,,,,,,,,,,,,,,,,,,,,
ASMA-3323,Bacteria,Bacillota,Bacilli,Lactobacillales,Lactobacillaceae,Lacticaseibacillus,Lacticaseibacillus paracasei,336.0,No,,,,,,,,,,,,,,,,,,,,,,,,,,,,,,,,,,,,,,,,,,,,,,,,,,,,,,,,,,,,,,,,,,,,,,,,,,,
ASMA-3324,Bacteria,Bacillota,Bacilli,Lactobacillales,Lactobacillaceae,Lacticaseibacillus,Lacticaseibacillus paracasei,336.0,Yes,,,,,,,,,,,,,,,,,,,,,,,,,,,,,,,,,,,,,,,,,,,,,,,,,,,,,,,,,,,,,,,,,,,,,,,,,,,
ASMA-3325,Bacteria,Bacillota,Bacilli,Lactobacillales,Lactobacillaceae,Limosilactobacillus,Limosilactobacillus fermentum,135.0,Yes,,,,,,,,,,,,,,,,,,,,,,,,,,,,,,,,,,,,,,,,,,,,,,,,,,,,,,,,,,,,,,,,,,,,,,,,,,,
ASMA-3326,Bacteria,Pseudomonadota,Gammaproteobacteria,Pseudomonadales,Pseudomonadaceae,Pseudomonas,Pseudomonas aeruginosa,523.0,No,,,,,,,,,,,,,,,,,,,,,,,,,,,,,,,,,,,,,,,,,,,,,,,,,,,,,,,,,,,,,,,,,,,,,,,,,,,
ASMA-3327,Bacteria,Pseudomonadota,Gammaproteobacteria,Pseudomonadales,Pseudomonadaceae,Pseudomonas,Pseudomonas aeruginosa,523.0,No,,,,,,,,,,,,,,,,,,,,,,,,,,,,,,,,,,,,,,,,,,,,,,,,,,,,,,,,,,,,,,,,,,,,,,,,,,,
ASMA-3328,Bacteria,Pseudomonadota,Gammaproteobacteria,Pseudomonadales,Pseudomonadaceae,Pseudomonas,Pseudomonas aeruginosa,523.0,No,,,,,,,,,,,,,,,,,,,,,,,,,,,,,,,,,,,,,,,,,,,,,,,,,,,,,,,,,,,,,,,,,,,,,,,,,,,
ASMA-3329,Bacteria,Pseudomonadota,Gammaproteobacteria,Pseudomonadales,Pseudomonadaceae,Pseudomonas,Pseudomonas aeruginosa,523.0,No,,,,,,,,,,,,,,,,,,,,,,,,,,,,,,,,,,,,,,,,,,,,,,,,,,,,,,,,,,,,,,,,,,,,,,,,,,,
ASMA-333,Bacteria,Pseudomonadota,Gammaproteobacteria,Burkholderiales,Alcaligenaceae,Achromobacter,Achromobacter xylosoxidans,531.0,No,,,,,,,,,,,,,,,,,,,,,,,,,,,,,,,,,,,,,,,,,,,,,,,,,,,,,,,,,,,,,,,,,,,,,,,,,,,
ASMA-3330,Bacteria,Bacillota,Bacilli,Lactobacillales,Streptococcaceae,Streptococcus,Streptococcus gordonii,440.0,No,,,,,,,,,,,,,,,,,,,,,,,,,,,,,,,,,,,,,,,,,,,,,,,,,,,,,,,,,,,,,,,,,,,,,,,,,,,
ASMA-3331,Bacteria,Actinomycetota,Actinomycetes,Micrococcales,Micrococcaceae,Rothia,Rothia dentocariosa,493.0,No,,,,,,,,,,,,,,,,,,,,,,,,,,,,,,,,,,,,,,,,,,,,,,,,,,,,,,,,,,,,,,,,,,,,,,,,,,,
ASMA-3332,Bacteria,Actinomycetota,Actinomycetes,Micrococcales,Micrococcaceae,Rothia,Rothia dentocariosa,493.0,No,,,,,,,,,,,,,,,,,,,,,,,,,,,,,,,,,,,,,,,,,,,,,,,,,,,,,,,,,,,,,,,,,,,,,,,,,,,
ASMA-3333,Fungi,Saccharomycetes,Ascomycota,Saccharomycetales,Debaryomycetaceae,Candida,Candida albicans,,,,,,,,,,,,,,,,,,,,,,,,,,,,,,,,,,,,,,,,,,,,,,,,,,,,,,,,,,,,,,,,,,,,,,,,,,,,,
ASMA-3334,Bacteria,Actinomycetota,Actinomycetes,Micrococcales,Micrococcaceae,Rothia,Rothia dentocariosa,461.0,No,,,,,,,,,,,,,,,,,,,,,,,,,,,,,,,,,,,,,,,,,,,,,,,,,,,,,,,,,,,,,,,,,,,,,,,,,,,
ASMA-3335,Bacteria,Bacillota,Bacilli,Lactobacillales,Lactobacillaceae,Lactiplantibacillus,Lactiplantibacillus plantarum,,,,,,,,,,,,,,,,,,,,,,,,,,,,,,,,,,,,,,,,,,,,,,,,,,,,,,,,,,,,,,,,,,,,,,,,,,,,,
ASMA-3336,Bacteria,Bacillota,Bacilli,Lactobacillales,Lactobacillaceae,Lactiplantibacillus,Lactiplantibacillus plantarum,,,,,,,,,,,,,,,,,,,,,,,,,,,,,,,,,,,,,,,,,,,,,,,,,,,,,,,,,,,,,,,,,,,,,,,,,,,,,
ASMA-3337,Bacteria,Bacillota,Bacilli,Lactobacillales,Lactobacillaceae,Lacticaseibacillus,Lacticaseibacillus rhamnosus,528.0,No,,,,,,,,,,,,,,,,,,,,,,,,,,,,,,,,,,,,,,,,,,,,,,,,,,,,,,,,,,,,,,,,,,,,,,,,,,,
ASMA-3338,Bacteria,Bacillota,Bacilli,Lactobacillales,Lactobacillaceae,Lacticaseibacillus,Lacticaseibacillus rhamnosus,528.0,No,,,,,,,,,,,,,,,,,,,,,,,,,,,,,,,,,,,,,,,,,,,,,,,,,,,,,,,,,,,,,,,,,,,,,,,,,,,
ASMA-3339,Bacteria,Pseudomonadota,Gammaproteobacteria,Pseudomonadales,Pseudomonadaceae,Pseudomonas,Pseudomonas aeruginosa,523.0,No,,,,,,,,,,,,,,,,,,,,,,,,,,,,,,,,,,,,,,,,,,,,,,,,,,,,,,,,,,,,,,,,,,,,,,,,,,,
ASMA-334,Bacteria,Pseudomonadota,Gammaproteobacteria,Burkholderiales,Alcaligenaceae,Achromobacter,Achromobacter xylosoxidans,531.0,No,,,,,,,,,,,,,,,,,,,,,,,,,,,,,,,,,,,,,,,,,,,,,,,,,,,,,,,,,,,,,,,,,,,,,,,,,,,
ASMA-3340,Bacteria,Pseudomonadota,Gammaproteobacteria,Pseudomonadales,Pseudomonadaceae,Pseudomonas,Pseudomonas aeruginosa,523.0,Yes,,,,,,,,,,,,,,,,,,,,,,,,,,,,,,,,,,,,,,,,,,,,,,,,,,,,,,,,,,,,,,,,,,,,,,,,,,,
ASMA-3341,Bacteria,Actinomycetota,Actinomycetes,Micrococcales,Micrococcaceae,Rothia,Rothia dentocariosa,493.0,No,,,,,,,,,,,,,,,,,,,,,,,,,,,,,,,,,,,,,,,,,,,,,,,,,,,,,,,,,,,,,,,,,,,,,,,,,,,
ASMA-3342,Bacteria,Actinomycetota,Actinomycetes,Micrococcales,Micrococcaceae,Rothia,Rothia dentocariosa,493.0,No,,,,,,,,,,,,,,,,,,,,,,,,,,,,,,,,,,,,,,,,,,,,,,,,,,,,,,,,,,,,,,,,,,,,,,,,,,,
ASMA-3343,Bacteria,Bacillota,Bacilli,Lactobacillales,Streptococcaceae,Streptococcus,Streptococcus infantis_H,263.0,Yes,,,,,,,,,,,,,,,,,,,,,,,,,,,,,,,,,,,,,,,,,,,,,,,,,,,,,,,,,,,,,,,,,,,,,,,,,,,
ASMA-3344,Bacteria,Bacillota,Bacilli,Lactobacillales,Streptococcaceae,Streptococcus,Streptococcus infantis_H,263.0,No,,,,,,,,,,,,,,,,,,,,,,,,,,,,,,,,,,,,,,,,,,,,,,,,,,,,,,,,,,,,,,,,,,,,,,,,,,,
ASMA-3345,Bacteria,Actinomycetota,Actinomycetes,Actinomycetales,Actinomycetaceae,Actinomyces,Actinomyces oris,484.0,No,,,,,,,,,,,,,,,,,,,,,,,,,,,,,,,,,,,,,,,,,,,,,,,,,,,,,,,,,,,,,,,,,,,,,,,,,,,
ASMA-3346,Bacteria,Actinomycetota,Actinomycetes,Actinomycetales,Actinomycetaceae,Actinomyces,Actinomyces oris,484.0,No,,,,,,,,,,,,,,,,,,,,,,,,,,,,,,,,,,,,,,,,,,,,,,,,,,,,,,,,,,,,,,,,,,,,,,,,,,,
ASMA-3347,Bacteria,Actinomycetota,Actinomycetes,Micrococcales,Micrococcaceae,Rothia,Rothia dentocariosa,461.0,Yes,,,,,,,,,,,,,,,,,,,,,,,,,,,,,,,,,,,,,,,,,,,,,,,,,,,,,,,,,,,,,,,,,,,,,,,,,,,
ASMA-3348,Bacteria,Actinomycetota,Actinomycetes,Micrococcales,Micrococcaceae,Rothia,Rothia dentocariosa,461.0,No,,,,,,,,,,,,,,,,,,,,,,,,,,,,,,,,,,,,,,,,,,,,,,,,,,,,,,,,,,,,,,,,,,,,,,,,,,,
ASMA-3349,Bacteria,Bacillota,Bacilli,Lactobacillales,Streptococcaceae,Streptococcus,Streptococcus gordonii,440.0,No,,,,,,,,,,,,,,,,,,,,,,,,,,,,,,,,,,,,,,,,,,,,,,,,,,,,,,,,,,,,,,,,,,,,,,,,,,,
ASMA-335,Bacteria,Pseudomonadota,Gammaproteobacteria,Burkholderiales,Alcaligenaceae,Achromobacter,Achromobacter xylosoxidans,531.0,No,,,,,,,,,,,,,,,,,,,,,,,,,,,,,,,,,,,,,,,,,,,,,,,,,,,,,,,,,,,,,,,,,,,,,,,,,,,
ASMA-3350,Bacteria,Bacillota,Bacilli,Lactobacillales,Streptococcaceae,Streptococcus,Streptococcus gordonii,440.0,No,,,,,,,,,,,,,,,,,,,,,,,,,,,,,,,,,,,,,,,,,,,,,,,,,,,,,,,,,,,,,,,,,,,,,,,,,,,
ASMA-3351,Bacteria,Actinomycetota,Actinomycetes,Micrococcales,Micrococcaceae,Rothia,Rothia dentocariosa,136.0,Yes,,,,,,,,,,,,,,,,,,,,,,,,,,,,,,,,,,,,,,,,,,,,,,,,,,,,,,,,,,,,,,,,,,,,,,,,,,,
ASMA-3352,Bacteria,Bacillota,Bacilli,Lactobacillales,Streptococcaceae,Streptococcus,Streptococcus sp001556435,367.0,No,,,,,,,,,,,,,,,,,,,,,,,,,,,,,,,,,,,,,,,,,,,,,,,,,,,,,,,,,,,,,,,,,,,,,,,,,,,
ASMA-3353,Bacteria,Actinomycetota,Actinomycetes,Micrococcales,Micrococcaceae,Rothia,Rothia dentocariosa,493.0,No,,,,,,,,,,,,,,,,,,,,,,,,,,,,,,,,,,,,,,,,,,,,,,,,,,,,,,,,,,,,,,,,,,,,,,,,,,,
ASMA-3354,Bacteria,Pseudomonadota,Gammaproteobacteria,Pseudomonadales,Pseudomonadaceae,Pseudomonas,Pseudomonas aeruginosa,523.0,No,,,,,,,,,,,,,,,,,,,,,,,,,,,,,,,,,,,,,,,,,,,,,,,,,,,,,,,,,,,,,,,,,,,,,,,,,,,
ASMA-3355,Bacteria,Pseudomonadota,Gammaproteobacteria,Pseudomonadales,Pseudomonadaceae,Pseudomonas,Pseudomonas aeruginosa,523.0,No,,,,,,,,,,,,,,,,,,,,,,,,,,,,,,,,,,,,,,,,,,,,,,,,,,,,,,,,,,,,,,,,,,,,,,,,,,,
ASMA-3356,Fungi,Saccharomycetes,Ascomycota,Saccharomycetales,Debaryomycetaceae,Candida,Candida albicans,,,,,,,,,,,,,,,,,,,,,,,,,,,,,,,,,,,,,,,,,,,,,,,,,,,,,,,,,,,,,,,,,,,,,,,,,,,,,
ASMA-3357,Fungi,Saccharomycetes,Ascomycota,Saccharomycetales,Debaryomycetaceae,Candida,Candida albicans,,,,,,,,,,,,,,,,,,,,,,,,,,,,,,,,,,,,,,,,,,,,,,,,,,,,,,,,,,,,,,,,,,,,,,,,,,,,,
ASMA-3358,Bacteria,Actinomycetota,Actinomycetes,Micrococcales,Micrococcaceae,Rothia,Rothia dentocariosa,493.0,No,,,,,,,,,,,,,,,,,,,,,,,,,,,,,,,,,,,,,,,,,,,,,,,,,,,,,,,,,,,,,,,,,,,,,,,,,,,
ASMA-3359,Bacteria,Actinomycetota,Actinomycetes,Micrococcales,Micrococcaceae,Rothia,Rothia dentocariosa,493.0,No,,,,,,,,,,,,,,,,,,,,,,,,,,,,,,,,,,,,,,,,,,,,,,,,,,,,,,,,,,,,,,,,,,,,,,,,,,,
ASMA-336,Bacteria,Pseudomonadota,Gammaproteobacteria,Burkholderiales,Alcaligenaceae,Achromobacter,Achromobacter xylosoxidans,531.0,No,,,,,,,,,,,,,,,,,,,,,,,,,,,,,,,,,,,,,,,,,,,,,,,,,,,,,,,,,,,,,,,,,,,,,,,,,,,
ASMA-3360,Bacteria,Actinomycetota,Actinomycetes,Micrococcales,Micrococcaceae,Rothia,Rothia dentocariosa,493.0,No,,,,,,,,,,,,,,,,,,,,,,,,,,,,,,,,,,,,,,,,,,,,,,,,,,,,,,,,,,,,,,,,,,,,,,,,,,,
ASMA-3361,Bacteria,Actinomycetota,Actinomycetes,Micrococcales,Micrococcaceae,Rothia,Rothia dentocariosa,493.0,No,,,,,,,,,,,,,,,,,,,,,,,,,,,,,,,,,,,,,,,,,,,,,,,,,,,,,,,,,,,,,,,,,,,,,,,,,,,
ASMA-3362,Bacteria,Bacillota,Bacilli,Lactobacillales,Streptococcaceae,Streptococcus,Streptococcus gordonii,440.0,No,,,,,,,,,,,,,,,,,,,,,,,,,,,,,,,,,,,,,,,,,,,,,,,,,,,,,,,,,,,,,,,,,,,,,,,,,,,
ASMA-3363,Bacteria,Bacillota,Bacilli,Lactobacillales,Streptococcaceae,Streptococcus,Streptococcus gordonii,440.0,Yes,,,,,,,,,,,,,,,,,,,,,,,,,,,,,,,,,,,,,,,,,,,,,,,,,,,,,,,,,,,,,,,,,,,,,,,,,,,
ASMA-3364,Bacteria,Bacillota,Bacilli,Lactobacillales,Streptococcaceae,Streptococcus,Streptococcus gordonii,440.0,No,,,,,,,,,,,,,,,,,,,,,,,,,,,,,,,,,,,,,,,,,,,,,,,,,,,,,,,,,,,,,,,,,,,,,,,,,,,
ASMA-3365,Bacteria,Actinomycetota,Actinomycetes,Actinomycetales,Actinomycetaceae,Actinomyces,Actinomyces oris,484.0,No,,,,,,,,,,,,,,,,,,,,,,,,,,,,,,,,,,,,,,,,,,,,,,,,,,,,,,,,,,,,,,,,,,,,,,,,,,,
ASMA-3366,Bacteria,Actinomycetota,Actinomycetes,Actinomycetales,Actinomycetaceae,Actinomyces,Actinomyces oris,484.0,No,,,,,,,,,,,,,,,,,,,,,,,,,,,,,,,,,,,,,,,,,,,,,,,,,,,,,,,,,,,,,,,,,,,,,,,,,,,
ASMA-3367,Bacteria,Actinomycetota,Actinomycetes,Actinomycetales,Actinomycetaceae,Actinomyces,Actinomyces oris,484.0,No,,,,,,,,,,,,,,,,,,,,,,,,,,,,,,,,,,,,,,,,,,,,,,,,,,,,,,,,,,,,,,,,,,,,,,,,,,,
ASMA-3368,Bacteria,Actinomycetota,Actinomycetes,Mycobacteriales,Mycobacteriaceae,Corynebacterium,Corynebacterium durum,137.0,Yes,,,,,,,,,,,,,,,,,,,,,,,,,,,,,,,,,,,,,,,,,,,,,,,,,,,,,,,,,,,,,,,,,,,,,,,,,,,
ASMA-3369,Bacteria,Actinomycetota,Actinomycetes,Micrococcales,Micrococcaceae,Rothia,Rothia aeria,138.0,Yes,,,,,,,,,,,,,,,,,,,,,,,,,,,,,,,,,,,,,,,,,,,,,,,,,,,,,,,,,,,,,,,,,,,,,,,,,,,
ASMA-337,Bacteria,Pseudomonadota,Gammaproteobacteria,Burkholderiales,Alcaligenaceae,Achromobacter,Achromobacter xylosoxidans,531.0,No,,,,,,,,,,,,,,,,,,,,,,,,,,,,,,,,,,,,,,,,,,,,,,,,,,,,,,,,,,,,,,,,,,,,,,,,,,,
ASMA-3370,Bacteria,Actinomycetota,Actinomycetes,Actinomycetales,Actinomycetaceae,Actinomyces,Actinomyces oris_A,337.0,Yes,,,,,,,,,,,,,,,,,,,,,,,,,,,,,,,,,,,,,,,,,,,,,,,,,,,,,,,,,,,,,,,,,,,,,,,,,,,
ASMA-3371,Bacteria,Actinomycetota,Actinomycetes,Micrococcales,Micrococcaceae,Rothia,Rothia dentocariosa,338.0,No,,,,,,,,,,,,,,,,,,,,,,,,,,,,,,,,,,,,,,,,,,,,,,,,,,,,,,,,,,,,,,,,,,,,,,,,,,,
ASMA-3372,Bacteria,Bacillota,Bacilli,Lactobacillales,Streptococcaceae,Streptococcus,Streptococcus sanguinis,415.0,Yes,,,,,,,,,,,,,,,,,,,,,,,,,,,,,,,,,,,,,,,,,,,,,,,,,,,,,,,,,,,,,,,,,,,,,,,,,,,
ASMA-3373,Bacteria,Bacillota,Bacilli,Lactobacillales,Streptococcaceae,Streptococcus,Streptococcus sanguinis,415.0,No,,,,,,,,,,,,,,,,,,,,,,,,,,,,,,,,,,,,,,,,,,,,,,,,,,,,,,,,,,,,,,,,,,,,,,,,,,,
ASMA-3374,Bacteria,Actinomycetota,Actinomycetes,Micrococcales,Micrococcaceae,Rothia,Rothia dentocariosa,338.0,Yes,,,,,,,,,,,,,,,,,,,,,,,,,,,,,,,,,,,,,,,,,,,,,,,,,,,,,,,,,,,,,,,,,,,,,,,,,,,
ASMA-3375,Bacteria,Bacillota,Bacilli,Lactobacillales,Streptococcaceae,Streptococcus,Streptococcus dentisani,139.0,Yes,,,,,,,,,,,,,,,,,,,,,,,,,,,,,,,,,,,,,,,,,,,,,,,,,,,,,,,,,,,,,,,,,,,,,,,,,,,
ASMA-3376,Bacteria,Pseudomonadota,Gammaproteobacteria,Burkholderiales,Neisseriaceae,Neisseria,Neisseria sp001815675,379.0,No,,,,,,,,,,,,,,,,,,,,,,,,,,,,,,,,,,,,,,,,,,,,,,,,,,,,,,,,,,,,,,,,,,,,,,,,,,,
ASMA-3377,Bacteria,Pseudomonadota,Gammaproteobacteria,Burkholderiales,Neisseriaceae,Neisseria,Neisseria sp001815675,379.0,Yes,,,,,,,,,,,,,,,,,,,,,,,,,,,,,,,,,,,,,,,,,,,,,,,,,,,,,,,,,,,,,,,,,,,,,,,,,,,
ASMA-3378,Fungi,Saccharomycetes,Ascomycota,Saccharomycetales,Debaryomycetaceae,Candida,Candida albicans,,,,,,,,,,,,,,,,,,,,,,,,,,,,,,,,,,,,,,,,,,,,,,,,,,,,,,,,,,,,,,,,,,,,,,,,,,,,,
ASMA-3379,Fungi,Saccharomycetes,Ascomycota,Saccharomycetales,Debaryomycetaceae,Candida,Candida albicans,,,,,,,,,,,,,,,,,,,,,,,,,,,,,,,,,,,,,,,,,,,,,,,,,,,,,,,,,,,,,,,,,,,,,,,,,,,,,
ASMA-338,Bacteria,Pseudomonadota,Gammaproteobacteria,Burkholderiales,Alcaligenaceae,Achromobacter,Achromobacter xylosoxidans,531.0,No,,,,,,,,,,,,,,,,,,,,,,,,,,,,,,,,,,,,,,,,,,,,,,,,,,,,,,,,,,,,,,,,,,,,,,,,,,,
ASMA-3380,Fungi,Saccharomycetes,Ascomycota,Saccharomycetales,Debaryomycetaceae,Candida,Candida albicans,,,,,,,,,,,,,,,,,,,,,,,,,,,,,,,,,,,,,,,,,,,,,,,,,,,,,,,,,,,,,,,,,,,,,,,,,,,,,
ASMA-3381,Fungi,Saccharomycetes,Ascomycota,Saccharomycetales,Debaryomycetaceae,Candida,Candida albicans,,,,,,,,,,,,,,,,,,,,,,,,,,,,,,,,,,,,,,,,,,,,,,,,,,,,,,,,,,,,,,,,,,,,,,,,,,,,,
ASMA-3382,Bacteria,Bacillota,Bacilli,Lactobacillales,Streptococcaceae,Streptococcus,Streptococcus salivarius_D,339.0,Yes,,,,,,,,,,,,,,,,,,,,,,,,,,,,,,,,,,,,,,,,,,,,,,,,,,,,,,,,,,,,,,,,,,,,,,,,,,,
ASMA-3383,Bacteria,Bacillota,Bacilli,Lactobacillales,Streptococcaceae,Streptococcus,Streptococcus salivarius_D,339.0,No,,,,,,,,,,,,,,,,,,,,,,,,,,,,,,,,,,,,,,,,,,,,,,,,,,,,,,,,,,,,,,,,,,,,,,,,,,,
ASMA-3384,Bacteria,Actinomycetota,Actinomycetes,Actinomycetales,Actinomycetaceae,Actinomyces,Actinomyces naeslundii,140.0,Yes,,,,,,,,,,,,,,,,,,,,,,,,,,,,,,,,,,,,,,,,,,,,,,,,,,,,,,,,,,,,,,,,,,,,,,,,,,,
ASMA-3385,Bacteria,Bacillota,Bacilli,Lactobacillales,Streptococcaceae,Streptococcus,Streptococcus sp001556435,141.0,Yes,,,,,,,,,,,,,,,,,,,,,,,,,,,,,,,,,,,,,,,,,,,,,,,,,,,,,,,,,,,,,,,,,,,,,,,,,,,
ASMA-3386,Bacteria,Bacillota,Bacilli,Lactobacillales,Streptococcaceae,Streptococcus,Streptococcus parasanguinis_I,142.0,Yes,,,,,,,,,,,,,,,,,,,,,,,,,,,,,,,,,,,,,,,,,,,,,,,,,,,,,,,,,,,,,,,,,,,,,,,,,,,
ASMA-3387,Bacteria,Bacillota,Bacilli,Lactobacillales,Streptococcaceae,Streptococcus,Streptococcus anginosus,264.0,No,,,,,,,,,,,,,,,,,,,,,,,,,,,,,,,,,,,,,,,,,,,,,,,,,,,,,,,,,,,,,,,,,,,,,,,,,,,
ASMA-3388,Fungi,Saccharomycetes,Ascomycota,Saccharomycetales,Debaryomycetaceae,Candida,Candida albicans,,,,,,,,,,,,,,,,,,,,,,,,,,,,,,,,,,,,,,,,,,,,,,,,,,,,,,,,,,,,,,,,,,,,,,,,,,,,,
ASMA-3389,Fungi,Saccharomycetes,Ascomycota,Saccharomycetales,Debaryomycetaceae,Candida,Candida albicans,,,,,,,,,,,,,,,,,,,,,,,,,,,,,,,,,,,,,,,,,,,,,,,,,,,,,,,,,,,,,,,,,,,,,,,,,,,,,
ASMA-339,Bacteria,Pseudomonadota,Gammaproteobacteria,Burkholderiales,Alcaligenaceae,Achromobacter,Achromobacter xylosoxidans,531.0,No,,,,,,,,,,,,,,,,,,,,,,,,,,,,,,,,,,,,,,,,,,,,,,,,,,,,,,,,,,,,,,,,,,,,,,,,,,,
ASMA-3390,Bacteria,Bacillota,Bacilli,Lactobacillales,Streptococcaceae,Streptococcus,Streptococcus salivarius_D,339.0,No,,,,,,,,,,,,,,,,,,,,,,,,,,,,,,,,,,,,,,,,,,,,,,,,,,,,,,,,,,,,,,,,,,,,,,,,,,,
ASMA-3391,Fungi,Saccharomycetes,Ascomycota,Saccharomycetales,Debaryomycetaceae,Candida,Candida albicans,,,,,,,,,,,,,,,,,,,,,,,,,,,,,,,,,,,,,,,,,,,,,,,,,,,,,,,,,,,,,,,,,,,,,,,,,,,,,
ASMA-3392,Fungi,Saccharomycetes,Ascomycota,Saccharomycetales,Debaryomycetaceae,Candida,Candida albicans,,,,,,,,,,,,,,,,,,,,,,,,,,,,,,,,,,,,,,,,,,,,,,,,,,,,,,,,,,,,,,,,,,,,,,,,,,,,,
ASMA-3393,Bacteria,Pseudomonadota,Gammaproteobacteria,Burkholderiales,Neisseriaceae,Neisseria,Neisseria sp001815675,379.0,No,,,,,,,,,,,,,,,,,,,,,,,,,,,,,,,,,,,,,,,,,,,,,,,,,,,,,,,,,,,,,,,,,,,,,,,,,,,
ASMA-3394,Bacteria,Bacillota,Bacilli,Lactobacillales,Streptococcaceae,Streptococcus,Streptococcus vestibularis,265.0,Yes,,,,,,,,,,,,,,,,,,,,,,,,,,,,,,,,,,,,,,,,,,,,,,,,,,,,,,,,,,,,,,,,,,,,,,,,,,,
ASMA-3395,Bacteria,Bacillota,Bacilli,Lactobacillales,Streptococcaceae,Streptococcus,Streptococcus vestibularis,265.0,No,,,,,,,,,,,,,,,,,,,,,,,,,,,,,,,,,,,,,,,,,,,,,,,,,,,,,,,,,,,,,,,,,,,,,,,,,,,
ASMA-3396,Bacteria,Bacillota,Bacilli,Lactobacillales,Streptococcaceae,Streptococcus,Streptococcus sobrinus,416.0,No,,,,,,,,,,,,,,,,,,,,,,,,,,,,,,,,,,,,,,,,,,,,,,,,,,,,,,,,,,,,,,,,,,,,,,,,,,,
ASMA-3397,Bacteria,Bacillota,Bacilli,Lactobacillales,Streptococcaceae,Streptococcus,Streptococcus sobrinus,416.0,No,,,,,,,,,,,,,,,,,,,,,,,,,,,,,,,,,,,,,,,,,,,,,,,,,,,,,,,,,,,,,,,,,,,,,,,,,,,
ASMA-3398,Bacteria,Actinomycetota,Actinomycetes,Micrococcales,Micrococcaceae,Rothia,Rothia dentocariosa,338.0,No,,,,,,,,,,,,,,,,,,,,,,,,,,,,,,,,,,,,,,,,,,,,,,,,,,,,,,,,,,,,,,,,,,,,,,,,,,,
ASMA-3399,Bacteria,Bacillota,Bacilli,Lactobacillales,Streptococcaceae,Streptococcus,Streptococcus sanguinis,415.0,No,,,,,,,,,,,,,,,,,,,,,,,,,,,,,,,,,,,,,,,,,,,,,,,,,,,,,,,,,,,,,,,,,,,,,,,,,,,
ASMA-34,Bacteria,Pseudomonadota,Gammaproteobacteria,Pseudomonadales,Pseudomonadaceae,Pseudomonas,Pseudomonas aeruginosa,536.0,No,,,,,,,,,,,,,,,,,,,,,,,,,,,,,,,,,,,,,,,,,,,,,,,,,,,,,,,,,,,,,,,,,,,,,,,,,,,
ASMA-340,Bacteria,Pseudomonadota,Gammaproteobacteria,Burkholderiales,Alcaligenaceae,Achromobacter,Achromobacter xylosoxidans,531.0,No,,,,,,,,,,,,,,,,,,,,,,,,,,,,,,,,,,,,,,,,,,,,,,,,,,,,,,,,,,,,,,,,,,,,,,,,,,,
ASMA-3400,Bacteria,Bacillota,Bacilli,Lactobacillales,Streptococcaceae,Streptococcus,Streptococcus sanguinis,415.0,No,,,,,,,,,,,,,,,,,,,,,,,,,,,,,,,,,,,,,,,,,,,,,,,,,,,,,,,,,,,,,,,,,,,,,,,,,,,
ASMA-3401,Bacteria,Bacillota,Bacilli,Lactobacillales,Streptococcaceae,Streptococcus,Streptococcus sobrinus,416.0,Yes,,,,,,,,,,,,,,,,,,,,,,,,,,,,,,,,,,,,,,,,,,,,,,,,,,,,,,,,,,,,,,,,,,,,,,,,,,,
ASMA-3402,Bacteria,Bacillota,Bacilli,Lactobacillales,Streptococcaceae,Streptococcus,Streptococcus sanguinis,415.0,No,,,,,,,,,,,,,,,,,,,,,,,,,,,,,,,,,,,,,,,,,,,,,,,,,,,,,,,,,,,,,,,,,,,,,,,,,,,
ASMA-3403,Bacteria,Actinomycetota,Actinomycetes,Micrococcales,Micrococcaceae,Rothia,Rothia sp029850875,266.0,No,,,,,,,,,,,,,,,,,,,,,,,,,,,,,,,,,,,,,,,,,,,,,,,,,,,,,,,,,,,,,,,,,,,,,,,,,,,
ASMA-3404,Bacteria,Pseudomonadota,Gammaproteobacteria,Pseudomonadales,Pseudomonadaceae,Pseudomonas_E,Pseudomonas_E siliginis,143.0,Yes,,,,,,,,,,,,,,,,,,,,,,,,,,,,,,,,,,,,,,,,,,,,,,,,,,,,,,,,,,,,,,,,,,,,,,,,,,,
ASMA-3405,Bacteria,Pseudomonadota,Gammaproteobacteria,Burkholderiales,Neisseriaceae,Neisseria,Neisseria sp001815675,379.0,No,,,,,,,,,,,,,,,,,,,,,,,,,,,,,,,,,,,,,,,,,,,,,,,,,,,,,,,,,,,,,,,,,,,,,,,,,,,
ASMA-3406,Fungi,Saccharomycetes,Ascomycota,Saccharomycetales,Debaryomycetaceae,Candida,Candida albicans,,,,,,,,,,,,,,,,,,,,,,,,,,,,,,,,,,,,,,,,,,,,,,,,,,,,,,,,,,,,,,,,,,,,,,,,,,,,,
ASMA-3407,Bacteria,Pseudomonadota,Gammaproteobacteria,Enterobacterales,Enterobacteriaceae,Klebsiella,Klebsiella pneumoniae,505.0,No,,,,,,,,,,,,,,,,,,,,,,,,,,,,,,,,,,,,,,,,,,,,,,,,,,,,,,,,,,,,,,,,,,,,,,,,,,,
ASMA-3408,Fungi,Saccharomycetes,Ascomycota,Saccharomycetales,Debaryomycetaceae,Candida,Candida albicans,,,,,,,,,,,,,,,,,,,,,,,,,,,,,,,,,,,,,,,,,,,,,,,,,,,,,,,,,,,,,,,,,,,,,,,,,,,,,
ASMA-3409,Fungi,Saccharomycetes,Ascomycota,Saccharomycetales,Debaryomycetaceae,Candida,Candida albicans,,,,,,,,,,,,,,,,,,,,,,,,,,,,,,,,,,,,,,,,,,,,,,,,,,,,,,,,,,,,,,,,,,,,,,,,,,,,,
ASMA-341,Bacteria,Pseudomonadota,Gammaproteobacteria,Burkholderiales,Alcaligenaceae,Achromobacter,Achromobacter xylosoxidans,531.0,No,,,,,,,,,,,,,,,,,,,,,,,,,,,,,,,,,,,,,,,,,,,,,,,,,,,,,,,,,,,,,,,,,,,,,,,,,,,
ASMA-3410,Bacteria,Pseudomonadota,Gammaproteobacteria,Enterobacterales,Enterobacteriaceae,Klebsiella,Klebsiella pneumoniae,505.0,No,,,,,,,,,,,,,,,,,,,,,,,,,,,,,,,,,,,,,,,,,,,,,,,,,,,,,,,,,,,,,,,,,,,,,,,,,,,
ASMA-3411,Bacteria,Pseudomonadota,Gammaproteobacteria,Enterobacterales,Enterobacteriaceae,Klebsiella,Klebsiella pneumoniae,505.0,No,,,,,,,,,,,,,,,,,,,,,,,,,,,,,,,,,,,,,,,,,,,,,,,,,,,,,,,,,,,,,,,,,,,,,,,,,,,
ASMA-3412,Bacteria,Actinomycetota,Actinomycetes,Micrococcales,Micrococcaceae,Rothia,Rothia sp029850875,266.0,Yes,,,,,,,,,,,,,,,,,,,,,,,,,,,,,,,,,,,,,,,,,,,,,,,,,,,,,,,,,,,,,,,,,,,,,,,,,,,
ASMA-3413,Bacteria,Bacillota,Bacilli,Lactobacillales,Streptococcaceae,Streptococcus,Streptococcus sobrinus,416.0,No,,,,,,,,,,,,,,,,,,,,,,,,,,,,,,,,,,,,,,,,,,,,,,,,,,,,,,,,,,,,,,,,,,,,,,,,,,,
ASMA-3414,Bacteria,Bacillota,Bacilli,Lactobacillales,Streptococcaceae,Streptococcus,Streptococcus sobrinus,416.0,No,,,,,,,,,,,,,,,,,,,,,,,,,,,,,,,,,,,,,,,,,,,,,,,,,,,,,,,,,,,,,,,,,,,,,,,,,,,
ASMA-3415,Bacteria,Bacillota,Bacilli,Lactobacillales,Streptococcaceae,Streptococcus,Streptococcus anginosus,264.0,Yes,,,,,,,,,,,,,,,,,,,,,,,,,,,,,,,,,,,,,,,,,,,,,,,,,,,,,,,,,,,,,,,,,,,,,,,,,,,
ASMA-3416,Bacteria,Actinomycetota,Actinomycetes,Mycobacteriales,Mycobacteriaceae,Corynebacterium,Corynebacterium durum,144.0,Yes,,,,,,,,,,,,,,,,,,,,,,,,,,,,,,,,,,,,,,,,,,,,,,,,,,,,,,,,,,,,,,,,,,,,,,,,,,,
ASMA-3417,Fungi,Saccharomycetes,Ascomycota,Saccharomycetales,Debaryomycetaceae,Candida,Candida albicans,,,,,,,,,,,,,,,,,,,,,,,,,,,,,,,,,,,,,,,,,,,,,,,,,,,,,,,,,,,,,,,,,,,,,,,,,,,,,
ASMA-3418,Fungi,Saccharomycetes,Ascomycota,Saccharomycetales,Debaryomycetaceae,Candida,Candida albicans,,,,,,,,,,,,,,,,,,,,,,,,,,,,,,,,,,,,,,,,,,,,,,,,,,,,,,,,,,,,,,,,,,,,,,,,,,,,,
ASMA-3419,Bacteria,Pseudomonadota,Gammaproteobacteria,Enterobacterales,Enterobacteriaceae,Klebsiella,Klebsiella pneumoniae,505.0,No,,,,,,,,,,,,,,,,,,,,,,,,,,,,,,,,,,,,,,,,,,,,,,,,,,,,,,,,,,,,,,,,,,,,,,,,,,,
ASMA-342,Bacteria,Pseudomonadota,Gammaproteobacteria,Burkholderiales,Alcaligenaceae,Achromobacter,Achromobacter xylosoxidans,531.0,No,,,,,,,,,,,,,,,,,,,,,,,,,,,,,,,,,,,,,,,,,,,,,,,,,,,,,,,,,,,,,,,,,,,,,,,,,,,
ASMA-3420,Bacteria,Pseudomonadota,Gammaproteobacteria,Enterobacterales,Enterobacteriaceae,Klebsiella,Klebsiella pneumoniae,505.0,No,,,,,,,,,,,,,,,,,,,,,,,,,,,,,,,,,,,,,,,,,,,,,,,,,,,,,,,,,,,,,,,,,,,,,,,,,,,
ASMA-3421,Bacteria,Pseudomonadota,Gammaproteobacteria,Enterobacterales,Enterobacteriaceae,Klebsiella,Klebsiella pneumoniae,505.0,No,,,,,,,,,,,,,,,,,,,,,,,,,,,,,,,,,,,,,,,,,,,,,,,,,,,,,,,,,,,,,,,,,,,,,,,,,,,
ASMA-3422,Bacteria,Bacillota,Bacilli,Staphylococcales,Staphylococcaceae,Staphylococcus,Staphylococcus aureus,532.0,No,,,,,,,,,,,,,,,,,,,,,,,,,,,,,,,,,,,,,,,,,,,,,,,,,,,,,,,,,,,,,,,,,,,,,,,,,,,
ASMA-3423,Bacteria,Actinomycetota,Actinomycetes,Micrococcales,Micrococcaceae,Rothia,Rothia dentocariosa,463.0,No,,,,,,,,,,,,,,,,,,,,,,,,,,,,,,,,,,,,,,,,,,,,,,,,,,,,,,,,,,,,,,,,,,,,,,,,,,,
ASMA-3424,Bacteria,Actinomycetota,Actinomycetes,Micrococcales,Micrococcaceae,Rothia,Rothia dentocariosa,463.0,No,,,,,,,,,,,,,,,,,,,,,,,,,,,,,,,,,,,,,,,,,,,,,,,,,,,,,,,,,,,,,,,,,,,,,,,,,,,
ASMA-3425,Bacteria,Actinomycetota,Actinomycetes,Actinomycetales,Actinomycetaceae,Actinomyces,Actinomyces sp915069725,380.0,No,,,,,,,,,,,,,,,,,,,,,,,,,,,,,,,,,,,,,,,,,,,,,,,,,,,,,,,,,,,,,,,,,,,,,,,,,,,
ASMA-3426,Bacteria,Pseudomonadota,Gammaproteobacteria,Burkholderiales,Neisseriaceae,Neisseria,Neisseria sp000186165,438.0,No,,,,,,,,,,,,,,,,,,,,,,,,,,,,,,,,,,,,,,,,,,,,,,,,,,,,,,,,,,,,,,,,,,,,,,,,,,,
ASMA-3427,Bacteria,Pseudomonadota,Gammaproteobacteria,Burkholderiales,Neisseriaceae,Neisseria,Neisseria sp000186165,438.0,No,,,,,,,,,,,,,,,,,,,,,,,,,,,,,,,,,,,,,,,,,,,,,,,,,,,,,,,,,,,,,,,,,,,,,,,,,,,
ASMA-3428,Bacteria,Bacillota,Bacilli,Lactobacillales,Streptococcaceae,Streptococcus,Streptococcus sp902363395,474.0,Yes,,,,,,,,,,,,,,,,,,,,,,,,,,,,,,,,,,,,,,,,,,,,,,,,,,,,,,,,,,,,,,,,,,,,,,,,,,,
ASMA-3429,Bacteria,Pseudomonadota,Gammaproteobacteria,Enterobacterales,Enterobacteriaceae,Klebsiella,Klebsiella pneumoniae,340.0,Yes,,,,,,,,,,,,,,,,,,,,,,,,,,,,,,,,,,,,,,,,,,,,,,,,,,,,,,,,,,,,,,,,,,,,,,,,,,,
ASMA-343,Bacteria,Pseudomonadota,Gammaproteobacteria,Burkholderiales,Alcaligenaceae,Achromobacter,Achromobacter xylosoxidans,531.0,No,,,,,,,,,,,,,,,,,,,,,,,,,,,,,,,,,,,,,,,,,,,,,,,,,,,,,,,,,,,,,,,,,,,,,,,,,,,
ASMA-3430,Bacteria,Bacillota,Bacilli,Lactobacillales,Lactobacillaceae,Lacticaseibacillus,Lacticaseibacillus paracasei,441.0,Yes,,,,,,,,,,,,,,,,,,,,,,,,,,,,,,,,,,,,,,,,,,,,,,,,,,,,,,,,,,,,,,,,,,,,,,,,,,,
ASMA-3431,Bacteria,Actinomycetota,Actinomycetes,Micrococcales,Micrococcaceae,Rothia,Rothia dentocariosa,463.0,No,,,,,,,,,,,,,,,,,,,,,,,,,,,,,,,,,,,,,,,,,,,,,,,,,,,,,,,,,,,,,,,,,,,,,,,,,,,
ASMA-3432,Bacteria,Actinomycetota,Actinomycetes,Micrococcales,Micrococcaceae,Rothia,Rothia dentocariosa,463.0,Yes,,,,,,,,,,,,,,,,,,,,,,,,,,,,,,,,,,,,,,,,,,,,,,,,,,,,,,,,,,,,,,,,,,,,,,,,,,,
ASMA-3433,Bacteria,Actinomycetota,Actinomycetes,Micrococcales,Micrococcaceae,Rothia,Rothia dentocariosa,463.0,No,,,,,,,,,,,,,,,,,,,,,,,,,,,,,,,,,,,,,,,,,,,,,,,,,,,,,,,,,,,,,,,,,,,,,,,,,,,
ASMA-3434,Bacteria,Actinomycetota,Actinomycetes,Micrococcales,Micrococcaceae,Rothia,Rothia dentocariosa,463.0,No,,,,,,,,,,,,,,,,,,,,,,,,,,,,,,,,,,,,,,,,,,,,,,,,,,,,,,,,,,,,,,,,,,,,,,,,,,,
ASMA-3435,Bacteria,Actinomycetota,Actinomycetes,Micrococcales,Micrococcaceae,Rothia,Rothia sp001836735,381.0,Yes,,,,,,,,,,,,,,,,,,,,,,,,,,,,,,,,,,,,,,,,,,,,,,,,,,,,,,,,,,,,,,,,,,,,,,,,,,,
ASMA-3436,Bacteria,Actinomycetota,Actinomycetes,Actinomycetales,Actinomycetaceae,Actinomyces,Actinomyces sp915069725,380.0,No,,,,,,,,,,,,,,,,,,,,,,,,,,,,,,,,,,,,,,,,,,,,,,,,,,,,,,,,,,,,,,,,,,,,,,,,,,,
ASMA-3437,Bacteria,Bacillota,Bacilli,Staphylococcales,Gemellaceae,Gemella,Gemella haemolysans_D,145.0,Yes,,,,,,,,,,,,,,,,,,,,,,,,,,,,,,,,,,,,,,,,,,,,,,,,,,,,,,,,,,,,,,,,,,,,,,,,,,,
ASMA-3438,Bacteria,Bacillota,Bacilli,Lactobacillales,Streptococcaceae,Streptococcus,Streptococcus mitis_CC,146.0,Yes,,,,,,,,,,,,,,,,,,,,,,,,,,,,,,,,,,,,,,,,,,,,,,,,,,,,,,,,,,,,,,,,,,,,,,,,,,,
ASMA-3439,Bacteria,Actinomycetota,Actinomycetes,Actinomycetales,Actinomycetaceae,Actinomyces,Actinomyces sp915069725,380.0,Yes,,,,,,,,,,,,,,,,,,,,,,,,,,,,,,,,,,,,,,,,,,,,,,,,,,,,,,,,,,,,,,,,,,,,,,,,,,,
ASMA-344,Bacteria,Pseudomonadota,Gammaproteobacteria,Burkholderiales,Alcaligenaceae,Achromobacter,Achromobacter xylosoxidans,531.0,No,,,,,,,,,,,,,,,,,,,,,,,,,,,,,,,,,,,,,,,,,,,,,,,,,,,,,,,,,,,,,,,,,,,,,,,,,,,
ASMA-3440,Bacteria,Actinomycetota,Actinomycetes,Actinomycetales,Actinomycetaceae,Actinomyces,Actinomyces sp915069725,380.0,No,,,,,,,,,,,,,,,,,,,,,,,,,,,,,,,,,,,,,,,,,,,,,,,,,,,,,,,,,,,,,,,,,,,,,,,,,,,
ASMA-3441,Bacteria,Actinomycetota,Actinomycetes,Micrococcales,Micrococcaceae,Rothia,Rothia aeria,147.0,Yes,,,,,,,,,,,,,,,,,,,,,,,,,,,,,,,,,,,,,,,,,,,,,,,,,,,,,,,,,,,,,,,,,,,,,,,,,,,
ASMA-3442,Bacteria,Actinomycetota,Actinomycetes,Micrococcales,Micrococcaceae,Rothia,Rothia sp001836735,381.0,No,,,,,,,,,,,,,,,,,,,,,,,,,,,,,,,,,,,,,,,,,,,,,,,,,,,,,,,,,,,,,,,,,,,,,,,,,,,
ASMA-3443,Fungi,Saccharomycetes,Ascomycota,Saccharomycetales,Debaryomycetaceae,Candida,Candida albicans,,,,,,,,,,,,,,,,,,,,,,,,,,,,,,,,,,,,,,,,,,,,,,,,,,,,,,,,,,,,,,,,,,,,,,,,,,,,,
ASMA-3444,Bacteria,Bacillota,Bacilli,Lactobacillales,Lactobacillaceae,Lacticaseibacillus,Lacticaseibacillus paracasei,441.0,No,,,,,,,,,,,,,,,,,,,,,,,,,,,,,,,,,,,,,,,,,,,,,,,,,,,,,,,,,,,,,,,,,,,,,,,,,,,
ASMA-3445,Bacteria,Pseudomonadota,Gammaproteobacteria,Enterobacterales,Enterobacteriaceae,Klebsiella,Klebsiella pneumoniae,505.0,No,,,,,,,,,,,,,,,,,,,,,,,,,,,,,,,,,,,,,,,,,,,,,,,,,,,,,,,,,,,,,,,,,,,,,,,,,,,
ASMA-3446,Bacteria,Pseudomonadota,Gammaproteobacteria,Burkholderiales,Neisseriaceae,Neisseria,Neisseria sp000186165,438.0,No,,,,,,,,,,,,,,,,,,,,,,,,,,,,,,,,,,,,,,,,,,,,,,,,,,,,,,,,,,,,,,,,,,,,,,,,,,,
ASMA-3447,Bacteria,Bacillota,Bacilli,Staphylococcales,Staphylococcaceae,Staphylococcus,Staphylococcus aureus,532.0,Yes,,,,,,,,,,,,,,,,,,,,,,,,,,,,,,,,,,,,,,,,,,,,,,,,,,,,,,,,,,,,,,,,,,,,,,,,,,,
ASMA-3448,Bacteria,Pseudomonadota,Gammaproteobacteria,Enterobacterales,Enterobacteriaceae,Klebsiella,Klebsiella pneumoniae,505.0,No,,,,,,,,,,,,,,,,,,,,,,,,,,,,,,,,,,,,,,,,,,,,,,,,,,,,,,,,,,,,,,,,,,,,,,,,,,,
ASMA-3449,Bacteria,Bacillota,Bacilli,Staphylococcales,Staphylococcaceae,Staphylococcus,Staphylococcus aureus,532.0,No,,,,,,,,,,,,,,,,,,,,,,,,,,,,,,,,,,,,,,,,,,,,,,,,,,,,,,,,,,,,,,,,,,,,,,,,,,,
ASMA-345,Bacteria,Pseudomonadota,Gammaproteobacteria,Burkholderiales,Alcaligenaceae,Achromobacter,Achromobacter xylosoxidans,531.0,No,1,0.019566666666666663,,0.019566666666666663,20250920.0,0.3077333333333334,,0.4164,,0.1952666666666667,,0.3039333333333333,,0.4164,,48.0,,0.045323801916682886,,0.9994824241356365,,no_growth,1,100.0,1,100.0,1,,,,,,0.0553,,20250920,0.0653,uncertain,0.0603,uncertain,0.0553,uncertain,0.0497,uncertain,0.0559,uncertain,0.0486,uncertain,0.058,uncertain,0.0517,uncertain,0.0587,uncertain,0.0614,uncertain,0.0535,uncertain,0.0904,uncertain,0.0577,uncertain,0.2284,uncertain,0.0531,uncertain,0.0537,uncertain,0.05,uncertain,0.0773,uncertain,0.0575,uncertain,0.0511,uncertain
ASMA-3450,Bacteria,Actinomycetota,Actinomycetes,Micrococcales,Micrococcaceae,Rothia,Rothia dentocariosa,463.0,No,,,,,,,,,,,,,,,,,,,,,,,,,,,,,,,,,,,,,,,,,,,,,,,,,,,,,,,,,,,,,,,,,,,,,,,,,,,
ASMA-3451,Bacteria,Pseudomonadota,Gammaproteobacteria,Enterobacterales,Enterobacteriaceae,Klebsiella,Klebsiella pneumoniae,505.0,No,,,,,,,,,,,,,,,,,,,,,,,,,,,,,,,,,,,,,,,,,,,,,,,,,,,,,,,,,,,,,,,,,,,,,,,,,,,
ASMA-3452,Bacteria,Pseudomonadota,Gammaproteobacteria,Enterobacterales,Enterobacteriaceae,Klebsiella,Klebsiella pneumoniae,,,,,,,,,,,,,,,,,,,,,,,,,,,,,,,,,,,,,,,,,,,,,,,,,,,,,,,,,,,,,,,,,,,,,,,,,,,,,
ASMA-3453,Bacteria,Bacillota,Bacilli,Staphylococcales,Staphylococcaceae,Staphylococcus,Staphylococcus aureus,532.0,No,,,,,,,,,,,,,,,,,,,,,,,,,,,,,,,,,,,,,,,,,,,,,,,,,,,,,,,,,,,,,,,,,,,,,,,,,,,
ASMA-3454,Bacteria,Bacillota,Bacilli,Staphylococcales,Staphylococcaceae,Staphylococcus,Staphylococcus aureus,532.0,No,,,,,,,,,,,,,,,,,,,,,,,,,,,,,,,,,,,,,,,,,,,,,,,,,,,,,,,,,,,,,,,,,,,,,,,,,,,
ASMA-3455,Bacteria,Pseudomonadota,Gammaproteobacteria,Enterobacterales,Enterobacteriaceae,Klebsiella,Klebsiella pneumoniae,340.0,No,,,,,,,,,,,,,,,,,,,,,,,,,,,,,,,,,,,,,,,,,,,,,,,,,,,,,,,,,,,,,,,,,,,,,,,,,,,
ASMA-3456,Fungi,Saccharomycetes,Ascomycota,Saccharomycetales,Debaryomycetaceae,Candida,Candida albicans,,,,,,,,,,,,,,,,,,,,,,,,,,,,,,,,,,,,,,,,,,,,,,,,,,,,,,,,,,,,,,,,,,,,,,,,,,,,,
ASMA-3457,Bacteria,Pseudomonadota,Gammaproteobacteria,Burkholderiales,Neisseriaceae,Neisseria,Neisseria sp000186165,438.0,No,,,,,,,,,,,,,,,,,,,,,,,,,,,,,,,,,,,,,,,,,,,,,,,,,,,,,,,,,,,,,,,,,,,,,,,,,,,
ASMA-3458,Bacteria,Pseudomonadota,Gammaproteobacteria,Burkholderiales,Neisseriaceae,Neisseria,Neisseria sp000186165,438.0,No,,,,,,,,,,,,,,,,,,,,,,,,,,,,,,,,,,,,,,,,,,,,,,,,,,,,,,,,,,,,,,,,,,,,,,,,,,,
ASMA-3459,Bacteria,Bacillota,Bacilli,Lactobacillales,Lactobacillaceae,Lacticaseibacillus,Lacticaseibacillus paracasei,441.0,No,,,,,,,,,,,,,,,,,,,,,,,,,,,,,,,,,,,,,,,,,,,,,,,,,,,,,,,,,,,,,,,,,,,,,,,,,,,
ASMA-346,Bacteria,Pseudomonadota,Gammaproteobacteria,Burkholderiales,Alcaligenaceae,Achromobacter,Achromobacter xylosoxidans,531.0,No,1,0.007333333333333303,,0.007333333333333303,20250929.0,0.1782333333333333,,0.1652,,0.0613666666666666,,0.04833333333333331,,0.1897,,9.25,,0.1424586741439544,,0.9964564739293361,,no_growth,0,0.0,0,0.0,1,,,,,,0.0481,,20250929,0.0492,uncertain,0.0489,uncertain,0.0481,uncertain,0.046,uncertain,0.0487,uncertain,0.0463,uncertain,0.0489,uncertain,0.0486,uncertain,0.0511,uncertain,0.052,uncertain,0.0486,uncertain,0.0544,uncertain,0.0515,uncertain,0.0981,uncertain,0.05,uncertain,0.0468,uncertain,0.0498,uncertain,0.0519,uncertain,0.0522,uncertain,0.046,uncertain
ASMA-3460,Bacteria,Bacillota,Bacilli,Lactobacillales,Lactobacillaceae,Lacticaseibacillus,Lacticaseibacillus paracasei,441.0,No,,,,,,,,,,,,,,,,,,,,,,,,,,,,,,,,,,,,,,,,,,,,,,,,,,,,,,,,,,,,,,,,,,,,,,,,,,,
ASMA-3461,Bacteria,Bacillota,Bacilli,Staphylococcales,Staphylococcaceae,Staphylococcus,Staphylococcus aureus,532.0,No,,,,,,,,,,,,,,,,,,,,,,,,,,,,,,,,,,,,,,,,,,,,,,,,,,,,,,,,,,,,,,,,,,,,,,,,,,,
ASMA-3462,Bacteria,Actinomycetota,Actinomycetes,Micrococcales,Micrococcaceae,Rothia,Rothia sp001836735,381.0,No,,,,,,,,,,,,,,,,,,,,,,,,,,,,,,,,,,,,,,,,,,,,,,,,,,,,,,,,,,,,,,,,,,,,,,,,,,,
ASMA-3463,Bacteria,Actinomycetota,Actinomycetes,Micrococcales,Micrococcaceae,Rothia,Rothia sp001836735,381.0,No,,,,,,,,,,,,,,,,,,,,,,,,,,,,,,,,,,,,,,,,,,,,,,,,,,,,,,,,,,,,,,,,,,,,,,,,,,,
ASMA-3464,Bacteria,Bacillota,Bacilli,Lactobacillales,Lactobacillaceae,Lacticaseibacillus,Lacticaseibacillus paracasei,441.0,No,,,,,,,,,,,,,,,,,,,,,,,,,,,,,,,,,,,,,,,,,,,,,,,,,,,,,,,,,,,,,,,,,,,,,,,,,,,
ASMA-3466,Bacteria,Bacillota,Bacilli,Staphylococcales,Staphylococcaceae,Staphylococcus,Staphylococcus aureus,532.0,No,,,,,,,,,,,,,,,,,,,,,,,,,,,,,,,,,,,,,,,,,,,,,,,,,,,,,,,,,,,,,,,,,,,,,,,,,,,
ASMA-3467,Bacteria,Bacillota,Bacilli,Lactobacillales,Lactobacillaceae,Lacticaseibacillus,Lacticaseibacillus paracasei,441.0,No,,,,,,,,,,,,,,,,,,,,,,,,,,,,,,,,,,,,,,,,,,,,,,,,,,,,,,,,,,,,,,,,,,,,,,,,,,,
ASMA-3468,Bacteria,Pseudomonadota,Gammaproteobacteria,Enterobacterales,Enterobacteriaceae,Klebsiella,Klebsiella pneumoniae,505.0,No,,,,,,,,,,,,,,,,,,,,,,,,,,,,,,,,,,,,,,,,,,,,,,,,,,,,,,,,,,,,,,,,,,,,,,,,,,,
ASMA-3469,Bacteria,Actinomycetota,Actinomycetes,Actinomycetales,Micrococcaceae,Micrococcus,Micrococcus luteus,267.0,No,,,,,,,,,,,,,,,,,,,,,,,,,,,,,,,,,,,,,,,,,,,,,,,,,,,,,,,,,,,,,,,,,,,,,,,,,,,
ASMA-347,Bacteria,Pseudomonadota,Gammaproteobacteria,Burkholderiales,Alcaligenaceae,Achromobacter,Achromobacter xylosoxidans,531.0,No,,,,,,,,,,,,,,,,,,,,,,,,,,,,,,,,,,,,,,,,,,,,,,,,,,,,,,,,,,,,,,,,,,,,,,,,,,,
ASMA-3470,Bacteria,Actinomycetota,Actinomycetes,Actinomycetales,Micrococcaceae,Micrococcus,Micrococcus luteus,267.0,Yes,,,,,,,,,,,,,,,,,,,,,,,,,,,,,,,,,,,,,,,,,,,,,,,,,,,,,,,,,,,,,,,,,,,,,,,,,,,
ASMA-3471,Bacteria,Bacillota,Bacilli,Lactobacillales,Streptococcaceae,Streptococcus,Streptococcus oralis_BX,341.0,Yes,,,,,,,,,,,,,,,,,,,,,,,,,,,,,,,,,,,,,,,,,,,,,,,,,,,,,,,,,,,,,,,,,,,,,,,,,,,
ASMA-3472,Bacteria,Bacillota,Bacilli,Lactobacillales,Streptococcaceae,Streptococcus,Streptococcus oralis_BX,341.0,No,,,,,,,,,,,,,,,,,,,,,,,,,,,,,,,,,,,,,,,,,,,,,,,,,,,,,,,,,,,,,,,,,,,,,,,,,,,
ASMA-3473,Bacteria,Bacillota,Bacilli,Lactobacillales,Streptococcaceae,Streptococcus,Streptococcus oralis_BX,341.0,No,,,,,,,,,,,,,,,,,,,,,,,,,,,,,,,,,,,,,,,,,,,,,,,,,,,,,,,,,,,,,,,,,,,,,,,,,,,
ASMA-3474,Bacteria,Pseudomonadota,Gammaproteobacteria,Enterobacterales,Enterobacteriaceae,Klebsiella,Klebsiella pneumoniae,340.0,No,,,,,,,,,,,,,,,,,,,,,,,,,,,,,,,,,,,,,,,,,,,,,,,,,,,,,,,,,,,,,,,,,,,,,,,,,,,
ASMA-3475,Bacteria,Pseudomonadota,Gammaproteobacteria,Enterobacterales,Enterobacteriaceae,Klebsiella,Klebsiella pneumoniae,505.0,No,,,,,,,,,,,,,,,,,,,,,,,,,,,,,,,,,,,,,,,,,,,,,,,,,,,,,,,,,,,,,,,,,,,,,,,,,,,
ASMA-3476,Bacteria,Pseudomonadota,Gammaproteobacteria,Enterobacterales,Enterobacteriaceae,Klebsiella,Klebsiella pneumoniae,505.0,No,,,,,,,,,,,,,,,,,,,,,,,,,,,,,,,,,,,,,,,,,,,,,,,,,,,,,,,,,,,,,,,,,,,,,,,,,,,
ASMA-3477,Bacteria,Bacillota,Bacilli,Staphylococcales,Staphylococcaceae,Staphylococcus,Staphylococcus aureus,532.0,No,,,,,,,,,,,,,,,,,,,,,,,,,,,,,,,,,,,,,,,,,,,,,,,,,,,,,,,,,,,,,,,,,,,,,,,,,,,
ASMA-3478,Bacteria,Pseudomonadota,Gammaproteobacteria,Enterobacterales,Enterobacteriaceae,Klebsiella,Klebsiella pneumoniae,505.0,No,,,,,,,,,,,,,,,,,,,,,,,,,,,,,,,,,,,,,,,,,,,,,,,,,,,,,,,,,,,,,,,,,,,,,,,,,,,
ASMA-3479,Bacteria,Pseudomonadota,Gammaproteobacteria,Enterobacterales,Enterobacteriaceae,Klebsiella,Klebsiella pneumoniae,505.0,No,,,,,,,,,,,,,,,,,,,,,,,,,,,,,,,,,,,,,,,,,,,,,,,,,,,,,,,,,,,,,,,,,,,,,,,,,,,
ASMA-348,Bacteria,Pseudomonadota,Gammaproteobacteria,Burkholderiales,Alcaligenaceae,Achromobacter,Achromobacter xylosoxidans,531.0,No,,,,,,,,,,,,,,,,,,,,,,,,,,,,,,,,,,,,,,,,,,,,,,,,,,,,,,,,,,,,,,,,,,,,,,,,,,,
ASMA-3480,Bacteria,Bacillota,Bacilli,Staphylococcales,Gemellaceae,Gemella,Gemella haemolysans_B,148.0,Yes,,,,,,,,,,,,,,,,,,,,,,,,,,,,,,,,,,,,,,,,,,,,,,,,,,,,,,,,,,,,,,,,,,,,,,,,,,,
ASMA-3481,Bacteria,Pseudomonadota,Gammaproteobacteria,Enterobacterales,Enterobacteriaceae,Klebsiella,Klebsiella pneumoniae,505.0,No,,,,,,,,,,,,,,,,,,,,,,,,,,,,,,,,,,,,,,,,,,,,,,,,,,,,,,,,,,,,,,,,,,,,,,,,,,,
ASMA-3482,Bacteria,Actinomycetota,Actinomycetes,Micrococcales,Micrococcaceae,Rothia,Rothia dentocariosa,258.0,No,,,,,,,,,,,,,,,,,,,,,,,,,,,,,,,,,,,,,,,,,,,,,,,,,,,,,,,,,,,,,,,,,,,,,,,,,,,
ASMA-3483,Bacteria,Bacillota,Bacilli,Bacillales,Bacillaceae_G,Bacillus_A,Bacillus_A paranthracis,,,,,,,,,,,,,,,,,,,,,,,,,,,,,,,,,,,,,,,,,,,,,,,,,,,,,,,,,,,,,,,,,,,,,,,,,,,,,
ASMA-3484,Bacteria,Bacillota,Bacilli,Bacillales,Bacillaceae_G,Bacillus_A,Bacillus_A anthracis,,,,,,,,,,,,,,,,,,,,,,,,,,,,,,,,,,,,,,,,,,,,,,,,,,,,,,,,,,,,,,,,,,,,,,,,,,,,,
ASMA-3485,Bacteria,Bacillota,Bacilli,Bacillales,Bacillaceae_G,Bacillus_A,Bacillus_A anthracis,,,,,,,,,,,,,,,,,,,,,,,,,,,,,,,,,,,,,,,,,,,,,,,,,,,,,,,,,,,,,,,,,,,,,,,,,,,,,
ASMA-3486,Bacteria,Actinomycetota,Actinomycetes,Actinomycetales,Actinomycetaceae,Actinomyces,Actinomyces oris_E,149.0,Yes,,,,,,,,,,,,,,,,,,,,,,,,,,,,,,,,,,,,,,,,,,,,,,,,,,,,,,,,,,,,,,,,,,,,,,,,,,,
ASMA-3487,Bacteria,Pseudomonadota,Gammaproteobacteria,Pseudomonadales,Pseudomonadaceae,Pseudomonas,Pseudomonas aeruginosa,535.0,No,,,,,,,,,,,,,,,,,,,,,,,,,,,,,,,,,,,,,,,,,,,,,,,,,,,,,,,,,,,,,,,,,,,,,,,,,,,
ASMA-3488,Bacteria,Pseudomonadota,Gammaproteobacteria,Pseudomonadales,Pseudomonadaceae,Pseudomonas,Pseudomonas aeruginosa,535.0,No,,,,,,,,,,,,,,,,,,,,,,,,,,,,,,,,,,,,,,,,,,,,,,,,,,,,,,,,,,,,,,,,,,,,,,,,,,,
ASMA-3489,Bacteria,Actinomycetota,Actinomycetes,Actinomycetales,Actinomycetaceae,Actinomyces,Actinomyces naeslundii,268.0,No,,,,,,,,,,,,,,,,,,,,,,,,,,,,,,,,,,,,,,,,,,,,,,,,,,,,,,,,,,,,,,,,,,,,,,,,,,,
ASMA-349,Bacteria,Pseudomonadota,Gammaproteobacteria,Burkholderiales,Alcaligenaceae,Achromobacter,Achromobacter xylosoxidans,531.0,No,,,,,,,,,,,,,,,,,,,,,,,,,,,,,,,,,,,,,,,,,,,,,,,,,,,,,,,,,,,,,,,,,,,,,,,,,,,
ASMA-3490,Bacteria,Actinomycetota,Actinomycetes,Actinomycetales,Actinomycetaceae,Actinomyces,Actinomyces naeslundii,268.0,Yes,,,,,,,,,,,,,,,,,,,,,,,,,,,,,,,,,,,,,,,,,,,,,,,,,,,,,,,,,,,,,,,,,,,,,,,,,,,
ASMA-3491,Bacteria,Bacillota,Bacilli,Staphylococcales,Gemellaceae,Gemella,Gemella sanguinis,150.0,Yes,,,,,,,,,,,,,,,,,,,,,,,,,,,,,,,,,,,,,,,,,,,,,,,,,,,,,,,,,,,,,,,,,,,,,,,,,,,
ASMA-3492,Bacteria,Actinomycetota,Actinomycetes,Micrococcales,Micrococcaceae,Rothia,Rothia dentocariosa,461.0,No,,,,,,,,,,,,,,,,,,,,,,,,,,,,,,,,,,,,,,,,,,,,,,,,,,,,,,,,,,,,,,,,,,,,,,,,,,,
ASMA-3493,Bacteria,Actinomycetota,Actinomycetes,Actinomycetales,Actinomycetaceae,Actinomyces,Actinomyces oris_A,337.0,No,,,,,,,,,,,,,,,,,,,,,,,,,,,,,,,,,,,,,,,,,,,,,,,,,,,,,,,,,,,,,,,,,,,,,,,,,,,
ASMA-3494,Bacteria,Actinomycetota,Actinomycetes,Actinomycetales,Actinomycetaceae,Actinomyces,Actinomyces oris_A,337.0,No,,,,,,,,,,,,,,,,,,,,,,,,,,,,,,,,,,,,,,,,,,,,,,,,,,,,,,,,,,,,,,,,,,,,,,,,,,,
ASMA-3495,Fungi,Saccharomycetes,Ascomycota,Saccharomycetales,Debaryomycetaceae,Candida,Candida albicans,,,,,,,,,,,,,,,,,,,,,,,,,,,,,,,,,,,,,,,,,,,,,,,,,,,,,,,,,,,,,,,,,,,,,,,,,,,,,
ASMA-3496,Bacteria,Bacillota,Bacilli,Staphylococcales,Staphylococcaceae,Staphylococcus,Staphylococcus aureus,532.0,No,,,,,,,,,,,,,,,,,,,,,,,,,,,,,,,,,,,,,,,,,,,,,,,,,,,,,,,,,,,,,,,,,,,,,,,,,,,
ASMA-3497,Bacteria,Pseudomonadota,Gammaproteobacteria,Enterobacterales,Enterobacteriaceae,Klebsiella,Klebsiella pneumoniae,505.0,No,,,,,,,,,,,,,,,,,,,,,,,,,,,,,,,,,,,,,,,,,,,,,,,,,,,,,,,,,,,,,,,,,,,,,,,,,,,
ASMA-3498,Bacteria,Pseudomonadota,Gammaproteobacteria,Enterobacterales,Enterobacteriaceae,Klebsiella,Klebsiella pneumoniae,505.0,Yes,,,,,,,,,,,,,,,,,,,,,,,,,,,,,,,,,,,,,,,,,,,,,,,,,,,,,,,,,,,,,,,,,,,,,,,,,,,
ASMA-3499,Fungi,Saccharomycetes,Ascomycota,Saccharomycetales,Debaryomycetaceae,Candida,Candida albicans,,,,,,,,,,,,,,,,,,,,,,,,,,,,,,,,,,,,,,,,,,,,,,,,,,,,,,,,,,,,,,,,,,,,,,,,,,,,,
ASMA-35,Bacteria,Pseudomonadota,Gammaproteobacteria,Pseudomonadales,Pseudomonadaceae,Pseudomonas,Pseudomonas aeruginosa,536.0,No,1,0.27486666666666665,,0.27486666666666665,20250920.0,0.1329,,0.1379333333333334,,0.023099999999999996,,0.028133333333333413,,0.1470666666666667,,45.0,,0.01768407756799887,,0.9995689114862222,,robust,0,0.0,0,0.0,1,,,,,,0.0614,,20250920,0.2768,uncertain,0.1505,uncertain,0.053,uncertain,0.062,uncertain,0.2864,uncertain,0.0716,uncertain,0.2481,uncertain,0.2546,uncertain,0.2281,uncertain,0.1797,uncertain,0.2076,uncertain,0.221,uncertain,0.0612,uncertain,0.2052,uncertain,0.1274,uncertain,0.337,uncertain,0.1215,uncertain,0.2794,uncertain,0.0519,uncertain,0.062,uncertain
ASMA-350,Bacteria,Pseudomonadota,Gammaproteobacteria,Pseudomonadales,Pseudomonadaceae,Pseudomonas,Pseudomonas aeruginosa,535.0,No,,,,,,,,,,,,,,,,,,,,,,,,,,,,,,,,,,,,,,,,,,,,,,,,,,,,,,,,,,,,,,,,,,,,,,,,,,,
ASMA-3500,Fungi,Saccharomycetes,Ascomycota,Saccharomycetales,Debaryomycetaceae,Candida,Candida albicans,,,,,,,,,,,,,,,,,,,,,,,,,,,,,,,,,,,,,,,,,,,,,,,,,,,,,,,,,,,,,,,,,,,,,,,,,,,,,
ASMA-3501,Bacteria,Bacillota,Bacilli,Lactobacillales,Lactobacillaceae,Lacticaseibacillus,Lacticaseibacillus rhamnosus,332.0,No,,,,,,,,,,,,,,,,,,,,,,,,,,,,,,,,,,,,,,,,,,,,,,,,,,,,,,,,,,,,,,,,,,,,,,,,,,,
ASMA-3502,Bacteria,Bacillota,Bacilli,Lactobacillales,Lactobacillaceae,Lacticaseibacillus,Lacticaseibacillus rhamnosus,332.0,Yes,,,,,,,,,,,,,,,,,,,,,,,,,,,,,,,,,,,,,,,,,,,,,,,,,,,,,,,,,,,,,,,,,,,,,,,,,,,
ASMA-3503,Bacteria,Pseudomonadota,Gammaproteobacteria,Enterobacterales,Enterobacteriaceae,Klebsiella,Klebsiella pneumoniae,151.0,Yes,,,,,,,,,,,,,,,,,,,,,,,,,,,,,,,,,,,,,,,,,,,,,,,,,,,,,,,,,,,,,,,,,,,,,,,,,,,
ASMA-3504,Bacteria,Bacillota,Bacilli,Lactobacillales,Lactobacillaceae,Lacticaseibacillus,Lacticaseibacillus rhamnosus,528.0,No,,,,,,,,,,,,,,,,,,,,,,,,,,,,,,,,,,,,,,,,,,,,,,,,,,,,,,,,,,,,,,,,,,,,,,,,,,,
ASMA-3505,Bacteria,Actinomycetota,Actinomycetes,Micrococcales,Micrococcaceae,Rothia,Rothia dentocariosa,382.0,No,,,,,,,,,,,,,,,,,,,,,,,,,,,,,,,,,,,,,,,,,,,,,,,,,,,,,,,,,,,,,,,,,,,,,,,,,,,
ASMA-3506,Bacteria,Actinomycetota,Actinomycetes,Micrococcales,Micrococcaceae,Rothia,Rothia dentocariosa,382.0,No,,,,,,,,,,,,,,,,,,,,,,,,,,,,,,,,,,,,,,,,,,,,,,,,,,,,,,,,,,,,,,,,,,,,,,,,,,,
ASMA-3507,Bacteria,Actinomycetota,Actinomycetes,Actinomycetales,Actinomycetaceae,Actinomyces,Actinomyces sp915069725,152.0,Yes,,,,,,,,,,,,,,,,,,,,,,,,,,,,,,,,,,,,,,,,,,,,,,,,,,,,,,,,,,,,,,,,,,,,,,,,,,,
ASMA-3508,Bacteria,Bacillota,Bacilli,Lactobacillales,Lactobacillaceae,Ligilactobacillus,Ligilactobacillus sp945923665,417.0,No,,,,,,,,,,,,,,,,,,,,,,,,,,,,,,,,,,,,,,,,,,,,,,,,,,,,,,,,,,,,,,,,,,,,,,,,,,,
ASMA-3509,Bacteria,Bacillota,Bacilli,Lactobacillales,Streptococcaceae,Streptococcus,Streptococcus parasanguinis_I,383.0,No,,,,,,,,,,,,,,,,,,,,,,,,,,,,,,,,,,,,,,,,,,,,,,,,,,,,,,,,,,,,,,,,,,,,,,,,,,,
ASMA-351,Bacteria,Pseudomonadota,Gammaproteobacteria,Pseudomonadales,Pseudomonadaceae,Pseudomonas,Pseudomonas aeruginosa,535.0,No,,,,,,,,,,,,,,,,,,,,,,,,,,,,,,,,,,,,,,,,,,,,,,,,,,,,,,,,,,,,,,,,,,,,,,,,,,,
ASMA-3510,Bacteria,Bacillota,Bacilli,Staphylococcales,Staphylococcaceae,Staphylococcus,Staphylococcus epidermidis,530.0,No,,,,,,,,,,,,,,,,,,,,,,,,,,,,,,,,,,,,,,,,,,,,,,,,,,,,,,,,,,,,,,,,,,,,,,,,,,,
ASMA-3511,Bacteria,Bacillota,Bacilli,Staphylococcales,Staphylococcaceae,Staphylococcus,Staphylococcus epidermidis,530.0,No,,,,,,,,,,,,,,,,,,,,,,,,,,,,,,,,,,,,,,,,,,,,,,,,,,,,,,,,,,,,,,,,,,,,,,,,,,,
ASMA-3512,Bacteria,Actinomycetota,Actinomycetes,Micrococcales,Micrococcaceae,Rothia,Rothia dentocariosa,342.0,No,,,,,,,,,,,,,,,,,,,,,,,,,,,,,,,,,,,,,,,,,,,,,,,,,,,,,,,,,,,,,,,,,,,,,,,,,,,
ASMA-3513,Bacteria,Actinomycetota,Actinomycetes,Micrococcales,Micrococcaceae,Rothia,Rothia dentocariosa,153.0,Yes,,,,,,,,,,,,,,,,,,,,,,,,,,,,,,,,,,,,,,,,,,,,,,,,,,,,,,,,,,,,,,,,,,,,,,,,,,,
ASMA-3514,Bacteria,Bacillota,Bacilli,Staphylococcales,Staphylococcaceae,Staphylococcus,Staphylococcus epidermidis,530.0,No,,,,,,,,,,,,,,,,,,,,,,,,,,,,,,,,,,,,,,,,,,,,,,,,,,,,,,,,,,,,,,,,,,,,,,,,,,,
ASMA-3515,Bacteria,Bacillota,Bacilli,Staphylococcales,Staphylococcaceae,Staphylococcus,Staphylococcus epidermidis,530.0,No,,,,,,,,,,,,,,,,,,,,,,,,,,,,,,,,,,,,,,,,,,,,,,,,,,,,,,,,,,,,,,,,,,,,,,,,,,,
ASMA-3516,Fungi,Saccharomycetes,Ascomycota,Saccharomycetales,Debaryomycetaceae,Candida,Candida albicans,,,,,,,,,,,,,,,,,,,,,,,,,,,,,,,,,,,,,,,,,,,,,,,,,,,,,,,,,,,,,,,,,,,,,,,,,,,,,
ASMA-3517,Bacteria,Bacillota,Bacilli,Lactobacillales,Streptococcaceae,Streptococcus,Streptococcus sp000187445,269.0,Yes,,,,,,,,,,,,,,,,,,,,,,,,,,,,,,,,,,,,,,,,,,,,,,,,,,,,,,,,,,,,,,,,,,,,,,,,,,,
ASMA-3518,Bacteria,Bacillota,Bacilli,Lactobacillales,Streptococcaceae,Streptococcus,Streptococcus sp000187445,,,,,,,,,,,,,,,,,,,,,,,,,,,,,,,,,,,,,,,,,,,,,,,,,,,,,,,,,,,,,,,,,,,,,,,,,,,,,
ASMA-3519,Bacteria,Bacillota,Bacilli,Lactobacillales,Streptococcaceae,Streptococcus,Streptococcus parasanguinis_I,383.0,Yes,,,,,,,,,,,,,,,,,,,,,,,,,,,,,,,,,,,,,,,,,,,,,,,,,,,,,,,,,,,,,,,,,,,,,,,,,,,
ASMA-352,Bacteria,Bacillota,Bacilli,Paenibacillales,Paenibacillaceae,Paenibacillus,Paenibacillus cookii,,,4,0.10018333333333333,0.003728717384481354,0.1038,20251017.0,0.35588333333333333,0.11203844082377362,0.22253333333333336,0.04092062777839289,0.24958333333333335,0.10845676557965389,0.11623333333333337,0.043761500075853124,0.3728416666666667,0.11657675702204873,27.75,10.764525070805492,0.043713095821752715,0.014672303015177184,0.9990854938832029,0.0005663444848228604,normal,4,100.0,2,50.0,4,3,-7.702777423333752,5.0144683465303075,20251017,none,0.04775,0.0026057628441590788,20251017,0.10058333333333333,utilizes,0.048600000000000004,uncertain,0.04796666666666667,uncertain,0.048633333333333334,uncertain,0.04853333333333333,uncertain,0.04763333333333333,uncertain,0.046650000000000004,uncertain,0.048183333333333335,uncertain,0.051166666666666666,uncertain,0.048766666666666666,uncertain,0.04883333333333333,uncertain,0.05043333333333333,uncertain,0.04895,uncertain,0.04815,uncertain,0.04816666666666666,uncertain,0.04783333333333334,uncertain,0.04861666666666667,uncertain,0.04785,uncertain,0.053366666666666666,uncertain,0.04836666666666667,uncertain
ASMA-3520,Bacteria,Bacillota,Bacilli,Lactobacillales,Streptococcaceae,Streptococcus,Streptococcus parasanguinis_I,383.0,No,,,,,,,,,,,,,,,,,,,,,,,,,,,,,,,,,,,,,,,,,,,,,,,,,,,,,,,,,,,,,,,,,,,,,,,,,,,
ASMA-3521,Bacteria,Actinomycetota,Actinomycetes,Micrococcales,Micrococcaceae,Rothia,Rothia dentocariosa,342.0,Yes,,,,,,,,,,,,,,,,,,,,,,,,,,,,,,,,,,,,,,,,,,,,,,,,,,,,,,,,,,,,,,,,,,,,,,,,,,,
ASMA-3522,Bacteria,Actinomycetota,Actinomycetes,Micrococcales,Micrococcaceae,Rothia,Rothia dentocariosa,270.0,Yes,,,,,,,,,,,,,,,,,,,,,,,,,,,,,,,,,,,,,,,,,,,,,,,,,,,,,,,,,,,,,,,,,,,,,,,,,,,
ASMA-3523,Bacteria,Bacillota,Bacilli,Lactobacillales,Lactobacillaceae,Limosilactobacillus,Limosilactobacillus fermentum,,,,,,,,,,,,,,,,,,,,,,,,,,,,,,,,,,,,,,,,,,,,,,,,,,,,,,,,,,,,,,,,,,,,,,,,,,,,,
ASMA-3524,Bacteria,Bacillota,Bacilli,Lactobacillales,Lactobacillaceae,Ligilactobacillus,Ligilactobacillus sp945923665,417.0,No,,,,,,,,,,,,,,,,,,,,,,,,,,,,,,,,,,,,,,,,,,,,,,,,,,,,,,,,,,,,,,,,,,,,,,,,,,,
ASMA-3525,Bacteria,Bacillota,Bacilli,Lactobacillales,Lactobacillaceae,Limosilactobacillus,Limosilactobacillus fermentum,384.0,No,,,,,,,,,,,,,,,,,,,,,,,,,,,,,,,,,,,,,,,,,,,,,,,,,,,,,,,,,,,,,,,,,,,,,,,,,,,
ASMA-3526,Bacteria,Bacillota,Bacilli,Lactobacillales,Lactobacillaceae,Ligilactobacillus,Ligilactobacillus sp945923665,417.0,Yes,,,,,,,,,,,,,,,,,,,,,,,,,,,,,,,,,,,,,,,,,,,,,,,,,,,,,,,,,,,,,,,,,,,,,,,,,,,
ASMA-3527,Fungi,Saccharomycetes,Ascomycota,Saccharomycetales,Debaryomycetaceae,Candida,Candida albicans,,,,,,,,,,,,,,,,,,,,,,,,,,,,,,,,,,,,,,,,,,,,,,,,,,,,,,,,,,,,,,,,,,,,,,,,,,,,,
ASMA-3528,Fungi,Saccharomycetes,Ascomycota,Saccharomycetales,Debaryomycetaceae,Candida,Candida albicans,,,,,,,,,,,,,,,,,,,,,,,,,,,,,,,,,,,,,,,,,,,,,,,,,,,,,,,,,,,,,,,,,,,,,,,,,,,,,
ASMA-3529,Fungi,Saccharomycetes,Ascomycota,Saccharomycetales,Debaryomycetaceae,Candida,Candida albicans,,,,,,,,,,,,,,,,,,,,,,,,,,,,,,,,,,,,,,,,,,,,,,,,,,,,,,,,,,,,,,,,,,,,,,,,,,,,,
ASMA-353,Bacteria,Pseudomonadota,Gammaproteobacteria,Pseudomonadales,Pseudomonadaceae,Pseudomonas,Pseudomonas aeruginosa,535.0,No,,,,,,,,,,,,,,,,,,,,,,,,,,,,,,,,,,,,,,,,,,,,,,,,,,,,,,,,,,,,,,,,,,,,,,,,,,,
ASMA-3530,Fungi,Saccharomycetes,Ascomycota,Saccharomycetales,Debaryomycetaceae,Candida,Candida albicans,,,,,,,,,,,,,,,,,,,,,,,,,,,,,,,,,,,,,,,,,,,,,,,,,,,,,,,,,,,,,,,,,,,,,,,,,,,,,
ASMA-3531,Fungi,Saccharomycetes,Ascomycota,Saccharomycetales,Debaryomycetaceae,Candida,Candida albicans,,,,,,,,,,,,,,,,,,,,,,,,,,,,,,,,,,,,,,,,,,,,,,,,,,,,,,,,,,,,,,,,,,,,,,,,,,,,,
ASMA-3532,Fungi,Saccharomycetes,Ascomycota,Saccharomycetales,Debaryomycetaceae,Candida,Candida albicans,,,,,,,,,,,,,,,,,,,,,,,,,,,,,,,,,,,,,,,,,,,,,,,,,,,,,,,,,,,,,,,,,,,,,,,,,,,,,
ASMA-3533,Bacteria,Actinomycetota,Actinomycetes,Micrococcales,Micrococcaceae,Rothia,Rothia dentocariosa,342.0,No,,,,,,,,,,,,,,,,,,,,,,,,,,,,,,,,,,,,,,,,,,,,,,,,,,,,,,,,,,,,,,,,,,,,,,,,,,,
ASMA-3534,Bacteria,Actinomycetota,Actinomycetes,Micrococcales,Micrococcaceae,Rothia,Rothia dentocariosa,270.0,No,,,,,,,,,,,,,,,,,,,,,,,,,,,,,,,,,,,,,,,,,,,,,,,,,,,,,,,,,,,,,,,,,,,,,,,,,,,
ASMA-3535,Bacteria,Bacillota,Bacilli,Lactobacillales,Streptococcaceae,Streptococcus,Streptococcus sp000187445,269.0,No,,,,,,,,,,,,,,,,,,,,,,,,,,,,,,,,,,,,,,,,,,,,,,,,,,,,,,,,,,,,,,,,,,,,,,,,,,,
ASMA-3536,Bacteria,Bacillota,Bacilli,Lactobacillales,Lactobacillaceae,Limosilactobacillus,Limosilactobacillus fermentum,,,,,,,,,,,,,,,,,,,,,,,,,,,,,,,,,,,,,,,,,,,,,,,,,,,,,,,,,,,,,,,,,,,,,,,,,,,,,
ASMA-3537,Bacteria,Bacillota,Bacilli,Lactobacillales,Lactobacillaceae,Limosilactobacillus,Limosilactobacillus fermentum,384.0,No,,,,,,,,,,,,,,,,,,,,,,,,,,,,,,,,,,,,,,,,,,,,,,,,,,,,,,,,,,,,,,,,,,,,,,,,,,,
ASMA-3538,Bacteria,Bacillota,Bacilli,Lactobacillales,Lactobacillaceae,Limosilactobacillus,Limosilactobacillus fermentum,384.0,Yes,,,,,,,,,,,,,,,,,,,,,,,,,,,,,,,,,,,,,,,,,,,,,,,,,,,,,,,,,,,,,,,,,,,,,,,,,,,
ASMA-3539,Bacteria,Bacillota,Bacilli,Staphylococcales,Staphylococcaceae,Staphylococcus,Staphylococcus aureus,154.0,Yes,,,,,,,,,,,,,,,,,,,,,,,,,,,,,,,,,,,,,,,,,,,,,,,,,,,,,,,,,,,,,,,,,,,,,,,,,,,
ASMA-354,Bacteria,Pseudomonadota,Gammaproteobacteria,Pseudomonadales,Pseudomonadaceae,Pseudomonas,Pseudomonas aeruginosa,535.0,No,,,,,,,,,,,,,,,,,,,,,,,,,,,,,,,,,,,,,,,,,,,,,,,,,,,,,,,,,,,,,,,,,,,,,,,,,,,
ASMA-3540,Fungi,Saccharomycetes,Ascomycota,Saccharomycetales,Debaryomycetaceae,Candida,Candida albicans,,,,,,,,,,,,,,,,,,,,,,,,,,,,,,,,,,,,,,,,,,,,,,,,,,,,,,,,,,,,,,,,,,,,,,,,,,,,,
ASMA-3541,Bacteria,Bacillota,Bacilli,Staphylococcales,Staphylococcaceae,Staphylococcus,Staphylococcus epidermidis,530.0,No,,,,,,,,,,,,,,,,,,,,,,,,,,,,,,,,,,,,,,,,,,,,,,,,,,,,,,,,,,,,,,,,,,,,,,,,,,,
ASMA-3542,Bacteria,Bacillota,Bacilli,Staphylococcales,Staphylococcaceae,Staphylococcus,Staphylococcus epidermidis,530.0,No,,,,,,,,,,,,,,,,,,,,,,,,,,,,,,,,,,,,,,,,,,,,,,,,,,,,,,,,,,,,,,,,,,,,,,,,,,,
ASMA-3543,Bacteria,Bacillota,Bacilli,Staphylococcales,Staphylococcaceae,Staphylococcus,undetermined species,,,,,,,,,,,,,,,,,,,,,,,,,,,,,,,,,,,,,,,,,,,,,,,,,,,,,,,,,,,,,,,,,,,,,,,,,,,,,
ASMA-3544,Bacteria,Bacillota,Bacilli,Staphylococcales,Staphylococcaceae,Staphylococcus,Staphylococcus epidermidis,530.0,No,,,,,,,,,,,,,,,,,,,,,,,,,,,,,,,,,,,,,,,,,,,,,,,,,,,,,,,,,,,,,,,,,,,,,,,,,,,
ASMA-3545,Bacteria,Actinomycetota,Actinomycetes,Micrococcales,Micrococcaceae,Rothia,Rothia dentocariosa,382.0,No,,,,,,,,,,,,,,,,,,,,,,,,,,,,,,,,,,,,,,,,,,,,,,,,,,,,,,,,,,,,,,,,,,,,,,,,,,,
ASMA-3546,Bacteria,Actinomycetota,Actinomycetes,Micrococcales,Micrococcaceae,Rothia,Rothia dentocariosa,382.0,Yes,,,,,,,,,,,,,,,,,,,,,,,,,,,,,,,,,,,,,,,,,,,,,,,,,,,,,,,,,,,,,,,,,,,,,,,,,,,
ASMA-3547,Fungi,Saccharomycetes,Ascomycota,Saccharomycetales,Debaryomycetaceae,Candida,Candida albicans,,,,,,,,,,,,,,,,,,,,,,,,,,,,,,,,,,,,,,,,,,,,,,,,,,,,,,,,,,,,,,,,,,,,,,,,,,,,,
ASMA-3548,Fungi,Saccharomycetes,Ascomycota,Saccharomycetales,Debaryomycetaceae,Candida,Candida albicans,,,,,,,,,,,,,,,,,,,,,,,,,,,,,,,,,,,,,,,,,,,,,,,,,,,,,,,,,,,,,,,,,,,,,,,,,,,,,
ASMA-3549,Fungi,Saccharomycetes,Ascomycota,Saccharomycetales,Debaryomycetaceae,Candida,Candida albicans,,,,,,,,,,,,,,,,,,,,,,,,,,,,,,,,,,,,,,,,,,,,,,,,,,,,,,,,,,,,,,,,,,,,,,,,,,,,,
ASMA-355,Bacteria,Pseudomonadota,Gammaproteobacteria,Pseudomonadales,Pseudomonadaceae,Pseudomonas,Pseudomonas aeruginosa,535.0,No,,,,,,,,,,,,,,,,,,,,,,,,,,,,,,,,,,,,,,,,,,,,,,,,,,,,,,,,,,,,,,,,,,,,,,,,,,,
ASMA-3550,Bacteria,Bacillota,Bacilli,Lactobacillales,Lactobacillaceae,Ligilactobacillus,Ligilactobacillus sp945923665,417.0,No,,,,,,,,,,,,,,,,,,,,,,,,,,,,,,,,,,,,,,,,,,,,,,,,,,,,,,,,,,,,,,,,,,,,,,,,,,,
ASMA-3551,Bacteria,Bacillota,Bacilli,Lactobacillales,Lactobacillaceae,Limosilactobacillus,Limosilactobacillus fermentum,384.0,No,,,,,,,,,,,,,,,,,,,,,,,,,,,,,,,,,,,,,,,,,,,,,,,,,,,,,,,,,,,,,,,,,,,,,,,,,,,
ASMA-3552,Bacteria,Bacillota,Bacilli,Staphylococcales,Staphylococcaceae,Staphylococcus,Staphylococcus epidermidis,530.0,No,,,,,,,,,,,,,,,,,,,,,,,,,,,,,,,,,,,,,,,,,,,,,,,,,,,,,,,,,,,,,,,,,,,,,,,,,,,
ASMA-3553,Bacteria,Bacillota,Bacilli,Lactobacillales,Lactobacillaceae,Ligilactobacillus,Ligilactobacillus sp945923665,417.0,No,,,,,,,,,,,,,,,,,,,,,,,,,,,,,,,,,,,,,,,,,,,,,,,,,,,,,,,,,,,,,,,,,,,,,,,,,,,
ASMA-3554,Bacteria,Bacillota,Bacilli,Lactobacillales,Streptococcaceae,Streptococcus,undetermined species,,,,,,,,,,,,,,,,,,,,,,,,,,,,,,,,,,,,,,,,,,,,,,,,,,,,,,,,,,,,,,,,,,,,,,,,,,,,,
ASMA-3555,Bacteria,Pseudomonadota,Gammaproteobacteria,Burkholderiales,Neisseriaceae,Neisseria,Neisseria perflava,,,,,,,,,,,,,,,,,,,,,,,,,,,,,,,,,,,,,,,,,,,,,,,,,,,,,,,,,,,,,,,,,,,,,,,,,,,,,
ASMA-3556,Bacteria,Pseudomonadota,Gammaproteobacteria,Burkholderiales,Neisseriaceae,Neisseria,Neisseria perflava,271.0,No,,,,,,,,,,,,,,,,,,,,,,,,,,,,,,,,,,,,,,,,,,,,,,,,,,,,,,,,,,,,,,,,,,,,,,,,,,,
ASMA-3557,Bacteria,Pseudomonadota,Gammaproteobacteria,Burkholderiales,Neisseriaceae,Neisseria,Neisseria perflava,271.0,Yes,,,,,,,,,,,,,,,,,,,,,,,,,,,,,,,,,,,,,,,,,,,,,,,,,,,,,,,,,,,,,,,,,,,,,,,,,,,
ASMA-3558,Bacteria,Pseudomonadota,Gammaproteobacteria,Burkholderiales,Neisseriaceae,Neisseria,Neisseria sp000186165,418.0,No,,,,,,,,,,,,,,,,,,,,,,,,,,,,,,,,,,,,,,,,,,,,,,,,,,,,,,,,,,,,,,,,,,,,,,,,,,,
ASMA-3559,Bacteria,Pseudomonadota,Gammaproteobacteria,Burkholderiales,Neisseriaceae,Neisseria,undetermined species,385.0,No,,,,,,,,,,,,,,,,,,,,,,,,,,,,,,,,,,,,,,,,,,,,,,,,,,,,,,,,,,,,,,,,,,,,,,,,,,,
ASMA-356,Bacteria,Pseudomonadota,Gammaproteobacteria,Pseudomonadales,Pseudomonadaceae,Pseudomonas,Pseudomonas aeruginosa,535.0,No,,,,,,,,,,,,,,,,,,,,,,,,,,,,,,,,,,,,,,,,,,,,,,,,,,,,,,,,,,,,,,,,,,,,,,,,,,,
ASMA-3560,Bacteria,Pseudomonadota,Gammaproteobacteria,Burkholderiales,Neisseriaceae,Neisseria,Neisseria sp000186165,418.0,Yes,,,,,,,,,,,,,,,,,,,,,,,,,,,,,,,,,,,,,,,,,,,,,,,,,,,,,,,,,,,,,,,,,,,,,,,,,,,
ASMA-3561,Bacteria,Actinomycetota,Actinomycetes,Micrococcales,Micrococcaceae,Rothia,Rothia dentocariosa,155.0,Yes,,,,,,,,,,,,,,,,,,,,,,,,,,,,,,,,,,,,,,,,,,,,,,,,,,,,,,,,,,,,,,,,,,,,,,,,,,,
ASMA-3562,Bacteria,Actinomycetota,Actinomycetes,Actinomycetales,Actinomycetaceae,Actinomyces,Actinomyces sp915069725,156.0,Yes,,,,,,,,,,,,,,,,,,,,,,,,,,,,,,,,,,,,,,,,,,,,,,,,,,,,,,,,,,,,,,,,,,,,,,,,,,,
ASMA-3563,Bacteria,Bacillota,Bacilli,Lactobacillales,Aerococcaceae,Granulicatella,Granulicatella sp916049935,,,,,,,,,,,,,,,,,,,,,,,,,,,,,,,,,,,,,,,,,,,,,,,,,,,,,,,,,,,,,,,,,,,,,,,,,,,,,
ASMA-3564,Bacteria,Bacillota,Bacilli,Lactobacillales,Aerococcaceae,Granulicatella,Granulicatella sp916049935,,,,,,,,,,,,,,,,,,,,,,,,,,,,,,,,,,,,,,,,,,,,,,,,,,,,,,,,,,,,,,,,,,,,,,,,,,,,,
ASMA-3565,Bacteria,Pseudomonadota,Gammaproteobacteria,Burkholderiales,Neisseriaceae,Neisseria,Neisseria perflava,385.0,No,,,,,,,,,,,,,,,,,,,,,,,,,,,,,,,,,,,,,,,,,,,,,,,,,,,,,,,,,,,,,,,,,,,,,,,,,,,
ASMA-3566,Bacteria,Pseudomonadota,Gammaproteobacteria,Burkholderiales,Neisseriaceae,Neisseria,Neisseria perflava,385.0,No,,,,,,,,,,,,,,,,,,,,,,,,,,,,,,,,,,,,,,,,,,,,,,,,,,,,,,,,,,,,,,,,,,,,,,,,,,,
ASMA-3567,Bacteria,Pseudomonadota,Gammaproteobacteria,Burkholderiales,Neisseriaceae,Neisseria,Neisseria sp000186165,418.0,No,,,,,,,,,,,,,,,,,,,,,,,,,,,,,,,,,,,,,,,,,,,,,,,,,,,,,,,,,,,,,,,,,,,,,,,,,,,
ASMA-3568,Bacteria,Pseudomonadota,Gammaproteobacteria,Burkholderiales,Neisseriaceae,Neisseria,Neisseria sp000186165,418.0,No,,,,,,,,,,,,,,,,,,,,,,,,,,,,,,,,,,,,,,,,,,,,,,,,,,,,,,,,,,,,,,,,,,,,,,,,,,,
ASMA-3569,Bacteria,Actinomycetota,Actinomycetes,Actinomycetales,Micrococcaceae,Micrococcus,Micrococcus luteus,157.0,Yes,,,,,,,,,,,,,,,,,,,,,,,,,,,,,,,,,,,,,,,,,,,,,,,,,,,,,,,,,,,,,,,,,,,,,,,,,,,
ASMA-357,Bacteria,Pseudomonadota,Gammaproteobacteria,Pseudomonadales,Pseudomonadaceae,Pseudomonas,Pseudomonas aeruginosa,535.0,No,,,,,,,,,,,,,,,,,,,,,,,,,,,,,,,,,,,,,,,,,,,,,,,,,,,,,,,,,,,,,,,,,,,,,,,,,,,
ASMA-3570,Bacteria,Pseudomonadota,Gammaproteobacteria,Burkholderiales,Neisseriaceae,Neisseria,Neisseria sp000186165,418.0,No,,,,,,,,,,,,,,,,,,,,,,,,,,,,,,,,,,,,,,,,,,,,,,,,,,,,,,,,,,,,,,,,,,,,,,,,,,,
ASMA-3571,Bacteria,Actinomycetota,Actinomycetes,Actinomycetales,Actinomycetaceae,Actinomyces,Actinomyces sp915069725,158.0,Yes,,,,,,,,,,,,,,,,,,,,,,,,,,,,,,,,,,,,,,,,,,,,,,,,,,,,,,,,,,,,,,,,,,,,,,,,,,,
ASMA-3572,Bacteria,Bacillota,Bacilli,Staphylococcales,Staphylococcaceae,Staphylococcus,Staphylococcus aureus,532.0,No,,,,,,,,,,,,,,,,,,,,,,,,,,,,,,,,,,,,,,,,,,,,,,,,,,,,,,,,,,,,,,,,,,,,,,,,,,,
ASMA-3573,Bacteria,Bacillota,Bacilli,Staphylococcales,Staphylococcaceae,Staphylococcus,Staphylococcus aureus,532.0,No,,,,,,,,,,,,,,,,,,,,,,,,,,,,,,,,,,,,,,,,,,,,,,,,,,,,,,,,,,,,,,,,,,,,,,,,,,,
ASMA-3574,Bacteria,Bacillota,Bacilli,Lactobacillales,Streptococcaceae,Streptococcus,Streptococcus salivarius,442.0,No,,,,,,,,,,,,,,,,,,,,,,,,,,,,,,,,,,,,,,,,,,,,,,,,,,,,,,,,,,,,,,,,,,,,,,,,,,,
ASMA-3575,Bacteria,Bacillota,Bacilli,Lactobacillales,Streptococcaceae,Streptococcus,Streptococcus salivarius,442.0,No,,,,,,,,,,,,,,,,,,,,,,,,,,,,,,,,,,,,,,,,,,,,,,,,,,,,,,,,,,,,,,,,,,,,,,,,,,,
ASMA-3576,Bacteria,Actinomycetota,Actinomycetes,Micrococcales,Micrococcaceae,Rothia,Rothia dentocariosa,159.0,Yes,,,,,,,,,,,,,,,,,,,,,,,,,,,,,,,,,,,,,,,,,,,,,,,,,,,,,,,,,,,,,,,,,,,,,,,,,,,
ASMA-3577,Bacteria,Bacillota,Bacilli,Lactobacillales,Streptococcaceae,Streptococcus,Streptococcus salivarius,442.0,No,,,,,,,,,,,,,,,,,,,,,,,,,,,,,,,,,,,,,,,,,,,,,,,,,,,,,,,,,,,,,,,,,,,,,,,,,,,
ASMA-3578,Bacteria,Bacillota,Bacilli,Lactobacillales,Streptococcaceae,Streptococcus,Streptococcus parasanguinis,272.0,Yes,,,,,,,,,,,,,,,,,,,,,,,,,,,,,,,,,,,,,,,,,,,,,,,,,,,,,,,,,,,,,,,,,,,,,,,,,,,
ASMA-3579,Bacteria,Bacillota,Bacilli,Lactobacillales,Streptococcaceae,Streptococcus,undetermined species,273.0,Yes,,,,,,,,,,,,,,,,,,,,,,,,,,,,,,,,,,,,,,,,,,,,,,,,,,,,,,,,,,,,,,,,,,,,,,,,,,,
ASMA-358,Bacteria,Pseudomonadota,Gammaproteobacteria,Pseudomonadales,Pseudomonadaceae,Pseudomonas,Pseudomonas aeruginosa,535.0,No,,,,,,,,,,,,,,,,,,,,,,,,,,,,,,,,,,,,,,,,,,,,,,,,,,,,,,,,,,,,,,,,,,,,,,,,,,,
ASMA-3580,Bacteria,Bacillota,Bacilli,Lactobacillales,Streptococcaceae,Streptococcus,undetermined species,273.0,No,,,,,,,,,,,,,,,,,,,,,,,,,,,,,,,,,,,,,,,,,,,,,,,,,,,,,,,,,,,,,,,,,,,,,,,,,,,
ASMA-3581,Bacteria,Pseudomonadota,Gammaproteobacteria,Burkholderiales,Neisseriaceae,Neisseria,undetermined species,343.0,No,,,,,,,,,,,,,,,,,,,,,,,,,,,,,,,,,,,,,,,,,,,,,,,,,,,,,,,,,,,,,,,,,,,,,,,,,,,
ASMA-3582,Bacteria,Pseudomonadota,Gammaproteobacteria,Xanthomonadales,Xanthomonadaceae,Stenotrophomonas,Stenotrophomonas maltophilia_P,386.0,No,,,,,,,,,,,,,,,,,,,,,,,,,,,,,,,,,,,,,,,,,,,,,,,,,,,,,,,,,,,,,,,,,,,,,,,,,,,
ASMA-3583,Bacteria,Pseudomonadota,Gammaproteobacteria,Burkholderiales,Neisseriaceae,Neisseria,Neisseria sp000186165,160.0,Yes,,,,,,,,,,,,,,,,,,,,,,,,,,,,,,,,,,,,,,,,,,,,,,,,,,,,,,,,,,,,,,,,,,,,,,,,,,,
ASMA-3584,Bacteria,Bacillota,Bacilli,Staphylococcales,Staphylococcaceae,Staphylococcus,Staphylococcus aureus,532.0,No,,,,,,,,,,,,,,,,,,,,,,,,,,,,,,,,,,,,,,,,,,,,,,,,,,,,,,,,,,,,,,,,,,,,,,,,,,,
ASMA-3585,Bacteria,Bacillota,Bacilli,Staphylococcales,Staphylococcaceae,Staphylococcus,Staphylococcus aureus,532.0,No,,,,,,,,,,,,,,,,,,,,,,,,,,,,,,,,,,,,,,,,,,,,,,,,,,,,,,,,,,,,,,,,,,,,,,,,,,,
ASMA-3586,Bacteria,Bacillota,Bacilli,Staphylococcales,Staphylococcaceae,Staphylococcus,Staphylococcus aureus,532.0,No,,,,,,,,,,,,,,,,,,,,,,,,,,,,,,,,,,,,,,,,,,,,,,,,,,,,,,,,,,,,,,,,,,,,,,,,,,,
ASMA-3587,Bacteria,Pseudomonadota,Gammaproteobacteria,Burkholderiales,Neisseriaceae,Neisseria,undetermined species,343.0,Yes,,,,,,,,,,,,,,,,,,,,,,,,,,,,,,,,,,,,,,,,,,,,,,,,,,,,,,,,,,,,,,,,,,,,,,,,,,,
ASMA-3588,Bacteria,Bacillota,Bacilli,Staphylococcales,Staphylococcaceae,Staphylococcus,Staphylococcus aureus,532.0,No,,,,,,,,,,,,,,,,,,,,,,,,,,,,,,,,,,,,,,,,,,,,,,,,,,,,,,,,,,,,,,,,,,,,,,,,,,,
ASMA-3589,Bacteria,Bacillota,Bacilli,Staphylococcales,Staphylococcaceae,Staphylococcus,Staphylococcus aureus,532.0,No,,,,,,,,,,,,,,,,,,,,,,,,,,,,,,,,,,,,,,,,,,,,,,,,,,,,,,,,,,,,,,,,,,,,,,,,,,,
ASMA-359,Bacteria,Pseudomonadota,Gammaproteobacteria,Pseudomonadales,Pseudomonadaceae,Pseudomonas,Pseudomonas aeruginosa,535.0,No,,,,,,,,,,,,,,,,,,,,,,,,,,,,,,,,,,,,,,,,,,,,,,,,,,,,,,,,,,,,,,,,,,,,,,,,,,,
ASMA-3590,Bacteria,Bacillota,Bacilli,Staphylococcales,Staphylococcaceae,Staphylococcus,Staphylococcus aureus,532.0,No,,,,,,,,,,,,,,,,,,,,,,,,,,,,,,,,,,,,,,,,,,,,,,,,,,,,,,,,,,,,,,,,,,,,,,,,,,,
ASMA-3591,Bacteria,Bacillota,Bacilli,Staphylococcales,Staphylococcaceae,Staphylococcus,Staphylococcus aureus,532.0,No,,,,,,,,,,,,,,,,,,,,,,,,,,,,,,,,,,,,,,,,,,,,,,,,,,,,,,,,,,,,,,,,,,,,,,,,,,,
ASMA-3592,Bacteria,Bacillota,Bacilli,Staphylococcales,Staphylococcaceae,Staphylococcus,Staphylococcus aureus,532.0,No,,,,,,,,,,,,,,,,,,,,,,,,,,,,,,,,,,,,,,,,,,,,,,,,,,,,,,,,,,,,,,,,,,,,,,,,,,,
ASMA-3593,Bacteria,Pseudomonadota,Gammaproteobacteria,Burkholderiales,Neisseriaceae,Neisseria,undetermined species,343.0,No,,,,,,,,,,,,,,,,,,,,,,,,,,,,,,,,,,,,,,,,,,,,,,,,,,,,,,,,,,,,,,,,,,,,,,,,,,,
ASMA-3594,Bacteria,Bacillota,Bacilli,Staphylococcales,Staphylococcaceae,Staphylococcus,Staphylococcus aureus,532.0,No,,,,,,,,,,,,,,,,,,,,,,,,,,,,,,,,,,,,,,,,,,,,,,,,,,,,,,,,,,,,,,,,,,,,,,,,,,,
ASMA-3595,Bacteria,Bacillota,Bacilli,Staphylococcales,Staphylococcaceae,Staphylococcus,Staphylococcus aureus,532.0,No,,,,,,,,,,,,,,,,,,,,,,,,,,,,,,,,,,,,,,,,,,,,,,,,,,,,,,,,,,,,,,,,,,,,,,,,,,,
ASMA-3596,Bacteria,Bacillota,Bacilli,Staphylococcales,Staphylococcaceae,Staphylococcus,Staphylococcus aureus,532.0,No,,,,,,,,,,,,,,,,,,,,,,,,,,,,,,,,,,,,,,,,,,,,,,,,,,,,,,,,,,,,,,,,,,,,,,,,,,,
ASMA-3597,Bacteria,Bacillota,Bacilli,Lactobacillales,Streptococcaceae,Streptococcus,Streptococcus parasanguinis,274.0,Yes,,,,,,,,,,,,,,,,,,,,,,,,,,,,,,,,,,,,,,,,,,,,,,,,,,,,,,,,,,,,,,,,,,,,,,,,,,,
ASMA-3598,Bacteria,Bacillota,Bacilli,Staphylococcales,Staphylococcaceae,Staphylococcus,Staphylococcus aureus,532.0,No,,,,,,,,,,,,,,,,,,,,,,,,,,,,,,,,,,,,,,,,,,,,,,,,,,,,,,,,,,,,,,,,,,,,,,,,,,,
ASMA-3599,Bacteria,Bacillota,Bacilli,Lactobacillales,Streptococcaceae,Streptococcus,Streptococcus parasanguinis,274.0,No,,,,,,,,,,,,,,,,,,,,,,,,,,,,,,,,,,,,,,,,,,,,,,,,,,,,,,,,,,,,,,,,,,,,,,,,,,,
ASMA-36,Bacteria,Pseudomonadota,Gammaproteobacteria,Pseudomonadales,Pseudomonadaceae,Pseudomonas,Pseudomonas aeruginosa,536.0,No,,,,,,,,,,,,,,,,,,,,,,,,,,,,,,,,,,,,,,,,,,,,,,,,,,,,,,,,,,,,,,,,,,,,,,,,,,,
ASMA-360,Bacteria,Bacillota,Bacilli,Staphylococcales,Staphylococcaceae,Staphylococcus,Staphylococcus aureus,532.0,No,1,0.024833333333333388,,0.024833333333333388,20250920.0,0.1794666666666667,,0.1152666666666667,,0.07909999999999999,,0.014899999999999997,,0.1879333333333333,,17.25,,0.1349514415192561,,0.9989276188392371,,no_growth,0,0.0,0,0.0,1,,,,,,0.0556,,20250920,0.0592,uncertain,0.0551,uncertain,0.0562,uncertain,0.0522,uncertain,0.0541,uncertain,0.054,uncertain,0.0719,uncertain,0.0518,uncertain,0.0523,uncertain,0.0549,uncertain,0.0691,uncertain,0.0728,uncertain,0.0529,uncertain,0.0544,uncertain,0.0546,uncertain,0.0544,uncertain,0.0552,uncertain,0.0556,uncertain,0.1428,uncertain,0.057,uncertain
ASMA-3600,Bacteria,Bacillota,Bacilli,Lactobacillales,Streptococcaceae,Streptococcus,Streptococcus salivarius,442.0,No,,,,,,,,,,,,,,,,,,,,,,,,,,,,,,,,,,,,,,,,,,,,,,,,,,,,,,,,,,,,,,,,,,,,,,,,,,,
ASMA-3601,Bacteria,Bacillota,Bacilli,Lactobacillales,Streptococcaceae,Streptococcus,Streptococcus sp001556435,387.0,No,,,,,,,,,,,,,,,,,,,,,,,,,,,,,,,,,,,,,,,,,,,,,,,,,,,,,,,,,,,,,,,,,,,,,,,,,,,
ASMA-3602,Bacteria,Bacillota,Bacilli,Lactobacillales,Streptococcaceae,Streptococcus,Streptococcus sanguinis_H,161.0,Yes,,,,,,,,,,,,,,,,,,,,,,,,,,,,,,,,,,,,,,,,,,,,,,,,,,,,,,,,,,,,,,,,,,,,,,,,,,,
ASMA-3603,Bacteria,Bacillota,Bacilli,Lactobacillales,Streptococcaceae,Streptococcus,Streptococcus sp900766505,275.0,Yes,,,,,,,,,,,,,,,,,,,,,,,,,,,,,,,,,,,,,,,,,,,,,,,,,,,,,,,,,,,,,,,,,,,,,,,,,,,
ASMA-3604,Bacteria,Bacillota,Bacilli,Lactobacillales,Streptococcaceae,Streptococcus,Streptococcus parasanguinis,272.0,No,,,,,,,,,,,,,,,,,,,,,,,,,,,,,,,,,,,,,,,,,,,,,,,,,,,,,,,,,,,,,,,,,,,,,,,,,,,
ASMA-3605,Fungi,Saccharomycetes,Ascomycota,Saccharomycetales,Debaryomycetaceae,Candida,Candida albicans,,,,,,,,,,,,,,,,,,,,,,,,,,,,,,,,,,,,,,,,,,,,,,,,,,,,,,,,,,,,,,,,,,,,,,,,,,,,,
ASMA-3606,Bacteria,Bacillota,Bacilli,Lactobacillales,Lactobacillaceae,Lacticaseibacillus,Lacticaseibacillus rhamnosus,528.0,No,,,,,,,,,,,,,,,,,,,,,,,,,,,,,,,,,,,,,,,,,,,,,,,,,,,,,,,,,,,,,,,,,,,,,,,,,,,
ASMA-3607,Bacteria,Bacillota,Bacilli,Staphylococcales,Staphylococcaceae,Staphylococcus,Staphylococcus aureus,532.0,No,,,,,,,,,,,,,,,,,,,,,,,,,,,,,,,,,,,,,,,,,,,,,,,,,,,,,,,,,,,,,,,,,,,,,,,,,,,
ASMA-3608,Bacteria,Bacillota,Bacilli,Staphylococcales,Staphylococcaceae,Staphylococcus,Staphylococcus aureus,532.0,No,,,,,,,,,,,,,,,,,,,,,,,,,,,,,,,,,,,,,,,,,,,,,,,,,,,,,,,,,,,,,,,,,,,,,,,,,,,
ASMA-3609,Bacteria,Bacillota,Bacilli,Staphylococcales,Staphylococcaceae,Staphylococcus,Staphylococcus aureus,532.0,No,,,,,,,,,,,,,,,,,,,,,,,,,,,,,,,,,,,,,,,,,,,,,,,,,,,,,,,,,,,,,,,,,,,,,,,,,,,
ASMA-361,Bacteria,Pseudomonadota,Gammaproteobacteria,Pseudomonadales,Pseudomonadaceae,Pseudomonas,Pseudomonas aeruginosa,,,,,,,,,,,,,,,,,,,,,,,,,,,,,,,,,,,,,,,,,,,,,,,,,,,,,,,,,,,,,,,,,,,,,,,,,,,,,
ASMA-3610,Bacteria,Bacillota,Bacilli,Staphylococcales,Staphylococcaceae,Staphylococcus,Staphylococcus aureus,532.0,No,,,,,,,,,,,,,,,,,,,,,,,,,,,,,,,,,,,,,,,,,,,,,,,,,,,,,,,,,,,,,,,,,,,,,,,,,,,
ASMA-3611,Bacteria,Bacillota,Bacilli,Staphylococcales,Staphylococcaceae,Staphylococcus,Staphylococcus aureus,532.0,No,,,,,,,,,,,,,,,,,,,,,,,,,,,,,,,,,,,,,,,,,,,,,,,,,,,,,,,,,,,,,,,,,,,,,,,,,,,
ASMA-3612,Bacteria,Bacillota,Bacilli,Lactobacillales,Streptococcaceae,Streptococcus,Streptococcus salivarius,442.0,No,,,,,,,,,,,,,,,,,,,,,,,,,,,,,,,,,,,,,,,,,,,,,,,,,,,,,,,,,,,,,,,,,,,,,,,,,,,
ASMA-3613,Bacteria,Bacillota,Bacilli,Lactobacillales,Streptococcaceae,Streptococcus,Streptococcus salivarius,442.0,Yes,,,,,,,,,,,,,,,,,,,,,,,,,,,,,,,,,,,,,,,,,,,,,,,,,,,,,,,,,,,,,,,,,,,,,,,,,,,
ASMA-3614,Bacteria,Bacillota,Bacilli,Lactobacillales,Streptococcaceae,Streptococcus,Streptococcus sp001556435,387.0,No,,,,,,,,,,,,,,,,,,,,,,,,,,,,,,,,,,,,,,,,,,,,,,,,,,,,,,,,,,,,,,,,,,,,,,,,,,,
ASMA-3615,Bacteria,Bacillota,Bacilli,Lactobacillales,Streptococcaceae,Streptococcus,Streptococcus sp001556435,387.0,No,,,,,,,,,,,,,,,,,,,,,,,,,,,,,,,,,,,,,,,,,,,,,,,,,,,,,,,,,,,,,,,,,,,,,,,,,,,
ASMA-3616,Bacteria,Bacillota,Bacilli,Lactobacillales,Streptococcaceae,Streptococcus,Streptococcus sp001556435,387.0,Yes,,,,,,,,,,,,,,,,,,,,,,,,,,,,,,,,,,,,,,,,,,,,,,,,,,,,,,,,,,,,,,,,,,,,,,,,,,,
ASMA-3617,Bacteria,Bacillota,Bacilli,Staphylococcales,Staphylococcaceae,Staphylococcus,Staphylococcus aureus,388.0,No,,,,,,,,,,,,,,,,,,,,,,,,,,,,,,,,,,,,,,,,,,,,,,,,,,,,,,,,,,,,,,,,,,,,,,,,,,,
ASMA-3618,Bacteria,Bacillota,Bacilli,Staphylococcales,Staphylococcaceae,Staphylococcus,Staphylococcus aureus,388.0,No,,,,,,,,,,,,,,,,,,,,,,,,,,,,,,,,,,,,,,,,,,,,,,,,,,,,,,,,,,,,,,,,,,,,,,,,,,,
ASMA-3619,Bacteria,Bacillota,Bacilli,Staphylococcales,Staphylococcaceae,Staphylococcus,Staphylococcus aureus,162.0,Yes,,,,,,,,,,,,,,,,,,,,,,,,,,,,,,,,,,,,,,,,,,,,,,,,,,,,,,,,,,,,,,,,,,,,,,,,,,,
ASMA-362,Bacteria,Pseudomonadota,Gammaproteobacteria,Pseudomonadales,Pseudomonadaceae,Pseudomonas,Pseudomonas aeruginosa,535.0,No,,,,,,,,,,,,,,,,,,,,,,,,,,,,,,,,,,,,,,,,,,,,,,,,,,,,,,,,,,,,,,,,,,,,,,,,,,,
ASMA-3620,Bacteria,Bacillota,Bacilli,Staphylococcales,Staphylococcaceae,Staphylococcus,Staphylococcus aureus,388.0,No,,,,,,,,,,,,,,,,,,,,,,,,,,,,,,,,,,,,,,,,,,,,,,,,,,,,,,,,,,,,,,,,,,,,,,,,,,,
ASMA-3621,Bacteria,Pseudomonadota,Gammaproteobacteria,Burkholderiales,Neisseriaceae,Neisseria,Neisseria flavescens_D,344.0,No,,,,,,,,,,,,,,,,,,,,,,,,,,,,,,,,,,,,,,,,,,,,,,,,,,,,,,,,,,,,,,,,,,,,,,,,,,,
ASMA-3622,Bacteria,Pseudomonadota,Gammaproteobacteria,Burkholderiales,Neisseriaceae,Neisseria,undetermined species,344.0,No,,,,,,,,,,,,,,,,,,,,,,,,,,,,,,,,,,,,,,,,,,,,,,,,,,,,,,,,,,,,,,,,,,,,,,,,,,,
ASMA-3623,Bacteria,Pseudomonadota,Gammaproteobacteria,Burkholderiales,Neisseriaceae,Neisseria,undetermined species,344.0,Yes,,,,,,,,,,,,,,,,,,,,,,,,,,,,,,,,,,,,,,,,,,,,,,,,,,,,,,,,,,,,,,,,,,,,,,,,,,,
ASMA-3624,Bacteria,Pseudomonadota,Gammaproteobacteria,Burkholderiales,Neisseriaceae,Neisseria,Neisseria subflava,163.0,Yes,,,,,,,,,,,,,,,,,,,,,,,,,,,,,,,,,,,,,,,,,,,,,,,,,,,,,,,,,,,,,,,,,,,,,,,,,,,
ASMA-3625,Bacteria,Actinomycetota,Actinomycetes,Micrococcales,Micrococcaceae,Rothia,Rothia dentocariosa,469.0,No,,,,,,,,,,,,,,,,,,,,,,,,,,,,,,,,,,,,,,,,,,,,,,,,,,,,,,,,,,,,,,,,,,,,,,,,,,,
ASMA-3626,Bacteria,Actinomycetota,Actinomycetes,Micrococcales,Micrococcaceae,Rothia,Rothia dentocariosa,469.0,Yes,,,,,,,,,,,,,,,,,,,,,,,,,,,,,,,,,,,,,,,,,,,,,,,,,,,,,,,,,,,,,,,,,,,,,,,,,,,
ASMA-3627,Bacteria,Actinomycetota,Actinomycetes,Micrococcales,Micrococcaceae,Rothia,Rothia dentocariosa,469.0,No,,,,,,,,,,,,,,,,,,,,,,,,,,,,,,,,,,,,,,,,,,,,,,,,,,,,,,,,,,,,,,,,,,,,,,,,,,,
ASMA-3628,Bacteria,Actinomycetota,Actinomycetes,Micrococcales,Micrococcaceae,Rothia,Rothia dentocariosa,469.0,No,,,,,,,,,,,,,,,,,,,,,,,,,,,,,,,,,,,,,,,,,,,,,,,,,,,,,,,,,,,,,,,,,,,,,,,,,,,
ASMA-3629,Bacteria,Actinomycetota,Actinomycetes,Micrococcales,Micrococcaceae,Rothia,Rothia dentocariosa,469.0,No,,,,,,,,,,,,,,,,,,,,,,,,,,,,,,,,,,,,,,,,,,,,,,,,,,,,,,,,,,,,,,,,,,,,,,,,,,,
ASMA-363,Bacteria,Pseudomonadota,Gammaproteobacteria,Pseudomonadales,Pseudomonadaceae,Pseudomonas,Pseudomonas aeruginosa,535.0,No,,,,,,,,,,,,,,,,,,,,,,,,,,,,,,,,,,,,,,,,,,,,,,,,,,,,,,,,,,,,,,,,,,,,,,,,,,,
ASMA-3630,Bacteria,Actinomycetota,Actinomycetes,Micrococcales,Micrococcaceae,Rothia,Rothia sp024294905,419.0,Yes,,,,,,,,,,,,,,,,,,,,,,,,,,,,,,,,,,,,,,,,,,,,,,,,,,,,,,,,,,,,,,,,,,,,,,,,,,,
ASMA-3631,Bacteria,Actinomycetota,Actinomycetes,Micrococcales,Micrococcaceae,Rothia,Rothia dentocariosa,164.0,Yes,,,,,,,,,,,,,,,,,,,,,,,,,,,,,,,,,,,,,,,,,,,,,,,,,,,,,,,,,,,,,,,,,,,,,,,,,,,
ASMA-3632,Bacteria,Bacillota,Bacilli,Lactobacillales,Streptococcaceae,Streptococcus,Streptococcus sp001556435,345.0,No,,,,,,,,,,,,,,,,,,,,,,,,,,,,,,,,,,,,,,,,,,,,,,,,,,,,,,,,,,,,,,,,,,,,,,,,,,,
ASMA-3633,Bacteria,Bacillota,Bacilli,Staphylococcales,Gemellaceae,Gemella,undetermined species,,,,,,,,,,,,,,,,,,,,,,,,,,,,,,,,,,,,,,,,,,,,,,,,,,,,,,,,,,,,,,,,,,,,,,,,,,,,,
ASMA-3634,Bacteria,Actinomycetota,Actinomycetes,Micrococcales,Micrococcaceae,Rothia,Rothia sp024294905,419.0,No,,,,,,,,,,,,,,,,,,,,,,,,,,,,,,,,,,,,,,,,,,,,,,,,,,,,,,,,,,,,,,,,,,,,,,,,,,,
ASMA-3635,Bacteria,Actinomycetota,Actinomycetes,Mycobacteriales,Mycobacteriaceae,Corynebacterium,Corynebacterium argentoratense,455.0,No,,,,,,,,,,,,,,,,,,,,,,,,,,,,,,,,,,,,,,,,,,,,,,,,,,,,,,,,,,,,,,,,,,,,,,,,,,,
ASMA-3636,Bacteria,Actinomycetota,Actinomycetes,Mycobacteriales,Mycobacteriaceae,Corynebacterium,Corynebacterium argentoratense,455.0,No,,,,,,,,,,,,,,,,,,,,,,,,,,,,,,,,,,,,,,,,,,,,,,,,,,,,,,,,,,,,,,,,,,,,,,,,,,,
ASMA-3637,Bacteria,Actinomycetota,Actinomycetes,Micrococcales,Micrococcaceae,Rothia,Rothia aeria,389.0,No,,,,,,,,,,,,,,,,,,,,,,,,,,,,,,,,,,,,,,,,,,,,,,,,,,,,,,,,,,,,,,,,,,,,,,,,,,,
ASMA-3638,Bacteria,Actinomycetota,Actinomycetes,Micrococcales,Micrococcaceae,Rothia,Rothia aeria,389.0,Yes,,,,,,,,,,,,,,,,,,,,,,,,,,,,,,,,,,,,,,,,,,,,,,,,,,,,,,,,,,,,,,,,,,,,,,,,,,,
ASMA-3639,Bacteria,Actinomycetota,Actinomycetes,Micrococcales,Micrococcaceae,Rothia,Rothia dentocariosa,469.0,No,,,,,,,,,,,,,,,,,,,,,,,,,,,,,,,,,,,,,,,,,,,,,,,,,,,,,,,,,,,,,,,,,,,,,,,,,,,
ASMA-364,Bacteria,Pseudomonadota,Gammaproteobacteria,Pseudomonadales,Pseudomonadaceae,Pseudomonas,Pseudomonas aeruginosa,535.0,No,,,,,,,,,,,,,,,,,,,,,,,,,,,,,,,,,,,,,,,,,,,,,,,,,,,,,,,,,,,,,,,,,,,,,,,,,,,
ASMA-3640,Bacteria,Bacillota,Bacilli,Lactobacillales,Streptococcaceae,Streptococcus,Streptococcus oralis_S,346.0,Yes,,,,,,,,,,,,,,,,,,,,,,,,,,,,,,,,,,,,,,,,,,,,,,,,,,,,,,,,,,,,,,,,,,,,,,,,,,,
ASMA-3641,Bacteria,Pseudomonadota,Gammaproteobacteria,Burkholderiales,Neisseriaceae,Neisseria,Neisseria mucosa,276.0,No,,,,,,,,,,,,,,,,,,,,,,,,,,,,,,,,,,,,,,,,,,,,,,,,,,,,,,,,,,,,,,,,,,,,,,,,,,,
ASMA-3643,Bacteria,Pseudomonadota,Gammaproteobacteria,Burkholderiales,Neisseriaceae,Neisseria,Neisseria mucosa,276.0,Yes,,,,,,,,,,,,,,,,,,,,,,,,,,,,,,,,,,,,,,,,,,,,,,,,,,,,,,,,,,,,,,,,,,,,,,,,,,,
ASMA-3644,Bacteria,Actinomycetota,Actinomycetes,Mycobacteriales,Mycobacteriaceae,Corynebacterium,Corynebacterium argentoratense,455.0,No,,,,,,,,,,,,,,,,,,,,,,,,,,,,,,,,,,,,,,,,,,,,,,,,,,,,,,,,,,,,,,,,,,,,,,,,,,,
ASMA-3645,Bacteria,Actinomycetota,Actinomycetes,Mycobacteriales,Mycobacteriaceae,Corynebacterium,Corynebacterium argentoratense,455.0,No,,,,,,,,,,,,,,,,,,,,,,,,,,,,,,,,,,,,,,,,,,,,,,,,,,,,,,,,,,,,,,,,,,,,,,,,,,,
ASMA-3647,Bacteria,Bacillota,Bacilli,Staphylococcales,Staphylococcaceae,Staphylococcus,Staphylococcus aureus,388.0,Yes,,,,,,,,,,,,,,,,,,,,,,,,,,,,,,,,,,,,,,,,,,,,,,,,,,,,,,,,,,,,,,,,,,,,,,,,,,,
ASMA-365,Bacteria,Pseudomonadota,Gammaproteobacteria,Pseudomonadales,Pseudomonadaceae,Pseudomonas,Pseudomonas aeruginosa,535.0,No,,,,,,,,,,,,,,,,,,,,,,,,,,,,,,,,,,,,,,,,,,,,,,,,,,,,,,,,,,,,,,,,,,,,,,,,,,,
ASMA-3655,Bacteria,Bacillota,Bacilli,Staphylococcales,Gemellaceae,Gemella,Gemella haemolysans_D,165.0,Yes,,,,,,,,,,,,,,,,,,,,,,,,,,,,,,,,,,,,,,,,,,,,,,,,,,,,,,,,,,,,,,,,,,,,,,,,,,,
ASMA-3656,Bacteria,Actinomycetota,Actinomycetes,Micrococcales,Micrococcaceae,Rothia,Rothia aeria,389.0,No,,,,,,,,,,,,,,,,,,,,,,,,,,,,,,,,,,,,,,,,,,,,,,,,,,,,,,,,,,,,,,,,,,,,,,,,,,,
ASMA-3658,Bacteria,Actinomycetota,Actinomycetes,Mycobacteriales,Mycobacteriaceae,Corynebacterium,Corynebacterium argentoratense,455.0,No,,,,,,,,,,,,,,,,,,,,,,,,,,,,,,,,,,,,,,,,,,,,,,,,,,,,,,,,,,,,,,,,,,,,,,,,,,,
ASMA-3659,Bacteria,Actinomycetota,Actinomycetes,Micrococcales,Micrococcaceae,Rothia,Rothia aeria,389.0,No,,,,,,,,,,,,,,,,,,,,,,,,,,,,,,,,,,,,,,,,,,,,,,,,,,,,,,,,,,,,,,,,,,,,,,,,,,,
ASMA-366,Bacteria,Pseudomonadota,Gammaproteobacteria,Pseudomonadales,Pseudomonadaceae,Pseudomonas,Pseudomonas aeruginosa,447.0,No,1,0.3039333333333333,,0.3039333333333333,20250920.0,0.1271,,0.1638666666666667,,0.025133333333333285,,0.06189999999999998,,0.1638666666666667,,48.0,,0.013050899628433405,,0.9991474011091231,,robust,0,0.0,0,0.0,1,,,,,,0.0488,,20250920,0.0538,uncertain,0.0571,uncertain,0.0544,uncertain,0.0497,uncertain,0.0558,uncertain,0.0481,uncertain,0.0544,uncertain,0.052,uncertain,0.0535,uncertain,0.0516,uncertain,0.0547,uncertain,0.0532,uncertain,0.0518,uncertain,0.0516,uncertain,0.0538,uncertain,0.0601,uncertain,0.185,uncertain,0.1933,uncertain,0.0497,uncertain,0.0506,uncertain
ASMA-3660,Bacteria,Actinomycetota,Actinomycetes,Micrococcales,Micrococcaceae,Rothia,Rothia dentocariosa,469.0,No,,,,,,,,,,,,,,,,,,,,,,,,,,,,,,,,,,,,,,,,,,,,,,,,,,,,,,,,,,,,,,,,,,,,,,,,,,,
ASMA-3661,Bacteria,Actinomycetota,Actinomycetes,Micrococcales,Micrococcaceae,Rothia,Rothia dentocariosa,469.0,No,,,,,,,,,,,,,,,,,,,,,,,,,,,,,,,,,,,,,,,,,,,,,,,,,,,,,,,,,,,,,,,,,,,,,,,,,,,
ASMA-3662,Bacteria,Actinomycetota,Actinomycetes,Micrococcales,Micrococcaceae,Rothia,Rothia dentocariosa,469.0,No,,,,,,,,,,,,,,,,,,,,,,,,,,,,,,,,,,,,,,,,,,,,,,,,,,,,,,,,,,,,,,,,,,,,,,,,,,,
ASMA-3663,Bacteria,Actinomycetota,Actinomycetes,Micrococcales,Micrococcaceae,Rothia,Rothia sp024294905,419.0,No,,,,,,,,,,,,,,,,,,,,,,,,,,,,,,,,,,,,,,,,,,,,,,,,,,,,,,,,,,,,,,,,,,,,,,,,,,,
ASMA-3664,Bacteria,Actinomycetota,Actinomycetes,Micrococcales,Micrococcaceae,Rothia,Rothia sp024294905,419.0,No,,,,,,,,,,,,,,,,,,,,,,,,,,,,,,,,,,,,,,,,,,,,,,,,,,,,,,,,,,,,,,,,,,,,,,,,,,,
ASMA-3665,Bacteria,Actinomycetota,Actinomycetes,Micrococcales,Micrococcaceae,Rothia,Rothia sp024294905,419.0,No,,,,,,,,,,,,,,,,,,,,,,,,,,,,,,,,,,,,,,,,,,,,,,,,,,,,,,,,,,,,,,,,,,,,,,,,,,,
ASMA-3666,Bacteria,Bacillota,Bacilli,Lactobacillales,Streptococcaceae,Streptococcus,Streptococcus sp001556435,345.0,No,,,,,,,,,,,,,,,,,,,,,,,,,,,,,,,,,,,,,,,,,,,,,,,,,,,,,,,,,,,,,,,,,,,,,,,,,,,
ASMA-3667,Bacteria,Bacillota,Bacilli,Lactobacillales,Streptococcaceae,Streptococcus,Streptococcus sp001556435,345.0,Yes,,,,,,,,,,,,,,,,,,,,,,,,,,,,,,,,,,,,,,,,,,,,,,,,,,,,,,,,,,,,,,,,,,,,,,,,,,,
ASMA-3668,Bacteria,Bacillota,Bacilli,Lactobacillales,Streptococcaceae,Streptococcus,Streptococcus sp001813105,166.0,Yes,,,,,,,,,,,,,,,,,,,,,,,,,,,,,,,,,,,,,,,,,,,,,,,,,,,,,,,,,,,,,,,,,,,,,,,,,,,
ASMA-3669,Bacteria,Bacillota,Bacilli,Lactobacillales,Streptococcaceae,Streptococcus,Streptococcus parasanguinis_I,383.0,No,,,,,,,,,,,,,,,,,,,,,,,,,,,,,,,,,,,,,,,,,,,,,,,,,,,,,,,,,,,,,,,,,,,,,,,,,,,
ASMA-367,Bacteria,Pseudomonadota,Gammaproteobacteria,Pseudomonadales,Pseudomonadaceae,Pseudomonas,Pseudomonas aeruginosa,447.0,No,,,,,,,,,,,,,,,,,,,,,,,,,,,,,,,,,,,,,,,,,,,,,,,,,,,,,,,,,,,,,,,,,,,,,,,,,,,
ASMA-3670,Fungi,Saccharomycetes,Ascomycota,Saccharomycetales,Debaryomycetaceae,Candida,Candida albicans,,,,,,,,,,,,,,,,,,,,,,,,,,,,,,,,,,,,,,,,,,,,,,,,,,,,,,,,,,,,,,,,,,,,,,,,,,,,,
ASMA-3671,Bacteria,Bacillota,Bacilli,Lactobacillales,Streptococcaceae,Streptococcus,Streptococcus vulneris,420.0,Yes,,,,,,,,,,,,,,,,,,,,,,,,,,,,,,,,,,,,,,,,,,,,,,,,,,,,,,,,,,,,,,,,,,,,,,,,,,,
ASMA-3672,Bacteria,Pseudomonadota,Gammaproteobacteria,Burkholderiales,Neisseriaceae,Neisseria,Neisseria perflava,385.0,Yes,,,,,,,,,,,,,,,,,,,,,,,,,,,,,,,,,,,,,,,,,,,,,,,,,,,,,,,,,,,,,,,,,,,,,,,,,,,
ASMA-3673,Bacteria,Bacillota,Bacilli,Lactobacillales,Streptococcaceae,Streptococcus,Streptococcus oralis,167.0,Yes,,,,,,,,,,,,,,,,,,,,,,,,,,,,,,,,,,,,,,,,,,,,,,,,,,,,,,,,,,,,,,,,,,,,,,,,,,,
ASMA-3674,Bacteria,Bacillota,Bacilli,Lactobacillales,Streptococcaceae,Streptococcus,Streptococcus vulneris,420.0,No,,,,,,,,,,,,,,,,,,,,,,,,,,,,,,,,,,,,,,,,,,,,,,,,,,,,,,,,,,,,,,,,,,,,,,,,,,,
ASMA-3675,Bacteria,Bacillota,Bacilli,Lactobacillales,Streptococcaceae,Streptococcus,Streptococcus vulneris,420.0,No,,,,,,,,,,,,,,,,,,,,,,,,,,,,,,,,,,,,,,,,,,,,,,,,,,,,,,,,,,,,,,,,,,,,,,,,,,,
ASMA-3676,Bacteria,Bacillota,Bacilli,Lactobacillales,Streptococcaceae,Streptococcus,Streptococcus vulneris,420.0,No,,,,,,,,,,,,,,,,,,,,,,,,,,,,,,,,,,,,,,,,,,,,,,,,,,,,,,,,,,,,,,,,,,,,,,,,,,,
ASMA-3677,Bacteria,Bacillota,Bacilli,Lactobacillales,Streptococcaceae,Streptococcus,Streptococcus vulneris,420.0,No,,,,,,,,,,,,,,,,,,,,,,,,,,,,,,,,,,,,,,,,,,,,,,,,,,,,,,,,,,,,,,,,,,,,,,,,,,,
ASMA-3678,Bacteria,Bacillota,Bacilli,Lactobacillales,Streptococcaceae,Streptococcus,Streptococcus oralis_BY,168.0,Yes,,,,,,,,,,,,,,,,,,,,,,,,,,,,,,,,,,,,,,,,,,,,,,,,,,,,,,,,,,,,,,,,,,,,,,,,,,,
ASMA-3679,Bacteria,Bacillota,Bacilli,Lactobacillales,Streptococcaceae,Streptococcus,Streptococcus sp900766505,275.0,No,,,,,,,,,,,,,,,,,,,,,,,,,,,,,,,,,,,,,,,,,,,,,,,,,,,,,,,,,,,,,,,,,,,,,,,,,,,
ASMA-368,Bacteria,Pseudomonadota,Gammaproteobacteria,Pseudomonadales,Pseudomonadaceae,Pseudomonas,Pseudomonas aeruginosa,540.0,No,,,,,,,,,,,,,,,,,,,,,,,,,,,,,,,,,,,,,,,,,,,,,,,,,,,,,,,,,,,,,,,,,,,,,,,,,,,
ASMA-3680,Bacteria,Bacillota,Bacilli,Lactobacillales,Streptococcaceae,Streptococcus,Streptococcus oralis_S,346.0,No,,,,,,,,,,,,,,,,,,,,,,,,,,,,,,,,,,,,,,,,,,,,,,,,,,,,,,,,,,,,,,,,,,,,,,,,,,,
ASMA-3681,Bacteria,Bacillota,Bacilli,Lactobacillales,Streptococcaceae,Streptococcus,undetermined species,390.0,Yes,,,,,,,,,,,,,,,,,,,,,,,,,,,,,,,,,,,,,,,,,,,,,,,,,,,,,,,,,,,,,,,,,,,,,,,,,,,
ASMA-3682,Bacteria,Actinomycetota,Actinomycetes,Mycobacteriales,Mycobacteriaceae,Corynebacterium,Corynebacterium argentoratense,455.0,No,,,,,,,,,,,,,,,,,,,,,,,,,,,,,,,,,,,,,,,,,,,,,,,,,,,,,,,,,,,,,,,,,,,,,,,,,,,
ASMA-3683,Bacteria,Bacillota,Bacilli,Lactobacillales,Streptococcaceae,Streptococcus,Streptococcus oralis_BY,277.0,Yes,,,,,,,,,,,,,,,,,,,,,,,,,,,,,,,,,,,,,,,,,,,,,,,,,,,,,,,,,,,,,,,,,,,,,,,,,,,
ASMA-3684,Bacteria,Bacillota,Bacilli,Lactobacillales,Streptococcaceae,Streptococcus,Streptococcus oralis_BY,277.0,No,,,,,,,,,,,,,,,,,,,,,,,,,,,,,,,,,,,,,,,,,,,,,,,,,,,,,,,,,,,,,,,,,,,,,,,,,,,
ASMA-3685,Bacteria,Bacillota,Bacilli,Lactobacillales,Streptococcaceae,Streptococcus,Streptococcus oralis_CA,390.0,No,,,,,,,,,,,,,,,,,,,,,,,,,,,,,,,,,,,,,,,,,,,,,,,,,,,,,,,,,,,,,,,,,,,,,,,,,,,
ASMA-3686,Bacteria,Bacillota,Bacilli,Lactobacillales,Streptococcaceae,Streptococcus,undetermined species,390.0,No,,,,,,,,,,,,,,,,,,,,,,,,,,,,,,,,,,,,,,,,,,,,,,,,,,,,,,,,,,,,,,,,,,,,,,,,,,,
ASMA-3687,Bacteria,Bacillota,Bacilli,Staphylococcales,Staphylococcaceae,Staphylococcus,Staphylococcus aureus,532.0,No,,,,,,,,,,,,,,,,,,,,,,,,,,,,,,,,,,,,,,,,,,,,,,,,,,,,,,,,,,,,,,,,,,,,,,,,,,,
ASMA-3688,Bacteria,Bacillota,Bacilli,Staphylococcales,Staphylococcaceae,Staphylococcus,Staphylococcus aureus,532.0,No,,,,,,,,,,,,,,,,,,,,,,,,,,,,,,,,,,,,,,,,,,,,,,,,,,,,,,,,,,,,,,,,,,,,,,,,,,,
ASMA-3689,Bacteria,Bacillota,Bacilli,Staphylococcales,Staphylococcaceae,Staphylococcus,Staphylococcus aureus,532.0,No,,,,,,,,,,,,,,,,,,,,,,,,,,,,,,,,,,,,,,,,,,,,,,,,,,,,,,,,,,,,,,,,,,,,,,,,,,,
ASMA-369,Bacteria,Pseudomonadota,Gammaproteobacteria,Pseudomonadales,Pseudomonadaceae,Pseudomonas,Pseudomonas aeruginosa,540.0,No,,,,,,,,,,,,,,,,,,,,,,,,,,,,,,,,,,,,,,,,,,,,,,,,,,,,,,,,,,,,,,,,,,,,,,,,,,,
ASMA-3690,Bacteria,Bacillota,Bacilli,Staphylococcales,Staphylococcaceae,Staphylococcus,Staphylococcus aureus,532.0,No,,,,,,,,,,,,,,,,,,,,,,,,,,,,,,,,,,,,,,,,,,,,,,,,,,,,,,,,,,,,,,,,,,,,,,,,,,,
ASMA-3691,Bacteria,Bacillota,Bacilli,Staphylococcales,Staphylococcaceae,Staphylococcus,Staphylococcus aureus,532.0,No,,,,,,,,,,,,,,,,,,,,,,,,,,,,,,,,,,,,,,,,,,,,,,,,,,,,,,,,,,,,,,,,,,,,,,,,,,,
ASMA-3692,Bacteria,Pseudomonadota,Gammaproteobacteria,Xanthomonadales,Xanthomonadaceae,Stenotrophomonas,Stenotrophomonas maltophilia_P,386.0,No,,,,,,,,,,,,,,,,,,,,,,,,,,,,,,,,,,,,,,,,,,,,,,,,,,,,,,,,,,,,,,,,,,,,,,,,,,,
ASMA-3693,Bacteria,Pseudomonadota,Gammaproteobacteria,Xanthomonadales,Xanthomonadaceae,Stenotrophomonas,Stenotrophomonas maltophilia_P,386.0,No,,,,,,,,,,,,,,,,,,,,,,,,,,,,,,,,,,,,,,,,,,,,,,,,,,,,,,,,,,,,,,,,,,,,,,,,,,,
ASMA-3694,Bacteria,Bacillota,Bacilli,Staphylococcales,Staphylococcaceae,Staphylococcus,Staphylococcus aureus,532.0,No,,,,,,,,,,,,,,,,,,,,,,,,,,,,,,,,,,,,,,,,,,,,,,,,,,,,,,,,,,,,,,,,,,,,,,,,,,,
ASMA-3695,Bacteria,Bacillota,Bacilli,Staphylococcales,Staphylococcaceae,Staphylococcus,Staphylococcus aureus,532.0,No,,,,,,,,,,,,,,,,,,,,,,,,,,,,,,,,,,,,,,,,,,,,,,,,,,,,,,,,,,,,,,,,,,,,,,,,,,,
ASMA-3696,Bacteria,Bacillota,Bacilli,Staphylococcales,Staphylococcaceae,Staphylococcus,Staphylococcus aureus,532.0,No,,,,,,,,,,,,,,,,,,,,,,,,,,,,,,,,,,,,,,,,,,,,,,,,,,,,,,,,,,,,,,,,,,,,,,,,,,,
ASMA-3697,Bacteria,Bacillota,Bacilli,Lactobacillales,Streptococcaceae,Streptococcus,undetermined species,390.0,No,,,,,,,,,,,,,,,,,,,,,,,,,,,,,,,,,,,,,,,,,,,,,,,,,,,,,,,,,,,,,,,,,,,,,,,,,,,
ASMA-3699,Bacteria,Bacillota,Bacilli,Lactobacillales,Streptococcaceae,Streptococcus,Streptococcus oralis_S,346.0,No,,,,,,,,,,,,,,,,,,,,,,,,,,,,,,,,,,,,,,,,,,,,,,,,,,,,,,,,,,,,,,,,,,,,,,,,,,,
ASMA-37,Bacteria,Pseudomonadota,Gammaproteobacteria,Pseudomonadales,Pseudomonadaceae,Pseudomonas,Pseudomonas aeruginosa,536.0,No,,,,,,,,,,,,,,,,,,,,,,,,,,,,,,,,,,,,,,,,,,,,,,,,,,,,,,,,,,,,,,,,,,,,,,,,,,,
ASMA-370,Bacteria,Pseudomonadota,Gammaproteobacteria,Pseudomonadales,Pseudomonadaceae,Pseudomonas,Pseudomonas aeruginosa,540.0,No,,,,,,,,,,,,,,,,,,,,,,,,,,,,,,,,,,,,,,,,,,,,,,,,,,,,,,,,,,,,,,,,,,,,,,,,,,,
ASMA-3700,Bacteria,Actinomycetota,Actinomycetes,Mycobacteriales,Mycobacteriaceae,Corynebacterium,Corynebacterium argentoratense,455.0,Yes,,,,,,,,,,,,,,,,,,,,,,,,,,,,,,,,,,,,,,,,,,,,,,,,,,,,,,,,,,,,,,,,,,,,,,,,,,,
ASMA-3701,Bacteria,Actinomycetota,Actinomycetes,Actinomycetales,Actinomycetaceae,Actinomyces,Actinomyces sp915069725,169.0,Yes,,,,,,,,,,,,,,,,,,,,,,,,,,,,,,,,,,,,,,,,,,,,,,,,,,,,,,,,,,,,,,,,,,,,,,,,,,,
ASMA-3702,Bacteria,Actinomycetota,Actinomycetes,Streptomycetales,Streptomycetaceae,Streptomyces,undetermined species,,,,,,,,,,,,,,,,,,,,,,,,,,,,,,,,,,,,,,,,,,,,,,,,,,,,,,,,,,,,,,,,,,,,,,,,,,,,,
ASMA-3703,Bacteria,Bacillota,Bacilli,Lactobacillales,Lactobacillaceae,Lacticaseibacillus,Lacticaseibacillus rhamnosus,528.0,No,,,,,,,,,,,,,,,,,,,,,,,,,,,,,,,,,,,,,,,,,,,,,,,,,,,,,,,,,,,,,,,,,,,,,,,,,,,
ASMA-3704,Bacteria,Bacillota,Bacilli,Lactobacillales,Lactobacillaceae,Lacticaseibacillus,Lacticaseibacillus rhamnosus,528.0,No,,,,,,,,,,,,,,,,,,,,,,,,,,,,,,,,,,,,,,,,,,,,,,,,,,,,,,,,,,,,,,,,,,,,,,,,,,,
ASMA-3705,Bacteria,Bacillota,Bacilli,Lactobacillales,Lactobacillaceae,Lacticaseibacillus,Lacticaseibacillus rhamnosus,528.0,No,,,,,,,,,,,,,,,,,,,,,,,,,,,,,,,,,,,,,,,,,,,,,,,,,,,,,,,,,,,,,,,,,,,,,,,,,,,
ASMA-3706,Bacteria,Bacillota,Bacilli,Lactobacillales,Aerococcaceae,Granulicatella,Granulicatella sp001058355,,,,,,,,,,,,,,,,,,,,,,,,,,,,,,,,,,,,,,,,,,,,,,,,,,,,,,,,,,,,,,,,,,,,,,,,,,,,,
ASMA-3707,Bacteria,Bacillota,Bacilli,Lactobacillales,Streptococcaceae,Streptococcus,Streptococcus salivarius,478.0,No,,,,,,,,,,,,,,,,,,,,,,,,,,,,,,,,,,,,,,,,,,,,,,,,,,,,,,,,,,,,,,,,,,,,,,,,,,,
ASMA-3708,Bacteria,Bacillota,Bacilli,Lactobacillales,Streptococcaceae,Streptococcus,Streptococcus salivarius,478.0,No,,,,,,,,,,,,,,,,,,,,,,,,,,,,,,,,,,,,,,,,,,,,,,,,,,,,,,,,,,,,,,,,,,,,,,,,,,,
ASMA-371,Bacteria,Pseudomonadota,Gammaproteobacteria,Pseudomonadales,Pseudomonadaceae,Pseudomonas,Pseudomonas aeruginosa,540.0,No,,,,,,,,,,,,,,,,,,,,,,,,,,,,,,,,,,,,,,,,,,,,,,,,,,,,,,,,,,,,,,,,,,,,,,,,,,,
ASMA-3711,Bacteria,Bacillota,Bacilli,Lactobacillales,Streptococcaceae,Streptococcus,Streptococcus salivarius,478.0,No,,,,,,,,,,,,,,,,,,,,,,,,,,,,,,,,,,,,,,,,,,,,,,,,,,,,,,,,,,,,,,,,,,,,,,,,,,,
ASMA-3712,Bacteria,Bacillota,Bacilli,Lactobacillales,Streptococcaceae,Streptococcus,Streptococcus salivarius,478.0,Yes,,,,,,,,,,,,,,,,,,,,,,,,,,,,,,,,,,,,,,,,,,,,,,,,,,,,,,,,,,,,,,,,,,,,,,,,,,,
ASMA-3713,Bacteria,Bacillota,Bacilli,Lactobacillales,Streptococcaceae,Streptococcus,Streptococcus salivarius,478.0,No,,,,,,,,,,,,,,,,,,,,,,,,,,,,,,,,,,,,,,,,,,,,,,,,,,,,,,,,,,,,,,,,,,,,,,,,,,,
ASMA-3718,Bacteria,Bacillota,Bacilli,Lactobacillales,Aerococcaceae,Granulicatella,Granulicatella adiacens,,,,,,,,,,,,,,,,,,,,,,,,,,,,,,,,,,,,,,,,,,,,,,,,,,,,,,,,,,,,,,,,,,,,,,,,,,,,,
ASMA-3719,Bacteria,Bacillota,Bacilli,Staphylococcales,Staphylococcaceae,Staphylococcus,Staphylococcus epidermidis,521.0,No,,,,,,,,,,,,,,,,,,,,,,,,,,,,,,,,,,,,,,,,,,,,,,,,,,,,,,,,,,,,,,,,,,,,,,,,,,,
ASMA-372,Bacteria,Pseudomonadota,Gammaproteobacteria,Pseudomonadales,Pseudomonadaceae,Pseudomonas,Pseudomonas aeruginosa,540.0,No,,,,,,,,,,,,,,,,,,,,,,,,,,,,,,,,,,,,,,,,,,,,,,,,,,,,,,,,,,,,,,,,,,,,,,,,,,,
ASMA-3721,Bacteria,Bacillota,Bacilli,Staphylococcales,Staphylococcaceae,Staphylococcus,Staphylococcus epidermidis,521.0,No,,,,,,,,,,,,,,,,,,,,,,,,,,,,,,,,,,,,,,,,,,,,,,,,,,,,,,,,,,,,,,,,,,,,,,,,,,,
ASMA-3722,Bacteria,Bacillota,Bacilli,Lactobacillales,Streptococcaceae,Streptococcus,undetermined species,443.0,No,,,,,,,,,,,,,,,,,,,,,,,,,,,,,,,,,,,,,,,,,,,,,,,,,,,,,,,,,,,,,,,,,,,,,,,,,,,
ASMA-3723,Bacteria,Bacillota,Bacilli,Lactobacillales,Streptococcaceae,Streptococcus,undetermined species,443.0,Yes,,,,,,,,,,,,,,,,,,,,,,,,,,,,,,,,,,,,,,,,,,,,,,,,,,,,,,,,,,,,,,,,,,,,,,,,,,,
ASMA-3724,Bacteria,Bacillota,Bacilli,Lactobacillales,Streptococcaceae,Streptococcus,undetermined species,443.0,No,,,,,,,,,,,,,,,,,,,,,,,,,,,,,,,,,,,,,,,,,,,,,,,,,,,,,,,,,,,,,,,,,,,,,,,,,,,
ASMA-3725,Bacteria,Bacillota,Bacilli,Lactobacillales,Streptococcaceae,Streptococcus,Streptococcus salivarius,478.0,No,,,,,,,,,,,,,,,,,,,,,,,,,,,,,,,,,,,,,,,,,,,,,,,,,,,,,,,,,,,,,,,,,,,,,,,,,,,
ASMA-3726,Bacteria,Bacillota,Bacilli,Lactobacillales,Streptococcaceae,Streptococcus,Streptococcus salivarius,478.0,No,,,,,,,,,,,,,,,,,,,,,,,,,,,,,,,,,,,,,,,,,,,,,,,,,,,,,,,,,,,,,,,,,,,,,,,,,,,
ASMA-3727,Bacteria,Bacillota,Bacilli,Lactobacillales,Streptococcaceae,Streptococcus,Streptococcus salivarius,478.0,No,,,,,,,,,,,,,,,,,,,,,,,,,,,,,,,,,,,,,,,,,,,,,,,,,,,,,,,,,,,,,,,,,,,,,,,,,,,
ASMA-3729,Bacteria,Bacillota,Bacilli,Staphylococcales,Staphylococcaceae,Staphylococcus,Staphylococcus aureus,516.0,No,,,,,,,,,,,,,,,,,,,,,,,,,,,,,,,,,,,,,,,,,,,,,,,,,,,,,,,,,,,,,,,,,,,,,,,,,,,
ASMA-373,Bacteria,Pseudomonadota,Gammaproteobacteria,Pseudomonadales,Pseudomonadaceae,Pseudomonas,Pseudomonas aeruginosa,540.0,No,,,,,,,,,,,,,,,,,,,,,,,,,,,,,,,,,,,,,,,,,,,,,,,,,,,,,,,,,,,,,,,,,,,,,,,,,,,
ASMA-3730,Bacteria,Bacillota,Bacilli,Staphylococcales,Staphylococcaceae,Staphylococcus,Staphylococcus aureus,516.0,No,,,,,,,,,,,,,,,,,,,,,,,,,,,,,,,,,,,,,,,,,,,,,,,,,,,,,,,,,,,,,,,,,,,,,,,,,,,
ASMA-3731,Bacteria,Bacillota,Bacilli,Staphylococcales,Staphylococcaceae,Staphylococcus,Staphylococcus aureus,516.0,Yes,,,,,,,,,,,,,,,,,,,,,,,,,,,,,,,,,,,,,,,,,,,,,,,,,,,,,,,,,,,,,,,,,,,,,,,,,,,
ASMA-3733,Bacteria,Bacillota,Bacilli,Staphylococcales,Staphylococcaceae,Staphylococcus,Staphylococcus aureus,516.0,No,,,,,,,,,,,,,,,,,,,,,,,,,,,,,,,,,,,,,,,,,,,,,,,,,,,,,,,,,,,,,,,,,,,,,,,,,,,
ASMA-3734,Bacteria,Bacillota,Bacilli,Staphylococcales,Staphylococcaceae,Staphylococcus,Staphylococcus aureus,516.0,No,,,,,,,,,,,,,,,,,,,,,,,,,,,,,,,,,,,,,,,,,,,,,,,,,,,,,,,,,,,,,,,,,,,,,,,,,,,
ASMA-3735,Bacteria,Bacillota,Bacilli,Staphylococcales,Staphylococcaceae,Staphylococcus,Staphylococcus aureus,516.0,No,,,,,,,,,,,,,,,,,,,,,,,,,,,,,,,,,,,,,,,,,,,,,,,,,,,,,,,,,,,,,,,,,,,,,,,,,,,
ASMA-3736,Bacteria,Bacillota,Bacilli,Staphylococcales,Staphylococcaceae,Staphylococcus,Staphylococcus aureus,516.0,No,,,,,,,,,,,,,,,,,,,,,,,,,,,,,,,,,,,,,,,,,,,,,,,,,,,,,,,,,,,,,,,,,,,,,,,,,,,
ASMA-3737,Bacteria,Bacillota,Bacilli,Lactobacillales,Streptococcaceae,Streptococcus,Streptococcus parasanguinis_F,170.0,Yes,,,,,,,,,,,,,,,,,,,,,,,,,,,,,,,,,,,,,,,,,,,,,,,,,,,,,,,,,,,,,,,,,,,,,,,,,,,
ASMA-3738,Bacteria,Bacillota,Bacilli,Lactobacillales,Streptococcaceae,Streptococcus,Streptococcus parasanguinis,171.0,Yes,,,,,,,,,,,,,,,,,,,,,,,,,,,,,,,,,,,,,,,,,,,,,,,,,,,,,,,,,,,,,,,,,,,,,,,,,,,
ASMA-3739,Bacteria,Bacillota,Bacilli,Lactobacillales,Streptococcaceae,Streptococcus,undetermined species,172.0,Yes,,,,,,,,,,,,,,,,,,,,,,,,,,,,,,,,,,,,,,,,,,,,,,,,,,,,,,,,,,,,,,,,,,,,,,,,,,,
ASMA-374,Bacteria,Pseudomonadota,Gammaproteobacteria,Pseudomonadales,Pseudomonadaceae,Pseudomonas,Pseudomonas aeruginosa,540.0,No,,,,,,,,,,,,,,,,,,,,,,,,,,,,,,,,,,,,,,,,,,,,,,,,,,,,,,,,,,,,,,,,,,,,,,,,,,,
ASMA-375,Bacteria,Pseudomonadota,Gammaproteobacteria,Pseudomonadales,Pseudomonadaceae,Pseudomonas,Pseudomonas aeruginosa,540.0,No,,,,,,,,,,,,,,,,,,,,,,,,,,,,,,,,,,,,,,,,,,,,,,,,,,,,,,,,,,,,,,,,,,,,,,,,,,,
ASMA-3755,Bacteria,Bacillota,Bacilli,Staphylococcales,Staphylococcaceae,Staphylococcus,Staphylococcus aureus,516.0,No,,,,,,,,,,,,,,,,,,,,,,,,,,,,,,,,,,,,,,,,,,,,,,,,,,,,,,,,,,,,,,,,,,,,,,,,,,,
ASMA-3756,Bacteria,Bacillota,Bacilli,Staphylococcales,Staphylococcaceae,Staphylococcus,Staphylococcus aureus,516.0,No,,,,,,,,,,,,,,,,,,,,,,,,,,,,,,,,,,,,,,,,,,,,,,,,,,,,,,,,,,,,,,,,,,,,,,,,,,,
ASMA-3757,Bacteria,Bacillota,Bacilli,Staphylococcales,Staphylococcaceae,Staphylococcus,Staphylococcus aureus,516.0,No,,,,,,,,,,,,,,,,,,,,,,,,,,,,,,,,,,,,,,,,,,,,,,,,,,,,,,,,,,,,,,,,,,,,,,,,,,,
ASMA-3758,Bacteria,Bacillota,Bacilli,Staphylococcales,Staphylococcaceae,Staphylococcus,Staphylococcus aureus,516.0,No,,,,,,,,,,,,,,,,,,,,,,,,,,,,,,,,,,,,,,,,,,,,,,,,,,,,,,,,,,,,,,,,,,,,,,,,,,,
ASMA-3759,Bacteria,Bacillota,Bacilli,Staphylococcales,Staphylococcaceae,Staphylococcus,Staphylococcus aureus,516.0,No,,,,,,,,,,,,,,,,,,,,,,,,,,,,,,,,,,,,,,,,,,,,,,,,,,,,,,,,,,,,,,,,,,,,,,,,,,,
ASMA-376,Bacteria,Pseudomonadota,Gammaproteobacteria,Pseudomonadales,Pseudomonadaceae,Pseudomonas,Pseudomonas aeruginosa,540.0,No,,,,,,,,,,,,,,,,,,,,,,,,,,,,,,,,,,,,,,,,,,,,,,,,,,,,,,,,,,,,,,,,,,,,,,,,,,,
ASMA-3760,Bacteria,Bacillota,Bacilli,Staphylococcales,Staphylococcaceae,Staphylococcus,Staphylococcus aureus,539.0,No,,,,,,,,,,,,,,,,,,,,,,,,,,,,,,,,,,,,,,,,,,,,,,,,,,,,,,,,,,,,,,,,,,,,,,,,,,,
ASMA-3761,Bacteria,Bacillota,Bacilli,Staphylococcales,Staphylococcaceae,Staphylococcus,Staphylococcus aureus,539.0,No,,,,,,,,,,,,,,,,,,,,,,,,,,,,,,,,,,,,,,,,,,,,,,,,,,,,,,,,,,,,,,,,,,,,,,,,,,,
ASMA-3762,Bacteria,Bacillota,Bacilli,Staphylococcales,Staphylococcaceae,Staphylococcus,Staphylococcus aureus,539.0,No,,,,,,,,,,,,,,,,,,,,,,,,,,,,,,,,,,,,,,,,,,,,,,,,,,,,,,,,,,,,,,,,,,,,,,,,,,,
ASMA-3763,Bacteria,Bacillota,Bacilli,Lactobacillales,Streptococcaceae,Streptococcus,Streptococcus salivarius,527.0,No,,,,,,,,,,,,,,,,,,,,,,,,,,,,,,,,,,,,,,,,,,,,,,,,,,,,,,,,,,,,,,,,,,,,,,,,,,,
ASMA-3764,Bacteria,Bacillota,Bacilli,Lactobacillales,Streptococcaceae,Streptococcus,Streptococcus salivarius,527.0,No,,,,,,,,,,,,,,,,,,,,,,,,,,,,,,,,,,,,,,,,,,,,,,,,,,,,,,,,,,,,,,,,,,,,,,,,,,,
ASMA-3765,Bacteria,Pseudomonadota,Gammaproteobacteria,Burkholderiales,Alcaligenaceae,Achromobacter,Achromobacter xylosoxidans,538.0,No,,,,,,,,,,,,,,,,,,,,,,,,,,,,,,,,,,,,,,,,,,,,,,,,,,,,,,,,,,,,,,,,,,,,,,,,,,,
ASMA-3766,Bacteria,Pseudomonadota,Gammaproteobacteria,Burkholderiales,Alcaligenaceae,Achromobacter,Achromobacter xylosoxidans,538.0,No,,,,,,,,,,,,,,,,,,,,,,,,,,,,,,,,,,,,,,,,,,,,,,,,,,,,,,,,,,,,,,,,,,,,,,,,,,,
ASMA-3767,Bacteria,Pseudomonadota,Gammaproteobacteria,Burkholderiales,Alcaligenaceae,Achromobacter,Achromobacter xylosoxidans,538.0,No,,,,,,,,,,,,,,,,,,,,,,,,,,,,,,,,,,,,,,,,,,,,,,,,,,,,,,,,,,,,,,,,,,,,,,,,,,,
ASMA-3768,Bacteria,Pseudomonadota,Gammaproteobacteria,Burkholderiales,Alcaligenaceae,Achromobacter,Achromobacter xylosoxidans,538.0,No,,,,,,,,,,,,,,,,,,,,,,,,,,,,,,,,,,,,,,,,,,,,,,,,,,,,,,,,,,,,,,,,,,,,,,,,,,,
ASMA-3769,Bacteria,Pseudomonadota,Gammaproteobacteria,Burkholderiales,Alcaligenaceae,Achromobacter,Achromobacter xylosoxidans,538.0,No,,,,,,,,,,,,,,,,,,,,,,,,,,,,,,,,,,,,,,,,,,,,,,,,,,,,,,,,,,,,,,,,,,,,,,,,,,,
ASMA-377,Bacteria,Pseudomonadota,Gammaproteobacteria,Pseudomonadales,Pseudomonadaceae,Pseudomonas,Pseudomonas aeruginosa,540.0,No,,,,,,,,,,,,,,,,,,,,,,,,,,,,,,,,,,,,,,,,,,,,,,,,,,,,,,,,,,,,,,,,,,,,,,,,,,,
ASMA-3770,Bacteria,Pseudomonadota,Gammaproteobacteria,Burkholderiales,Alcaligenaceae,Achromobacter,Achromobacter xylosoxidans,538.0,No,,,,,,,,,,,,,,,,,,,,,,,,,,,,,,,,,,,,,,,,,,,,,,,,,,,,,,,,,,,,,,,,,,,,,,,,,,,
ASMA-3771,Bacteria,Pseudomonadota,Gammaproteobacteria,Burkholderiales,Alcaligenaceae,Achromobacter,Achromobacter xylosoxidans,538.0,No,,,,,,,,,,,,,,,,,,,,,,,,,,,,,,,,,,,,,,,,,,,,,,,,,,,,,,,,,,,,,,,,,,,,,,,,,,,
ASMA-3772,Bacteria,Pseudomonadota,Gammaproteobacteria,Burkholderiales,Alcaligenaceae,Achromobacter,Achromobacter xylosoxidans,538.0,No,,,,,,,,,,,,,,,,,,,,,,,,,,,,,,,,,,,,,,,,,,,,,,,,,,,,,,,,,,,,,,,,,,,,,,,,,,,
ASMA-3773,Bacteria,Bacillota,Bacilli,Staphylococcales,Staphylococcaceae,Staphylococcus,Staphylococcus aureus,539.0,No,,,,,,,,,,,,,,,,,,,,,,,,,,,,,,,,,,,,,,,,,,,,,,,,,,,,,,,,,,,,,,,,,,,,,,,,,,,
ASMA-3774,Bacteria,Bacillota,Bacilli,Staphylococcales,Staphylococcaceae,Staphylococcus,Staphylococcus aureus,539.0,No,,,,,,,,,,,,,,,,,,,,,,,,,,,,,,,,,,,,,,,,,,,,,,,,,,,,,,,,,,,,,,,,,,,,,,,,,,,
ASMA-3775,Bacteria,Bacillota,Bacilli,Staphylococcales,Staphylococcaceae,Staphylococcus,Staphylococcus aureus,539.0,No,,,,,,,,,,,,,,,,,,,,,,,,,,,,,,,,,,,,,,,,,,,,,,,,,,,,,,,,,,,,,,,,,,,,,,,,,,,
ASMA-3776,Bacteria,Bacillota,Bacilli,Staphylococcales,Staphylococcaceae,Staphylococcus,Staphylococcus aureus,539.0,No,,,,,,,,,,,,,,,,,,,,,,,,,,,,,,,,,,,,,,,,,,,,,,,,,,,,,,,,,,,,,,,,,,,,,,,,,,,
ASMA-3777,Bacteria,Bacillota,Bacilli,Lactobacillales,Streptococcaceae,Streptococcus,Streptococcus salivarius,527.0,No,,,,,,,,,,,,,,,,,,,,,,,,,,,,,,,,,,,,,,,,,,,,,,,,,,,,,,,,,,,,,,,,,,,,,,,,,,,
ASMA-3778,Bacteria,Pseudomonadota,Gammaproteobacteria,Burkholderiales,Alcaligenaceae,Achromobacter,Achromobacter xylosoxidans,538.0,No,,,,,,,,,,,,,,,,,,,,,,,,,,,,,,,,,,,,,,,,,,,,,,,,,,,,,,,,,,,,,,,,,,,,,,,,,,,
ASMA-3779,Bacteria,Pseudomonadota,Gammaproteobacteria,Burkholderiales,Alcaligenaceae,Achromobacter,Achromobacter xylosoxidans,538.0,No,,,,,,,,,,,,,,,,,,,,,,,,,,,,,,,,,,,,,,,,,,,,,,,,,,,,,,,,,,,,,,,,,,,,,,,,,,,
ASMA-378,Bacteria,Pseudomonadota,Gammaproteobacteria,Pseudomonadales,Pseudomonadaceae,Pseudomonas,Pseudomonas aeruginosa,540.0,No,,,,,,,,,,,,,,,,,,,,,,,,,,,,,,,,,,,,,,,,,,,,,,,,,,,,,,,,,,,,,,,,,,,,,,,,,,,
ASMA-3780,Bacteria,Pseudomonadota,Gammaproteobacteria,Burkholderiales,Alcaligenaceae,Achromobacter,Achromobacter xylosoxidans,538.0,No,,,,,,,,,,,,,,,,,,,,,,,,,,,,,,,,,,,,,,,,,,,,,,,,,,,,,,,,,,,,,,,,,,,,,,,,,,,
ASMA-3781,Bacteria,Bacillota,Bacilli,Staphylococcales,Staphylococcaceae,Staphylococcus,Staphylococcus aureus,539.0,No,,,,,,,,,,,,,,,,,,,,,,,,,,,,,,,,,,,,,,,,,,,,,,,,,,,,,,,,,,,,,,,,,,,,,,,,,,,
ASMA-3782,Bacteria,Bacillota,Bacilli,Staphylococcales,Staphylococcaceae,Staphylococcus,Staphylococcus aureus,539.0,No,,,,,,,,,,,,,,,,,,,,,,,,,,,,,,,,,,,,,,,,,,,,,,,,,,,,,,,,,,,,,,,,,,,,,,,,,,,
ASMA-3783,Bacteria,Bacillota,Bacilli,Staphylococcales,Staphylococcaceae,Staphylococcus,Staphylococcus aureus,539.0,No,,,,,,,,,,,,,,,,,,,,,,,,,,,,,,,,,,,,,,,,,,,,,,,,,,,,,,,,,,,,,,,,,,,,,,,,,,,
ASMA-3784,Bacteria,Bacillota,Bacilli,Lactobacillales,Streptococcaceae,Streptococcus,Streptococcus salivarius,527.0,No,,,,,,,,,,,,,,,,,,,,,,,,,,,,,,,,,,,,,,,,,,,,,,,,,,,,,,,,,,,,,,,,,,,,,,,,,,,
ASMA-3785,Bacteria,Bacillota,Bacilli,Staphylococcales,Staphylococcaceae,Staphylococcus,Staphylococcus aureus,539.0,No,,,,,,,,,,,,,,,,,,,,,,,,,,,,,,,,,,,,,,,,,,,,,,,,,,,,,,,,,,,,,,,,,,,,,,,,,,,
ASMA-3786,Bacteria,Bacillota,Bacilli,Staphylococcales,Staphylococcaceae,Staphylococcus,Staphylococcus aureus,539.0,No,,,,,,,,,,,,,,,,,,,,,,,,,,,,,,,,,,,,,,,,,,,,,,,,,,,,,,,,,,,,,,,,,,,,,,,,,,,
ASMA-3787,Bacteria,Bacillota,Bacilli,Staphylococcales,Staphylococcaceae,Staphylococcus,Staphylococcus aureus,539.0,No,,,,,,,,,,,,,,,,,,,,,,,,,,,,,,,,,,,,,,,,,,,,,,,,,,,,,,,,,,,,,,,,,,,,,,,,,,,
ASMA-3788,Bacteria,Bacillota,Bacilli,Lactobacillales,Streptococcaceae,Streptococcus,Streptococcus parasanguinis_C,173.0,Yes,,,,,,,,,,,,,,,,,,,,,,,,,,,,,,,,,,,,,,,,,,,,,,,,,,,,,,,,,,,,,,,,,,,,,,,,,,,
ASMA-3789,Bacteria,Bacillota,Bacilli,Staphylococcales,Staphylococcaceae,Staphylococcus,Staphylococcus aureus,,,,,,,,,,,,,,,,,,,,,,,,,,,,,,,,,,,,,,,,,,,,,,,,,,,,,,,,,,,,,,,,,,,,,,,,,,,,,
ASMA-379,Bacteria,Pseudomonadota,Gammaproteobacteria,Pseudomonadales,Pseudomonadaceae,Pseudomonas,Pseudomonas aeruginosa,540.0,No,,,,,,,,,,,,,,,,,,,,,,,,,,,,,,,,,,,,,,,,,,,,,,,,,,,,,,,,,,,,,,,,,,,,,,,,,,,
ASMA-3790,Bacteria,Bacillota,Bacilli,Lactobacillales,Streptococcaceae,Streptococcus,Streptococcus salivarius,527.0,No,,,,,,,,,,,,,,,,,,,,,,,,,,,,,,,,,,,,,,,,,,,,,,,,,,,,,,,,,,,,,,,,,,,,,,,,,,,
ASMA-3791,Bacteria,Bacillota,Bacilli,Lactobacillales,Streptococcaceae,Streptococcus,Streptococcus salivarius,527.0,No,,,,,,,,,,,,,,,,,,,,,,,,,,,,,,,,,,,,,,,,,,,,,,,,,,,,,,,,,,,,,,,,,,,,,,,,,,,
ASMA-3792,Bacteria,Bacillota,Bacilli,Lactobacillales,Lactobacillaceae,Lacticaseibacillus,Lacticaseibacillus rhamnosus,174.0,Yes,,,,,,,,,,,,,,,,,,,,,,,,,,,,,,,,,,,,,,,,,,,,,,,,,,,,,,,,,,,,,,,,,,,,,,,,,,,
ASMA-3793,Bacteria,Bacillota,Bacilli,Lactobacillales,Streptococcaceae,Streptococcus,Streptococcus sp943736975,175.0,Yes,,,,,,,,,,,,,,,,,,,,,,,,,,,,,,,,,,,,,,,,,,,,,,,,,,,,,,,,,,,,,,,,,,,,,,,,,,,
ASMA-3794,Bacteria,Bacillota,Bacilli,Lactobacillales,Streptococcaceae,Streptococcus,Streptococcus salivarius,527.0,No,,,,,,,,,,,,,,,,,,,,,,,,,,,,,,,,,,,,,,,,,,,,,,,,,,,,,,,,,,,,,,,,,,,,,,,,,,,
ASMA-3795,Bacteria,Bacillota,Bacilli,Lactobacillales,Streptococcaceae,Streptococcus,Streptococcus oralis_BY,176.0,Yes,,,,,,,,,,,,,,,,,,,,,,,,,,,,,,,,,,,,,,,,,,,,,,,,,,,,,,,,,,,,,,,,,,,,,,,,,,,
ASMA-3796,Bacteria,Bacillota,Bacilli,Lactobacillales,Streptococcaceae,Streptococcus,Streptococcus oralis_CF,177.0,Yes,,,,,,,,,,,,,,,,,,,,,,,,,,,,,,,,,,,,,,,,,,,,,,,,,,,,,,,,,,,,,,,,,,,,,,,,,,,
ASMA-3797,Bacteria,Bacillota,Bacilli,Lactobacillales,Streptococcaceae,Streptococcus,Streptococcus salivarius,178.0,Yes,,,,,,,,,,,,,,,,,,,,,,,,,,,,,,,,,,,,,,,,,,,,,,,,,,,,,,,,,,,,,,,,,,,,,,,,,,,
ASMA-3798,Bacteria,Bacillota,Bacilli,Staphylococcales,Staphylococcaceae,Staphylococcus,Staphylococcus aureus,516.0,No,,,,,,,,,,,,,,,,,,,,,,,,,,,,,,,,,,,,,,,,,,,,,,,,,,,,,,,,,,,,,,,,,,,,,,,,,,,
ASMA-3799,Bacteria,Bacillota,Bacilli,Staphylococcales,Staphylococcaceae,Staphylococcus,Staphylococcus aureus,516.0,No,,,,,,,,,,,,,,,,,,,,,,,,,,,,,,,,,,,,,,,,,,,,,,,,,,,,,,,,,,,,,,,,,,,,,,,,,,,
ASMA-38,Bacteria,Pseudomonadota,Gammaproteobacteria,Pseudomonadales,Pseudomonadaceae,Pseudomonas,Pseudomonas aeruginosa,536.0,No,,,,,,,,,,,,,,,,,,,,,,,,,,,,,,,,,,,,,,,,,,,,,,,,,,,,,,,,,,,,,,,,,,,,,,,,,,,
ASMA-380,Bacteria,Pseudomonadota,Gammaproteobacteria,Pseudomonadales,Pseudomonadaceae,Pseudomonas,Pseudomonas aeruginosa,540.0,No,,,,,,,,,,,,,,,,,,,,,,,,,,,,,,,,,,,,,,,,,,,,,,,,,,,,,,,,,,,,,,,,,,,,,,,,,,,
ASMA-3800,Bacteria,Bacillota,Bacilli,Staphylococcales,Staphylococcaceae,Staphylococcus,Staphylococcus aureus,516.0,No,,,,,,,,,,,,,,,,,,,,,,,,,,,,,,,,,,,,,,,,,,,,,,,,,,,,,,,,,,,,,,,,,,,,,,,,,,,
ASMA-3801,Bacteria,Bacillota,Bacilli,Staphylococcales,Staphylococcaceae,Staphylococcus,Staphylococcus aureus,516.0,No,,,,,,,,,,,,,,,,,,,,,,,,,,,,,,,,,,,,,,,,,,,,,,,,,,,,,,,,,,,,,,,,,,,,,,,,,,,
ASMA-3802,Bacteria,Bacillota,Bacilli,Staphylococcales,Staphylococcaceae,Staphylococcus,Staphylococcus aureus,516.0,No,,,,,,,,,,,,,,,,,,,,,,,,,,,,,,,,,,,,,,,,,,,,,,,,,,,,,,,,,,,,,,,,,,,,,,,,,,,
ASMA-3803,Bacteria,Bacillota,Bacilli,Staphylococcales,Staphylococcaceae,Staphylococcus,Staphylococcus aureus,532.0,No,,,,,,,,,,,,,,,,,,,,,,,,,,,,,,,,,,,,,,,,,,,,,,,,,,,,,,,,,,,,,,,,,,,,,,,,,,,
ASMA-3804,Bacteria,Bacillota,Bacilli,Staphylococcales,Staphylococcaceae,Staphylococcus,Staphylococcus aureus,532.0,No,,,,,,,,,,,,,,,,,,,,,,,,,,,,,,,,,,,,,,,,,,,,,,,,,,,,,,,,,,,,,,,,,,,,,,,,,,,
ASMA-3805,Bacteria,Bacillota,Bacilli,Staphylococcales,Staphylococcaceae,Staphylococcus,Staphylococcus aureus,532.0,No,,,,,,,,,,,,,,,,,,,,,,,,,,,,,,,,,,,,,,,,,,,,,,,,,,,,,,,,,,,,,,,,,,,,,,,,,,,
ASMA-3806,Bacteria,Bacillota,Bacilli,Lactobacillales,Streptococcaceae,Streptococcus,Streptococcus salivarius_D,444.0,No,,,,,,,,,,,,,,,,,,,,,,,,,,,,,,,,,,,,,,,,,,,,,,,,,,,,,,,,,,,,,,,,,,,,,,,,,,,
ASMA-3807,Bacteria,Bacillota,Bacilli,Lactobacillales,Streptococcaceae,Streptococcus,Streptococcus salivarius_D,444.0,No,,,,,,,,,,,,,,,,,,,,,,,,,,,,,,,,,,,,,,,,,,,,,,,,,,,,,,,,,,,,,,,,,,,,,,,,,,,
ASMA-3808,Bacteria,Bacillota,Bacilli,Lactobacillales,Streptococcaceae,Streptococcus,Streptococcus salivarius_D,444.0,No,,,,,,,,,,,,,,,,,,,,,,,,,,,,,,,,,,,,,,,,,,,,,,,,,,,,,,,,,,,,,,,,,,,,,,,,,,,
ASMA-3809,Bacteria,Bacillota,Bacilli,Lactobacillales,Aerococcaceae,Granulicatella,Granulicatella sp916049935,,,,,,,,,,,,,,,,,,,,,,,,,,,,,,,,,,,,,,,,,,,,,,,,,,,,,,,,,,,,,,,,,,,,,,,,,,,,,
ASMA-381,Bacteria,Pseudomonadota,Gammaproteobacteria,Pseudomonadales,Pseudomonadaceae,Pseudomonas,Pseudomonas aeruginosa,540.0,No,,,,,,,,,,,,,,,,,,,,,,,,,,,,,,,,,,,,,,,,,,,,,,,,,,,,,,,,,,,,,,,,,,,,,,,,,,,
ASMA-3810,Fungi,Saccharomycetes,Ascomycota,Saccharomycetales,Debaryomycetaceae,Candida,Candida albicans,,,,,,,,,,,,,,,,,,,,,,,,,,,,,,,,,,,,,,,,,,,,,,,,,,,,,,,,,,,,,,,,,,,,,,,,,,,,,
ASMA-3811,Fungi,Saccharomycetes,Ascomycota,Saccharomycetales,Debaryomycetaceae,Candida,Candida albicans,,,,,,,,,,,,,,,,,,,,,,,,,,,,,,,,,,,,,,,,,,,,,,,,,,,,,,,,,,,,,,,,,,,,,,,,,,,,,
ASMA-3812,Fungi,Saccharomycetes,Ascomycota,Saccharomycetales,Debaryomycetaceae,Candida,Candida albicans,,,,,,,,,,,,,,,,,,,,,,,,,,,,,,,,,,,,,,,,,,,,,,,,,,,,,,,,,,,,,,,,,,,,,,,,,,,,,
ASMA-3813,Bacteria,Actinomycetota,Actinomycetes,Micrococcales,Micrococcaceae,Rothia,Rothia dentocariosa,179.0,Yes,,,,,,,,,,,,,,,,,,,,,,,,,,,,,,,,,,,,,,,,,,,,,,,,,,,,,,,,,,,,,,,,,,,,,,,,,,,
ASMA-3814,Bacteria,Bacillota,Bacilli,Lactobacillales,Streptococcaceae,Streptococcus,Streptococcus anginosus,278.0,Yes,,,,,,,,,,,,,,,,,,,,,,,,,,,,,,,,,,,,,,,,,,,,,,,,,,,,,,,,,,,,,,,,,,,,,,,,,,,
ASMA-3815,Bacteria,Bacillota,Bacilli,Lactobacillales,Streptococcaceae,Streptococcus,Streptococcus mitis,279.0,No,,,,,,,,,,,,,,,,,,,,,,,,,,,,,,,,,,,,,,,,,,,,,,,,,,,,,,,,,,,,,,,,,,,,,,,,,,,
ASMA-3816,Bacteria,Bacillota,Bacilli,Lactobacillales,Streptococcaceae,Streptococcus,Streptococcus salivarius_D,444.0,Yes,,,,,,,,,,,,,,,,,,,,,,,,,,,,,,,,,,,,,,,,,,,,,,,,,,,,,,,,,,,,,,,,,,,,,,,,,,,
ASMA-3817,Bacteria,Bacillota,Bacilli,Lactobacillales,Streptococcaceae,Streptococcus,Streptococcus salivarius_D,494.0,No,,,,,,,,,,,,,,,,,,,,,,,,,,,,,,,,,,,,,,,,,,,,,,,,,,,,,,,,,,,,,,,,,,,,,,,,,,,
ASMA-3818,Bacteria,Bacillota,Bacilli,Lactobacillales,Streptococcaceae,Streptococcus,Streptococcus salivarius_D,444.0,No,,,,,,,,,,,,,,,,,,,,,,,,,,,,,,,,,,,,,,,,,,,,,,,,,,,,,,,,,,,,,,,,,,,,,,,,,,,
ASMA-3819,Bacteria,Bacillota,Bacilli,Lactobacillales,Streptococcaceae,Streptococcus,Streptococcus sp001556435,421.0,No,,,,,,,,,,,,,,,,,,,,,,,,,,,,,,,,,,,,,,,,,,,,,,,,,,,,,,,,,,,,,,,,,,,,,,,,,,,
ASMA-382,Bacteria,Pseudomonadota,Gammaproteobacteria,Pseudomonadales,Pseudomonadaceae,Pseudomonas,Pseudomonas aeruginosa,540.0,No,,,,,,,,,,,,,,,,,,,,,,,,,,,,,,,,,,,,,,,,,,,,,,,,,,,,,,,,,,,,,,,,,,,,,,,,,,,
ASMA-3820,Bacteria,Pseudomonadota,Gammaproteobacteria,Pseudomonadales,Moraxellaceae,Moraxella,Moraxella catarrhalis,391.0,No,,,,,,,,,,,,,,,,,,,,,,,,,,,,,,,,,,,,,,,,,,,,,,,,,,,,,,,,,,,,,,,,,,,,,,,,,,,
ASMA-3821,Bacteria,Pseudomonadota,Gammaproteobacteria,Pseudomonadales,Moraxellaceae,Moraxella,Moraxella catarrhalis,391.0,No,,,,,,,,,,,,,,,,,,,,,,,,,,,,,,,,,,,,,,,,,,,,,,,,,,,,,,,,,,,,,,,,,,,,,,,,,,,
ASMA-3822,Bacteria,Pseudomonadota,Gammaproteobacteria,Pseudomonadales,Moraxellaceae,Moraxella,Moraxella catarrhalis,391.0,No,,,,,,,,,,,,,,,,,,,,,,,,,,,,,,,,,,,,,,,,,,,,,,,,,,,,,,,,,,,,,,,,,,,,,,,,,,,
ASMA-3823,Bacteria,Pseudomonadota,Gammaproteobacteria,Pseudomonadales,Moraxellaceae,Moraxella,Moraxella catarrhalis,391.0,Yes,,,,,,,,,,,,,,,,,,,,,,,,,,,,,,,,,,,,,,,,,,,,,,,,,,,,,,,,,,,,,,,,,,,,,,,,,,,
ASMA-3824,Bacteria,Actinomycetota,Actinomycetes,Micrococcales,Micrococcaceae,Rothia,Rothia dentocariosa,392.0,No,,,,,,,,,,,,,,,,,,,,,,,,,,,,,,,,,,,,,,,,,,,,,,,,,,,,,,,,,,,,,,,,,,,,,,,,,,,
ASMA-3825,Bacteria,Actinomycetota,Actinomycetes,Micrococcales,Micrococcaceae,Rothia,Rothia dentocariosa,392.0,Yes,,,,,,,,,,,,,,,,,,,,,,,,,,,,,,,,,,,,,,,,,,,,,,,,,,,,,,,,,,,,,,,,,,,,,,,,,,,
ASMA-3828,Fungi,Saccharomycetes,Ascomycota,Saccharomycetales,Debaryomycetaceae,Candida,Candida albicans,,,,,,,,,,,,,,,,,,,,,,,,,,,,,,,,,,,,,,,,,,,,,,,,,,,,,,,,,,,,,,,,,,,,,,,,,,,,,
ASMA-3829,Fungi,Saccharomycetes,Ascomycota,Saccharomycetales,Debaryomycetaceae,Candida,Candida albicans,,,,,,,,,,,,,,,,,,,,,,,,,,,,,,,,,,,,,,,,,,,,,,,,,,,,,,,,,,,,,,,,,,,,,,,,,,,,,
ASMA-383,Bacteria,Pseudomonadota,Gammaproteobacteria,Pseudomonadales,Pseudomonadaceae,Pseudomonas,Pseudomonas aeruginosa,540.0,No,,,,,,,,,,,,,,,,,,,,,,,,,,,,,,,,,,,,,,,,,,,,,,,,,,,,,,,,,,,,,,,,,,,,,,,,,,,
ASMA-3830,Bacteria,Bacillota,Bacilli,Staphylococcales,Staphylococcaceae,Staphylococcus,Staphylococcus aureus,516.0,No,,,,,,,,,,,,,,,,,,,,,,,,,,,,,,,,,,,,,,,,,,,,,,,,,,,,,,,,,,,,,,,,,,,,,,,,,,,
ASMA-3831,Bacteria,Bacillota,Bacilli,Staphylococcales,Staphylococcaceae,Staphylococcus,Staphylococcus aureus,532.0,No,,,,,,,,,,,,,,,,,,,,,,,,,,,,,,,,,,,,,,,,,,,,,,,,,,,,,,,,,,,,,,,,,,,,,,,,,,,
ASMA-3832,Fungi,Saccharomycetes,Ascomycota,Saccharomycetales,Debaryomycetaceae,Candida,Candida albicans,,,,,,,,,,,,,,,,,,,,,,,,,,,,,,,,,,,,,,,,,,,,,,,,,,,,,,,,,,,,,,,,,,,,,,,,,,,,,
ASMA-3833,Bacteria,Bacillota,Bacilli,Staphylococcales,Staphylococcaceae,Staphylococcus,Staphylococcus aureus,516.0,No,,,,,,,,,,,,,,,,,,,,,,,,,,,,,,,,,,,,,,,,,,,,,,,,,,,,,,,,,,,,,,,,,,,,,,,,,,,
ASMA-3834,Bacteria,Bacillota,Bacilli,Staphylococcales,Staphylococcaceae,Staphylococcus,Staphylococcus aureus,516.0,No,,,,,,,,,,,,,,,,,,,,,,,,,,,,,,,,,,,,,,,,,,,,,,,,,,,,,,,,,,,,,,,,,,,,,,,,,,,
ASMA-3835,Bacteria,Bacillota,Bacilli,Staphylococcales,Staphylococcaceae,Staphylococcus,Staphylococcus aureus,,,,,,,,,,,,,,,,,,,,,,,,,,,,,,,,,,,,,,,,,,,,,,,,,,,,,,,,,,,,,,,,,,,,,,,,,,,,,
ASMA-3836,Bacteria,Bacillota,Bacilli,Lactobacillales,Streptococcaceae,Streptococcus,Streptococcus salivarius_D,494.0,No,,,,,,,,,,,,,,,,,,,,,,,,,,,,,,,,,,,,,,,,,,,,,,,,,,,,,,,,,,,,,,,,,,,,,,,,,,,
ASMA-3837,Bacteria,Actinomycetota,Actinomycetes,Micrococcales,Micrococcaceae,Rothia,Rothia sp024294905,180.0,Yes,,,,,,,,,,,,,,,,,,,,,,,,,,,,,,,,,,,,,,,,,,,,,,,,,,,,,,,,,,,,,,,,,,,,,,,,,,,
ASMA-3838,Bacteria,Actinomycetota,Actinomycetes,Micrococcales,Micrococcaceae,Rothia,Rothia dentocariosa,392.0,No,,,,,,,,,,,,,,,,,,,,,,,,,,,,,,,,,,,,,,,,,,,,,,,,,,,,,,,,,,,,,,,,,,,,,,,,,,,
ASMA-3839,Bacteria,Bacillota,Bacilli,Lactobacillales,Streptococcaceae,Streptococcus,Streptococcus anginosus,278.0,No,,,,,,,,,,,,,,,,,,,,,,,,,,,,,,,,,,,,,,,,,,,,,,,,,,,,,,,,,,,,,,,,,,,,,,,,,,,
ASMA-384,Bacteria,Pseudomonadota,Gammaproteobacteria,Pseudomonadales,Pseudomonadaceae,Pseudomonas,Pseudomonas aeruginosa,540.0,No,,,,,,,,,,,,,,,,,,,,,,,,,,,,,,,,,,,,,,,,,,,,,,,,,,,,,,,,,,,,,,,,,,,,,,,,,,,
ASMA-3840,Bacteria,Actinomycetota,Actinomycetes,Micrococcales,Micrococcaceae,Rothia,Rothia dentocariosa,,,,,,,,,,,,,,,,,,,,,,,,,,,,,,,,,,,,,,,,,,,,,,,,,,,,,,,,,,,,,,,,,,,,,,,,,,,,,
ASMA-3841,Bacteria,Bacillota,Bacilli,Lactobacillales,Lactobacillaceae,Limosilactobacillus,Limosilactobacillus fermentum,280.0,No,,,,,,,,,,,,,,,,,,,,,,,,,,,,,,,,,,,,,,,,,,,,,,,,,,,,,,,,,,,,,,,,,,,,,,,,,,,
ASMA-3842,Fungi,Saccharomycetes,Ascomycota,Saccharomycetales,Debaryomycetaceae,Candida,Candida albicans,,,,,,,,,,,,,,,,,,,,,,,,,,,,,,,,,,,,,,,,,,,,,,,,,,,,,,,,,,,,,,,,,,,,,,,,,,,,,
ASMA-3843,Fungi,Saccharomycetes,Ascomycota,Saccharomycetales,Debaryomycetaceae,Candida,Candida albicans,,,,,,,,,,,,,,,,,,,,,,,,,,,,,,,,,,,,,,,,,,,,,,,,,,,,,,,,,,,,,,,,,,,,,,,,,,,,,
ASMA-3844,Bacteria,Actinomycetota,Actinomycetes,Actinomycetales,Actinomycetaceae,Actinomyces,Actinomyces sp915069725,497.0,No,,,,,,,,,,,,,,,,,,,,,,,,,,,,,,,,,,,,,,,,,,,,,,,,,,,,,,,,,,,,,,,,,,,,,,,,,,,
ASMA-3845,Bacteria,Actinomycetota,Actinomycetes,Actinomycetales,Actinomycetaceae,Actinomyces,Actinomyces sp915069725,497.0,No,,,,,,,,,,,,,,,,,,,,,,,,,,,,,,,,,,,,,,,,,,,,,,,,,,,,,,,,,,,,,,,,,,,,,,,,,,,
ASMA-3846,Bacteria,Actinomycetota,Actinomycetes,Actinomycetales,Actinomycetaceae,Actinomyces,Actinomyces oris,181.0,Yes,,,,,,,,,,,,,,,,,,,,,,,,,,,,,,,,,,,,,,,,,,,,,,,,,,,,,,,,,,,,,,,,,,,,,,,,,,,
ASMA-3847,Bacteria,Bacillota,Bacilli,Lactobacillales,Streptococcaceae,Streptococcus,Streptococcus sp001556435,421.0,Yes,,,,,,,,,,,,,,,,,,,,,,,,,,,,,,,,,,,,,,,,,,,,,,,,,,,,,,,,,,,,,,,,,,,,,,,,,,,
ASMA-3848,Bacteria,Bacillota,Bacilli,Lactobacillales,Streptococcaceae,Streptococcus,Streptococcus salivarius_D,494.0,No,,,,,,,,,,,,,,,,,,,,,,,,,,,,,,,,,,,,,,,,,,,,,,,,,,,,,,,,,,,,,,,,,,,,,,,,,,,
ASMA-3849,Bacteria,Bacillota,Bacilli,Lactobacillales,Streptococcaceae,Streptococcus,Streptococcus salivarius_D,444.0,No,,,,,,,,,,,,,,,,,,,,,,,,,,,,,,,,,,,,,,,,,,,,,,,,,,,,,,,,,,,,,,,,,,,,,,,,,,,
ASMA-385,Bacteria,Pseudomonadota,Gammaproteobacteria,Pseudomonadales,Pseudomonadaceae,Pseudomonas,Pseudomonas aeruginosa,540.0,No,,,,,,,,,,,,,,,,,,,,,,,,,,,,,,,,,,,,,,,,,,,,,,,,,,,,,,,,,,,,,,,,,,,,,,,,,,,
ASMA-3850,Bacteria,Actinomycetota,Actinomycetes,Micrococcales,Micrococcaceae,Rothia,Rothia dentocariosa,470.0,Yes,,,,,,,,,,,,,,,,,,,,,,,,,,,,,,,,,,,,,,,,,,,,,,,,,,,,,,,,,,,,,,,,,,,,,,,,,,,
ASMA-3851,Fungi,Saccharomycetes,Ascomycota,Saccharomycetales,Debaryomycetaceae,Candida,Candida albicans,,,,,,,,,,,,,,,,,,,,,,,,,,,,,,,,,,,,,,,,,,,,,,,,,,,,,,,,,,,,,,,,,,,,,,,,,,,,,
ASMA-3852,Bacteria,Bacillota,Bacilli,Lactobacillales,Streptococcaceae,Streptococcus,Streptococcus vestibularis,182.0,Yes,,,,,,,,,,,,,,,,,,,,,,,,,,,,,,,,,,,,,,,,,,,,,,,,,,,,,,,,,,,,,,,,,,,,,,,,,,,
ASMA-3853,Bacteria,Bacillota,Bacilli,Lactobacillales,Streptococcaceae,Streptococcus,Streptococcus infantis_B,183.0,Yes,,,,,,,,,,,,,,,,,,,,,,,,,,,,,,,,,,,,,,,,,,,,,,,,,,,,,,,,,,,,,,,,,,,,,,,,,,,
ASMA-3854,Bacteria,Bacillota,Bacilli,Lactobacillales,Streptococcaceae,Streptococcus,Streptococcus sp001556435,421.0,No,,,,,,,,,,,,,,,,,,,,,,,,,,,,,,,,,,,,,,,,,,,,,,,,,,,,,,,,,,,,,,,,,,,,,,,,,,,
ASMA-3855,Bacteria,Bacillota,Bacilli,Lactobacillales,Streptococcaceae,Streptococcus,Streptococcus sp001556435,421.0,No,,,,,,,,,,,,,,,,,,,,,,,,,,,,,,,,,,,,,,,,,,,,,,,,,,,,,,,,,,,,,,,,,,,,,,,,,,,
ASMA-3856,Bacteria,Bacillota,Bacilli,Staphylococcales,Gemellaceae,Gemella,Gemella sanguinis,184.0,Yes,,,,,,,,,,,,,,,,,,,,,,,,,,,,,,,,,,,,,,,,,,,,,,,,,,,,,,,,,,,,,,,,,,,,,,,,,,,
ASMA-3857,Bacteria,Actinomycetota,Actinomycetes,Actinomycetales,Actinomycetaceae,Actinomyces,Actinomyces sp915069725,497.0,No,,,,,,,,,,,,,,,,,,,,,,,,,,,,,,,,,,,,,,,,,,,,,,,,,,,,,,,,,,,,,,,,,,,,,,,,,,,
ASMA-3858,Bacteria,Pseudomonadota,Gammaproteobacteria,Burkholderiales,Neisseriaceae,Neisseria,Neisseria perflava,185.0,Yes,,,,,,,,,,,,,,,,,,,,,,,,,,,,,,,,,,,,,,,,,,,,,,,,,,,,,,,,,,,,,,,,,,,,,,,,,,,
ASMA-3859,Bacteria,Bacillota,Bacilli,Lactobacillales,Streptococcaceae,Streptococcus,Streptococcus salivarius_D,494.0,No,,,,,,,,,,,,,,,,,,,,,,,,,,,,,,,,,,,,,,,,,,,,,,,,,,,,,,,,,,,,,,,,,,,,,,,,,,,
ASMA-386,Bacteria,Pseudomonadota,Gammaproteobacteria,Pseudomonadales,Pseudomonadaceae,Pseudomonas,Pseudomonas aeruginosa,540.0,No,,,,,,,,,,,,,,,,,,,,,,,,,,,,,,,,,,,,,,,,,,,,,,,,,,,,,,,,,,,,,,,,,,,,,,,,,,,
ASMA-3860,Bacteria,Bacillota,Bacilli,Lactobacillales,Streptococcaceae,Streptococcus,Streptococcus salivarius_D,494.0,No,,,,,,,,,,,,,,,,,,,,,,,,,,,,,,,,,,,,,,,,,,,,,,,,,,,,,,,,,,,,,,,,,,,,,,,,,,,
ASMA-3862,Bacteria,Actinomycetota,Actinomycetes,Micrococcales,Micrococcaceae,Rothia,Rothia dentocariosa,392.0,No,,,,,,,,,,,,,,,,,,,,,,,,,,,,,,,,,,,,,,,,,,,,,,,,,,,,,,,,,,,,,,,,,,,,,,,,,,,
ASMA-3863,Bacteria,Actinomycetota,Actinomycetes,Micrococcales,Micrococcaceae,Rothia,Rothia dentocariosa,470.0,No,,,,,,,,,,,,,,,,,,,,,,,,,,,,,,,,,,,,,,,,,,,,,,,,,,,,,,,,,,,,,,,,,,,,,,,,,,,
ASMA-3864,Bacteria,Actinomycetota,Actinomycetes,Micrococcales,Micrococcaceae,Rothia,Rothia dentocariosa,470.0,No,,,,,,,,,,,,,,,,,,,,,,,,,,,,,,,,,,,,,,,,,,,,,,,,,,,,,,,,,,,,,,,,,,,,,,,,,,,
ASMA-3865,Bacteria,Actinomycetota,Actinomycetes,Micrococcales,Micrococcaceae,Rothia,Rothia dentocariosa,470.0,No,,,,,,,,,,,,,,,,,,,,,,,,,,,,,,,,,,,,,,,,,,,,,,,,,,,,,,,,,,,,,,,,,,,,,,,,,,,
ASMA-3866,Bacteria,Actinomycetota,Actinomycetes,Micrococcales,Micrococcaceae,Rothia,Rothia dentocariosa,470.0,No,,,,,,,,,,,,,,,,,,,,,,,,,,,,,,,,,,,,,,,,,,,,,,,,,,,,,,,,,,,,,,,,,,,,,,,,,,,
ASMA-3867,Bacteria,Actinomycetota,Actinomycetes,Micrococcales,Micrococcaceae,Rothia,Rothia dentocariosa,470.0,No,,,,,,,,,,,,,,,,,,,,,,,,,,,,,,,,,,,,,,,,,,,,,,,,,,,,,,,,,,,,,,,,,,,,,,,,,,,
ASMA-3868,Bacteria,Bacillota,Bacilli,Lactobacillales,Streptococcaceae,Streptococcus,Streptococcus sp001556435,281.0,No,,,,,,,,,,,,,,,,,,,,,,,,,,,,,,,,,,,,,,,,,,,,,,,,,,,,,,,,,,,,,,,,,,,,,,,,,,,
ASMA-3869,Bacteria,Bacillota,Bacilli,Lactobacillales,Streptococcaceae,Streptococcus,Streptococcus salivarius_D,494.0,No,,,,,,,,,,,,,,,,,,,,,,,,,,,,,,,,,,,,,,,,,,,,,,,,,,,,,,,,,,,,,,,,,,,,,,,,,,,
ASMA-387,Bacteria,Pseudomonadota,Gammaproteobacteria,Pseudomonadales,Pseudomonadaceae,Pseudomonas,Pseudomonas aeruginosa,540.0,No,,,,,,,,,,,,,,,,,,,,,,,,,,,,,,,,,,,,,,,,,,,,,,,,,,,,,,,,,,,,,,,,,,,,,,,,,,,
ASMA-3870,Bacteria,Bacillota,Bacilli,Lactobacillales,Streptococcaceae,Streptococcus,Streptococcus sp001556435,281.0,Yes,,,,,,,,,,,,,,,,,,,,,,,,,,,,,,,,,,,,,,,,,,,,,,,,,,,,,,,,,,,,,,,,,,,,,,,,,,,
ASMA-3871,Bacteria,Bacillota,Bacilli,Lactobacillales,Streptococcaceae,Streptococcus,Streptococcus gordonii,347.0,No,,,,,,,,,,,,,,,,,,,,,,,,,,,,,,,,,,,,,,,,,,,,,,,,,,,,,,,,,,,,,,,,,,,,,,,,,,,
ASMA-3872,Bacteria,Bacillota,Bacilli,Lactobacillales,Streptococcaceae,Streptococcus,Streptococcus parasanguinis_L,282.0,Yes,,,,,,,,,,,,,,,,,,,,,,,,,,,,,,,,,,,,,,,,,,,,,,,,,,,,,,,,,,,,,,,,,,,,,,,,,,,
ASMA-3873,Bacteria,Bacillota,Bacilli,Lactobacillales,Streptococcaceae,Streptococcus,Streptococcus gordonii,347.0,Yes,,,,,,,,,,,,,,,,,,,,,,,,,,,,,,,,,,,,,,,,,,,,,,,,,,,,,,,,,,,,,,,,,,,,,,,,,,,
ASMA-3874,Bacteria,Actinomycetota,Actinomycetes,Actinomycetales,Actinomycetaceae,Actinomyces,Actinomyces sp915069725,497.0,No,,,,,,,,,,,,,,,,,,,,,,,,,,,,,,,,,,,,,,,,,,,,,,,,,,,,,,,,,,,,,,,,,,,,,,,,,,,
ASMA-3875,Bacteria,Actinomycetota,Actinomycetes,Actinomycetales,Actinomycetaceae,Actinomyces,Actinomyces sp915069725,497.0,No,,,,,,,,,,,,,,,,,,,,,,,,,,,,,,,,,,,,,,,,,,,,,,,,,,,,,,,,,,,,,,,,,,,,,,,,,,,
ASMA-3876,Bacteria,Bacillota,Bacilli,Lactobacillales,Streptococcaceae,Streptococcus,Streptococcus mutans,186.0,Yes,,,,,,,,,,,,,,,,,,,,,,,,,,,,,,,,,,,,,,,,,,,,,,,,,,,,,,,,,,,,,,,,,,,,,,,,,,,
ASMA-3877,Bacteria,Actinomycetota,Actinomycetes,Actinomycetales,Actinomycetaceae,Actinomyces,Actinomyces sp915069725,497.0,No,,,,,,,,,,,,,,,,,,,,,,,,,,,,,,,,,,,,,,,,,,,,,,,,,,,,,,,,,,,,,,,,,,,,,,,,,,,
ASMA-3878,Bacteria,Actinomycetota,Actinomycetes,Actinomycetales,Actinomycetaceae,Actinomyces,Actinomyces sp915069725,497.0,No,,,,,,,,,,,,,,,,,,,,,,,,,,,,,,,,,,,,,,,,,,,,,,,,,,,,,,,,,,,,,,,,,,,,,,,,,,,
ASMA-3879,Bacteria,Actinomycetota,Actinomycetes,Actinomycetales,Actinomycetaceae,Actinomyces,Actinomyces sp915069725,497.0,No,,,,,,,,,,,,,,,,,,,,,,,,,,,,,,,,,,,,,,,,,,,,,,,,,,,,,,,,,,,,,,,,,,,,,,,,,,,
ASMA-388,Bacteria,Pseudomonadota,Gammaproteobacteria,Pseudomonadales,Pseudomonadaceae,Pseudomonas,Pseudomonas aeruginosa,540.0,No,,,,,,,,,,,,,,,,,,,,,,,,,,,,,,,,,,,,,,,,,,,,,,,,,,,,,,,,,,,,,,,,,,,,,,,,,,,
ASMA-3880,Bacteria,Pseudomonadota,Gammaproteobacteria,Burkholderiales,Neisseriaceae,Neisseria,Neisseria sp000186165,393.0,Yes,,,,,,,,,,,,,,,,,,,,,,,,,,,,,,,,,,,,,,,,,,,,,,,,,,,,,,,,,,,,,,,,,,,,,,,,,,,
ASMA-3881,Bacteria,Pseudomonadota,Gammaproteobacteria,Burkholderiales,Neisseriaceae,Neisseria,Neisseria sp000186165,393.0,No,,,,,,,,,,,,,,,,,,,,,,,,,,,,,,,,,,,,,,,,,,,,,,,,,,,,,,,,,,,,,,,,,,,,,,,,,,,
ASMA-3882,Bacteria,Pseudomonadota,Gammaproteobacteria,Burkholderiales,Neisseriaceae,Neisseria,Neisseria sp000186165,393.0,No,,,,,,,,,,,,,,,,,,,,,,,,,,,,,,,,,,,,,,,,,,,,,,,,,,,,,,,,,,,,,,,,,,,,,,,,,,,
ASMA-3883,Bacteria,Pseudomonadota,Gammaproteobacteria,Burkholderiales,Neisseriaceae,Neisseria,Neisseria sp000186165,393.0,No,,,,,,,,,,,,,,,,,,,,,,,,,,,,,,,,,,,,,,,,,,,,,,,,,,,,,,,,,,,,,,,,,,,,,,,,,,,
ASMA-3884,Bacteria,Bacillota,Bacilli,Lactobacillales,Streptococcaceae,Streptococcus,Streptococcus parasanguinis_Q,283.0,Yes,,,,,,,,,,,,,,,,,,,,,,,,,,,,,,,,,,,,,,,,,,,,,,,,,,,,,,,,,,,,,,,,,,,,,,,,,,,
ASMA-3885,Bacteria,Bacillota,Bacilli,Lactobacillales,Streptococcaceae,Streptococcus,Streptococcus parasanguinis_L,282.0,No,,,,,,,,,,,,,,,,,,,,,,,,,,,,,,,,,,,,,,,,,,,,,,,,,,,,,,,,,,,,,,,,,,,,,,,,,,,
ASMA-3886,Bacteria,Bacillota,Bacilli,Lactobacillales,Streptococcaceae,Streptococcus,Streptococcus parasanguinis_Q,283.0,No,,,,,,,,,,,,,,,,,,,,,,,,,,,,,,,,,,,,,,,,,,,,,,,,,,,,,,,,,,,,,,,,,,,,,,,,,,,
ASMA-3887,Bacteria,Bacillota,Bacilli,Lactobacillales,Streptococcaceae,Streptococcus,Streptococcus gordonii,347.0,No,,,,,,,,,,,,,,,,,,,,,,,,,,,,,,,,,,,,,,,,,,,,,,,,,,,,,,,,,,,,,,,,,,,,,,,,,,,
ASMA-3888,Bacteria,Actinomycetota,Actinomycetes,Actinomycetales,Actinomycetaceae,Actinomyces,Actinomyces sp915069725,497.0,No,,,,,,,,,,,,,,,,,,,,,,,,,,,,,,,,,,,,,,,,,,,,,,,,,,,,,,,,,,,,,,,,,,,,,,,,,,,
ASMA-3889,Bacteria,Actinomycetota,Actinomycetes,Actinomycetales,Actinomycetaceae,Actinomyces,Actinomyces sp915069725,497.0,Yes,,,,,,,,,,,,,,,,,,,,,,,,,,,,,,,,,,,,,,,,,,,,,,,,,,,,,,,,,,,,,,,,,,,,,,,,,,,
ASMA-389,Bacteria,Pseudomonadota,Gammaproteobacteria,Pseudomonadales,Pseudomonadaceae,Pseudomonas,Pseudomonas aeruginosa,540.0,No,,,,,,,,,,,,,,,,,,,,,,,,,,,,,,,,,,,,,,,,,,,,,,,,,,,,,,,,,,,,,,,,,,,,,,,,,,,
ASMA-3890,Bacteria,Actinomycetota,Actinomycetes,Micrococcales,Micrococcaceae,Rothia,Rothia dentocariosa,470.0,No,,,,,,,,,,,,,,,,,,,,,,,,,,,,,,,,,,,,,,,,,,,,,,,,,,,,,,,,,,,,,,,,,,,,,,,,,,,
ASMA-3891,Bacteria,Actinomycetota,Actinomycetes,Actinomycetales,Actinomycetaceae,Actinomyces,Actinomyces sp915069725,497.0,No,,,,,,,,,,,,,,,,,,,,,,,,,,,,,,,,,,,,,,,,,,,,,,,,,,,,,,,,,,,,,,,,,,,,,,,,,,,
ASMA-3892,Bacteria,Actinomycetota,Actinomycetes,Actinomycetales,Actinomycetaceae,Actinomyces,Actinomyces sp915069725,187.0,Yes,,,,,,,,,,,,,,,,,,,,,,,,,,,,,,,,,,,,,,,,,,,,,,,,,,,,,,,,,,,,,,,,,,,,,,,,,,,
ASMA-3893,Bacteria,Bacillota,Bacilli,Lactobacillales,Streptococcaceae,Streptococcus,Streptococcus sp001556435,421.0,No,,,,,,,,,,,,,,,,,,,,,,,,,,,,,,,,,,,,,,,,,,,,,,,,,,,,,,,,,,,,,,,,,,,,,,,,,,,
ASMA-3894,Bacteria,Actinomycetota,Actinomycetes,Micrococcales,Micrococcaceae,Rothia,Rothia dentocariosa,470.0,No,,,,,,,,,,,,,,,,,,,,,,,,,,,,,,,,,,,,,,,,,,,,,,,,,,,,,,,,,,,,,,,,,,,,,,,,,,,
ASMA-3895,Bacteria,Actinomycetota,Actinomycetes,Micrococcales,Micrococcaceae,Rothia,Rothia dentocariosa,470.0,No,,,,,,,,,,,,,,,,,,,,,,,,,,,,,,,,,,,,,,,,,,,,,,,,,,,,,,,,,,,,,,,,,,,,,,,,,,,
ASMA-3896,Bacteria,Bacillota,Bacilli,Staphylococcales,Staphylococcaceae,Staphylococcus,Staphylococcus epidermidis,334.0,No,,,,,,,,,,,,,,,,,,,,,,,,,,,,,,,,,,,,,,,,,,,,,,,,,,,,,,,,,,,,,,,,,,,,,,,,,,,
ASMA-3897,Bacteria,Actinomycetota,Actinomycetes,Micrococcales,Micrococcaceae,Rothia,Rothia aeria,422.0,No,,,,,,,,,,,,,,,,,,,,,,,,,,,,,,,,,,,,,,,,,,,,,,,,,,,,,,,,,,,,,,,,,,,,,,,,,,,
ASMA-3898,Bacteria,Actinomycetota,Actinomycetes,Micrococcales,Micrococcaceae,Rothia,Rothia aeria,422.0,No,,,,,,,,,,,,,,,,,,,,,,,,,,,,,,,,,,,,,,,,,,,,,,,,,,,,,,,,,,,,,,,,,,,,,,,,,,,
ASMA-3899,Bacteria,Actinomycetota,Actinomycetes,Micrococcales,Micrococcaceae,Rothia,Rothia aeria,422.0,No,,,,,,,,,,,,,,,,,,,,,,,,,,,,,,,,,,,,,,,,,,,,,,,,,,,,,,,,,,,,,,,,,,,,,,,,,,,
ASMA-39,Bacteria,Pseudomonadota,Gammaproteobacteria,Pseudomonadales,Pseudomonadaceae,Pseudomonas,Pseudomonas aeruginosa,536.0,No,,,,,,,,,,,,,,,,,,,,,,,,,,,,,,,,,,,,,,,,,,,,,,,,,,,,,,,,,,,,,,,,,,,,,,,,,,,
ASMA-390,Bacteria,Pseudomonadota,Gammaproteobacteria,Pseudomonadales,Pseudomonadaceae,Pseudomonas,Pseudomonas aeruginosa,540.0,No,,,,,,,,,,,,,,,,,,,,,,,,,,,,,,,,,,,,,,,,,,,,,,,,,,,,,,,,,,,,,,,,,,,,,,,,,,,
ASMA-3900,Bacteria,Bacillota,Bacilli,Lactobacillales,Streptococcaceae,Streptococcus,Streptococcus salivarius_D,494.0,No,,,,,,,,,,,,,,,,,,,,,,,,,,,,,,,,,,,,,,,,,,,,,,,,,,,,,,,,,,,,,,,,,,,,,,,,,,,
ASMA-3901,Bacteria,Bacillota,Bacilli,Lactobacillales,Streptococcaceae,Streptococcus,Streptococcus sp001556435,394.0,No,,,,,,,,,,,,,,,,,,,,,,,,,,,,,,,,,,,,,,,,,,,,,,,,,,,,,,,,,,,,,,,,,,,,,,,,,,,
ASMA-3902,Bacteria,Bacillota,Bacilli,Lactobacillales,Streptococcaceae,Streptococcus,Streptococcus salivarius_D,494.0,No,,,,,,,,,,,,,,,,,,,,,,,,,,,,,,,,,,,,,,,,,,,,,,,,,,,,,,,,,,,,,,,,,,,,,,,,,,,
ASMA-3903,Bacteria,Bacillota,Bacilli,Lactobacillales,Streptococcaceae,Streptococcus,Streptococcus salivarius_D,494.0,No,,,,,,,,,,,,,,,,,,,,,,,,,,,,,,,,,,,,,,,,,,,,,,,,,,,,,,,,,,,,,,,,,,,,,,,,,,,
ASMA-3904,Bacteria,Bacillota,Bacilli,Lactobacillales,Streptococcaceae,Streptococcus,Streptococcus sp902479835,188.0,Yes,,,,,,,,,,,,,,,,,,,,,,,,,,,,,,,,,,,,,,,,,,,,,,,,,,,,,,,,,,,,,,,,,,,,,,,,,,,
ASMA-3905,Bacteria,Bacillota,Bacilli,Lactobacillales,Streptococcaceae,Streptococcus,Streptococcus mitis,189.0,Yes,,,,,,,,,,,,,,,,,,,,,,,,,,,,,,,,,,,,,,,,,,,,,,,,,,,,,,,,,,,,,,,,,,,,,,,,,,,
ASMA-3906,Bacteria,Bacillota,Bacilli,Lactobacillales,Streptococcaceae,Streptococcus,Streptococcus sp000688775,190.0,Yes,,,,,,,,,,,,,,,,,,,,,,,,,,,,,,,,,,,,,,,,,,,,,,,,,,,,,,,,,,,,,,,,,,,,,,,,,,,
ASMA-3907,Bacteria,Bacillota,Bacilli,Lactobacillales,Streptococcaceae,Streptococcus,Streptococcus parasanguinis,191.0,Yes,,,,,,,,,,,,,,,,,,,,,,,,,,,,,,,,,,,,,,,,,,,,,,,,,,,,,,,,,,,,,,,,,,,,,,,,,,,
ASMA-3908,Bacteria,Bacillota,Bacilli,Lactobacillales,Streptococcaceae,Streptococcus,Streptococcus sp001556435,192.0,Yes,,,,,,,,,,,,,,,,,,,,,,,,,,,,,,,,,,,,,,,,,,,,,,,,,,,,,,,,,,,,,,,,,,,,,,,,,,,
ASMA-3909,Bacteria,Bacillota,Bacilli,Lactobacillales,Streptococcaceae,Streptococcus,Streptococcus sp024295625,193.0,Yes,,,,,,,,,,,,,,,,,,,,,,,,,,,,,,,,,,,,,,,,,,,,,,,,,,,,,,,,,,,,,,,,,,,,,,,,,,,
ASMA-391,Bacteria,Pseudomonadota,Gammaproteobacteria,Pseudomonadales,Pseudomonadaceae,Pseudomonas,Pseudomonas aeruginosa,540.0,No,,,,,,,,,,,,,,,,,,,,,,,,,,,,,,,,,,,,,,,,,,,,,,,,,,,,,,,,,,,,,,,,,,,,,,,,,,,
ASMA-3910,Bacteria,Bacillota,Bacilli,Lactobacillales,Streptococcaceae,Streptococcus,Streptococcus parasanguinis_D,284.0,Yes,,,,,,,,,,,,,,,,,,,,,,,,,,,,,,,,,,,,,,,,,,,,,,,,,,,,,,,,,,,,,,,,,,,,,,,,,,,
ASMA-3911,Bacteria,Pseudomonadota,Gammaproteobacteria,Burkholderiales,Neisseriaceae,Neisseria,Neisseria sp001809325,395.0,No,,,,,,,,,,,,,,,,,,,,,,,,,,,,,,,,,,,,,,,,,,,,,,,,,,,,,,,,,,,,,,,,,,,,,,,,,,,
ASMA-3912,Bacteria,Pseudomonadota,Gammaproteobacteria,Burkholderiales,Neisseriaceae,Neisseria,Neisseria sp001809325,395.0,No,,,,,,,,,,,,,,,,,,,,,,,,,,,,,,,,,,,,,,,,,,,,,,,,,,,,,,,,,,,,,,,,,,,,,,,,,,,
ASMA-3913,Bacteria,Pseudomonadota,Gammaproteobacteria,Burkholderiales,Neisseriaceae,Neisseria,Neisseria sp001809325,395.0,Yes,,,,,,,,,,,,,,,,,,,,,,,,,,,,,,,,,,,,,,,,,,,,,,,,,,,,,,,,,,,,,,,,,,,,,,,,,,,
ASMA-3914,Bacteria,Pseudomonadota,Gammaproteobacteria,Burkholderiales,Neisseriaceae,Neisseria,Neisseria sp001809325,395.0,No,,,,,,,,,,,,,,,,,,,,,,,,,,,,,,,,,,,,,,,,,,,,,,,,,,,,,,,,,,,,,,,,,,,,,,,,,,,
ASMA-3915,Bacteria,Bacillota,Bacilli,Lactobacillales,Streptococcaceae,Streptococcus,Streptococcus sp001556435,394.0,No,,,,,,,,,,,,,,,,,,,,,,,,,,,,,,,,,,,,,,,,,,,,,,,,,,,,,,,,,,,,,,,,,,,,,,,,,,,
ASMA-3916,Bacteria,Bacillota,Bacilli,Lactobacillales,Streptococcaceae,Streptococcus,Streptococcus sp001556435,394.0,Yes,,,,,,,,,,,,,,,,,,,,,,,,,,,,,,,,,,,,,,,,,,,,,,,,,,,,,,,,,,,,,,,,,,,,,,,,,,,
ASMA-3917,Bacteria,Bacillota,Bacilli,Lactobacillales,Streptococcaceae,Streptococcus,Streptococcus salivarius_D,494.0,No,,,,,,,,,,,,,,,,,,,,,,,,,,,,,,,,,,,,,,,,,,,,,,,,,,,,,,,,,,,,,,,,,,,,,,,,,,,
ASMA-3918,Bacteria,Bacillota,Bacilli,Lactobacillales,Streptococcaceae,Streptococcus,Streptococcus sp001556435,394.0,No,,,,,,,,,,,,,,,,,,,,,,,,,,,,,,,,,,,,,,,,,,,,,,,,,,,,,,,,,,,,,,,,,,,,,,,,,,,
ASMA-3919,Bacteria,Actinomycetota,Actinomycetes,Actinomycetales,Actinomycetaceae,Actinomyces,Actinomyces oris_A,456.0,No,,,,,,,,,,,,,,,,,,,,,,,,,,,,,,,,,,,,,,,,,,,,,,,,,,,,,,,,,,,,,,,,,,,,,,,,,,,
ASMA-392,Bacteria,Pseudomonadota,Gammaproteobacteria,Pseudomonadales,Pseudomonadaceae,Pseudomonas,Pseudomonas aeruginosa,540.0,No,,,,,,,,,,,,,,,,,,,,,,,,,,,,,,,,,,,,,,,,,,,,,,,,,,,,,,,,,,,,,,,,,,,,,,,,,,,
ASMA-3920,Bacteria,Actinomycetota,Actinomycetes,Actinomycetales,Actinomycetaceae,Actinomyces,Actinomyces oris_A,456.0,No,,,,,,,,,,,,,,,,,,,,,,,,,,,,,,,,,,,,,,,,,,,,,,,,,,,,,,,,,,,,,,,,,,,,,,,,,,,
ASMA-3921,Bacteria,Actinomycetota,Actinomycetes,Actinomycetales,Actinomycetaceae,Actinomyces,Actinomyces sp915069725,497.0,No,,,,,,,,,,,,,,,,,,,,,,,,,,,,,,,,,,,,,,,,,,,,,,,,,,,,,,,,,,,,,,,,,,,,,,,,,,,
ASMA-3922,Bacteria,Actinomycetota,Actinomycetes,Actinomycetales,Actinomycetaceae,Actinomyces,Actinomyces sp915069725,497.0,No,,,,,,,,,,,,,,,,,,,,,,,,,,,,,,,,,,,,,,,,,,,,,,,,,,,,,,,,,,,,,,,,,,,,,,,,,,,
ASMA-3923,Bacteria,Actinomycetota,Actinomycetes,Actinomycetales,Actinomycetaceae,Actinomyces,Actinomyces sp915069725,497.0,No,,,,,,,,,,,,,,,,,,,,,,,,,,,,,,,,,,,,,,,,,,,,,,,,,,,,,,,,,,,,,,,,,,,,,,,,,,,
ASMA-3924,Bacteria,Actinomycetota,Actinomycetes,Actinomycetales,Actinomycetaceae,Actinomyces,Actinomyces oris_A,456.0,No,,,,,,,,,,,,,,,,,,,,,,,,,,,,,,,,,,,,,,,,,,,,,,,,,,,,,,,,,,,,,,,,,,,,,,,,,,,
ASMA-3925,Bacteria,Bacillota,Bacilli,Lactobacillales,Streptococcaceae,Streptococcus,undetermined species,194.0,Yes,,,,,,,,,,,,,,,,,,,,,,,,,,,,,,,,,,,,,,,,,,,,,,,,,,,,,,,,,,,,,,,,,,,,,,,,,,,
ASMA-3926,Bacteria,Bacillota,Bacilli,Lactobacillales,Streptococcaceae,Streptococcus,undetermined species,195.0,Yes,,,,,,,,,,,,,,,,,,,,,,,,,,,,,,,,,,,,,,,,,,,,,,,,,,,,,,,,,,,,,,,,,,,,,,,,,,,
ASMA-3927,Bacteria,Bacillota,Bacilli,Lactobacillales,Streptococcaceae,Streptococcus,Streptococcus sp001072385,196.0,Yes,,,,,,,,,,,,,,,,,,,,,,,,,,,,,,,,,,,,,,,,,,,,,,,,,,,,,,,,,,,,,,,,,,,,,,,,,,,
ASMA-3928,Bacteria,Bacillota,Bacilli,Lactobacillales,Streptococcaceae,Streptococcus,Streptococcus sanguinis_Q,285.0,Yes,,,,,,,,,,,,,,,,,,,,,,,,,,,,,,,,,,,,,,,,,,,,,,,,,,,,,,,,,,,,,,,,,,,,,,,,,,,
ASMA-3929,Bacteria,Bacillota,Bacilli,Lactobacillales,Streptococcaceae,Streptococcus,Streptococcus parasanguinis_D,284.0,No,,,,,,,,,,,,,,,,,,,,,,,,,,,,,,,,,,,,,,,,,,,,,,,,,,,,,,,,,,,,,,,,,,,,,,,,,,,
ASMA-393,Bacteria,Pseudomonadota,Gammaproteobacteria,Pseudomonadales,Pseudomonadaceae,Pseudomonas,Pseudomonas aeruginosa,540.0,No,,,,,,,,,,,,,,,,,,,,,,,,,,,,,,,,,,,,,,,,,,,,,,,,,,,,,,,,,,,,,,,,,,,,,,,,,,,
ASMA-3930,Bacteria,Bacillota,Bacilli,Lactobacillales,Streptococcaceae,Streptococcus,Streptococcus sanguinis_Q,285.0,No,,,,,,,,,,,,,,,,,,,,,,,,,,,,,,,,,,,,,,,,,,,,,,,,,,,,,,,,,,,,,,,,,,,,,,,,,,,
ASMA-3931,Bacteria,Actinomycetota,Actinomycetes,Micrococcales,Micrococcaceae,Rothia,Rothia aeria,422.0,Yes,,,,,,,,,,,,,,,,,,,,,,,,,,,,,,,,,,,,,,,,,,,,,,,,,,,,,,,,,,,,,,,,,,,,,,,,,,,
ASMA-3932,Bacteria,Actinomycetota,Actinomycetes,Micrococcales,Micrococcaceae,Rothia,Rothia aeria,422.0,No,,,,,,,,,,,,,,,,,,,,,,,,,,,,,,,,,,,,,,,,,,,,,,,,,,,,,,,,,,,,,,,,,,,,,,,,,,,
ASMA-3934,Bacteria,Bacillota,Bacilli,Lactobacillales,Streptococcaceae,Streptococcus,Streptococcus salivarius_D,494.0,No,,,,,,,,,,,,,,,,,,,,,,,,,,,,,,,,,,,,,,,,,,,,,,,,,,,,,,,,,,,,,,,,,,,,,,,,,,,
ASMA-3935,Bacteria,Bacillota,Bacilli,Lactobacillales,Streptococcaceae,Streptococcus,Streptococcus salivarius_D,494.0,No,,,,,,,,,,,,,,,,,,,,,,,,,,,,,,,,,,,,,,,,,,,,,,,,,,,,,,,,,,,,,,,,,,,,,,,,,,,
ASMA-3936,Bacteria,Bacillota,Bacilli,Lactobacillales,Streptococcaceae,Streptococcus,Streptococcus salivarius_D,494.0,No,,,,,,,,,,,,,,,,,,,,,,,,,,,,,,,,,,,,,,,,,,,,,,,,,,,,,,,,,,,,,,,,,,,,,,,,,,,
ASMA-3937,Bacteria,Actinomycetota,Actinomycetes,Actinomycetales,Actinomycetaceae,Actinomyces,Actinomyces oris_A,456.0,No,,,,,,,,,,,,,,,,,,,,,,,,,,,,,,,,,,,,,,,,,,,,,,,,,,,,,,,,,,,,,,,,,,,,,,,,,,,
ASMA-3938,Bacteria,Actinomycetota,Actinomycetes,Actinomycetales,Actinomycetaceae,Actinomyces,Actinomyces oris_A,456.0,Yes,,,,,,,,,,,,,,,,,,,,,,,,,,,,,,,,,,,,,,,,,,,,,,,,,,,,,,,,,,,,,,,,,,,,,,,,,,,
ASMA-3939,Bacteria,Actinomycetota,Actinomycetes,Actinomycetales,Actinomycetaceae,Actinomyces,Actinomyces oris_A,456.0,No,,,,,,,,,,,,,,,,,,,,,,,,,,,,,,,,,,,,,,,,,,,,,,,,,,,,,,,,,,,,,,,,,,,,,,,,,,,
ASMA-394,Bacteria,Pseudomonadota,Gammaproteobacteria,Pseudomonadales,Pseudomonadaceae,Pseudomonas,Pseudomonas aeruginosa,540.0,No,,,,,,,,,,,,,,,,,,,,,,,,,,,,,,,,,,,,,,,,,,,,,,,,,,,,,,,,,,,,,,,,,,,,,,,,,,,
ASMA-3940,Bacteria,Actinomycetota,Actinomycetes,Actinomycetales,Actinomycetaceae,Actinomyces,Actinomyces oris_A,456.0,No,,,,,,,,,,,,,,,,,,,,,,,,,,,,,,,,,,,,,,,,,,,,,,,,,,,,,,,,,,,,,,,,,,,,,,,,,,,
ASMA-3941,Bacteria,Bacillota,Bacilli,Lactobacillales,Streptococcaceae,Streptococcus,Streptococcus salivarius_D,494.0,Yes,,,,,,,,,,,,,,,,,,,,,,,,,,,,,,,,,,,,,,,,,,,,,,,,,,,,,,,,,,,,,,,,,,,,,,,,,,,
ASMA-3942,Bacteria,Actinomycetota,Actinomycetes,Actinomycetales,Actinomycetaceae,Actinomyces,Actinomyces sp915069725,497.0,No,,,,,,,,,,,,,,,,,,,,,,,,,,,,,,,,,,,,,,,,,,,,,,,,,,,,,,,,,,,,,,,,,,,,,,,,,,,
ASMA-3943,Fungi,Saccharomycetes,Ascomycota,Saccharomycetales,Debaryomycetaceae,Candida,Candida albicans,,,,,,,,,,,,,,,,,,,,,,,,,,,,,,,,,,,,,,,,,,,,,,,,,,,,,,,,,,,,,,,,,,,,,,,,,,,,,
ASMA-3944,Bacteria,Bacillota,Bacilli,Lactobacillales,Lactobacillaceae,Limosilactobacillus,Limosilactobacillus fermentum,280.0,Yes,,,,,,,,,,,,,,,,,,,,,,,,,,,,,,,,,,,,,,,,,,,,,,,,,,,,,,,,,,,,,,,,,,,,,,,,,,,
ASMA-3945,Fungi,Saccharomycetes,Ascomycota,Saccharomycetales,Debaryomycetaceae,Candida,Candida albicans,,,,,,,,,,,,,,,,,,,,,,,,,,,,,,,,,,,,,,,,,,,,,,,,,,,,,,,,,,,,,,,,,,,,,,,,,,,,,
ASMA-3946,Bacteria,Pseudomonadota,Gammaproteobacteria,Xanthomonadales,Xanthomonadaceae,Stenotrophomonas,Stenotrophomonas maltophilia_P,386.0,Yes,,,,,,,,,,,,,,,,,,,,,,,,,,,,,,,,,,,,,,,,,,,,,,,,,,,,,,,,,,,,,,,,,,,,,,,,,,,
ASMA-3947,Bacteria,Actinomycetota,Actinomycetes,Actinomycetales,Actinomycetaceae,Actinomyces,Actinomyces oris,197.0,Yes,,,,,,,,,,,,,,,,,,,,,,,,,,,,,,,,,,,,,,,,,,,,,,,,,,,,,,,,,,,,,,,,,,,,,,,,,,,
ASMA-3948,Bacteria,Bacillota,Bacilli,Lactobacillales,Lactobacillaceae,Lacticaseibacillus,Lacticaseibacillus rhamnosus,528.0,No,,,,,,,,,,,,,,,,,,,,,,,,,,,,,,,,,,,,,,,,,,,,,,,,,,,,,,,,,,,,,,,,,,,,,,,,,,,
ASMA-3949,Bacteria,Bacillota,Bacilli,Lactobacillales,Lactobacillaceae,Lacticaseibacillus,Lacticaseibacillus rhamnosus,528.0,No,,,,,,,,,,,,,,,,,,,,,,,,,,,,,,,,,,,,,,,,,,,,,,,,,,,,,,,,,,,,,,,,,,,,,,,,,,,
ASMA-395,Bacteria,Pseudomonadota,Gammaproteobacteria,Pseudomonadales,Pseudomonadaceae,Pseudomonas,Pseudomonas aeruginosa,540.0,No,,,,,,,,,,,,,,,,,,,,,,,,,,,,,,,,,,,,,,,,,,,,,,,,,,,,,,,,,,,,,,,,,,,,,,,,,,,
ASMA-3950,Bacteria,Bacillota,Bacilli,Lactobacillales,Lactobacillaceae,Lacticaseibacillus,Lacticaseibacillus rhamnosus,528.0,No,,,,,,,,,,,,,,,,,,,,,,,,,,,,,,,,,,,,,,,,,,,,,,,,,,,,,,,,,,,,,,,,,,,,,,,,,,,
ASMA-3951,Bacteria,Bacillota,Bacilli,Lactobacillales,Streptococcaceae,Streptococcus,Streptococcus salivarius,478.0,No,,,,,,,,,,,,,,,,,,,,,,,,,,,,,,,,,,,,,,,,,,,,,,,,,,,,,,,,,,,,,,,,,,,,,,,,,,,
ASMA-3952,Bacteria,Bacillota,Bacilli,Lactobacillales,Streptococcaceae,Streptococcus,Streptococcus salivarius,478.0,No,,,,,,,,,,,,,,,,,,,,,,,,,,,,,,,,,,,,,,,,,,,,,,,,,,,,,,,,,,,,,,,,,,,,,,,,,,,
ASMA-3953,Bacteria,Bacillota,Bacilli,Lactobacillales,Streptococcaceae,Streptococcus,Streptococcus salivarius,478.0,No,,,,,,,,,,,,,,,,,,,,,,,,,,,,,,,,,,,,,,,,,,,,,,,,,,,,,,,,,,,,,,,,,,,,,,,,,,,
ASMA-3955,Bacteria,Bacillota,Bacilli,Lactobacillales,Streptococcaceae,Streptococcus,undetermined species,443.0,No,,,,,,,,,,,,,,,,,,,,,,,,,,,,,,,,,,,,,,,,,,,,,,,,,,,,,,,,,,,,,,,,,,,,,,,,,,,
ASMA-3956,Bacteria,Bacillota,Bacilli,Lactobacillales,Streptococcaceae,Streptococcus,undetermined species,443.0,No,,,,,,,,,,,,,,,,,,,,,,,,,,,,,,,,,,,,,,,,,,,,,,,,,,,,,,,,,,,,,,,,,,,,,,,,,,,
ASMA-3957,Bacteria,Bacillota,Bacilli,Staphylococcales,Staphylococcaceae,Staphylococcus,Staphylococcus aureus,516.0,No,,,,,,,,,,,,,,,,,,,,,,,,,,,,,,,,,,,,,,,,,,,,,,,,,,,,,,,,,,,,,,,,,,,,,,,,,,,
ASMA-3958,Bacteria,Bacillota,Bacilli,Lactobacillales,Streptococcaceae,Streptococcus,Streptococcus mitis,279.0,Yes,,,,,,,,,,,,,,,,,,,,,,,,,,,,,,,,,,,,,,,,,,,,,,,,,,,,,,,,,,,,,,,,,,,,,,,,,,,
ASMA-3959,Bacteria,Bacillota,Bacilli,Lactobacillales,Streptococcaceae,Streptococcus,Streptococcus mitis_CA,198.0,Yes,,,,,,,,,,,,,,,,,,,,,,,,,,,,,,,,,,,,,,,,,,,,,,,,,,,,,,,,,,,,,,,,,,,,,,,,,,,
ASMA-396,Bacteria,Pseudomonadota,Gammaproteobacteria,Pseudomonadales,Pseudomonadaceae,Pseudomonas,Pseudomonas aeruginosa,540.0,No,,,,,,,,,,,,,,,,,,,,,,,,,,,,,,,,,,,,,,,,,,,,,,,,,,,,,,,,,,,,,,,,,,,,,,,,,,,
ASMA-3960,Bacteria,Bacillota,Bacilli,Lactobacillales,Streptococcaceae,Streptococcus,Streptococcus oralis_BD,286.0,Yes,,,,,,,,,,,,,,,,,,,,,,,,,,,,,,,,,,,,,,,,,,,,,,,,,,,,,,,,,,,,,,,,,,,,,,,,,,,
ASMA-3961,Bacteria,Bacillota,Bacilli,Lactobacillales,Streptococcaceae,Streptococcus,Streptococcus oralis_BD,286.0,No,,,,,,,,,,,,,,,,,,,,,,,,,,,,,,,,,,,,,,,,,,,,,,,,,,,,,,,,,,,,,,,,,,,,,,,,,,,
ASMA-3962,Bacteria,Bacillota,Bacilli,Lactobacillales,Streptococcaceae,Streptococcus,Streptococcus sp013277205,287.0,No,,,,,,,,,,,,,,,,,,,,,,,,,,,,,,,,,,,,,,,,,,,,,,,,,,,,,,,,,,,,,,,,,,,,,,,,,,,
ASMA-3963,Bacteria,Bacillota,Bacilli,Lactobacillales,Streptococcaceae,Streptococcus,Streptococcus sp013277205,287.0,Yes,,,,,,,,,,,,,,,,,,,,,,,,,,,,,,,,,,,,,,,,,,,,,,,,,,,,,,,,,,,,,,,,,,,,,,,,,,,
ASMA-3964,Fungi,Saccharomycetes,Ascomycota,Saccharomycetales,Debaryomycetaceae,Candida,Candida albicans,,,,,,,,,,,,,,,,,,,,,,,,,,,,,,,,,,,,,,,,,,,,,,,,,,,,,,,,,,,,,,,,,,,,,,,,,,,,,
ASMA-3965,Fungi,Saccharomycetes,Ascomycota,Saccharomycetales,Debaryomycetaceae,Candida,Candida albicans,,,,,,,,,,,,,,,,,,,,,,,,,,,,,,,,,,,,,,,,,,,,,,,,,,,,,,,,,,,,,,,,,,,,,,,,,,,,,
ASMA-3966,Fungi,Saccharomycetes,Ascomycota,Saccharomycetales,Debaryomycetaceae,Candida,Candida albicans,,,,,,,,,,,,,,,,,,,,,,,,,,,,,,,,,,,,,,,,,,,,,,,,,,,,,,,,,,,,,,,,,,,,,,,,,,,,,
ASMA-3967,Bacteria,Bacillota,Bacilli,Lactobacillales,Streptococcaceae,Streptococcus,undetermined species,443.0,No,,,,,,,,,,,,,,,,,,,,,,,,,,,,,,,,,,,,,,,,,,,,,,,,,,,,,,,,,,,,,,,,,,,,,,,,,,,
ASMA-3968,Fungi,Saccharomycetes,Ascomycota,Saccharomycetales,Debaryomycetaceae,Candida,Candida albicans,,,,,,,,,,,,,,,,,,,,,,,,,,,,,,,,,,,,,,,,,,,,,,,,,,,,,,,,,,,,,,,,,,,,,,,,,,,,,
ASMA-3969,Fungi,Saccharomycetes,Ascomycota,Saccharomycetales,Debaryomycetaceae,Candida,Candida albicans,,,,,,,,,,,,,,,,,,,,,,,,,,,,,,,,,,,,,,,,,,,,,,,,,,,,,,,,,,,,,,,,,,,,,,,,,,,,,
ASMA-397,Bacteria,Pseudomonadota,Gammaproteobacteria,Pseudomonadales,Pseudomonadaceae,Pseudomonas,Pseudomonas aeruginosa,540.0,No,,,,,,,,,,,,,,,,,,,,,,,,,,,,,,,,,,,,,,,,,,,,,,,,,,,,,,,,,,,,,,,,,,,,,,,,,,,
ASMA-3970,Bacteria,Bacillota,Bacilli,Lactobacillales,Streptococcaceae,Streptococcus,Streptococcus sp030546305,199.0,Yes,,,,,,,,,,,,,,,,,,,,,,,,,,,,,,,,,,,,,,,,,,,,,,,,,,,,,,,,,,,,,,,,,,,,,,,,,,,
ASMA-3971,Bacteria,Bacillota,Bacilli,Lactobacillales,Streptococcaceae,Streptococcus,Streptococcus oralis_BW,200.0,Yes,,,,,,,,,,,,,,,,,,,,,,,,,,,,,,,,,,,,,,,,,,,,,,,,,,,,,,,,,,,,,,,,,,,,,,,,,,,
ASMA-398,Bacteria,Pseudomonadota,Gammaproteobacteria,Pseudomonadales,Pseudomonadaceae,Pseudomonas,Pseudomonas aeruginosa,540.0,No,,,,,,,,,,,,,,,,,,,,,,,,,,,,,,,,,,,,,,,,,,,,,,,,,,,,,,,,,,,,,,,,,,,,,,,,,,,
ASMA-399,Bacteria,Pseudomonadota,Gammaproteobacteria,Pseudomonadales,Pseudomonadaceae,Pseudomonas,Pseudomonas aeruginosa,540.0,No,,,,,,,,,,,,,,,,,,,,,,,,,,,,,,,,,,,,,,,,,,,,,,,,,,,,,,,,,,,,,,,,,,,,,,,,,,,
ASMA-4,Bacteria,Actinomycetota,Actinomycetes,Micrococcales,Micrococcaceae,Rothia,Rothia dentocariosa,,,1,0.0311333333333334,,0.0311333333333334,20250920.0,0.1170333333333333,,0.1174333333333333,,0.023399999999999962,,0.023799999999999974,,0.1193,,30.5,,0.030627026006741373,,0.9987790573154439,,no_growth,0,0.0,0,0.0,1,,,,,,0.0593,,20250920,0.0725,uncertain,0.0632,uncertain,0.0523,uncertain,0.0612,uncertain,0.0603,uncertain,0.0594,uncertain,0.0627,uncertain,0.0587,uncertain,0.0568,uncertain,0.0576,uncertain,0.0621,uncertain,0.0596,uncertain,0.0577,uncertain,0.0604,uncertain,0.0589,uncertain,0.0585,uncertain,0.0655,uncertain,0.0641,uncertain,0.0683,uncertain,0.0593,uncertain
ASMA-40,Bacteria,Pseudomonadota,Gammaproteobacteria,Pseudomonadales,Pseudomonadaceae,Pseudomonas,Pseudomonas aeruginosa,536.0,No,,,,,,,,,,,,,,,,,,,,,,,,,,,,,,,,,,,,,,,,,,,,,,,,,,,,,,,,,,,,,,,,,,,,,,,,,,,
ASMA-400,Bacteria,Pseudomonadota,Gammaproteobacteria,Pseudomonadales,Pseudomonadaceae,Pseudomonas,Pseudomonas aeruginosa,540.0,No,,,,,,,,,,,,,,,,,,,,,,,,,,,,,,,,,,,,,,,,,,,,,,,,,,,,,,,,,,,,,,,,,,,,,,,,,,,
ASMA-401,Bacteria,Pseudomonadota,Gammaproteobacteria,Pseudomonadales,Pseudomonadaceae,Pseudomonas,Pseudomonas aeruginosa,540.0,No,,,,,,,,,,,,,,,,,,,,,,,,,,,,,,,,,,,,,,,,,,,,,,,,,,,,,,,,,,,,,,,,,,,,,,,,,,,
ASMA-402,Bacteria,Pseudomonadota,Gammaproteobacteria,Pseudomonadales,Pseudomonadaceae,Pseudomonas,Pseudomonas aeruginosa,540.0,No,,,,,,,,,,,,,,,,,,,,,,,,,,,,,,,,,,,,,,,,,,,,,,,,,,,,,,,,,,,,,,,,,,,,,,,,,,,
ASMA-403,Bacteria,Pseudomonadota,Gammaproteobacteria,Pseudomonadales,Pseudomonadaceae,Pseudomonas,Pseudomonas aeruginosa,540.0,No,,,,,,,,,,,,,,,,,,,,,,,,,,,,,,,,,,,,,,,,,,,,,,,,,,,,,,,,,,,,,,,,,,,,,,,,,,,
ASMA-404,Bacteria,Pseudomonadota,Gammaproteobacteria,Pseudomonadales,Pseudomonadaceae,Pseudomonas,Pseudomonas aeruginosa,540.0,No,,,,,,,,,,,,,,,,,,,,,,,,,,,,,,,,,,,,,,,,,,,,,,,,,,,,,,,,,,,,,,,,,,,,,,,,,,,
ASMA-405,Bacteria,Pseudomonadota,Gammaproteobacteria,Pseudomonadales,Pseudomonadaceae,Pseudomonas,Pseudomonas aeruginosa,540.0,No,,,,,,,,,,,,,,,,,,,,,,,,,,,,,,,,,,,,,,,,,,,,,,,,,,,,,,,,,,,,,,,,,,,,,,,,,,,
ASMA-406,Bacteria,Pseudomonadota,Gammaproteobacteria,Pseudomonadales,Pseudomonadaceae,Pseudomonas,Pseudomonas aeruginosa,540.0,No,,,,,,,,,,,,,,,,,,,,,,,,,,,,,,,,,,,,,,,,,,,,,,,,,,,,,,,,,,,,,,,,,,,,,,,,,,,
ASMA-407,Bacteria,Pseudomonadota,Gammaproteobacteria,Pseudomonadales,Pseudomonadaceae,Pseudomonas,Pseudomonas aeruginosa,540.0,No,,,,,,,,,,,,,,,,,,,,,,,,,,,,,,,,,,,,,,,,,,,,,,,,,,,,,,,,,,,,,,,,,,,,,,,,,,,
ASMA-408,Bacteria,Pseudomonadota,Gammaproteobacteria,Pseudomonadales,Pseudomonadaceae,Pseudomonas,Pseudomonas aeruginosa,540.0,No,,,,,,,,,,,,,,,,,,,,,,,,,,,,,,,,,,,,,,,,,,,,,,,,,,,,,,,,,,,,,,,,,,,,,,,,,,,
ASMA-409,Bacteria,Pseudomonadota,Gammaproteobacteria,Pseudomonadales,Pseudomonadaceae,Pseudomonas,Pseudomonas aeruginosa,540.0,No,,,,,,,,,,,,,,,,,,,,,,,,,,,,,,,,,,,,,,,,,,,,,,,,,,,,,,,,,,,,,,,,,,,,,,,,,,,
ASMA-41,Bacteria,Pseudomonadota,Gammaproteobacteria,Pseudomonadales,Pseudomonadaceae,Pseudomonas,Pseudomonas aeruginosa,536.0,No,,,,,,,,,,,,,,,,,,,,,,,,,,,,,,,,,,,,,,,,,,,,,,,,,,,,,,,,,,,,,,,,,,,,,,,,,,,
ASMA-410,Bacteria,Pseudomonadota,Gammaproteobacteria,Pseudomonadales,Pseudomonadaceae,Pseudomonas,Pseudomonas aeruginosa,540.0,No,,,,,,,,,,,,,,,,,,,,,,,,,,,,,,,,,,,,,,,,,,,,,,,,,,,,,,,,,,,,,,,,,,,,,,,,,,,
ASMA-412,Bacteria,Pseudomonadota,Gammaproteobacteria,Pseudomonadales,Pseudomonadaceae,Pseudomonas,Pseudomonas aeruginosa,540.0,No,,,,,,,,,,,,,,,,,,,,,,,,,,,,,,,,,,,,,,,,,,,,,,,,,,,,,,,,,,,,,,,,,,,,,,,,,,,
ASMA-413,Bacteria,Pseudomonadota,Gammaproteobacteria,Pseudomonadales,Pseudomonadaceae,Pseudomonas,Pseudomonas aeruginosa,540.0,No,,,,,,,,,,,,,,,,,,,,,,,,,,,,,,,,,,,,,,,,,,,,,,,,,,,,,,,,,,,,,,,,,,,,,,,,,,,
ASMA-414,Bacteria,Pseudomonadota,Gammaproteobacteria,Pseudomonadales,Pseudomonadaceae,Pseudomonas,Pseudomonas aeruginosa,540.0,No,,,,,,,,,,,,,,,,,,,,,,,,,,,,,,,,,,,,,,,,,,,,,,,,,,,,,,,,,,,,,,,,,,,,,,,,,,,
ASMA-415,Bacteria,Pseudomonadota,Gammaproteobacteria,Pseudomonadales,Pseudomonadaceae,Pseudomonas,Pseudomonas aeruginosa,540.0,No,,,,,,,,,,,,,,,,,,,,,,,,,,,,,,,,,,,,,,,,,,,,,,,,,,,,,,,,,,,,,,,,,,,,,,,,,,,
ASMA-416,Bacteria,Pseudomonadota,Gammaproteobacteria,Pseudomonadales,Pseudomonadaceae,Pseudomonas,Pseudomonas aeruginosa,540.0,No,,,,,,,,,,,,,,,,,,,,,,,,,,,,,,,,,,,,,,,,,,,,,,,,,,,,,,,,,,,,,,,,,,,,,,,,,,,
ASMA-417,Bacteria,Pseudomonadota,Gammaproteobacteria,Pseudomonadales,Pseudomonadaceae,Pseudomonas,Pseudomonas aeruginosa,540.0,No,,,,,,,,,,,,,,,,,,,,,,,,,,,,,,,,,,,,,,,,,,,,,,,,,,,,,,,,,,,,,,,,,,,,,,,,,,,
ASMA-418,Bacteria,Pseudomonadota,Gammaproteobacteria,Pseudomonadales,Pseudomonadaceae,Pseudomonas,Pseudomonas aeruginosa,540.0,No,,,,,,,,,,,,,,,,,,,,,,,,,,,,,,,,,,,,,,,,,,,,,,,,,,,,,,,,,,,,,,,,,,,,,,,,,,,
ASMA-419,Bacteria,Pseudomonadota,Gammaproteobacteria,Pseudomonadales,Pseudomonadaceae,Pseudomonas,Pseudomonas aeruginosa,540.0,No,,,,,,,,,,,,,,,,,,,,,,,,,,,,,,,,,,,,,,,,,,,,,,,,,,,,,,,,,,,,,,,,,,,,,,,,,,,
ASMA-42,Bacteria,Pseudomonadota,Gammaproteobacteria,Pseudomonadales,Pseudomonadaceae,Pseudomonas,Pseudomonas aeruginosa,536.0,No,,,,,,,,,,,,,,,,,,,,,,,,,,,,,,,,,,,,,,,,,,,,,,,,,,,,,,,,,,,,,,,,,,,,,,,,,,,
ASMA-420,Bacteria,Pseudomonadota,Gammaproteobacteria,Pseudomonadales,Pseudomonadaceae,Pseudomonas,Pseudomonas aeruginosa,540.0,No,,,,,,,,,,,,,,,,,,,,,,,,,,,,,,,,,,,,,,,,,,,,,,,,,,,,,,,,,,,,,,,,,,,,,,,,,,,
ASMA-421,Bacteria,Pseudomonadota,Gammaproteobacteria,Pseudomonadales,Pseudomonadaceae,Pseudomonas,Pseudomonas aeruginosa,540.0,No,,,,,,,,,,,,,,,,,,,,,,,,,,,,,,,,,,,,,,,,,,,,,,,,,,,,,,,,,,,,,,,,,,,,,,,,,,,
ASMA-422,Bacteria,Pseudomonadota,Gammaproteobacteria,Pseudomonadales,Pseudomonadaceae,Pseudomonas,Pseudomonas aeruginosa,540.0,Yes,,,,,,,,,,,,,,,,,,,,,,,,,,,,,,,,,,,,,,,,,,,,,,,,,,,,,,,,,,,,,,,,,,,,,,,,,,,
ASMA-423,Bacteria,Pseudomonadota,Gammaproteobacteria,Pseudomonadales,Pseudomonadaceae,Pseudomonas,Pseudomonas aeruginosa,540.0,No,,,,,,,,,,,,,,,,,,,,,,,,,,,,,,,,,,,,,,,,,,,,,,,,,,,,,,,,,,,,,,,,,,,,,,,,,,,
ASMA-424,Bacteria,Pseudomonadota,Gammaproteobacteria,Pseudomonadales,Pseudomonadaceae,Pseudomonas,Pseudomonas aeruginosa,540.0,No,,,,,,,,,,,,,,,,,,,,,,,,,,,,,,,,,,,,,,,,,,,,,,,,,,,,,,,,,,,,,,,,,,,,,,,,,,,
ASMA-425,Bacteria,Pseudomonadota,Gammaproteobacteria,Pseudomonadales,Pseudomonadaceae,Pseudomonas,Pseudomonas aeruginosa,540.0,No,1,0.1868333333333334,,0.1868333333333334,20250920.0,0.7359333333333332,,0.4267666666666667,,0.6265999999999999,,0.3174333333333334,,0.7521999999999999,,19.75,,0.07462736641421258,,0.9998051395460499,,normal,1,100.0,1,100.0,1,,,,,,0.0445,,20250920,0.0463,uncertain,0.0464,uncertain,0.0463,uncertain,0.0451,uncertain,0.0458,uncertain,0.044,uncertain,0.0478,uncertain,0.0448,uncertain,0.0444,uncertain,0.0473,uncertain,0.0469,uncertain,0.0469,uncertain,0.0447,uncertain,0.0463,uncertain,0.0469,uncertain,0.0475,uncertain,0.1281,uncertain,0.0747,uncertain,0.0461,uncertain,0.0462,uncertain
ASMA-426,Bacteria,Pseudomonadota,Gammaproteobacteria,Pseudomonadales,Pseudomonadaceae,Pseudomonas,Pseudomonas aeruginosa,540.0,No,,,,,,,,,,,,,,,,,,,,,,,,,,,,,,,,,,,,,,,,,,,,,,,,,,,,,,,,,,,,,,,,,,,,,,,,,,,
ASMA-427,Bacteria,Pseudomonadota,Gammaproteobacteria,Pseudomonadales,Pseudomonadaceae,Pseudomonas,Pseudomonas aeruginosa,540.0,No,,,,,,,,,,,,,,,,,,,,,,,,,,,,,,,,,,,,,,,,,,,,,,,,,,,,,,,,,,,,,,,,,,,,,,,,,,,
ASMA-428,Bacteria,Pseudomonadota,Gammaproteobacteria,Pseudomonadales,Pseudomonadaceae,Pseudomonas,Pseudomonas aeruginosa,540.0,No,,,,,,,,,,,,,,,,,,,,,,,,,,,,,,,,,,,,,,,,,,,,,,,,,,,,,,,,,,,,,,,,,,,,,,,,,,,
ASMA-429,Bacteria,Pseudomonadota,Gammaproteobacteria,Pseudomonadales,Pseudomonadaceae,Pseudomonas,Pseudomonas aeruginosa,540.0,No,,,,,,,,,,,,,,,,,,,,,,,,,,,,,,,,,,,,,,,,,,,,,,,,,,,,,,,,,,,,,,,,,,,,,,,,,,,
ASMA-43,Bacteria,Pseudomonadota,Gammaproteobacteria,Pseudomonadales,Pseudomonadaceae,Pseudomonas,Pseudomonas aeruginosa,536.0,No,,,,,,,,,,,,,,,,,,,,,,,,,,,,,,,,,,,,,,,,,,,,,,,,,,,,,,,,,,,,,,,,,,,,,,,,,,,
ASMA-430,Bacteria,Pseudomonadota,Gammaproteobacteria,Pseudomonadales,Pseudomonadaceae,Pseudomonas,Pseudomonas aeruginosa,540.0,No,,,,,,,,,,,,,,,,,,,,,,,,,,,,,,,,,,,,,,,,,,,,,,,,,,,,,,,,,,,,,,,,,,,,,,,,,,,
ASMA-431,Bacteria,Pseudomonadota,Gammaproteobacteria,Pseudomonadales,Pseudomonadaceae,Pseudomonas,Pseudomonas aeruginosa,540.0,No,,,,,,,,,,,,,,,,,,,,,,,,,,,,,,,,,,,,,,,,,,,,,,,,,,,,,,,,,,,,,,,,,,,,,,,,,,,
ASMA-432,Bacteria,Pseudomonadota,Gammaproteobacteria,Pseudomonadales,Pseudomonadaceae,Pseudomonas,Pseudomonas aeruginosa,540.0,No,,,,,,,,,,,,,,,,,,,,,,,,,,,,,,,,,,,,,,,,,,,,,,,,,,,,,,,,,,,,,,,,,,,,,,,,,,,
ASMA-433,Bacteria,Pseudomonadota,Gammaproteobacteria,Pseudomonadales,Pseudomonadaceae,Pseudomonas,Pseudomonas aeruginosa,540.0,No,,,,,,,,,,,,,,,,,,,,,,,,,,,,,,,,,,,,,,,,,,,,,,,,,,,,,,,,,,,,,,,,,,,,,,,,,,,
ASMA-434,Bacteria,Pseudomonadota,Gammaproteobacteria,Pseudomonadales,Pseudomonadaceae,Pseudomonas,Pseudomonas aeruginosa,540.0,No,,,,,,,,,,,,,,,,,,,,,,,,,,,,,,,,,,,,,,,,,,,,,,,,,,,,,,,,,,,,,,,,,,,,,,,,,,,
ASMA-435,Bacteria,Pseudomonadota,Gammaproteobacteria,Pseudomonadales,Pseudomonadaceae,Pseudomonas,Pseudomonas aeruginosa,540.0,No,,,,,,,,,,,,,,,,,,,,,,,,,,,,,,,,,,,,,,,,,,,,,,,,,,,,,,,,,,,,,,,,,,,,,,,,,,,
ASMA-436,Bacteria,Pseudomonadota,Gammaproteobacteria,Pseudomonadales,Pseudomonadaceae,Pseudomonas,Pseudomonas aeruginosa,540.0,No,,,,,,,,,,,,,,,,,,,,,,,,,,,,,,,,,,,,,,,,,,,,,,,,,,,,,,,,,,,,,,,,,,,,,,,,,,,
ASMA-437,Bacteria,Pseudomonadota,Gammaproteobacteria,Pseudomonadales,Pseudomonadaceae,Pseudomonas,Pseudomonas aeruginosa,540.0,No,,,,,,,,,,,,,,,,,,,,,,,,,,,,,,,,,,,,,,,,,,,,,,,,,,,,,,,,,,,,,,,,,,,,,,,,,,,
ASMA-438,Bacteria,Pseudomonadota,Gammaproteobacteria,Pseudomonadales,Pseudomonadaceae,Pseudomonas,Pseudomonas aeruginosa,540.0,No,,,,,,,,,,,,,,,,,,,,,,,,,,,,,,,,,,,,,,,,,,,,,,,,,,,,,,,,,,,,,,,,,,,,,,,,,,,
ASMA-439,Bacteria,Pseudomonadota,Gammaproteobacteria,Pseudomonadales,Pseudomonadaceae,Pseudomonas,Pseudomonas aeruginosa,540.0,No,,,,,,,,,,,,,,,,,,,,,,,,,,,,,,,,,,,,,,,,,,,,,,,,,,,,,,,,,,,,,,,,,,,,,,,,,,,
ASMA-44,Bacteria,Pseudomonadota,Gammaproteobacteria,Pseudomonadales,Pseudomonadaceae,Pseudomonas,Pseudomonas aeruginosa,536.0,No,,,,,,,,,,,,,,,,,,,,,,,,,,,,,,,,,,,,,,,,,,,,,,,,,,,,,,,,,,,,,,,,,,,,,,,,,,,
ASMA-440,Bacteria,Pseudomonadota,Gammaproteobacteria,Pseudomonadales,Pseudomonadaceae,Pseudomonas,Pseudomonas aeruginosa,540.0,No,,,,,,,,,,,,,,,,,,,,,,,,,,,,,,,,,,,,,,,,,,,,,,,,,,,,,,,,,,,,,,,,,,,,,,,,,,,
ASMA-441,Bacteria,Pseudomonadota,Gammaproteobacteria,Pseudomonadales,Pseudomonadaceae,Pseudomonas,Pseudomonas aeruginosa,540.0,No,,,,,,,,,,,,,,,,,,,,,,,,,,,,,,,,,,,,,,,,,,,,,,,,,,,,,,,,,,,,,,,,,,,,,,,,,,,
ASMA-442,Bacteria,Pseudomonadota,Gammaproteobacteria,Pseudomonadales,Pseudomonadaceae,Pseudomonas,Pseudomonas aeruginosa,540.0,No,,,,,,,,,,,,,,,,,,,,,,,,,,,,,,,,,,,,,,,,,,,,,,,,,,,,,,,,,,,,,,,,,,,,,,,,,,,
ASMA-443,Bacteria,Pseudomonadota,Gammaproteobacteria,Pseudomonadales,Pseudomonadaceae,Pseudomonas,Pseudomonas aeruginosa,540.0,No,,,,,,,,,,,,,,,,,,,,,,,,,,,,,,,,,,,,,,,,,,,,,,,,,,,,,,,,,,,,,,,,,,,,,,,,,,,
ASMA-444,Bacteria,Pseudomonadota,Gammaproteobacteria,Pseudomonadales,Pseudomonadaceae,Pseudomonas,Pseudomonas aeruginosa,540.0,No,,,,,,,,,,,,,,,,,,,,,,,,,,,,,,,,,,,,,,,,,,,,,,,,,,,,,,,,,,,,,,,,,,,,,,,,,,,
ASMA-445,Bacteria,Pseudomonadota,Gammaproteobacteria,Pseudomonadales,Pseudomonadaceae,Pseudomonas,Pseudomonas aeruginosa,540.0,No,,,,,,,,,,,,,,,,,,,,,,,,,,,,,,,,,,,,,,,,,,,,,,,,,,,,,,,,,,,,,,,,,,,,,,,,,,,
ASMA-446,Bacteria,Pseudomonadota,Gammaproteobacteria,Pseudomonadales,Pseudomonadaceae,Pseudomonas,Pseudomonas aeruginosa,540.0,No,,,,,,,,,,,,,,,,,,,,,,,,,,,,,,,,,,,,,,,,,,,,,,,,,,,,,,,,,,,,,,,,,,,,,,,,,,,
ASMA-447,Bacteria,Pseudomonadota,Gammaproteobacteria,Pseudomonadales,Pseudomonadaceae,Pseudomonas,Pseudomonas aeruginosa,540.0,No,,,,,,,,,,,,,,,,,,,,,,,,,,,,,,,,,,,,,,,,,,,,,,,,,,,,,,,,,,,,,,,,,,,,,,,,,,,
ASMA-448,Bacteria,Pseudomonadota,Gammaproteobacteria,Pseudomonadales,Pseudomonadaceae,Pseudomonas,Pseudomonas aeruginosa,540.0,No,,,,,,,,,,,,,,,,,,,,,,,,,,,,,,,,,,,,,,,,,,,,,,,,,,,,,,,,,,,,,,,,,,,,,,,,,,,
ASMA-449,Bacteria,Pseudomonadota,Gammaproteobacteria,Pseudomonadales,Pseudomonadaceae,Pseudomonas,Pseudomonas aeruginosa,540.0,No,,,,,,,,,,,,,,,,,,,,,,,,,,,,,,,,,,,,,,,,,,,,,,,,,,,,,,,,,,,,,,,,,,,,,,,,,,,
ASMA-45,Bacteria,Pseudomonadota,Gammaproteobacteria,Pseudomonadales,Pseudomonadaceae,Pseudomonas,Pseudomonas aeruginosa,536.0,No,,,,,,,,,,,,,,,,,,,,,,,,,,,,,,,,,,,,,,,,,,,,,,,,,,,,,,,,,,,,,,,,,,,,,,,,,,,
ASMA-450,Bacteria,Pseudomonadota,Gammaproteobacteria,Pseudomonadales,Pseudomonadaceae,Pseudomonas,Pseudomonas aeruginosa,540.0,No,,,,,,,,,,,,,,,,,,,,,,,,,,,,,,,,,,,,,,,,,,,,,,,,,,,,,,,,,,,,,,,,,,,,,,,,,,,
ASMA-451,Bacteria,Pseudomonadota,Gammaproteobacteria,Pseudomonadales,Pseudomonadaceae,Pseudomonas,Pseudomonas aeruginosa,540.0,No,,,,,,,,,,,,,,,,,,,,,,,,,,,,,,,,,,,,,,,,,,,,,,,,,,,,,,,,,,,,,,,,,,,,,,,,,,,
ASMA-452,Bacteria,Bacillota,Bacilli,Paenibacillales,Paenibacillaceae,Paenibacillus,Paenibacillus cookii,,,4,0.08461666666666665,0.00992656368874278,0.09069999999999999,20251010.0,0.6210916666666666,0.2327534753291082,0.36399166666666666,0.023689290829402222,0.5174916666666667,0.23266882580182507,0.2603916666666667,0.0227720162089838,0.6393666666666666,0.20258916829660742,28.5,10.866615541802025,0.07525560021052034,0.02426066562312916,0.999601228634597,7.82353712161912e-05,poor,4,100.0,4,100.0,4,3,11.432946280464472,4.960484050473271,20251010,none,0.05159999999999999,0.0002645751311064601,20251010,0.11941666666666667,utilizes,0.054733333333333335,utilizes,0.05368333333333333,utilizes,0.05821666666666667,utilizes,0.05111666666666667,uncertain,0.0505,uncertain,0.05033333333333333,uncertain,0.05781666666666667,utilizes,0.05351666666666667,utilizes,0.053033333333333335,utilizes,0.052233333333333326,utilizes,0.05001666666666667,uncertain,0.051383333333333336,uncertain,0.05165,uncertain,0.05028333333333333,uncertain,0.04926666666666667,uncertain,0.05156666666666666,utilizes,0.05085,uncertain,0.056949999999999994,utilizes,0.0534,uncertain
ASMA-453,Bacteria,Pseudomonadota,Gammaproteobacteria,Burkholderiales,Burkholderiaceae,Ralstonia,Ralstonia pickettii_B,399.0,No,4,0.48810833333333326,0.433853851800606,0.8667999999999999,20251017.0,0.20853333333333332,0.0493733171302521,0.24786666666666668,0.07845416213022449,0.10079166666666664,0.0475366554472558,0.140125,0.07665156554174218,0.28056666666666663,0.09413705139021747,35.25,18.89664873286619,0.039079959581969234,0.010747460316193273,0.9986449355068202,0.0012659212065639239,robust,2,50.0,3,75.0,4,3,-23.329505337926907,3.3106279660359608,20251017,none,0.05073333333333333,0.0011590225767142488,20251017,0.14788333333333334,utilizes,0.11271666666666667,utilizes,0.05098333333333333,uncertain,0.12468333333333334,utilizes,0.09918333333333333,utilizes,0.08548333333333333,uncertain,0.13476666666666667,utilizes,0.05025,uncertain,0.09096666666666667,utilizes,0.13033333333333333,utilizes,0.23398333333333332,utilizes,0.25461666666666666,utilizes,0.13796666666666665,utilizes,0.18003333333333332,utilizes,0.05221666666666666,utilizes,0.27903333333333336,utilizes,0.053566666666666665,uncertain,0.17600000000000002,utilizes,0.21661666666666665,utilizes,0.05201666666666667,utilizes
ASMA-454,Bacteria,Pseudomonadota,Gammaproteobacteria,Pseudomonadales,Pseudomonadaceae,Pseudomonas,Pseudomonas aeruginosa,540.0,No,,,,,,,,,,,,,,,,,,,,,,,,,,,,,,,,,,,,,,,,,,,,,,,,,,,,,,,,,,,,,,,,,,,,,,,,,,,
ASMA-455,Bacteria,Pseudomonadota,Gammaproteobacteria,Pseudomonadales,Pseudomonadaceae,Pseudomonas,Pseudomonas aeruginosa,540.0,No,,,,,,,,,,,,,,,,,,,,,,,,,,,,,,,,,,,,,,,,,,,,,,,,,,,,,,,,,,,,,,,,,,,,,,,,,,,
ASMA-456,Bacteria,Pseudomonadota,Gammaproteobacteria,Pseudomonadales,Pseudomonadaceae,Pseudomonas,Pseudomonas aeruginosa,540.0,No,,,,,,,,,,,,,,,,,,,,,,,,,,,,,,,,,,,,,,,,,,,,,,,,,,,,,,,,,,,,,,,,,,,,,,,,,,,
ASMA-457,Bacteria,Pseudomonadota,Gammaproteobacteria,Pseudomonadales,Pseudomonadaceae,Pseudomonas,Pseudomonas aeruginosa,540.0,No,,,,,,,,,,,,,,,,,,,,,,,,,,,,,,,,,,,,,,,,,,,,,,,,,,,,,,,,,,,,,,,,,,,,,,,,,,,
ASMA-458,Bacteria,Pseudomonadota,Gammaproteobacteria,Pseudomonadales,Pseudomonadaceae,Pseudomonas,Pseudomonas aeruginosa,540.0,No,,,,,,,,,,,,,,,,,,,,,,,,,,,,,,,,,,,,,,,,,,,,,,,,,,,,,,,,,,,,,,,,,,,,,,,,,,,
ASMA-459,Bacteria,Pseudomonadota,Gammaproteobacteria,Pseudomonadales,Pseudomonadaceae,Pseudomonas,Pseudomonas aeruginosa,540.0,No,,,,,,,,,,,,,,,,,,,,,,,,,,,,,,,,,,,,,,,,,,,,,,,,,,,,,,,,,,,,,,,,,,,,,,,,,,,
ASMA-46,Bacteria,Pseudomonadota,Gammaproteobacteria,Pseudomonadales,Pseudomonadaceae,Pseudomonas,Pseudomonas aeruginosa,536.0,No,,,,,,,,,,,,,,,,,,,,,,,,,,,,,,,,,,,,,,,,,,,,,,,,,,,,,,,,,,,,,,,,,,,,,,,,,,,
ASMA-460,Bacteria,Pseudomonadota,Gammaproteobacteria,Pseudomonadales,Pseudomonadaceae,Pseudomonas,Pseudomonas aeruginosa,540.0,No,,,,,,,,,,,,,,,,,,,,,,,,,,,,,,,,,,,,,,,,,,,,,,,,,,,,,,,,,,,,,,,,,,,,,,,,,,,
ASMA-461,Bacteria,Pseudomonadota,Gammaproteobacteria,Pseudomonadales,Pseudomonadaceae,Pseudomonas,Pseudomonas aeruginosa,540.0,No,,,,,,,,,,,,,,,,,,,,,,,,,,,,,,,,,,,,,,,,,,,,,,,,,,,,,,,,,,,,,,,,,,,,,,,,,,,
ASMA-462,Bacteria,Pseudomonadota,Gammaproteobacteria,Pseudomonadales,Pseudomonadaceae,Pseudomonas,Pseudomonas aeruginosa,540.0,No,,,,,,,,,,,,,,,,,,,,,,,,,,,,,,,,,,,,,,,,,,,,,,,,,,,,,,,,,,,,,,,,,,,,,,,,,,,
ASMA-463,Bacteria,Pseudomonadota,Gammaproteobacteria,Pseudomonadales,Pseudomonadaceae,Pseudomonas,Pseudomonas aeruginosa,540.0,No,,,,,,,,,,,,,,,,,,,,,,,,,,,,,,,,,,,,,,,,,,,,,,,,,,,,,,,,,,,,,,,,,,,,,,,,,,,
ASMA-465,Bacteria,Pseudomonadota,Gammaproteobacteria,Pseudomonadales,Pseudomonadaceae,Pseudomonas,Pseudomonas aeruginosa,540.0,No,1,0.7913,,0.7913,20251003.0,0.1183666666666667,,0.1156333333333333,,0.0174,,0.014666666666666592,,0.1190333333333333,,25.0,,0.01132877053619917,,0.9716418214326583,,robust,0,0.0,0,0.0,1,,,,,,0.0659,,20251003,0.0707,uncertain,0.076,uncertain,0.0545,uncertain,0.0572,uncertain,0.071,uncertain,0.0627,uncertain,0.0721,uncertain,0.0703,uncertain,0.0701,uncertain,0.0577,uncertain,0.0812,uncertain,0.0667,uncertain,0.0527,uncertain,0.0554,uncertain,0.0508,uncertain,0.0524,uncertain,0.1329,uncertain,0.1152,uncertain,0.0536,uncertain,0.0535,uncertain
ASMA-466,Bacteria,Pseudomonadota,Gammaproteobacteria,Pseudomonadales,Pseudomonadaceae,Pseudomonas,Pseudomonas aeruginosa,540.0,No,,,,,,,,,,,,,,,,,,,,,,,,,,,,,,,,,,,,,,,,,,,,,,,,,,,,,,,,,,,,,,,,,,,,,,,,,,,
ASMA-467,Bacteria,Pseudomonadota,Gammaproteobacteria,Pseudomonadales,Pseudomonadaceae,Pseudomonas,Pseudomonas aeruginosa,540.0,No,,,,,,,,,,,,,,,,,,,,,,,,,,,,,,,,,,,,,,,,,,,,,,,,,,,,,,,,,,,,,,,,,,,,,,,,,,,
ASMA-468,Bacteria,Pseudomonadota,Gammaproteobacteria,Pseudomonadales,Pseudomonadaceae,Pseudomonas,Pseudomonas aeruginosa,540.0,No,,,,,,,,,,,,,,,,,,,,,,,,,,,,,,,,,,,,,,,,,,,,,,,,,,,,,,,,,,,,,,,,,,,,,,,,,,,
ASMA-469,Bacteria,Pseudomonadota,Gammaproteobacteria,Pseudomonadales,Pseudomonadaceae,Pseudomonas,Pseudomonas aeruginosa,540.0,No,,,,,,,,,,,,,,,,,,,,,,,,,,,,,,,,,,,,,,,,,,,,,,,,,,,,,,,,,,,,,,,,,,,,,,,,,,,
ASMA-47,Bacteria,Pseudomonadota,Gammaproteobacteria,Pseudomonadales,Pseudomonadaceae,Pseudomonas,Pseudomonas aeruginosa,536.0,No,,,,,,,,,,,,,,,,,,,,,,,,,,,,,,,,,,,,,,,,,,,,,,,,,,,,,,,,,,,,,,,,,,,,,,,,,,,
ASMA-470,Bacteria,Pseudomonadota,Gammaproteobacteria,Pseudomonadales,Pseudomonadaceae,Pseudomonas,Pseudomonas aeruginosa,540.0,No,,,,,,,,,,,,,,,,,,,,,,,,,,,,,,,,,,,,,,,,,,,,,,,,,,,,,,,,,,,,,,,,,,,,,,,,,,,
ASMA-471,Bacteria,Pseudomonadota,Gammaproteobacteria,Pseudomonadales,Pseudomonadaceae,Pseudomonas,Pseudomonas aeruginosa,540.0,No,,,,,,,,,,,,,,,,,,,,,,,,,,,,,,,,,,,,,,,,,,,,,,,,,,,,,,,,,,,,,,,,,,,,,,,,,,,
ASMA-472,Bacteria,Pseudomonadota,Gammaproteobacteria,Pseudomonadales,Pseudomonadaceae,Pseudomonas,Pseudomonas aeruginosa,540.0,No,,,,,,,,,,,,,,,,,,,,,,,,,,,,,,,,,,,,,,,,,,,,,,,,,,,,,,,,,,,,,,,,,,,,,,,,,,,
ASMA-473,Bacteria,Pseudomonadota,Gammaproteobacteria,Pseudomonadales,Pseudomonadaceae,Pseudomonas,Pseudomonas aeruginosa,540.0,No,,,,,,,,,,,,,,,,,,,,,,,,,,,,,,,,,,,,,,,,,,,,,,,,,,,,,,,,,,,,,,,,,,,,,,,,,,,
ASMA-474,Bacteria,Pseudomonadota,Gammaproteobacteria,Pseudomonadales,Pseudomonadaceae,Pseudomonas,Pseudomonas aeruginosa,540.0,No,,,,,,,,,,,,,,,,,,,,,,,,,,,,,,,,,,,,,,,,,,,,,,,,,,,,,,,,,,,,,,,,,,,,,,,,,,,
ASMA-475,Bacteria,Pseudomonadota,Gammaproteobacteria,Pseudomonadales,Pseudomonadaceae,Pseudomonas,Pseudomonas aeruginosa,540.0,No,,,,,,,,,,,,,,,,,,,,,,,,,,,,,,,,,,,,,,,,,,,,,,,,,,,,,,,,,,,,,,,,,,,,,,,,,,,
ASMA-476,Bacteria,Pseudomonadota,Gammaproteobacteria,Pseudomonadales,Pseudomonadaceae,Pseudomonas,Pseudomonas aeruginosa,540.0,No,,,,,,,,,,,,,,,,,,,,,,,,,,,,,,,,,,,,,,,,,,,,,,,,,,,,,,,,,,,,,,,,,,,,,,,,,,,
ASMA-477,Bacteria,Pseudomonadota,Gammaproteobacteria,Pseudomonadales,Pseudomonadaceae,Pseudomonas,Pseudomonas aeruginosa,540.0,No,,,,,,,,,,,,,,,,,,,,,,,,,,,,,,,,,,,,,,,,,,,,,,,,,,,,,,,,,,,,,,,,,,,,,,,,,,,
ASMA-478,Bacteria,Pseudomonadota,Gammaproteobacteria,Pseudomonadales,Pseudomonadaceae,Pseudomonas,Pseudomonas aeruginosa,540.0,No,,,,,,,,,,,,,,,,,,,,,,,,,,,,,,,,,,,,,,,,,,,,,,,,,,,,,,,,,,,,,,,,,,,,,,,,,,,
ASMA-479,Bacteria,Pseudomonadota,Gammaproteobacteria,Pseudomonadales,Pseudomonadaceae,Pseudomonas,Pseudomonas aeruginosa,540.0,No,,,,,,,,,,,,,,,,,,,,,,,,,,,,,,,,,,,,,,,,,,,,,,,,,,,,,,,,,,,,,,,,,,,,,,,,,,,
ASMA-48,Bacteria,Pseudomonadota,Gammaproteobacteria,Pseudomonadales,Pseudomonadaceae,Pseudomonas,Pseudomonas aeruginosa,536.0,No,,,,,,,,,,,,,,,,,,,,,,,,,,,,,,,,,,,,,,,,,,,,,,,,,,,,,,,,,,,,,,,,,,,,,,,,,,,
ASMA-480,Bacteria,Pseudomonadota,Gammaproteobacteria,Pseudomonadales,Pseudomonadaceae,Pseudomonas,Pseudomonas aeruginosa,540.0,No,,,,,,,,,,,,,,,,,,,,,,,,,,,,,,,,,,,,,,,,,,,,,,,,,,,,,,,,,,,,,,,,,,,,,,,,,,,
ASMA-481,Bacteria,Pseudomonadota,Gammaproteobacteria,Pseudomonadales,Pseudomonadaceae,Pseudomonas,Pseudomonas aeruginosa,540.0,No,,,,,,,,,,,,,,,,,,,,,,,,,,,,,,,,,,,,,,,,,,,,,,,,,,,,,,,,,,,,,,,,,,,,,,,,,,,
ASMA-482,Bacteria,Pseudomonadota,Gammaproteobacteria,Pseudomonadales,Pseudomonadaceae,Pseudomonas,Pseudomonas aeruginosa,540.0,No,,,,,,,,,,,,,,,,,,,,,,,,,,,,,,,,,,,,,,,,,,,,,,,,,,,,,,,,,,,,,,,,,,,,,,,,,,,
ASMA-483,Bacteria,Pseudomonadota,Gammaproteobacteria,Pseudomonadales,Pseudomonadaceae,Pseudomonas,Pseudomonas aeruginosa,540.0,No,,,,,,,,,,,,,,,,,,,,,,,,,,,,,,,,,,,,,,,,,,,,,,,,,,,,,,,,,,,,,,,,,,,,,,,,,,,
ASMA-484,Bacteria,Pseudomonadota,Gammaproteobacteria,Pseudomonadales,Pseudomonadaceae,Pseudomonas,Pseudomonas aeruginosa,540.0,No,,,,,,,,,,,,,,,,,,,,,,,,,,,,,,,,,,,,,,,,,,,,,,,,,,,,,,,,,,,,,,,,,,,,,,,,,,,
ASMA-485,Bacteria,Pseudomonadota,Gammaproteobacteria,Pseudomonadales,Pseudomonadaceae,Pseudomonas,Pseudomonas aeruginosa,540.0,No,,,,,,,,,,,,,,,,,,,,,,,,,,,,,,,,,,,,,,,,,,,,,,,,,,,,,,,,,,,,,,,,,,,,,,,,,,,
ASMA-486,Bacteria,Pseudomonadota,Gammaproteobacteria,Pseudomonadales,Pseudomonadaceae,Pseudomonas,Pseudomonas aeruginosa,540.0,No,,,,,,,,,,,,,,,,,,,,,,,,,,,,,,,,,,,,,,,,,,,,,,,,,,,,,,,,,,,,,,,,,,,,,,,,,,,
ASMA-487,Bacteria,Pseudomonadota,Gammaproteobacteria,Pseudomonadales,Pseudomonadaceae,Pseudomonas,Pseudomonas aeruginosa,540.0,No,,,,,,,,,,,,,,,,,,,,,,,,,,,,,,,,,,,,,,,,,,,,,,,,,,,,,,,,,,,,,,,,,,,,,,,,,,,
ASMA-488,Bacteria,Pseudomonadota,Gammaproteobacteria,Pseudomonadales,Pseudomonadaceae,Pseudomonas,Pseudomonas aeruginosa,540.0,No,,,,,,,,,,,,,,,,,,,,,,,,,,,,,,,,,,,,,,,,,,,,,,,,,,,,,,,,,,,,,,,,,,,,,,,,,,,
ASMA-489,Bacteria,Pseudomonadota,Gammaproteobacteria,Pseudomonadales,Pseudomonadaceae,Pseudomonas,Pseudomonas aeruginosa,540.0,No,,,,,,,,,,,,,,,,,,,,,,,,,,,,,,,,,,,,,,,,,,,,,,,,,,,,,,,,,,,,,,,,,,,,,,,,,,,
ASMA-49,Bacteria,Pseudomonadota,Gammaproteobacteria,Pseudomonadales,Pseudomonadaceae,Pseudomonas,Pseudomonas aeruginosa,536.0,No,,,,,,,,,,,,,,,,,,,,,,,,,,,,,,,,,,,,,,,,,,,,,,,,,,,,,,,,,,,,,,,,,,,,,,,,,,,
ASMA-490,Bacteria,Pseudomonadota,Gammaproteobacteria,Pseudomonadales,Pseudomonadaceae,Pseudomonas,Pseudomonas aeruginosa,540.0,No,,,,,,,,,,,,,,,,,,,,,,,,,,,,,,,,,,,,,,,,,,,,,,,,,,,,,,,,,,,,,,,,,,,,,,,,,,,
ASMA-491,Bacteria,Pseudomonadota,Gammaproteobacteria,Pseudomonadales,Pseudomonadaceae,Pseudomonas,Pseudomonas aeruginosa,540.0,No,,,,,,,,,,,,,,,,,,,,,,,,,,,,,,,,,,,,,,,,,,,,,,,,,,,,,,,,,,,,,,,,,,,,,,,,,,,
ASMA-492,Bacteria,Pseudomonadota,Gammaproteobacteria,Pseudomonadales,Pseudomonadaceae,Pseudomonas,Pseudomonas aeruginosa,540.0,No,,,,,,,,,,,,,,,,,,,,,,,,,,,,,,,,,,,,,,,,,,,,,,,,,,,,,,,,,,,,,,,,,,,,,,,,,,,
ASMA-493,Bacteria,Pseudomonadota,Gammaproteobacteria,Pseudomonadales,Pseudomonadaceae,Pseudomonas,Pseudomonas aeruginosa,540.0,No,,,,,,,,,,,,,,,,,,,,,,,,,,,,,,,,,,,,,,,,,,,,,,,,,,,,,,,,,,,,,,,,,,,,,,,,,,,
ASMA-494,Bacteria,Pseudomonadota,Gammaproteobacteria,Pseudomonadales,Pseudomonadaceae,Pseudomonas,Pseudomonas aeruginosa,540.0,No,,,,,,,,,,,,,,,,,,,,,,,,,,,,,,,,,,,,,,,,,,,,,,,,,,,,,,,,,,,,,,,,,,,,,,,,,,,
ASMA-495,Bacteria,Pseudomonadota,Gammaproteobacteria,Pseudomonadales,Pseudomonadaceae,Pseudomonas,Pseudomonas aeruginosa,540.0,No,,,,,,,,,,,,,,,,,,,,,,,,,,,,,,,,,,,,,,,,,,,,,,,,,,,,,,,,,,,,,,,,,,,,,,,,,,,
ASMA-496,Bacteria,Pseudomonadota,Gammaproteobacteria,Pseudomonadales,Pseudomonadaceae,Pseudomonas,Pseudomonas aeruginosa,540.0,No,,,,,,,,,,,,,,,,,,,,,,,,,,,,,,,,,,,,,,,,,,,,,,,,,,,,,,,,,,,,,,,,,,,,,,,,,,,
ASMA-497,Bacteria,Pseudomonadota,Gammaproteobacteria,Pseudomonadales,Pseudomonadaceae,Pseudomonas,Pseudomonas aeruginosa,540.0,No,,,,,,,,,,,,,,,,,,,,,,,,,,,,,,,,,,,,,,,,,,,,,,,,,,,,,,,,,,,,,,,,,,,,,,,,,,,
ASMA-498,Bacteria,Pseudomonadota,Gammaproteobacteria,Pseudomonadales,Pseudomonadaceae,Pseudomonas,Pseudomonas aeruginosa,540.0,No,,,,,,,,,,,,,,,,,,,,,,,,,,,,,,,,,,,,,,,,,,,,,,,,,,,,,,,,,,,,,,,,,,,,,,,,,,,
ASMA-499,Bacteria,Pseudomonadota,Gammaproteobacteria,Pseudomonadales,Pseudomonadaceae,Pseudomonas,Pseudomonas aeruginosa,540.0,No,,,,,,,,,,,,,,,,,,,,,,,,,,,,,,,,,,,,,,,,,,,,,,,,,,,,,,,,,,,,,,,,,,,,,,,,,,,
ASMA-5,Bacteria,Pseudomonadota,Gammaproteobacteria,Pseudomonadales,Pseudomonadaceae,Pseudomonas,Pseudomonas aeruginosa,536.0,No,,,,,,,,,,,,,,,,,,,,,,,,,,,,,,,,,,,,,,,,,,,,,,,,,,,,,,,,,,,,,,,,,,,,,,,,,,,
ASMA-50,Bacteria,Pseudomonadota,Gammaproteobacteria,Pseudomonadales,Pseudomonadaceae,Pseudomonas,Pseudomonas aeruginosa,536.0,No,,,,,,,,,,,,,,,,,,,,,,,,,,,,,,,,,,,,,,,,,,,,,,,,,,,,,,,,,,,,,,,,,,,,,,,,,,,
ASMA-500,Bacteria,Pseudomonadota,Gammaproteobacteria,Pseudomonadales,Pseudomonadaceae,Pseudomonas,Pseudomonas aeruginosa,540.0,No,,,,,,,,,,,,,,,,,,,,,,,,,,,,,,,,,,,,,,,,,,,,,,,,,,,,,,,,,,,,,,,,,,,,,,,,,,,
ASMA-501,Bacteria,Pseudomonadota,Gammaproteobacteria,Pseudomonadales,Pseudomonadaceae,Pseudomonas,Pseudomonas aeruginosa,540.0,No,,,,,,,,,,,,,,,,,,,,,,,,,,,,,,,,,,,,,,,,,,,,,,,,,,,,,,,,,,,,,,,,,,,,,,,,,,,
ASMA-502,Bacteria,Pseudomonadota,Gammaproteobacteria,Pseudomonadales,Pseudomonadaceae,Pseudomonas,Pseudomonas aeruginosa,540.0,No,,,,,,,,,,,,,,,,,,,,,,,,,,,,,,,,,,,,,,,,,,,,,,,,,,,,,,,,,,,,,,,,,,,,,,,,,,,
ASMA-503,Bacteria,Pseudomonadota,Gammaproteobacteria,Pseudomonadales,Pseudomonadaceae,Pseudomonas,Pseudomonas aeruginosa,540.0,No,,,,,,,,,,,,,,,,,,,,,,,,,,,,,,,,,,,,,,,,,,,,,,,,,,,,,,,,,,,,,,,,,,,,,,,,,,,
ASMA-504,Bacteria,Pseudomonadota,Gammaproteobacteria,Pseudomonadales,Pseudomonadaceae,Pseudomonas,Pseudomonas aeruginosa,540.0,No,,,,,,,,,,,,,,,,,,,,,,,,,,,,,,,,,,,,,,,,,,,,,,,,,,,,,,,,,,,,,,,,,,,,,,,,,,,
ASMA-505,Bacteria,Pseudomonadota,Gammaproteobacteria,Pseudomonadales,Pseudomonadaceae,Pseudomonas,Pseudomonas aeruginosa,540.0,No,,,,,,,,,,,,,,,,,,,,,,,,,,,,,,,,,,,,,,,,,,,,,,,,,,,,,,,,,,,,,,,,,,,,,,,,,,,
ASMA-506,Bacteria,Pseudomonadota,Gammaproteobacteria,Pseudomonadales,Pseudomonadaceae,Pseudomonas,Pseudomonas aeruginosa,540.0,No,,,,,,,,,,,,,,,,,,,,,,,,,,,,,,,,,,,,,,,,,,,,,,,,,,,,,,,,,,,,,,,,,,,,,,,,,,,
ASMA-507,Bacteria,Pseudomonadota,Gammaproteobacteria,Pseudomonadales,Pseudomonadaceae,Pseudomonas,Pseudomonas aeruginosa,540.0,No,,,,,,,,,,,,,,,,,,,,,,,,,,,,,,,,,,,,,,,,,,,,,,,,,,,,,,,,,,,,,,,,,,,,,,,,,,,
ASMA-508,Bacteria,Pseudomonadota,Gammaproteobacteria,Pseudomonadales,Pseudomonadaceae,Pseudomonas,Pseudomonas aeruginosa,540.0,No,,,,,,,,,,,,,,,,,,,,,,,,,,,,,,,,,,,,,,,,,,,,,,,,,,,,,,,,,,,,,,,,,,,,,,,,,,,
ASMA-509,Bacteria,Pseudomonadota,Gammaproteobacteria,Pseudomonadales,Pseudomonadaceae,Pseudomonas,Pseudomonas aeruginosa,540.0,No,,,,,,,,,,,,,,,,,,,,,,,,,,,,,,,,,,,,,,,,,,,,,,,,,,,,,,,,,,,,,,,,,,,,,,,,,,,
ASMA-51,Bacteria,Pseudomonadota,Gammaproteobacteria,Pseudomonadales,Pseudomonadaceae,Pseudomonas,Pseudomonas aeruginosa,536.0,No,,,,,,,,,,,,,,,,,,,,,,,,,,,,,,,,,,,,,,,,,,,,,,,,,,,,,,,,,,,,,,,,,,,,,,,,,,,
ASMA-510,Bacteria,Pseudomonadota,Gammaproteobacteria,Pseudomonadales,Pseudomonadaceae,Pseudomonas,Pseudomonas aeruginosa,540.0,No,,,,,,,,,,,,,,,,,,,,,,,,,,,,,,,,,,,,,,,,,,,,,,,,,,,,,,,,,,,,,,,,,,,,,,,,,,,
ASMA-511,Bacteria,Pseudomonadota,Gammaproteobacteria,Pseudomonadales,Pseudomonadaceae,Pseudomonas,Pseudomonas aeruginosa,540.0,No,,,,,,,,,,,,,,,,,,,,,,,,,,,,,,,,,,,,,,,,,,,,,,,,,,,,,,,,,,,,,,,,,,,,,,,,,,,
ASMA-512,Bacteria,Pseudomonadota,Gammaproteobacteria,Pseudomonadales,Pseudomonadaceae,Pseudomonas,Pseudomonas aeruginosa,540.0,No,,,,,,,,,,,,,,,,,,,,,,,,,,,,,,,,,,,,,,,,,,,,,,,,,,,,,,,,,,,,,,,,,,,,,,,,,,,
ASMA-513,Bacteria,Pseudomonadota,Gammaproteobacteria,Pseudomonadales,Pseudomonadaceae,Pseudomonas,Pseudomonas aeruginosa,540.0,No,,,,,,,,,,,,,,,,,,,,,,,,,,,,,,,,,,,,,,,,,,,,,,,,,,,,,,,,,,,,,,,,,,,,,,,,,,,
ASMA-514,Bacteria,Pseudomonadota,Gammaproteobacteria,Pseudomonadales,Pseudomonadaceae,Pseudomonas,Pseudomonas aeruginosa,540.0,No,,,,,,,,,,,,,,,,,,,,,,,,,,,,,,,,,,,,,,,,,,,,,,,,,,,,,,,,,,,,,,,,,,,,,,,,,,,
ASMA-515,Bacteria,Pseudomonadota,Gammaproteobacteria,Pseudomonadales,Pseudomonadaceae,Pseudomonas,Pseudomonas aeruginosa,540.0,No,,,,,,,,,,,,,,,,,,,,,,,,,,,,,,,,,,,,,,,,,,,,,,,,,,,,,,,,,,,,,,,,,,,,,,,,,,,
ASMA-516,Bacteria,Pseudomonadota,Gammaproteobacteria,Pseudomonadales,Pseudomonadaceae,Pseudomonas,Pseudomonas aeruginosa,540.0,No,,,,,,,,,,,,,,,,,,,,,,,,,,,,,,,,,,,,,,,,,,,,,,,,,,,,,,,,,,,,,,,,,,,,,,,,,,,
ASMA-517,Bacteria,Pseudomonadota,Gammaproteobacteria,Pseudomonadales,Pseudomonadaceae,Pseudomonas,Pseudomonas aeruginosa,540.0,No,,,,,,,,,,,,,,,,,,,,,,,,,,,,,,,,,,,,,,,,,,,,,,,,,,,,,,,,,,,,,,,,,,,,,,,,,,,
ASMA-518,Bacteria,Pseudomonadota,Gammaproteobacteria,Pseudomonadales,Pseudomonadaceae,Pseudomonas,Pseudomonas aeruginosa,540.0,No,,,,,,,,,,,,,,,,,,,,,,,,,,,,,,,,,,,,,,,,,,,,,,,,,,,,,,,,,,,,,,,,,,,,,,,,,,,
ASMA-519,Bacteria,Pseudomonadota,Gammaproteobacteria,Pseudomonadales,Pseudomonadaceae,Pseudomonas,Pseudomonas aeruginosa,540.0,No,,,,,,,,,,,,,,,,,,,,,,,,,,,,,,,,,,,,,,,,,,,,,,,,,,,,,,,,,,,,,,,,,,,,,,,,,,,
ASMA-52,Bacteria,Pseudomonadota,Gammaproteobacteria,Pseudomonadales,Pseudomonadaceae,Pseudomonas,Pseudomonas aeruginosa,536.0,No,,,,,,,,,,,,,,,,,,,,,,,,,,,,,,,,,,,,,,,,,,,,,,,,,,,,,,,,,,,,,,,,,,,,,,,,,,,
ASMA-520,Bacteria,Pseudomonadota,Gammaproteobacteria,Pseudomonadales,Pseudomonadaceae,Pseudomonas,Pseudomonas aeruginosa,540.0,No,,,,,,,,,,,,,,,,,,,,,,,,,,,,,,,,,,,,,,,,,,,,,,,,,,,,,,,,,,,,,,,,,,,,,,,,,,,
ASMA-521,Bacteria,Pseudomonadota,Gammaproteobacteria,Pseudomonadales,Pseudomonadaceae,Pseudomonas,Pseudomonas aeruginosa,540.0,No,,,,,,,,,,,,,,,,,,,,,,,,,,,,,,,,,,,,,,,,,,,,,,,,,,,,,,,,,,,,,,,,,,,,,,,,,,,
ASMA-522,Bacteria,Pseudomonadota,Gammaproteobacteria,Pseudomonadales,Pseudomonadaceae,Pseudomonas,Pseudomonas aeruginosa,540.0,No,,,,,,,,,,,,,,,,,,,,,,,,,,,,,,,,,,,,,,,,,,,,,,,,,,,,,,,,,,,,,,,,,,,,,,,,,,,
ASMA-523,Bacteria,Pseudomonadota,Gammaproteobacteria,Pseudomonadales,Pseudomonadaceae,Pseudomonas,Pseudomonas aeruginosa,540.0,No,,,,,,,,,,,,,,,,,,,,,,,,,,,,,,,,,,,,,,,,,,,,,,,,,,,,,,,,,,,,,,,,,,,,,,,,,,,
ASMA-524,Bacteria,Pseudomonadota,Gammaproteobacteria,Pseudomonadales,Pseudomonadaceae,Pseudomonas,Pseudomonas aeruginosa,540.0,No,,,,,,,,,,,,,,,,,,,,,,,,,,,,,,,,,,,,,,,,,,,,,,,,,,,,,,,,,,,,,,,,,,,,,,,,,,,
ASMA-525,Bacteria,Pseudomonadota,Gammaproteobacteria,Pseudomonadales,Pseudomonadaceae,Pseudomonas,Pseudomonas aeruginosa,540.0,No,,,,,,,,,,,,,,,,,,,,,,,,,,,,,,,,,,,,,,,,,,,,,,,,,,,,,,,,,,,,,,,,,,,,,,,,,,,
ASMA-526,Bacteria,Pseudomonadota,Gammaproteobacteria,Burkholderiales,Alcaligenaceae,Achromobacter,Achromobacter xylosoxidans,538.0,No,,,,,,,,,,,,,,,,,,,,,,,,,,,,,,,,,,,,,,,,,,,,,,,,,,,,,,,,,,,,,,,,,,,,,,,,,,,
ASMA-527,Bacteria,Pseudomonadota,Gammaproteobacteria,Burkholderiales,Alcaligenaceae,Achromobacter,Achromobacter xylosoxidans,538.0,No,,,,,,,,,,,,,,,,,,,,,,,,,,,,,,,,,,,,,,,,,,,,,,,,,,,,,,,,,,,,,,,,,,,,,,,,,,,
ASMA-528,Bacteria,Pseudomonadota,Gammaproteobacteria,Burkholderiales,Alcaligenaceae,Achromobacter,Achromobacter xylosoxidans,538.0,No,,,,,,,,,,,,,,,,,,,,,,,,,,,,,,,,,,,,,,,,,,,,,,,,,,,,,,,,,,,,,,,,,,,,,,,,,,,
ASMA-529,Bacteria,Pseudomonadota,Gammaproteobacteria,Burkholderiales,Alcaligenaceae,Achromobacter,Achromobacter xylosoxidans,538.0,No,,,,,,,,,,,,,,,,,,,,,,,,,,,,,,,,,,,,,,,,,,,,,,,,,,,,,,,,,,,,,,,,,,,,,,,,,,,
ASMA-53,Bacteria,Pseudomonadota,Gammaproteobacteria,Pseudomonadales,Pseudomonadaceae,Pseudomonas,Pseudomonas aeruginosa,536.0,No,,,,,,,,,,,,,,,,,,,,,,,,,,,,,,,,,,,,,,,,,,,,,,,,,,,,,,,,,,,,,,,,,,,,,,,,,,,
ASMA-530,Bacteria,Pseudomonadota,Gammaproteobacteria,Burkholderiales,Alcaligenaceae,Achromobacter,Achromobacter xylosoxidans,538.0,No,,,,,,,,,,,,,,,,,,,,,,,,,,,,,,,,,,,,,,,,,,,,,,,,,,,,,,,,,,,,,,,,,,,,,,,,,,,
ASMA-531,Bacteria,Pseudomonadota,Gammaproteobacteria,Burkholderiales,Alcaligenaceae,Achromobacter,Achromobacter xylosoxidans,538.0,No,,,,,,,,,,,,,,,,,,,,,,,,,,,,,,,,,,,,,,,,,,,,,,,,,,,,,,,,,,,,,,,,,,,,,,,,,,,
ASMA-532,Bacteria,Pseudomonadota,Gammaproteobacteria,Burkholderiales,Alcaligenaceae,Achromobacter,Achromobacter xylosoxidans,538.0,No,,,,,,,,,,,,,,,,,,,,,,,,,,,,,,,,,,,,,,,,,,,,,,,,,,,,,,,,,,,,,,,,,,,,,,,,,,,
ASMA-533,Bacteria,Pseudomonadota,Gammaproteobacteria,Burkholderiales,Alcaligenaceae,Achromobacter,Achromobacter xylosoxidans,538.0,No,,,,,,,,,,,,,,,,,,,,,,,,,,,,,,,,,,,,,,,,,,,,,,,,,,,,,,,,,,,,,,,,,,,,,,,,,,,
ASMA-534,Bacteria,Pseudomonadota,Gammaproteobacteria,Burkholderiales,Alcaligenaceae,Achromobacter,Achromobacter xylosoxidans,538.0,No,,,,,,,,,,,,,,,,,,,,,,,,,,,,,,,,,,,,,,,,,,,,,,,,,,,,,,,,,,,,,,,,,,,,,,,,,,,
ASMA-535,Bacteria,Pseudomonadota,Gammaproteobacteria,Burkholderiales,Alcaligenaceae,Achromobacter,Achromobacter xylosoxidans,538.0,No,,,,,,,,,,,,,,,,,,,,,,,,,,,,,,,,,,,,,,,,,,,,,,,,,,,,,,,,,,,,,,,,,,,,,,,,,,,
ASMA-536,Bacteria,Pseudomonadota,Gammaproteobacteria,Burkholderiales,Alcaligenaceae,Achromobacter,Achromobacter xylosoxidans,538.0,No,,,,,,,,,,,,,,,,,,,,,,,,,,,,,,,,,,,,,,,,,,,,,,,,,,,,,,,,,,,,,,,,,,,,,,,,,,,
ASMA-537,Bacteria,Pseudomonadota,Gammaproteobacteria,Burkholderiales,Alcaligenaceae,Achromobacter,Achromobacter xylosoxidans,538.0,No,,,,,,,,,,,,,,,,,,,,,,,,,,,,,,,,,,,,,,,,,,,,,,,,,,,,,,,,,,,,,,,,,,,,,,,,,,,
ASMA-539,Bacteria,Pseudomonadota,Gammaproteobacteria,Burkholderiales,Alcaligenaceae,Achromobacter,Achromobacter xylosoxidans,538.0,No,,,,,,,,,,,,,,,,,,,,,,,,,,,,,,,,,,,,,,,,,,,,,,,,,,,,,,,,,,,,,,,,,,,,,,,,,,,
ASMA-54,Bacteria,Pseudomonadota,Gammaproteobacteria,Pseudomonadales,Pseudomonadaceae,Pseudomonas,Pseudomonas aeruginosa,536.0,No,,,,,,,,,,,,,,,,,,,,,,,,,,,,,,,,,,,,,,,,,,,,,,,,,,,,,,,,,,,,,,,,,,,,,,,,,,,
ASMA-540,Bacteria,Pseudomonadota,Gammaproteobacteria,Burkholderiales,Alcaligenaceae,Achromobacter,Achromobacter xylosoxidans,538.0,No,,,,,,,,,,,,,,,,,,,,,,,,,,,,,,,,,,,,,,,,,,,,,,,,,,,,,,,,,,,,,,,,,,,,,,,,,,,
ASMA-541,Bacteria,Pseudomonadota,Gammaproteobacteria,Burkholderiales,Alcaligenaceae,Achromobacter,Achromobacter xylosoxidans,538.0,No,,,,,,,,,,,,,,,,,,,,,,,,,,,,,,,,,,,,,,,,,,,,,,,,,,,,,,,,,,,,,,,,,,,,,,,,,,,
ASMA-542,Bacteria,Pseudomonadota,Gammaproteobacteria,Burkholderiales,Alcaligenaceae,Achromobacter,Achromobacter xylosoxidans,538.0,No,,,,,,,,,,,,,,,,,,,,,,,,,,,,,,,,,,,,,,,,,,,,,,,,,,,,,,,,,,,,,,,,,,,,,,,,,,,
ASMA-543,Bacteria,Pseudomonadota,Gammaproteobacteria,Burkholderiales,Alcaligenaceae,Achromobacter,Achromobacter xylosoxidans,538.0,No,,,,,,,,,,,,,,,,,,,,,,,,,,,,,,,,,,,,,,,,,,,,,,,,,,,,,,,,,,,,,,,,,,,,,,,,,,,
ASMA-544,Bacteria,Pseudomonadota,Gammaproteobacteria,Burkholderiales,Alcaligenaceae,Achromobacter,Achromobacter xylosoxidans,538.0,No,,,,,,,,,,,,,,,,,,,,,,,,,,,,,,,,,,,,,,,,,,,,,,,,,,,,,,,,,,,,,,,,,,,,,,,,,,,
ASMA-545,Bacteria,Pseudomonadota,Gammaproteobacteria,Burkholderiales,Alcaligenaceae,Achromobacter,Achromobacter xylosoxidans,538.0,No,,,,,,,,,,,,,,,,,,,,,,,,,,,,,,,,,,,,,,,,,,,,,,,,,,,,,,,,,,,,,,,,,,,,,,,,,,,
ASMA-546,Bacteria,Pseudomonadota,Gammaproteobacteria,Burkholderiales,Alcaligenaceae,Achromobacter,Achromobacter xylosoxidans,538.0,No,,,,,,,,,,,,,,,,,,,,,,,,,,,,,,,,,,,,,,,,,,,,,,,,,,,,,,,,,,,,,,,,,,,,,,,,,,,
ASMA-547,Bacteria,Pseudomonadota,Gammaproteobacteria,Burkholderiales,Alcaligenaceae,Achromobacter,Achromobacter xylosoxidans,538.0,No,,,,,,,,,,,,,,,,,,,,,,,,,,,,,,,,,,,,,,,,,,,,,,,,,,,,,,,,,,,,,,,,,,,,,,,,,,,
ASMA-548,Bacteria,Pseudomonadota,Gammaproteobacteria,Burkholderiales,Alcaligenaceae,Achromobacter,Achromobacter xylosoxidans,538.0,No,,,,,,,,,,,,,,,,,,,,,,,,,,,,,,,,,,,,,,,,,,,,,,,,,,,,,,,,,,,,,,,,,,,,,,,,,,,
ASMA-549,Bacteria,Pseudomonadota,Gammaproteobacteria,Burkholderiales,Alcaligenaceae,Achromobacter,Achromobacter xylosoxidans,538.0,No,,,,,,,,,,,,,,,,,,,,,,,,,,,,,,,,,,,,,,,,,,,,,,,,,,,,,,,,,,,,,,,,,,,,,,,,,,,
ASMA-55,Bacteria,Pseudomonadota,Gammaproteobacteria,Pseudomonadales,Pseudomonadaceae,Pseudomonas,Pseudomonas aeruginosa,536.0,No,,,,,,,,,,,,,,,,,,,,,,,,,,,,,,,,,,,,,,,,,,,,,,,,,,,,,,,,,,,,,,,,,,,,,,,,,,,
ASMA-550,Bacteria,Pseudomonadota,Gammaproteobacteria,Burkholderiales,Alcaligenaceae,Achromobacter,Achromobacter xylosoxidans,538.0,No,,,,,,,,,,,,,,,,,,,,,,,,,,,,,,,,,,,,,,,,,,,,,,,,,,,,,,,,,,,,,,,,,,,,,,,,,,,
ASMA-551,Bacteria,Pseudomonadota,Gammaproteobacteria,Burkholderiales,Alcaligenaceae,Achromobacter,Achromobacter xylosoxidans,538.0,No,,,,,,,,,,,,,,,,,,,,,,,,,,,,,,,,,,,,,,,,,,,,,,,,,,,,,,,,,,,,,,,,,,,,,,,,,,,
ASMA-552,Bacteria,Pseudomonadota,Gammaproteobacteria,Burkholderiales,Alcaligenaceae,Achromobacter,Achromobacter xylosoxidans,538.0,No,,,,,,,,,,,,,,,,,,,,,,,,,,,,,,,,,,,,,,,,,,,,,,,,,,,,,,,,,,,,,,,,,,,,,,,,,,,
ASMA-553,Bacteria,Pseudomonadota,Gammaproteobacteria,Burkholderiales,Alcaligenaceae,Achromobacter,Achromobacter xylosoxidans,538.0,No,,,,,,,,,,,,,,,,,,,,,,,,,,,,,,,,,,,,,,,,,,,,,,,,,,,,,,,,,,,,,,,,,,,,,,,,,,,
ASMA-554,Bacteria,Pseudomonadota,Gammaproteobacteria,Burkholderiales,Alcaligenaceae,Achromobacter,Achromobacter xylosoxidans,538.0,No,,,,,,,,,,,,,,,,,,,,,,,,,,,,,,,,,,,,,,,,,,,,,,,,,,,,,,,,,,,,,,,,,,,,,,,,,,,
ASMA-555,Bacteria,Pseudomonadota,Gammaproteobacteria,Burkholderiales,Alcaligenaceae,Achromobacter,Achromobacter xylosoxidans,538.0,No,,,,,,,,,,,,,,,,,,,,,,,,,,,,,,,,,,,,,,,,,,,,,,,,,,,,,,,,,,,,,,,,,,,,,,,,,,,
ASMA-556,Bacteria,Pseudomonadota,Gammaproteobacteria,Burkholderiales,Alcaligenaceae,Achromobacter,Achromobacter xylosoxidans,538.0,No,,,,,,,,,,,,,,,,,,,,,,,,,,,,,,,,,,,,,,,,,,,,,,,,,,,,,,,,,,,,,,,,,,,,,,,,,,,
ASMA-557,Bacteria,Pseudomonadota,Gammaproteobacteria,Burkholderiales,Alcaligenaceae,Achromobacter,Achromobacter xylosoxidans,538.0,No,,,,,,,,,,,,,,,,,,,,,,,,,,,,,,,,,,,,,,,,,,,,,,,,,,,,,,,,,,,,,,,,,,,,,,,,,,,
ASMA-558,Bacteria,Pseudomonadota,Gammaproteobacteria,Burkholderiales,Alcaligenaceae,Achromobacter,Achromobacter xylosoxidans,538.0,No,,,,,,,,,,,,,,,,,,,,,,,,,,,,,,,,,,,,,,,,,,,,,,,,,,,,,,,,,,,,,,,,,,,,,,,,,,,
ASMA-559,Bacteria,Pseudomonadota,Gammaproteobacteria,Burkholderiales,Alcaligenaceae,Achromobacter,Achromobacter xylosoxidans,538.0,No,,,,,,,,,,,,,,,,,,,,,,,,,,,,,,,,,,,,,,,,,,,,,,,,,,,,,,,,,,,,,,,,,,,,,,,,,,,
ASMA-56,Bacteria,Pseudomonadota,Gammaproteobacteria,Pseudomonadales,Pseudomonadaceae,Pseudomonas,Pseudomonas aeruginosa,536.0,No,,,,,,,,,,,,,,,,,,,,,,,,,,,,,,,,,,,,,,,,,,,,,,,,,,,,,,,,,,,,,,,,,,,,,,,,,,,
ASMA-560,Bacteria,Pseudomonadota,Gammaproteobacteria,Burkholderiales,Alcaligenaceae,Achromobacter,Achromobacter xylosoxidans,538.0,No,,,,,,,,,,,,,,,,,,,,,,,,,,,,,,,,,,,,,,,,,,,,,,,,,,,,,,,,,,,,,,,,,,,,,,,,,,,
ASMA-561,Bacteria,Pseudomonadota,Gammaproteobacteria,Burkholderiales,Alcaligenaceae,Achromobacter,Achromobacter xylosoxidans,538.0,No,4,0.6308,0.2606338299863111,0.7738,20251017.0,0.18057499999999999,0.10820275335375405,0.1515166666666667,0.05413434933365117,0.07665,0.10700904946156035,0.04759166666666667,0.053060806313762976,0.18166666666666667,0.10778766163156155,28.5,6.652067347825035,0.029002972544171127,0.02776181323598978,0.9980286193634504,0.0019241729202583665,robust,1,25.0,1,25.0,4,3,2.730636723235932,1.8354429646145447,20251017,none,0.06996666666666668,0.012113766273679435,20251017,0.15745,utilizes,0.14876666666666666,utilizes,0.09826666666666667,uncertain,0.054900000000000004,uncertain,0.11326666666666667,utilizes,0.08675,uncertain,0.14800000000000002,utilizes,0.06814999999999999,uncertain,0.0791,uncertain,0.12638333333333335,utilizes,0.20463333333333333,utilizes,0.1787,utilizes,0.10728333333333334,uncertain,0.055883333333333333,uncertain,0.06343333333333333,uncertain,0.06641666666666667,uncertain,0.05715,uncertain,0.06626666666666667,uncertain,0.05528333333333332,uncertain,0.061733333333333335,uncertain
ASMA-562,Bacteria,Pseudomonadota,Gammaproteobacteria,Burkholderiales,Alcaligenaceae,Achromobacter,Achromobacter xylosoxidans,538.0,No,,,,,,,,,,,,,,,,,,,,,,,,,,,,,,,,,,,,,,,,,,,,,,,,,,,,,,,,,,,,,,,,,,,,,,,,,,,
ASMA-563,Bacteria,Pseudomonadota,Gammaproteobacteria,Burkholderiales,Alcaligenaceae,Achromobacter,Achromobacter xylosoxidans,538.0,No,,,,,,,,,,,,,,,,,,,,,,,,,,,,,,,,,,,,,,,,,,,,,,,,,,,,,,,,,,,,,,,,,,,,,,,,,,,
ASMA-564,Bacteria,Pseudomonadota,Gammaproteobacteria,Burkholderiales,Alcaligenaceae,Achromobacter,Achromobacter xylosoxidans,538.0,No,,,,,,,,,,,,,,,,,,,,,,,,,,,,,,,,,,,,,,,,,,,,,,,,,,,,,,,,,,,,,,,,,,,,,,,,,,,
ASMA-565,Bacteria,Pseudomonadota,Gammaproteobacteria,Burkholderiales,Alcaligenaceae,Achromobacter,Achromobacter xylosoxidans,538.0,No,,,,,,,,,,,,,,,,,,,,,,,,,,,,,,,,,,,,,,,,,,,,,,,,,,,,,,,,,,,,,,,,,,,,,,,,,,,
ASMA-566,Bacteria,Pseudomonadota,Gammaproteobacteria,Burkholderiales,Alcaligenaceae,Achromobacter,Achromobacter xylosoxidans,538.0,No,,,,,,,,,,,,,,,,,,,,,,,,,,,,,,,,,,,,,,,,,,,,,,,,,,,,,,,,,,,,,,,,,,,,,,,,,,,
ASMA-567,Bacteria,Pseudomonadota,Gammaproteobacteria,Burkholderiales,Alcaligenaceae,Achromobacter,Achromobacter xylosoxidans,538.0,No,,,,,,,,,,,,,,,,,,,,,,,,,,,,,,,,,,,,,,,,,,,,,,,,,,,,,,,,,,,,,,,,,,,,,,,,,,,
ASMA-568,Bacteria,Pseudomonadota,Gammaproteobacteria,Burkholderiales,Alcaligenaceae,Achromobacter,Achromobacter xylosoxidans,538.0,No,,,,,,,,,,,,,,,,,,,,,,,,,,,,,,,,,,,,,,,,,,,,,,,,,,,,,,,,,,,,,,,,,,,,,,,,,,,
ASMA-569,Bacteria,Pseudomonadota,Gammaproteobacteria,Burkholderiales,Alcaligenaceae,Achromobacter,Achromobacter xylosoxidans,538.0,No,,,,,,,,,,,,,,,,,,,,,,,,,,,,,,,,,,,,,,,,,,,,,,,,,,,,,,,,,,,,,,,,,,,,,,,,,,,
ASMA-57,Bacteria,Pseudomonadota,Gammaproteobacteria,Pseudomonadales,Pseudomonadaceae,Pseudomonas,Pseudomonas aeruginosa,536.0,No,,,,,,,,,,,,,,,,,,,,,,,,,,,,,,,,,,,,,,,,,,,,,,,,,,,,,,,,,,,,,,,,,,,,,,,,,,,
ASMA-572,Bacteria,Pseudomonadota,Gammaproteobacteria,Burkholderiales,Alcaligenaceae,Achromobacter,Achromobacter xylosoxidans,,,,,,,,,,,,,,,,,,,,,,,,,,,,,,,,,,,,,,,,,,,,,,,,,,,,,,,,,,,,,,,,,,,,,,,,,,,,,
ASMA-573,Bacteria,Pseudomonadota,Gammaproteobacteria,Burkholderiales,Alcaligenaceae,Achromobacter,Achromobacter xylosoxidans,,,,,,,,,,,,,,,,,,,,,,,,,,,,,,,,,,,,,,,,,,,,,,,,,,,,,,,,,,,,,,,,,,,,,,,,,,,,,
ASMA-574,Bacteria,Pseudomonadota,Gammaproteobacteria,Burkholderiales,Alcaligenaceae,Achromobacter,Achromobacter xylosoxidans,,,,,,,,,,,,,,,,,,,,,,,,,,,,,,,,,,,,,,,,,,,,,,,,,,,,,,,,,,,,,,,,,,,,,,,,,,,,,
ASMA-575,Bacteria,Pseudomonadota,Gammaproteobacteria,Burkholderiales,Alcaligenaceae,Achromobacter,Achromobacter xylosoxidans,,,,,,,,,,,,,,,,,,,,,,,,,,,,,,,,,,,,,,,,,,,,,,,,,,,,,,,,,,,,,,,,,,,,,,,,,,,,,
ASMA-576,Bacteria,Pseudomonadota,Gammaproteobacteria,Burkholderiales,Alcaligenaceae,Achromobacter,Achromobacter xylosoxidans,,,,,,,,,,,,,,,,,,,,,,,,,,,,,,,,,,,,,,,,,,,,,,,,,,,,,,,,,,,,,,,,,,,,,,,,,,,,,
ASMA-577,Bacteria,Pseudomonadota,Gammaproteobacteria,Burkholderiales,Alcaligenaceae,Achromobacter,Achromobacter xylosoxidans,,,,,,,,,,,,,,,,,,,,,,,,,,,,,,,,,,,,,,,,,,,,,,,,,,,,,,,,,,,,,,,,,,,,,,,,,,,,,
ASMA-578,Bacteria,Pseudomonadota,Gammaproteobacteria,Burkholderiales,Alcaligenaceae,Achromobacter,Achromobacter xylosoxidans,,,,,,,,,,,,,,,,,,,,,,,,,,,,,,,,,,,,,,,,,,,,,,,,,,,,,,,,,,,,,,,,,,,,,,,,,,,,,
ASMA-579,Bacteria,Pseudomonadota,Gammaproteobacteria,Burkholderiales,Alcaligenaceae,Achromobacter,Achromobacter xylosoxidans,,,,,,,,,,,,,,,,,,,,,,,,,,,,,,,,,,,,,,,,,,,,,,,,,,,,,,,,,,,,,,,,,,,,,,,,,,,,,
ASMA-58,Bacteria,Pseudomonadota,Gammaproteobacteria,Pseudomonadales,Pseudomonadaceae,Pseudomonas,Pseudomonas aeruginosa,536.0,No,,,,,,,,,,,,,,,,,,,,,,,,,,,,,,,,,,,,,,,,,,,,,,,,,,,,,,,,,,,,,,,,,,,,,,,,,,,
ASMA-580,Bacteria,Pseudomonadota,Gammaproteobacteria,Burkholderiales,Alcaligenaceae,Achromobacter,Achromobacter xylosoxidans,,,,,,,,,,,,,,,,,,,,,,,,,,,,,,,,,,,,,,,,,,,,,,,,,,,,,,,,,,,,,,,,,,,,,,,,,,,,,
ASMA-581,Bacteria,Pseudomonadota,Gammaproteobacteria,Burkholderiales,Alcaligenaceae,Achromobacter,Achromobacter xylosoxidans,,,,,,,,,,,,,,,,,,,,,,,,,,,,,,,,,,,,,,,,,,,,,,,,,,,,,,,,,,,,,,,,,,,,,,,,,,,,,
ASMA-582,Bacteria,Pseudomonadota,Gammaproteobacteria,Burkholderiales,Alcaligenaceae,Achromobacter,Achromobacter xylosoxidans,,,,,,,,,,,,,,,,,,,,,,,,,,,,,,,,,,,,,,,,,,,,,,,,,,,,,,,,,,,,,,,,,,,,,,,,,,,,,
ASMA-583,Bacteria,Pseudomonadota,Gammaproteobacteria,Burkholderiales,Alcaligenaceae,Achromobacter,Achromobacter xylosoxidans,,,,,,,,,,,,,,,,,,,,,,,,,,,,,,,,,,,,,,,,,,,,,,,,,,,,,,,,,,,,,,,,,,,,,,,,,,,,,
ASMA-59,Bacteria,Pseudomonadota,Gammaproteobacteria,Pseudomonadales,Pseudomonadaceae,Pseudomonas,Pseudomonas aeruginosa,536.0,No,,,,,,,,,,,,,,,,,,,,,,,,,,,,,,,,,,,,,,,,,,,,,,,,,,,,,,,,,,,,,,,,,,,,,,,,,,,
ASMA-594,Bacteria,Pseudomonadota,Gammaproteobacteria,Burkholderiales,Alcaligenaceae,Achromobacter,Achromobacter xylosoxidans,538.0,No,,,,,,,,,,,,,,,,,,,,,,,,,,,,,,,,,,,,,,,,,,,,,,,,,,,,,,,,,,,,,,,,,,,,,,,,,,,
ASMA-595,Bacteria,Pseudomonadota,Gammaproteobacteria,Burkholderiales,Alcaligenaceae,Achromobacter,Achromobacter xylosoxidans,538.0,No,,,,,,,,,,,,,,,,,,,,,,,,,,,,,,,,,,,,,,,,,,,,,,,,,,,,,,,,,,,,,,,,,,,,,,,,,,,
ASMA-596,Bacteria,Pseudomonadota,Gammaproteobacteria,Burkholderiales,Alcaligenaceae,Achromobacter,Achromobacter xylosoxidans,538.0,No,,,,,,,,,,,,,,,,,,,,,,,,,,,,,,,,,,,,,,,,,,,,,,,,,,,,,,,,,,,,,,,,,,,,,,,,,,,
ASMA-597,Bacteria,Pseudomonadota,Gammaproteobacteria,Burkholderiales,Alcaligenaceae,Achromobacter,Achromobacter xylosoxidans,538.0,No,,,,,,,,,,,,,,,,,,,,,,,,,,,,,,,,,,,,,,,,,,,,,,,,,,,,,,,,,,,,,,,,,,,,,,,,,,,
ASMA-598,Bacteria,Pseudomonadota,Gammaproteobacteria,Burkholderiales,Alcaligenaceae,Achromobacter,Achromobacter xylosoxidans,538.0,No,,,,,,,,,,,,,,,,,,,,,,,,,,,,,,,,,,,,,,,,,,,,,,,,,,,,,,,,,,,,,,,,,,,,,,,,,,,
ASMA-599,Bacteria,Pseudomonadota,Gammaproteobacteria,Burkholderiales,Alcaligenaceae,Achromobacter,Achromobacter xylosoxidans,538.0,No,,,,,,,,,,,,,,,,,,,,,,,,,,,,,,,,,,,,,,,,,,,,,,,,,,,,,,,,,,,,,,,,,,,,,,,,,,,
ASMA-6,Bacteria,Pseudomonadota,Gammaproteobacteria,Pseudomonadales,Pseudomonadaceae,Pseudomonas,Pseudomonas aeruginosa,536.0,No,,,,,,,,,,,,,,,,,,,,,,,,,,,,,,,,,,,,,,,,,,,,,,,,,,,,,,,,,,,,,,,,,,,,,,,,,,,
ASMA-60,Bacteria,Pseudomonadota,Gammaproteobacteria,Pseudomonadales,Pseudomonadaceae,Pseudomonas,Pseudomonas aeruginosa,536.0,No,,,,,,,,,,,,,,,,,,,,,,,,,,,,,,,,,,,,,,,,,,,,,,,,,,,,,,,,,,,,,,,,,,,,,,,,,,,
ASMA-600,Bacteria,Pseudomonadota,Gammaproteobacteria,Burkholderiales,Alcaligenaceae,Achromobacter,Achromobacter xylosoxidans,538.0,No,,,,,,,,,,,,,,,,,,,,,,,,,,,,,,,,,,,,,,,,,,,,,,,,,,,,,,,,,,,,,,,,,,,,,,,,,,,
ASMA-601,Bacteria,Pseudomonadota,Gammaproteobacteria,Burkholderiales,Alcaligenaceae,Achromobacter,Achromobacter xylosoxidans,538.0,No,,,,,,,,,,,,,,,,,,,,,,,,,,,,,,,,,,,,,,,,,,,,,,,,,,,,,,,,,,,,,,,,,,,,,,,,,,,
ASMA-602,Bacteria,Pseudomonadota,Gammaproteobacteria,Burkholderiales,Alcaligenaceae,Achromobacter,Achromobacter xylosoxidans,538.0,Yes,,,,,,,,,,,,,,,,,,,,,,,,,,,,,,,,,,,,,,,,,,,,,,,,,,,,,,,,,,,,,,,,,,,,,,,,,,,
ASMA-603,Bacteria,Pseudomonadota,Gammaproteobacteria,Burkholderiales,Alcaligenaceae,Achromobacter,Achromobacter xylosoxidans,538.0,No,,,,,,,,,,,,,,,,,,,,,,,,,,,,,,,,,,,,,,,,,,,,,,,,,,,,,,,,,,,,,,,,,,,,,,,,,,,
ASMA-604,Bacteria,Pseudomonadota,Gammaproteobacteria,Burkholderiales,Alcaligenaceae,Achromobacter,Achromobacter xylosoxidans,538.0,No,,,,,,,,,,,,,,,,,,,,,,,,,,,,,,,,,,,,,,,,,,,,,,,,,,,,,,,,,,,,,,,,,,,,,,,,,,,
ASMA-605,Bacteria,Pseudomonadota,Gammaproteobacteria,Burkholderiales,Alcaligenaceae,Achromobacter,Achromobacter xylosoxidans,538.0,No,,,,,,,,,,,,,,,,,,,,,,,,,,,,,,,,,,,,,,,,,,,,,,,,,,,,,,,,,,,,,,,,,,,,,,,,,,,
ASMA-606,Bacteria,Pseudomonadota,Gammaproteobacteria,Burkholderiales,Alcaligenaceae,Achromobacter,Achromobacter xylosoxidans,538.0,No,,,,,,,,,,,,,,,,,,,,,,,,,,,,,,,,,,,,,,,,,,,,,,,,,,,,,,,,,,,,,,,,,,,,,,,,,,,
ASMA-607,Bacteria,Pseudomonadota,Gammaproteobacteria,Burkholderiales,Alcaligenaceae,Achromobacter,Achromobacter xylosoxidans,538.0,No,,,,,,,,,,,,,,,,,,,,,,,,,,,,,,,,,,,,,,,,,,,,,,,,,,,,,,,,,,,,,,,,,,,,,,,,,,,
ASMA-608,Bacteria,Pseudomonadota,Gammaproteobacteria,Burkholderiales,Alcaligenaceae,Achromobacter,Achromobacter xylosoxidans,538.0,No,,,,,,,,,,,,,,,,,,,,,,,,,,,,,,,,,,,,,,,,,,,,,,,,,,,,,,,,,,,,,,,,,,,,,,,,,,,
ASMA-609,Bacteria,Pseudomonadota,Gammaproteobacteria,Burkholderiales,Alcaligenaceae,Achromobacter,Achromobacter xylosoxidans,538.0,No,,,,,,,,,,,,,,,,,,,,,,,,,,,,,,,,,,,,,,,,,,,,,,,,,,,,,,,,,,,,,,,,,,,,,,,,,,,
ASMA-61,Bacteria,Pseudomonadota,Gammaproteobacteria,Pseudomonadales,Pseudomonadaceae,Pseudomonas,Pseudomonas aeruginosa,536.0,No,,,,,,,,,,,,,,,,,,,,,,,,,,,,,,,,,,,,,,,,,,,,,,,,,,,,,,,,,,,,,,,,,,,,,,,,,,,
ASMA-610,Bacteria,Pseudomonadota,Gammaproteobacteria,Burkholderiales,Alcaligenaceae,Achromobacter,Achromobacter xylosoxidans,538.0,No,,,,,,,,,,,,,,,,,,,,,,,,,,,,,,,,,,,,,,,,,,,,,,,,,,,,,,,,,,,,,,,,,,,,,,,,,,,
ASMA-611,Bacteria,Pseudomonadota,Gammaproteobacteria,Burkholderiales,Alcaligenaceae,Achromobacter,Achromobacter xylosoxidans,538.0,No,4,0.5944499999999999,0.02114844359915563,0.6172,20251010.0,0.20035,0.07902364625013622,0.164275,0.05323015279582305,0.096,0.07044917789915413,0.05992499999999999,0.044611984563194075,0.2027,0.07862039599662843,14.625,10.43731287257405,0.09217696767682328,0.01131949723318506,0.9989585267785092,0.0007278929099995675,robust,2,50.0,0,0.0,3,3,28.790778784398796,5.572715450631814,20251010,weak,0.05251666666666667,0.00011547005383792845,20251010,0.0581,utilizes,0.05681666666666667,utilizes,0.05305,utilizes,0.0523,uncertain,0.05368333333333333,utilizes,0.05333333333333333,utilizes,0.054933333333333334,utilizes,0.055099999999999996,utilizes,0.057633333333333335,utilizes,0.05441666666666667,utilizes,0.056716666666666665,utilizes,0.054849999999999996,utilizes,0.0737,utilizes,0.05208333333333333,uncertain,0.05095,uncertain,0.054066666666666666,utilizes,0.051416666666666666,uncertain,0.052250000000000005,uncertain,0.05616666666666666,utilizes,0.05023333333333333,uncertain
ASMA-612,Bacteria,Pseudomonadota,Gammaproteobacteria,Burkholderiales,Alcaligenaceae,Achromobacter,Achromobacter xylosoxidans,538.0,No,,,,,,,,,,,,,,,,,,,,,,,,,,,,,,,,,,,,,,,,,,,,,,,,,,,,,,,,,,,,,,,,,,,,,,,,,,,
ASMA-613,Bacteria,Pseudomonadota,Gammaproteobacteria,Burkholderiales,Alcaligenaceae,Achromobacter,Achromobacter xylosoxidans,538.0,No,,,,,,,,,,,,,,,,,,,,,,,,,,,,,,,,,,,,,,,,,,,,,,,,,,,,,,,,,,,,,,,,,,,,,,,,,,,
ASMA-614,Bacteria,Bacillota,Bacilli,Staphylococcales,Staphylococcaceae,Staphylococcus,Staphylococcus epidermidis,201.0,Yes,1,0.06226666666666669,,0.06226666666666669,20250920.0,0.5425,,0.7303666666666667,,0.43646666666666667,,0.6243333333333334,,0.7332666666666666,,45.5,,0.02255021926397398,,0.9999071450636934,,poor,1,100.0,1,100.0,1,,,,,,0.0446,,20250920,0.0467,uncertain,0.0505,uncertain,0.0447,uncertain,0.045,uncertain,0.0519,uncertain,0.0437,uncertain,0.0436,uncertain,0.0441,uncertain,0.0437,uncertain,0.0447,uncertain,0.0427,uncertain,0.0434,uncertain,0.0438,uncertain,0.0434,uncertain,0.043,uncertain,0.0425,uncertain,0.0431,uncertain,0.0433,uncertain,0.0456,uncertain,0.0439,uncertain
ASMA-615,Bacteria,Pseudomonadota,Gammaproteobacteria,Pseudomonadales,Pseudomonadaceae,Pseudomonas,Pseudomonas aeruginosa,535.0,No,,,,,,,,,,,,,,,,,,,,,,,,,,,,,,,,,,,,,,,,,,,,,,,,,,,,,,,,,,,,,,,,,,,,,,,,,,,
ASMA-616,Bacteria,Pseudomonadota,Gammaproteobacteria,Pseudomonadales,Pseudomonadaceae,Pseudomonas,Pseudomonas aeruginosa,535.0,No,,,,,,,,,,,,,,,,,,,,,,,,,,,,,,,,,,,,,,,,,,,,,,,,,,,,,,,,,,,,,,,,,,,,,,,,,,,
ASMA-617,Bacteria,Pseudomonadota,Gammaproteobacteria,Pseudomonadales,Pseudomonadaceae,Pseudomonas,Pseudomonas aeruginosa,535.0,No,,,,,,,,,,,,,,,,,,,,,,,,,,,,,,,,,,,,,,,,,,,,,,,,,,,,,,,,,,,,,,,,,,,,,,,,,,,
ASMA-618,Bacteria,Pseudomonadota,Gammaproteobacteria,Pseudomonadales,Pseudomonadaceae,Pseudomonas,Pseudomonas aeruginosa,535.0,No,,,,,,,,,,,,,,,,,,,,,,,,,,,,,,,,,,,,,,,,,,,,,,,,,,,,,,,,,,,,,,,,,,,,,,,,,,,
ASMA-619,Bacteria,Pseudomonadota,Gammaproteobacteria,Pseudomonadales,Pseudomonadaceae,Pseudomonas,Pseudomonas aeruginosa,535.0,No,,,,,,,,,,,,,,,,,,,,,,,,,,,,,,,,,,,,,,,,,,,,,,,,,,,,,,,,,,,,,,,,,,,,,,,,,,,
ASMA-62,Bacteria,Pseudomonadota,Gammaproteobacteria,Pseudomonadales,Pseudomonadaceae,Pseudomonas,Pseudomonas aeruginosa,536.0,No,,,,,,,,,,,,,,,,,,,,,,,,,,,,,,,,,,,,,,,,,,,,,,,,,,,,,,,,,,,,,,,,,,,,,,,,,,,
ASMA-620,Bacteria,Pseudomonadota,Gammaproteobacteria,Pseudomonadales,Pseudomonadaceae,Pseudomonas,Pseudomonas aeruginosa,535.0,No,,,,,,,,,,,,,,,,,,,,,,,,,,,,,,,,,,,,,,,,,,,,,,,,,,,,,,,,,,,,,,,,,,,,,,,,,,,
ASMA-621,Bacteria,Pseudomonadota,Gammaproteobacteria,Pseudomonadales,Pseudomonadaceae,Pseudomonas,Pseudomonas aeruginosa,535.0,No,,,,,,,,,,,,,,,,,,,,,,,,,,,,,,,,,,,,,,,,,,,,,,,,,,,,,,,,,,,,,,,,,,,,,,,,,,,
ASMA-622,Bacteria,Pseudomonadota,Gammaproteobacteria,Pseudomonadales,Pseudomonadaceae,Pseudomonas,Pseudomonas aeruginosa,535.0,No,1,0.22633333333333333,,0.22633333333333333,20250920.0,0.113,,0.1079333333333333,,0.013266666666666663,,0.008199999999999957,,0.1229333333333333,,20.0,,0.009711738265888463,,0.9862624255226475,,robust,0,0.0,0,0.0,1,,,,,,0.045,,20250920,0.0449,uncertain,0.0446,uncertain,0.0448,uncertain,0.044,uncertain,0.0455,uncertain,0.0454,uncertain,0.0444,uncertain,0.0449,uncertain,0.0449,uncertain,0.045,uncertain,0.0437,uncertain,0.0439,uncertain,0.0441,uncertain,0.0444,uncertain,0.0445,uncertain,0.0437,uncertain,0.0451,uncertain,0.0457,uncertain,0.045,uncertain,0.0503,uncertain
ASMA-623,Bacteria,Pseudomonadota,Gammaproteobacteria,Pseudomonadales,Pseudomonadaceae,Pseudomonas,Pseudomonas aeruginosa,447.0,No,,,,,,,,,,,,,,,,,,,,,,,,,,,,,,,,,,,,,,,,,,,,,,,,,,,,,,,,,,,,,,,,,,,,,,,,,,,
ASMA-624,Bacteria,Pseudomonadota,Gammaproteobacteria,Pseudomonadales,Pseudomonadaceae,Pseudomonas,Pseudomonas aeruginosa,540.0,No,,,,,,,,,,,,,,,,,,,,,,,,,,,,,,,,,,,,,,,,,,,,,,,,,,,,,,,,,,,,,,,,,,,,,,,,,,,
ASMA-625,Bacteria,Pseudomonadota,Gammaproteobacteria,Burkholderiales,Alcaligenaceae,Achromobacter,Achromobacter xylosoxidans,538.0,No,,,,,,,,,,,,,,,,,,,,,,,,,,,,,,,,,,,,,,,,,,,,,,,,,,,,,,,,,,,,,,,,,,,,,,,,,,,
ASMA-626,Bacteria,Pseudomonadota,Gammaproteobacteria,Burkholderiales,Alcaligenaceae,Achromobacter,Achromobacter xylosoxidans,538.0,No,,,,,,,,,,,,,,,,,,,,,,,,,,,,,,,,,,,,,,,,,,,,,,,,,,,,,,,,,,,,,,,,,,,,,,,,,,,
ASMA-627,Bacteria,Pseudomonadota,Gammaproteobacteria,Burkholderiales,Alcaligenaceae,Achromobacter,Achromobacter xylosoxidans,538.0,No,,,,,,,,,,,,,,,,,,,,,,,,,,,,,,,,,,,,,,,,,,,,,,,,,,,,,,,,,,,,,,,,,,,,,,,,,,,
ASMA-628,Bacteria,Pseudomonadota,Gammaproteobacteria,Burkholderiales,Alcaligenaceae,Achromobacter,Achromobacter xylosoxidans,538.0,No,,,,,,,,,,,,,,,,,,,,,,,,,,,,,,,,,,,,,,,,,,,,,,,,,,,,,,,,,,,,,,,,,,,,,,,,,,,
ASMA-629,Bacteria,Pseudomonadota,Gammaproteobacteria,Burkholderiales,Alcaligenaceae,Achromobacter,Achromobacter xylosoxidans,538.0,No,,,,,,,,,,,,,,,,,,,,,,,,,,,,,,,,,,,,,,,,,,,,,,,,,,,,,,,,,,,,,,,,,,,,,,,,,,,
ASMA-63,Bacteria,Pseudomonadota,Gammaproteobacteria,Pseudomonadales,Pseudomonadaceae,Pseudomonas,Pseudomonas aeruginosa,536.0,No,,,,,,,,,,,,,,,,,,,,,,,,,,,,,,,,,,,,,,,,,,,,,,,,,,,,,,,,,,,,,,,,,,,,,,,,,,,
ASMA-630,Bacteria,Pseudomonadota,Gammaproteobacteria,Burkholderiales,Alcaligenaceae,Achromobacter,Achromobacter xylosoxidans,538.0,No,,,,,,,,,,,,,,,,,,,,,,,,,,,,,,,,,,,,,,,,,,,,,,,,,,,,,,,,,,,,,,,,,,,,,,,,,,,
ASMA-631,Bacteria,Pseudomonadota,Gammaproteobacteria,Pseudomonadales,Pseudomonadaceae,Pseudomonas,Pseudomonas aeruginosa,533.0,No,,,,,,,,,,,,,,,,,,,,,,,,,,,,,,,,,,,,,,,,,,,,,,,,,,,,,,,,,,,,,,,,,,,,,,,,,,,
ASMA-632,Bacteria,Pseudomonadota,Gammaproteobacteria,Burkholderiales,Alcaligenaceae,Achromobacter,Achromobacter xylosoxidans,538.0,No,,,,,,,,,,,,,,,,,,,,,,,,,,,,,,,,,,,,,,,,,,,,,,,,,,,,,,,,,,,,,,,,,,,,,,,,,,,
ASMA-633,Bacteria,Pseudomonadota,Gammaproteobacteria,Burkholderiales,Alcaligenaceae,Achromobacter,Achromobacter xylosoxidans,538.0,No,,,,,,,,,,,,,,,,,,,,,,,,,,,,,,,,,,,,,,,,,,,,,,,,,,,,,,,,,,,,,,,,,,,,,,,,,,,
ASMA-634,Bacteria,Pseudomonadota,Gammaproteobacteria,Pseudomonadales,Pseudomonadaceae,Pseudomonas,Pseudomonas aeruginosa,535.0,No,,,,,,,,,,,,,,,,,,,,,,,,,,,,,,,,,,,,,,,,,,,,,,,,,,,,,,,,,,,,,,,,,,,,,,,,,,,
ASMA-635,Bacteria,Pseudomonadota,Gammaproteobacteria,Pseudomonadales,Pseudomonadaceae,Pseudomonas,Pseudomonas aeruginosa,535.0,No,,,,,,,,,,,,,,,,,,,,,,,,,,,,,,,,,,,,,,,,,,,,,,,,,,,,,,,,,,,,,,,,,,,,,,,,,,,
ASMA-636,Bacteria,Pseudomonadota,Gammaproteobacteria,Pseudomonadales,Pseudomonadaceae,Pseudomonas,Pseudomonas aeruginosa,447.0,Yes,,,,,,,,,,,,,,,,,,,,,,,,,,,,,,,,,,,,,,,,,,,,,,,,,,,,,,,,,,,,,,,,,,,,,,,,,,,
ASMA-637,Bacteria,Pseudomonadota,Gammaproteobacteria,Pseudomonadales,Pseudomonadaceae,Pseudomonas,Pseudomonas aeruginosa,540.0,No,,,,,,,,,,,,,,,,,,,,,,,,,,,,,,,,,,,,,,,,,,,,,,,,,,,,,,,,,,,,,,,,,,,,,,,,,,,
ASMA-638,Bacteria,Pseudomonadota,Gammaproteobacteria,Burkholderiales,Alcaligenaceae,Achromobacter,Achromobacter xylosoxidans,538.0,No,,,,,,,,,,,,,,,,,,,,,,,,,,,,,,,,,,,,,,,,,,,,,,,,,,,,,,,,,,,,,,,,,,,,,,,,,,,
ASMA-639,Bacteria,Pseudomonadota,Gammaproteobacteria,Burkholderiales,Alcaligenaceae,Achromobacter,Achromobacter xylosoxidans,,,,,,,,,,,,,,,,,,,,,,,,,,,,,,,,,,,,,,,,,,,,,,,,,,,,,,,,,,,,,,,,,,,,,,,,,,,,,
ASMA-64,Bacteria,Pseudomonadota,Gammaproteobacteria,Pseudomonadales,Pseudomonadaceae,Pseudomonas,Pseudomonas aeruginosa,536.0,No,,,,,,,,,,,,,,,,,,,,,,,,,,,,,,,,,,,,,,,,,,,,,,,,,,,,,,,,,,,,,,,,,,,,,,,,,,,
ASMA-640,Bacteria,Pseudomonadota,Gammaproteobacteria,Burkholderiales,Alcaligenaceae,Achromobacter,Achromobacter xylosoxidans,538.0,No,,,,,,,,,,,,,,,,,,,,,,,,,,,,,,,,,,,,,,,,,,,,,,,,,,,,,,,,,,,,,,,,,,,,,,,,,,,
ASMA-641,Bacteria,Pseudomonadota,Gammaproteobacteria,Burkholderiales,Alcaligenaceae,Achromobacter,Achromobacter xylosoxidans,538.0,No,,,,,,,,,,,,,,,,,,,,,,,,,,,,,,,,,,,,,,,,,,,,,,,,,,,,,,,,,,,,,,,,,,,,,,,,,,,
ASMA-642,Bacteria,Pseudomonadota,Gammaproteobacteria,Burkholderiales,Alcaligenaceae,Achromobacter,Achromobacter xylosoxidans,538.0,No,,,,,,,,,,,,,,,,,,,,,,,,,,,,,,,,,,,,,,,,,,,,,,,,,,,,,,,,,,,,,,,,,,,,,,,,,,,
ASMA-643,Bacteria,Pseudomonadota,Gammaproteobacteria,Burkholderiales,Alcaligenaceae,Achromobacter,Achromobacter xylosoxidans,538.0,No,,,,,,,,,,,,,,,,,,,,,,,,,,,,,,,,,,,,,,,,,,,,,,,,,,,,,,,,,,,,,,,,,,,,,,,,,,,
ASMA-644,Bacteria,Bacillota,Bacilli,Lactobacillales,Streptococcaceae,Streptococcus,undetermined species,202.0,Yes,,,,,,,,,,,,,,,,,,,,,,,,,,,,,,,,,,,,,,,,,,,,,,,,,,,,,,,,,,,,,,,,,,,,,,,,,,,
ASMA-645,Bacteria,Pseudomonadota,Gammaproteobacteria,Burkholderiales,Alcaligenaceae,Achromobacter,Achromobacter xylosoxidans,538.0,No,,,,,,,,,,,,,,,,,,,,,,,,,,,,,,,,,,,,,,,,,,,,,,,,,,,,,,,,,,,,,,,,,,,,,,,,,,,
ASMA-646,Bacteria,Pseudomonadota,Gammaproteobacteria,Burkholderiales,Alcaligenaceae,Achromobacter,Achromobacter xylosoxidans,538.0,No,,,,,,,,,,,,,,,,,,,,,,,,,,,,,,,,,,,,,,,,,,,,,,,,,,,,,,,,,,,,,,,,,,,,,,,,,,,
ASMA-647,Bacteria,Actinomycetota,Actinomycetes,Micrococcales,Micrococcaceae,Rothia,Rothia dentocariosa,518.0,No,,,,,,,,,,,,,,,,,,,,,,,,,,,,,,,,,,,,,,,,,,,,,,,,,,,,,,,,,,,,,,,,,,,,,,,,,,,
ASMA-648,Bacteria,Actinomycetota,Actinomycetes,Micrococcales,Micrococcaceae,Rothia,Rothia dentocariosa,518.0,No,,,,,,,,,,,,,,,,,,,,,,,,,,,,,,,,,,,,,,,,,,,,,,,,,,,,,,,,,,,,,,,,,,,,,,,,,,,
ASMA-649,Fungi,Saccharomycetes,Ascomycota,Saccharomycetales,Debaryomycetaceae,Candida,Candida albicans,,,,,,,,,,,,,,,,,,,,,,,,,,,,,,,,,,,,,,,,,,,,,,,,,,,,,,,,,,,,,,,,,,,,,,,,,,,,,
ASMA-65,Bacteria,Pseudomonadota,Gammaproteobacteria,Pseudomonadales,Pseudomonadaceae,Pseudomonas,Pseudomonas aeruginosa,536.0,No,,,,,,,,,,,,,,,,,,,,,,,,,,,,,,,,,,,,,,,,,,,,,,,,,,,,,,,,,,,,,,,,,,,,,,,,,,,
ASMA-650,Bacteria,Actinomycetota,Actinomycetes,Micrococcales,Micrococcaceae,Rothia,Rothia dentocariosa,,,,,,,,,,,,,,,,,,,,,,,,,,,,,,,,,,,,,,,,,,,,,,,,,,,,,,,,,,,,,,,,,,,,,,,,,,,,,
ASMA-651,Bacteria,Bacillota,Bacilli,Lactobacillales,Streptococcaceae,Streptococcus,Streptococcus salivarius,534.0,No,,,,,,,,,,,,,,,,,,,,,,,,,,,,,,,,,,,,,,,,,,,,,,,,,,,,,,,,,,,,,,,,,,,,,,,,,,,
ASMA-652,Bacteria,Bacillota,Bacilli,Lactobacillales,Streptococcaceae,Streptococcus,Streptococcus salivarius,534.0,No,,,,,,,,,,,,,,,,,,,,,,,,,,,,,,,,,,,,,,,,,,,,,,,,,,,,,,,,,,,,,,,,,,,,,,,,,,,
ASMA-653,Bacteria,Bacillota,Bacilli,Lactobacillales,Streptococcaceae,Streptococcus,Streptococcus salivarius,534.0,No,,,,,,,,,,,,,,,,,,,,,,,,,,,,,,,,,,,,,,,,,,,,,,,,,,,,,,,,,,,,,,,,,,,,,,,,,,,
ASMA-654,Bacteria,Pseudomonadota,Gammaproteobacteria,Burkholderiales,Alcaligenaceae,Achromobacter,Achromobacter xylosoxidans,537.0,No,,,,,,,,,,,,,,,,,,,,,,,,,,,,,,,,,,,,,,,,,,,,,,,,,,,,,,,,,,,,,,,,,,,,,,,,,,,
ASMA-655,Bacteria,Pseudomonadota,Gammaproteobacteria,Burkholderiales,Alcaligenaceae,Achromobacter,Achromobacter xylosoxidans,537.0,No,,,,,,,,,,,,,,,,,,,,,,,,,,,,,,,,,,,,,,,,,,,,,,,,,,,,,,,,,,,,,,,,,,,,,,,,,,,
ASMA-656,Bacteria,Pseudomonadota,Gammaproteobacteria,Burkholderiales,Alcaligenaceae,Achromobacter,Achromobacter xylosoxidans,537.0,No,,,,,,,,,,,,,,,,,,,,,,,,,,,,,,,,,,,,,,,,,,,,,,,,,,,,,,,,,,,,,,,,,,,,,,,,,,,
ASMA-657,Bacteria,Pseudomonadota,Gammaproteobacteria,Burkholderiales,Alcaligenaceae,Achromobacter,Achromobacter xylosoxidans,537.0,No,,,,,,,,,,,,,,,,,,,,,,,,,,,,,,,,,,,,,,,,,,,,,,,,,,,,,,,,,,,,,,,,,,,,,,,,,,,
ASMA-658,Bacteria,Pseudomonadota,Gammaproteobacteria,Burkholderiales,Alcaligenaceae,Achromobacter,Achromobacter xylosoxidans,537.0,No,,,,,,,,,,,,,,,,,,,,,,,,,,,,,,,,,,,,,,,,,,,,,,,,,,,,,,,,,,,,,,,,,,,,,,,,,,,
ASMA-659,Bacteria,Pseudomonadota,Gammaproteobacteria,Burkholderiales,Alcaligenaceae,Achromobacter,Achromobacter xylosoxidans,537.0,No,,,,,,,,,,,,,,,,,,,,,,,,,,,,,,,,,,,,,,,,,,,,,,,,,,,,,,,,,,,,,,,,,,,,,,,,,,,
ASMA-66,Bacteria,Pseudomonadota,Gammaproteobacteria,Pseudomonadales,Pseudomonadaceae,Pseudomonas,Pseudomonas aeruginosa,536.0,No,,,,,,,,,,,,,,,,,,,,,,,,,,,,,,,,,,,,,,,,,,,,,,,,,,,,,,,,,,,,,,,,,,,,,,,,,,,
ASMA-660,Bacteria,Pseudomonadota,Gammaproteobacteria,Burkholderiales,Alcaligenaceae,Achromobacter,Achromobacter xylosoxidans,537.0,No,,,,,,,,,,,,,,,,,,,,,,,,,,,,,,,,,,,,,,,,,,,,,,,,,,,,,,,,,,,,,,,,,,,,,,,,,,,
ASMA-661,Bacteria,Pseudomonadota,Gammaproteobacteria,Burkholderiales,Alcaligenaceae,Achromobacter,Achromobacter xylosoxidans,537.0,No,,,,,,,,,,,,,,,,,,,,,,,,,,,,,,,,,,,,,,,,,,,,,,,,,,,,,,,,,,,,,,,,,,,,,,,,,,,
ASMA-662,Bacteria,Pseudomonadota,Gammaproteobacteria,Burkholderiales,Alcaligenaceae,Achromobacter,Achromobacter xylosoxidans,537.0,No,,,,,,,,,,,,,,,,,,,,,,,,,,,,,,,,,,,,,,,,,,,,,,,,,,,,,,,,,,,,,,,,,,,,,,,,,,,
ASMA-663,Bacteria,Pseudomonadota,Gammaproteobacteria,Burkholderiales,Alcaligenaceae,Achromobacter,Achromobacter xylosoxidans,537.0,No,,,,,,,,,,,,,,,,,,,,,,,,,,,,,,,,,,,,,,,,,,,,,,,,,,,,,,,,,,,,,,,,,,,,,,,,,,,
ASMA-664,Bacteria,Pseudomonadota,Gammaproteobacteria,Burkholderiales,Alcaligenaceae,Achromobacter,Achromobacter xylosoxidans,537.0,No,,,,,,,,,,,,,,,,,,,,,,,,,,,,,,,,,,,,,,,,,,,,,,,,,,,,,,,,,,,,,,,,,,,,,,,,,,,
ASMA-665,Bacteria,Bacillota,Bacilli,Lactobacillales,Streptococcaceae,Streptococcus,Streptococcus salivarius,500.0,No,,,,,,,,,,,,,,,,,,,,,,,,,,,,,,,,,,,,,,,,,,,,,,,,,,,,,,,,,,,,,,,,,,,,,,,,,,,
ASMA-666,Bacteria,Bacillota,Bacilli,Lactobacillales,Streptococcaceae,Streptococcus,Streptococcus salivarius,500.0,No,,,,,,,,,,,,,,,,,,,,,,,,,,,,,,,,,,,,,,,,,,,,,,,,,,,,,,,,,,,,,,,,,,,,,,,,,,,
ASMA-667,Bacteria,Bacillota,Bacilli,Lactobacillales,Streptococcaceae,Streptococcus,Streptococcus salivarius,500.0,Yes,,,,,,,,,,,,,,,,,,,,,,,,,,,,,,,,,,,,,,,,,,,,,,,,,,,,,,,,,,,,,,,,,,,,,,,,,,,
ASMA-668,Bacteria,Bacillota,Bacilli,Staphylococcales,Staphylococcaceae,Staphylococcus,Staphylococcus aureus,539.0,No,,,,,,,,,,,,,,,,,,,,,,,,,,,,,,,,,,,,,,,,,,,,,,,,,,,,,,,,,,,,,,,,,,,,,,,,,,,
ASMA-669,Bacteria,Bacillota,Bacilli,Staphylococcales,Staphylococcaceae,Staphylococcus,Staphylococcus aureus,539.0,No,,,,,,,,,,,,,,,,,,,,,,,,,,,,,,,,,,,,,,,,,,,,,,,,,,,,,,,,,,,,,,,,,,,,,,,,,,,
ASMA-67,Bacteria,Pseudomonadota,Gammaproteobacteria,Pseudomonadales,Pseudomonadaceae,Pseudomonas,Pseudomonas aeruginosa,536.0,No,,,,,,,,,,,,,,,,,,,,,,,,,,,,,,,,,,,,,,,,,,,,,,,,,,,,,,,,,,,,,,,,,,,,,,,,,,,
ASMA-670,Bacteria,Bacillota,Bacilli,Staphylococcales,Staphylococcaceae,Staphylococcus,Staphylococcus aureus,539.0,No,,,,,,,,,,,,,,,,,,,,,,,,,,,,,,,,,,,,,,,,,,,,,,,,,,,,,,,,,,,,,,,,,,,,,,,,,,,
ASMA-671,Bacteria,Bacillota,Bacilli,Staphylococcales,Staphylococcaceae,Staphylococcus,Staphylococcus aureus,539.0,No,,,,,,,,,,,,,,,,,,,,,,,,,,,,,,,,,,,,,,,,,,,,,,,,,,,,,,,,,,,,,,,,,,,,,,,,,,,
ASMA-672,Bacteria,Bacillota,Bacilli,Staphylococcales,Staphylococcaceae,Staphylococcus,Staphylococcus aureus,539.0,No,,,,,,,,,,,,,,,,,,,,,,,,,,,,,,,,,,,,,,,,,,,,,,,,,,,,,,,,,,,,,,,,,,,,,,,,,,,
ASMA-673,Bacteria,Bacillota,Bacilli,Staphylococcales,Staphylococcaceae,Staphylococcus,Staphylococcus aureus,539.0,No,,,,,,,,,,,,,,,,,,,,,,,,,,,,,,,,,,,,,,,,,,,,,,,,,,,,,,,,,,,,,,,,,,,,,,,,,,,
ASMA-674,Bacteria,Bacillota,Bacilli,Staphylococcales,Staphylococcaceae,Staphylococcus,Staphylococcus aureus,539.0,No,,,,,,,,,,,,,,,,,,,,,,,,,,,,,,,,,,,,,,,,,,,,,,,,,,,,,,,,,,,,,,,,,,,,,,,,,,,
ASMA-675,Bacteria,Bacillota,Bacilli,Staphylococcales,Staphylococcaceae,Staphylococcus,Staphylococcus aureus,539.0,No,,,,,,,,,,,,,,,,,,,,,,,,,,,,,,,,,,,,,,,,,,,,,,,,,,,,,,,,,,,,,,,,,,,,,,,,,,,
ASMA-676,Bacteria,Bacillota,Bacilli,Staphylococcales,Staphylococcaceae,Staphylococcus,Staphylococcus aureus,539.0,No,,,,,,,,,,,,,,,,,,,,,,,,,,,,,,,,,,,,,,,,,,,,,,,,,,,,,,,,,,,,,,,,,,,,,,,,,,,
ASMA-677,Bacteria,Bacillota,Bacilli,Staphylococcales,Staphylococcaceae,Staphylococcus,Staphylococcus aureus,539.0,No,,,,,,,,,,,,,,,,,,,,,,,,,,,,,,,,,,,,,,,,,,,,,,,,,,,,,,,,,,,,,,,,,,,,,,,,,,,
ASMA-678,Bacteria,Bacillota,Bacilli,Staphylococcales,Staphylococcaceae,Staphylococcus,Staphylococcus aureus,539.0,No,,,,,,,,,,,,,,,,,,,,,,,,,,,,,,,,,,,,,,,,,,,,,,,,,,,,,,,,,,,,,,,,,,,,,,,,,,,
ASMA-679,Bacteria,Bacillota,Bacilli,Staphylococcales,Staphylococcaceae,Staphylococcus,Staphylococcus aureus,539.0,No,,,,,,,,,,,,,,,,,,,,,,,,,,,,,,,,,,,,,,,,,,,,,,,,,,,,,,,,,,,,,,,,,,,,,,,,,,,
ASMA-68,Bacteria,Pseudomonadota,Gammaproteobacteria,Pseudomonadales,Pseudomonadaceae,Pseudomonas,Pseudomonas aeruginosa,536.0,No,1,0.238,,0.238,20250920.0,0.2913666666666667,,0.3004,,0.1780666666666667,,0.1871,,0.3175333333333333,,20.0,,0.018334644028739945,,0.9992090455571832,,robust,1,100.0,1,100.0,1,,,,,,0.0809,,20250920,0.2499,uncertain,0.1124,uncertain,0.064,uncertain,0.0563,uncertain,0.1831,uncertain,0.0744,uncertain,0.3848,uncertain,0.1429,uncertain,0.1107,uncertain,0.1393,uncertain,0.1765,uncertain,0.2144,uncertain,0.0625,uncertain,0.1782,uncertain,0.1276,uncertain,0.1948,uncertain,0.0913,uncertain,0.1605,uncertain,0.0527,uncertain,0.0619,uncertain
ASMA-680,Bacteria,Bacillota,Bacilli,Staphylococcales,Staphylococcaceae,Staphylococcus,Staphylococcus aureus,539.0,No,,,,,,,,,,,,,,,,,,,,,,,,,,,,,,,,,,,,,,,,,,,,,,,,,,,,,,,,,,,,,,,,,,,,,,,,,,,
ASMA-681,Bacteria,Bacillota,Bacilli,Staphylococcales,Staphylococcaceae,Staphylococcus,Staphylococcus aureus,539.0,No,,,,,,,,,,,,,,,,,,,,,,,,,,,,,,,,,,,,,,,,,,,,,,,,,,,,,,,,,,,,,,,,,,,,,,,,,,,
ASMA-682,Bacteria,Bacillota,Bacilli,Staphylococcales,Staphylococcaceae,Staphylococcus,Staphylococcus aureus,539.0,No,,,,,,,,,,,,,,,,,,,,,,,,,,,,,,,,,,,,,,,,,,,,,,,,,,,,,,,,,,,,,,,,,,,,,,,,,,,
ASMA-683,Bacteria,Pseudomonadota,Gammaproteobacteria,Enterobacterales,Enterobacteriaceae,Serratia_J,Serratia_J liquefaciens,445.0,No,4,0.6382666666666666,0.015334492709792043,0.6577999999999999,20251010.0,0.11141666666666666,0.01600697764518129,0.10527500000000001,0.008055381224167272,0.008391666666666672,0.011758129575366616,0.002250000000000002,0.003495234851432251,0.13135,0.023892188402627898,10.5625,7.045610335520976,0.07057722361820025,0.0029210967789773524,0.9824716343360604,0.005860711308758685,robust,0,0.0,0,0.0,3,3,82.68895410658841,9.470215587389983,20251010,strong,0.057583333333333334,0.001721433511156715,20251010,0.11276666666666668,utilizes,0.19108333333333333,utilizes,0.0576,uncertain,0.0535,uncertain,0.19815,utilizes,0.05865,uncertain,0.27476666666666666,utilizes,0.056666666666666664,uncertain,0.06521666666666667,uncertain,0.05386666666666667,uncertain,0.24961666666666665,utilizes,0.14185,utilizes,0.055716666666666664,uncertain,0.05201666666666667,uncertain,0.05035,uncertain,0.1671,utilizes,0.05953333333333333,uncertain,0.14581666666666665,utilizes,0.08816666666666667,utilizes,0.05225,uncertain
ASMA-684,Bacteria,Pseudomonadota,Gammaproteobacteria,Enterobacterales,Enterobacteriaceae,Serratia_J,Serratia_J liquefaciens,445.0,No,,,,,,,,,,,,,,,,,,,,,,,,,,,,,,,,,,,,,,,,,,,,,,,,,,,,,,,,,,,,,,,,,,,,,,,,,,,
ASMA-685,Bacteria,Pseudomonadota,Gammaproteobacteria,Pseudomonadales,Moraxellaceae,Acinetobacter,Acinetobacter ursingii,203.0,Yes,4,0.6424666666666666,0.27381258391664753,0.8018000000000001,20251017.0,0.17431666666666668,0.05444800781989691,0.11385,0.016543780301571543,0.07349166666666668,0.05070080264541074,0.013025000000000005,0.013500709857880305,0.17658333333333334,0.05424300262092185,10.625,9.170832386793833,0.15933538351159568,0.05036977263045774,0.9976287465284522,0.001853166014437123,robust,2,50.0,0,0.0,3,3,-14.627195780698386,14.741346577796177,20251017,none,0.0581,0.0007810249675906656,20251017,0.061450000000000005,uncertain,0.13285,utilizes,0.05148333333333333,uncertain,0.051383333333333336,uncertain,0.06283333333333332,uncertain,0.05148333333333334,uncertain,0.08766666666666667,utilizes,0.05711666666666667,uncertain,0.06456666666666666,uncertain,0.06306666666666666,uncertain,0.10405,utilizes,0.15055000000000002,utilizes,0.05951666666666666,uncertain,0.057150000000000006,uncertain,0.05815,uncertain,0.051500000000000004,uncertain,0.059849999999999993,uncertain,0.05255,uncertain,0.05118333333333333,uncertain,0.05445,uncertain
ASMA-686,Bacteria,Pseudomonadota,Gammaproteobacteria,Enterobacterales,Enterobacteriaceae,Serratia_J,Serratia_J liquefaciens,445.0,No,,,,,,,,,,,,,,,,,,,,,,,,,,,,,,,,,,,,,,,,,,,,,,,,,,,,,,,,,,,,,,,,,,,,,,,,,,,
ASMA-687,Bacteria,Pseudomonadota,Gammaproteobacteria,Enterobacterales,Enterobacteriaceae,Serratia_J,Serratia_J liquefaciens,445.0,Yes,4,0.6569916666666666,0.02687072446610506,0.6762,20251017.0,0.312875,0.03643197999926255,0.3929,0.06745601035736795,0.207725,0.04073412778821545,0.28775,0.07240913846562004,0.3929,0.06745601035736795,48.0,0.0,0.1608845510758569,0.022684460931169617,0.9995754375610814,0.00034309581354224954,robust,4,100.0,4,100.0,4,3,80.16247713836077,4.632583275551092,20251017,strong,0.052033333333333334,0.030517918233938124,20251017,0.10835,uncertain,0.13611666666666666,utilizes,0.04685,uncertain,0.04375,uncertain,0.07468333333333332,uncertain,0.0452,uncertain,0.10590000000000001,uncertain,0.0503,uncertain,0.04841666666666667,uncertain,0.05065,uncertain,0.096,uncertain,0.08165,uncertain,0.04653333333333333,uncertain,0.0455,uncertain,0.04715,uncertain,0.09545,uncertain,0.052766666666666656,uncertain,0.10996666666666667,uncertain,0.06283333333333334,uncertain,0.04735,uncertain
ASMA-688,Bacteria,Bacillota,Bacilli,Staphylococcales,Staphylococcaceae,Staphylococcus,Staphylococcus aureus,539.0,No,,,,,,,,,,,,,,,,,,,,,,,,,,,,,,,,,,,,,,,,,,,,,,,,,,,,,,,,,,,,,,,,,,,,,,,,,,,
ASMA-689,Bacteria,Pseudomonadota,Gammaproteobacteria,Enterobacterales,Enterobacteriaceae,Serratia_J,Serratia_J liquefaciens,445.0,No,,,,,,,,,,,,,,,,,,,,,,,,,,,,,,,,,,,,,,,,,,,,,,,,,,,,,,,,,,,,,,,,,,,,,,,,,,,
ASMA-69,Bacteria,Pseudomonadota,Gammaproteobacteria,Pseudomonadales,Pseudomonadaceae,Pseudomonas,Pseudomonas aeruginosa,536.0,No,,,,,,,,,,,,,,,,,,,,,,,,,,,,,,,,,,,,,,,,,,,,,,,,,,,,,,,,,,,,,,,,,,,,,,,,,,,
ASMA-690,Bacteria,Actinomycetota,Actinomycetes,Actinomycetales,Micrococcaceae,Kocuria,Kocuria rhizophila,204.0,Yes,4,0.48305,0.1660422737337292,0.7262,20251010.0,0.21492499999999998,0.08133151808083587,0.23884166666666667,0.09643070194589366,0.10304166666666667,0.0710142884683545,0.12695833333333334,0.08563715607141564,0.25978333333333337,0.10966117007501891,25.5,17.295230556427978,0.04667539797002046,0.029671529362159575,0.9988272126799694,0.00047445039202895586,robust,3,75.0,3,75.0,3,3,26.4514482582621,32.954085270373824,20251010,weak,0.08058333333333334,0.016279537257960785,20251010,0.24561666666666665,utilizes,0.21743333333333334,utilizes,0.16660000000000003,utilizes,0.09896666666666668,uncertain,0.1009,utilizes,0.12126666666666666,utilizes,0.2538166666666667,utilizes,0.14351666666666668,utilizes,0.12263333333333334,utilizes,0.17576666666666668,utilizes,0.15696666666666664,utilizes,0.20901666666666668,utilizes,0.1434666666666667,utilizes,0.07871666666666666,uncertain,0.08248333333333333,uncertain,0.26893333333333336,utilizes,0.0933,uncertain,0.10773333333333333,uncertain,0.18511666666666665,utilizes,0.11238333333333334,uncertain
ASMA-691,Fungi,Saccharomycetes,Ascomycota,Saccharomycetales,Debaryomycetaceae,Candida,Candida albicans,,,,,,,,,,,,,,,,,,,,,,,,,,,,,,,,,,,,,,,,,,,,,,,,,,,,,,,,,,,,,,,,,,,,,,,,,,,,,
ASMA-692,Fungi,Saccharomycetes,Ascomycota,Saccharomycetales,Debaryomycetaceae,Candida,Candida albicans,,,,,,,,,,,,,,,,,,,,,,,,,,,,,,,,,,,,,,,,,,,,,,,,,,,,,,,,,,,,,,,,,,,,,,,,,,,,,
ASMA-693,Fungi,Saccharomycetes,Ascomycota,Saccharomycetales,Debaryomycetaceae,Candida,Candida albicans,,,,,,,,,,,,,,,,,,,,,,,,,,,,,,,,,,,,,,,,,,,,,,,,,,,,,,,,,,,,,,,,,,,,,,,,,,,,,
ASMA-694,Fungi,Saccharomycetes,Ascomycota,Saccharomycetales,Debaryomycetaceae,Candida,Candida albicans,,,,,,,,,,,,,,,,,,,,,,,,,,,,,,,,,,,,,,,,,,,,,,,,,,,,,,,,,,,,,,,,,,,,,,,,,,,,,
ASMA-695,Bacteria,Bacillota,Bacilli,Staphylococcales,Staphylococcaceae,Staphylococcus,Staphylococcus haemolyticus,529.0,No,,,,,,,,,,,,,,,,,,,,,,,,,,,,,,,,,,,,,,,,,,,,,,,,,,,,,,,,,,,,,,,,,,,,,,,,,,,
ASMA-696,Bacteria,Bacillota,Bacilli,Staphylococcales,Staphylococcaceae,Staphylococcus,Staphylococcus haemolyticus,529.0,No,,,,,,,,,,,,,,,,,,,,,,,,,,,,,,,,,,,,,,,,,,,,,,,,,,,,,,,,,,,,,,,,,,,,,,,,,,,
ASMA-697,Bacteria,Bacillota,Bacilli,Staphylococcales,Staphylococcaceae,Staphylococcus,Staphylococcus haemolyticus,529.0,No,,,,,,,,,,,,,,,,,,,,,,,,,,,,,,,,,,,,,,,,,,,,,,,,,,,,,,,,,,,,,,,,,,,,,,,,,,,
ASMA-698,Bacteria,Bacillota,Bacilli,Staphylococcales,Staphylococcaceae,Staphylococcus,Staphylococcus haemolyticus,529.0,No,,,,,,,,,,,,,,,,,,,,,,,,,,,,,,,,,,,,,,,,,,,,,,,,,,,,,,,,,,,,,,,,,,,,,,,,,,,
ASMA-699,Bacteria,Bacillota,Bacilli,Staphylococcales,Staphylococcaceae,Staphylococcus,Staphylococcus haemolyticus,529.0,No,,,,,,,,,,,,,,,,,,,,,,,,,,,,,,,,,,,,,,,,,,,,,,,,,,,,,,,,,,,,,,,,,,,,,,,,,,,
ASMA-7,Bacteria,Pseudomonadota,Gammaproteobacteria,Pseudomonadales,Pseudomonadaceae,Pseudomonas,Pseudomonas aeruginosa,536.0,No,,,,,,,,,,,,,,,,,,,,,,,,,,,,,,,,,,,,,,,,,,,,,,,,,,,,,,,,,,,,,,,,,,,,,,,,,,,
ASMA-70,Bacteria,Pseudomonadota,Gammaproteobacteria,Pseudomonadales,Pseudomonadaceae,Pseudomonas,Pseudomonas aeruginosa,536.0,No,,,,,,,,,,,,,,,,,,,,,,,,,,,,,,,,,,,,,,,,,,,,,,,,,,,,,,,,,,,,,,,,,,,,,,,,,,,
ASMA-700,Bacteria,Bacillota,Bacilli,Staphylococcales,Staphylococcaceae,Staphylococcus,Staphylococcus haemolyticus,529.0,No,,,,,,,,,,,,,,,,,,,,,,,,,,,,,,,,,,,,,,,,,,,,,,,,,,,,,,,,,,,,,,,,,,,,,,,,,,,
ASMA-701,Fungi,Saccharomycetes,Ascomycota,Saccharomycetales,Debaryomycetaceae,Candida,Candida albicans,,,,,,,,,,,,,,,,,,,,,,,,,,,,,,,,,,,,,,,,,,,,,,,,,,,,,,,,,,,,,,,,,,,,,,,,,,,,,
ASMA-702,Bacteria,Bacillota,Bacilli,Staphylococcales,Staphylococcaceae,Staphylococcus,Staphylococcus haemolyticus,529.0,No,,,,,,,,,,,,,,,,,,,,,,,,,,,,,,,,,,,,,,,,,,,,,,,,,,,,,,,,,,,,,,,,,,,,,,,,,,,
ASMA-703,Bacteria,Bacillota,Bacilli,Staphylococcales,Staphylococcaceae,Staphylococcus,Staphylococcus haemolyticus,529.0,No,,,,,,,,,,,,,,,,,,,,,,,,,,,,,,,,,,,,,,,,,,,,,,,,,,,,,,,,,,,,,,,,,,,,,,,,,,,
ASMA-704,Bacteria,Bacillota,Bacilli,Staphylococcales,Staphylococcaceae,Staphylococcus,Staphylococcus haemolyticus,529.0,No,,,,,,,,,,,,,,,,,,,,,,,,,,,,,,,,,,,,,,,,,,,,,,,,,,,,,,,,,,,,,,,,,,,,,,,,,,,
ASMA-705,Bacteria,Bacillota,Bacilli,Staphylococcales,Staphylococcaceae,Staphylococcus,Staphylococcus haemolyticus,529.0,No,,,,,,,,,,,,,,,,,,,,,,,,,,,,,,,,,,,,,,,,,,,,,,,,,,,,,,,,,,,,,,,,,,,,,,,,,,,
ASMA-706,Fungi,Saccharomycetes,Ascomycota,Saccharomycetales,Debaryomycetaceae,Candida,Candida albicans,,,,,,,,,,,,,,,,,,,,,,,,,,,,,,,,,,,,,,,,,,,,,,,,,,,,,,,,,,,,,,,,,,,,,,,,,,,,,
ASMA-707,Bacteria,Bacillota,Bacilli,Staphylococcales,Staphylococcaceae,Staphylococcus,Staphylococcus haemolyticus,529.0,No,,,,,,,,,,,,,,,,,,,,,,,,,,,,,,,,,,,,,,,,,,,,,,,,,,,,,,,,,,,,,,,,,,,,,,,,,,,
ASMA-708,Bacteria,Bacillota,Bacilli,Lactobacillales,Streptococcaceae,Streptococcus,Streptococcus salivarius,534.0,No,,,,,,,,,,,,,,,,,,,,,,,,,,,,,,,,,,,,,,,,,,,,,,,,,,,,,,,,,,,,,,,,,,,,,,,,,,,
ASMA-709,Bacteria,Bacillota,Bacilli,Lactobacillales,Streptococcaceae,Streptococcus,Streptococcus salivarius,534.0,No,,,,,,,,,,,,,,,,,,,,,,,,,,,,,,,,,,,,,,,,,,,,,,,,,,,,,,,,,,,,,,,,,,,,,,,,,,,
ASMA-71,Bacteria,Pseudomonadota,Gammaproteobacteria,Pseudomonadales,Pseudomonadaceae,Pseudomonas,Pseudomonas aeruginosa,536.0,No,,,,,,,,,,,,,,,,,,,,,,,,,,,,,,,,,,,,,,,,,,,,,,,,,,,,,,,,,,,,,,,,,,,,,,,,,,,
ASMA-710,Bacteria,Pseudomonadota,Gammaproteobacteria,Burkholderiales,Alcaligenaceae,Achromobacter,Achromobacter xylosoxidans,537.0,No,,,,,,,,,,,,,,,,,,,,,,,,,,,,,,,,,,,,,,,,,,,,,,,,,,,,,,,,,,,,,,,,,,,,,,,,,,,
ASMA-711,Bacteria,Bacillota,Bacilli,Lactobacillales,Streptococcaceae,Streptococcus,Streptococcus salivarius,534.0,No,,,,,,,,,,,,,,,,,,,,,,,,,,,,,,,,,,,,,,,,,,,,,,,,,,,,,,,,,,,,,,,,,,,,,,,,,,,
ASMA-712,Bacteria,Pseudomonadota,Gammaproteobacteria,Burkholderiales,Alcaligenaceae,Achromobacter,Achromobacter xylosoxidans,537.0,No,,,,,,,,,,,,,,,,,,,,,,,,,,,,,,,,,,,,,,,,,,,,,,,,,,,,,,,,,,,,,,,,,,,,,,,,,,,
ASMA-713,Bacteria,Bacillota,Bacilli,Lactobacillales,Streptococcaceae,Streptococcus,Streptococcus salivarius,534.0,No,,,,,,,,,,,,,,,,,,,,,,,,,,,,,,,,,,,,,,,,,,,,,,,,,,,,,,,,,,,,,,,,,,,,,,,,,,,
ASMA-714,Bacteria,Pseudomonadota,Gammaproteobacteria,Burkholderiales,Alcaligenaceae,Achromobacter,Achromobacter xylosoxidans,537.0,No,,,,,,,,,,,,,,,,,,,,,,,,,,,,,,,,,,,,,,,,,,,,,,,,,,,,,,,,,,,,,,,,,,,,,,,,,,,
ASMA-715,Bacteria,Pseudomonadota,Gammaproteobacteria,Burkholderiales,Alcaligenaceae,Achromobacter,Achromobacter xylosoxidans,537.0,No,,,,,,,,,,,,,,,,,,,,,,,,,,,,,,,,,,,,,,,,,,,,,,,,,,,,,,,,,,,,,,,,,,,,,,,,,,,
ASMA-716,Bacteria,Pseudomonadota,Gammaproteobacteria,Burkholderiales,Alcaligenaceae,Achromobacter,Achromobacter xylosoxidans,537.0,No,,,,,,,,,,,,,,,,,,,,,,,,,,,,,,,,,,,,,,,,,,,,,,,,,,,,,,,,,,,,,,,,,,,,,,,,,,,
ASMA-717,Bacteria,Pseudomonadota,Gammaproteobacteria,Burkholderiales,Alcaligenaceae,Achromobacter,Achromobacter xylosoxidans,537.0,No,,,,,,,,,,,,,,,,,,,,,,,,,,,,,,,,,,,,,,,,,,,,,,,,,,,,,,,,,,,,,,,,,,,,,,,,,,,
ASMA-718,Bacteria,Pseudomonadota,Gammaproteobacteria,Burkholderiales,Alcaligenaceae,Achromobacter,Achromobacter xylosoxidans,537.0,No,,,,,,,,,,,,,,,,,,,,,,,,,,,,,,,,,,,,,,,,,,,,,,,,,,,,,,,,,,,,,,,,,,,,,,,,,,,
ASMA-719,Bacteria,Pseudomonadota,Gammaproteobacteria,Burkholderiales,Alcaligenaceae,Achromobacter,Achromobacter xylosoxidans,537.0,No,,,,,,,,,,,,,,,,,,,,,,,,,,,,,,,,,,,,,,,,,,,,,,,,,,,,,,,,,,,,,,,,,,,,,,,,,,,
ASMA-72,Bacteria,Pseudomonadota,Gammaproteobacteria,Pseudomonadales,Pseudomonadaceae,Pseudomonas,Pseudomonas aeruginosa,536.0,No,,,,,,,,,,,,,,,,,,,,,,,,,,,,,,,,,,,,,,,,,,,,,,,,,,,,,,,,,,,,,,,,,,,,,,,,,,,
ASMA-720,Bacteria,Pseudomonadota,Gammaproteobacteria,Burkholderiales,Alcaligenaceae,Achromobacter,Achromobacter xylosoxidans,537.0,Yes,,,,,,,,,,,,,,,,,,,,,,,,,,,,,,,,,,,,,,,,,,,,,,,,,,,,,,,,,,,,,,,,,,,,,,,,,,,
ASMA-721,Bacteria,Pseudomonadota,Gammaproteobacteria,Burkholderiales,Alcaligenaceae,Achromobacter,Achromobacter xylosoxidans,537.0,No,,,,,,,,,,,,,,,,,,,,,,,,,,,,,,,,,,,,,,,,,,,,,,,,,,,,,,,,,,,,,,,,,,,,,,,,,,,
ASMA-722,Bacteria,Pseudomonadota,Gammaproteobacteria,Burkholderiales,Alcaligenaceae,Achromobacter,Achromobacter xylosoxidans,537.0,No,,,,,,,,,,,,,,,,,,,,,,,,,,,,,,,,,,,,,,,,,,,,,,,,,,,,,,,,,,,,,,,,,,,,,,,,,,,
ASMA-723,Bacteria,Bacillota,Bacilli,Lactobacillales,Streptococcaceae,Streptococcus,Streptococcus salivarius,534.0,No,,,,,,,,,,,,,,,,,,,,,,,,,,,,,,,,,,,,,,,,,,,,,,,,,,,,,,,,,,,,,,,,,,,,,,,,,,,
ASMA-724,Bacteria,Pseudomonadota,Gammaproteobacteria,Burkholderiales,Alcaligenaceae,Achromobacter,Achromobacter xylosoxidans,537.0,No,,,,,,,,,,,,,,,,,,,,,,,,,,,,,,,,,,,,,,,,,,,,,,,,,,,,,,,,,,,,,,,,,,,,,,,,,,,
ASMA-725,Bacteria,Pseudomonadota,Gammaproteobacteria,Burkholderiales,Alcaligenaceae,Achromobacter,Achromobacter xylosoxidans,537.0,No,,,,,,,,,,,,,,,,,,,,,,,,,,,,,,,,,,,,,,,,,,,,,,,,,,,,,,,,,,,,,,,,,,,,,,,,,,,
ASMA-726,Bacteria,Bacillota,Bacilli,Lactobacillales,Streptococcaceae,Streptococcus,Streptococcus salivarius,534.0,Yes,,,,,,,,,,,,,,,,,,,,,,,,,,,,,,,,,,,,,,,,,,,,,,,,,,,,,,,,,,,,,,,,,,,,,,,,,,,
ASMA-727,Bacteria,Pseudomonadota,Gammaproteobacteria,Burkholderiales,Alcaligenaceae,Achromobacter,Achromobacter xylosoxidans,537.0,No,,,,,,,,,,,,,,,,,,,,,,,,,,,,,,,,,,,,,,,,,,,,,,,,,,,,,,,,,,,,,,,,,,,,,,,,,,,
ASMA-728,Bacteria,Bacillota,Bacilli,Lactobacillales,Streptococcaceae,Streptococcus,Streptococcus salivarius,500.0,No,,,,,,,,,,,,,,,,,,,,,,,,,,,,,,,,,,,,,,,,,,,,,,,,,,,,,,,,,,,,,,,,,,,,,,,,,,,
ASMA-729,Bacteria,Bacillota,Bacilli,Lactobacillales,Streptococcaceae,Streptococcus,Streptococcus salivarius,500.0,No,,,,,,,,,,,,,,,,,,,,,,,,,,,,,,,,,,,,,,,,,,,,,,,,,,,,,,,,,,,,,,,,,,,,,,,,,,,
ASMA-73,Bacteria,Pseudomonadota,Gammaproteobacteria,Pseudomonadales,Pseudomonadaceae,Pseudomonas,Pseudomonas aeruginosa,536.0,No,,,,,,,,,,,,,,,,,,,,,,,,,,,,,,,,,,,,,,,,,,,,,,,,,,,,,,,,,,,,,,,,,,,,,,,,,,,
ASMA-730,Bacteria,Bacillota,Bacilli,Lactobacillales,Streptococcaceae,Streptococcus,Streptococcus salivarius,500.0,No,,,,,,,,,,,,,,,,,,,,,,,,,,,,,,,,,,,,,,,,,,,,,,,,,,,,,,,,,,,,,,,,,,,,,,,,,,,
ASMA-731,Bacteria,Bacillota,Bacilli,Lactobacillales,Streptococcaceae,Streptococcus,Streptococcus salivarius,500.0,No,,,,,,,,,,,,,,,,,,,,,,,,,,,,,,,,,,,,,,,,,,,,,,,,,,,,,,,,,,,,,,,,,,,,,,,,,,,
ASMA-732,Bacteria,Bacillota,Bacilli,Lactobacillales,Streptococcaceae,Streptococcus,Streptococcus salivarius,500.0,No,,,,,,,,,,,,,,,,,,,,,,,,,,,,,,,,,,,,,,,,,,,,,,,,,,,,,,,,,,,,,,,,,,,,,,,,,,,
ASMA-733,Bacteria,Bacillota,Bacilli,Lactobacillales,Streptococcaceae,Streptococcus,Streptococcus salivarius,500.0,No,,,,,,,,,,,,,,,,,,,,,,,,,,,,,,,,,,,,,,,,,,,,,,,,,,,,,,,,,,,,,,,,,,,,,,,,,,,
ASMA-734,Bacteria,Bacillota,Bacilli,Lactobacillales,Streptococcaceae,Streptococcus,Streptococcus salivarius,500.0,No,,,,,,,,,,,,,,,,,,,,,,,,,,,,,,,,,,,,,,,,,,,,,,,,,,,,,,,,,,,,,,,,,,,,,,,,,,,
ASMA-735,Bacteria,Bacillota,Bacilli,Lactobacillales,Streptococcaceae,Streptococcus,Streptococcus salivarius,500.0,No,1,0.018066666666666592,,0.018066666666666592,20251003.0,0.0999,,0.1061,,0.004900000000000002,,0.011099999999999999,,0.1079,,41.25,,0.009228417520502746,,0.9975470914483534,,no_growth,0,0.0,0,0.0,1,,,,,,0.0424,,20251003,0.043,uncertain,0.042,uncertain,0.0422,uncertain,0.0419,uncertain,0.0417,uncertain,0.042,uncertain,0.0414,uncertain,0.0414,uncertain,0.042,uncertain,0.0422,uncertain,0.0414,uncertain,0.0417,uncertain,0.0417,uncertain,0.0427,uncertain,0.0415,uncertain,0.0413,uncertain,0.0417,uncertain,0.0415,uncertain,0.0415,uncertain,0.0427,uncertain
ASMA-736,Bacteria,Bacillota,Bacilli,Lactobacillales,Streptococcaceae,Streptococcus,Streptococcus salivarius,500.0,No,,,,,,,,,,,,,,,,,,,,,,,,,,,,,,,,,,,,,,,,,,,,,,,,,,,,,,,,,,,,,,,,,,,,,,,,,,,
ASMA-737,Bacteria,Bacillota,Bacilli,Lactobacillales,Streptococcaceae,Streptococcus,Streptococcus salivarius,500.0,No,4,0.18513333333333332,0.2947398513944119,0.6272333333333333,20251010.0,0.3949583333333333,0.2692880288835729,0.455125,0.3319364836330388,0.2891416666666667,0.2616728539608188,0.34930833333333333,0.3254500102422285,0.5138416666666666,0.38739997167727774,32.875,22.649963208211474,0.054710922187764605,0.013867027148466477,0.9998728186801195,7.529642505818114e-05,normal,3,75.0,3,75.0,3,3,92.65450214793076,0.29218228906631905,20251010,strong,0.05466666666666667,0.0018502252115170565,20251010,0.24913333333333332,utilizes,0.09008333333333333,uncertain,0.05245,uncertain,0.05213333333333333,uncertain,0.05656666666666667,uncertain,0.05243333333333333,uncertain,0.08096666666666667,uncertain,0.05445,uncertain,0.05103333333333333,uncertain,0.055883333333333333,uncertain,0.06116666666666667,uncertain,0.08175,uncertain,0.05411666666666667,uncertain,0.05583333333333333,uncertain,0.05368333333333333,uncertain,0.05238333333333334,uncertain,0.05305,uncertain,0.05315,uncertain,0.05656666666666667,utilizes,0.05323333333333333,uncertain
ASMA-738,Bacteria,Bacillota,Bacilli,Lactobacillales,Streptococcaceae,Streptococcus,Streptococcus salivarius,500.0,No,,,,,,,,,,,,,,,,,,,,,,,,,,,,,,,,,,,,,,,,,,,,,,,,,,,,,,,,,,,,,,,,,,,,,,,,,,,
ASMA-739,Bacteria,Bacillota,Bacilli,Staphylococcales,Staphylococcaceae,Staphylococcus,Staphylococcus aureus,539.0,No,,,,,,,,,,,,,,,,,,,,,,,,,,,,,,,,,,,,,,,,,,,,,,,,,,,,,,,,,,,,,,,,,,,,,,,,,,,
ASMA-74,Bacteria,Pseudomonadota,Gammaproteobacteria,Pseudomonadales,Pseudomonadaceae,Pseudomonas,Pseudomonas aeruginosa,536.0,No,,,,,,,,,,,,,,,,,,,,,,,,,,,,,,,,,,,,,,,,,,,,,,,,,,,,,,,,,,,,,,,,,,,,,,,,,,,
ASMA-740,Bacteria,Bacillota,Bacilli,Staphylococcales,Staphylococcaceae,Staphylococcus,Staphylococcus aureus,539.0,No,,,,,,,,,,,,,,,,,,,,,,,,,,,,,,,,,,,,,,,,,,,,,,,,,,,,,,,,,,,,,,,,,,,,,,,,,,,
ASMA-741,Bacteria,Bacillota,Bacilli,Staphylococcales,Staphylococcaceae,Staphylococcus,Staphylococcus aureus,539.0,No,,,,,,,,,,,,,,,,,,,,,,,,,,,,,,,,,,,,,,,,,,,,,,,,,,,,,,,,,,,,,,,,,,,,,,,,,,,
ASMA-742,Bacteria,Bacillota,Bacilli,Staphylococcales,Staphylococcaceae,Staphylococcus,Staphylococcus aureus,539.0,No,,,,,,,,,,,,,,,,,,,,,,,,,,,,,,,,,,,,,,,,,,,,,,,,,,,,,,,,,,,,,,,,,,,,,,,,,,,
ASMA-743,Bacteria,Bacillota,Bacilli,Staphylococcales,Staphylococcaceae,Staphylococcus,Staphylococcus aureus,539.0,No,,,,,,,,,,,,,,,,,,,,,,,,,,,,,,,,,,,,,,,,,,,,,,,,,,,,,,,,,,,,,,,,,,,,,,,,,,,
ASMA-744,Bacteria,Bacillota,Bacilli,Staphylococcales,Staphylococcaceae,Staphylococcus,Staphylococcus aureus,539.0,No,,,,,,,,,,,,,,,,,,,,,,,,,,,,,,,,,,,,,,,,,,,,,,,,,,,,,,,,,,,,,,,,,,,,,,,,,,,
ASMA-745,Bacteria,Bacillota,Bacilli,Staphylococcales,Staphylococcaceae,Staphylococcus,Staphylococcus aureus,539.0,No,,,,,,,,,,,,,,,,,,,,,,,,,,,,,,,,,,,,,,,,,,,,,,,,,,,,,,,,,,,,,,,,,,,,,,,,,,,
ASMA-746,Bacteria,Bacillota,Bacilli,Staphylococcales,Staphylococcaceae,Staphylococcus,Staphylococcus aureus,539.0,No,,,,,,,,,,,,,,,,,,,,,,,,,,,,,,,,,,,,,,,,,,,,,,,,,,,,,,,,,,,,,,,,,,,,,,,,,,,
ASMA-747,Bacteria,Bacillota,Bacilli,Staphylococcales,Staphylococcaceae,Staphylococcus,Staphylococcus aureus,539.0,No,,,,,,,,,,,,,,,,,,,,,,,,,,,,,,,,,,,,,,,,,,,,,,,,,,,,,,,,,,,,,,,,,,,,,,,,,,,
ASMA-748,Bacteria,Bacillota,Bacilli,Staphylococcales,Staphylococcaceae,Staphylococcus,Staphylococcus aureus,539.0,No,,,,,,,,,,,,,,,,,,,,,,,,,,,,,,,,,,,,,,,,,,,,,,,,,,,,,,,,,,,,,,,,,,,,,,,,,,,
ASMA-749,Bacteria,Bacillota,Bacilli,Staphylococcales,Staphylococcaceae,Staphylococcus,Staphylococcus aureus,539.0,No,,,,,,,,,,,,,,,,,,,,,,,,,,,,,,,,,,,,,,,,,,,,,,,,,,,,,,,,,,,,,,,,,,,,,,,,,,,
ASMA-75,Bacteria,Pseudomonadota,Gammaproteobacteria,Pseudomonadales,Pseudomonadaceae,Pseudomonas,Pseudomonas aeruginosa,536.0,No,,,,,,,,,,,,,,,,,,,,,,,,,,,,,,,,,,,,,,,,,,,,,,,,,,,,,,,,,,,,,,,,,,,,,,,,,,,
ASMA-750,Bacteria,Bacillota,Bacilli,Lactobacillales,Streptococcaceae,Streptococcus,Streptococcus salivarius,500.0,No,,,,,,,,,,,,,,,,,,,,,,,,,,,,,,,,,,,,,,,,,,,,,,,,,,,,,,,,,,,,,,,,,,,,,,,,,,,
ASMA-751,Bacteria,Bacillota,Bacilli,Lactobacillales,Streptococcaceae,Streptococcus,Streptococcus salivarius,500.0,No,,,,,,,,,,,,,,,,,,,,,,,,,,,,,,,,,,,,,,,,,,,,,,,,,,,,,,,,,,,,,,,,,,,,,,,,,,,
ASMA-752,Bacteria,Pseudomonadota,Gammaproteobacteria,Enterobacterales,Enterobacteriaceae,Serratia_J,Serratia_J liquefaciens,445.0,No,,,,,,,,,,,,,,,,,,,,,,,,,,,,,,,,,,,,,,,,,,,,,,,,,,,,,,,,,,,,,,,,,,,,,,,,,,,
ASMA-753,Bacteria,Bacillota,Bacilli,Staphylococcales,Staphylococcaceae,Staphylococcus,Staphylococcus aureus,539.0,No,,,,,,,,,,,,,,,,,,,,,,,,,,,,,,,,,,,,,,,,,,,,,,,,,,,,,,,,,,,,,,,,,,,,,,,,,,,
ASMA-754,Bacteria,Bacillota,Bacilli,Staphylococcales,Staphylococcaceae,Staphylococcus,Staphylococcus haemolyticus,529.0,No,,,,,,,,,,,,,,,,,,,,,,,,,,,,,,,,,,,,,,,,,,,,,,,,,,,,,,,,,,,,,,,,,,,,,,,,,,,
ASMA-755,Bacteria,Bacillota,Bacilli,Staphylococcales,Staphylococcaceae,Staphylococcus,Staphylococcus haemolyticus,529.0,No,,,,,,,,,,,,,,,,,,,,,,,,,,,,,,,,,,,,,,,,,,,,,,,,,,,,,,,,,,,,,,,,,,,,,,,,,,,
ASMA-756,Bacteria,Bacillota,Bacilli,Staphylococcales,Staphylococcaceae,Staphylococcus,Staphylococcus haemolyticus,529.0,No,,,,,,,,,,,,,,,,,,,,,,,,,,,,,,,,,,,,,,,,,,,,,,,,,,,,,,,,,,,,,,,,,,,,,,,,,,,
ASMA-757,Fungi,Saccharomycetes,Ascomycota,Saccharomycetales,Debaryomycetaceae,Candida,Candida albicans,,,,,,,,,,,,,,,,,,,,,,,,,,,,,,,,,,,,,,,,,,,,,,,,,,,,,,,,,,,,,,,,,,,,,,,,,,,,,
ASMA-758,Bacteria,Bacillota,Bacilli,Staphylococcales,Staphylococcaceae,Staphylococcus,Staphylococcus haemolyticus,529.0,No,,,,,,,,,,,,,,,,,,,,,,,,,,,,,,,,,,,,,,,,,,,,,,,,,,,,,,,,,,,,,,,,,,,,,,,,,,,
ASMA-759,Fungi,Saccharomycetes,Ascomycota,Saccharomycetales,Debaryomycetaceae,Candida,Candida albicans,,,,,,,,,,,,,,,,,,,,,,,,,,,,,,,,,,,,,,,,,,,,,,,,,,,,,,,,,,,,,,,,,,,,,,,,,,,,,
ASMA-76,Bacteria,Pseudomonadota,Gammaproteobacteria,Pseudomonadales,Pseudomonadaceae,Pseudomonas,Pseudomonas aeruginosa,536.0,No,,,,,,,,,,,,,,,,,,,,,,,,,,,,,,,,,,,,,,,,,,,,,,,,,,,,,,,,,,,,,,,,,,,,,,,,,,,
ASMA-760,Bacteria,Bacillota,Bacilli,Staphylococcales,Staphylococcaceae,Staphylococcus,Staphylococcus haemolyticus,529.0,No,,,,,,,,,,,,,,,,,,,,,,,,,,,,,,,,,,,,,,,,,,,,,,,,,,,,,,,,,,,,,,,,,,,,,,,,,,,
ASMA-761,Bacteria,Bacillota,Bacilli,Staphylococcales,Staphylococcaceae,Staphylococcus,Staphylococcus haemolyticus,529.0,No,4,0.18764999999999998,0.11407759055426561,0.35450000000000004,20251010.0,0.535875,0.2744480445670303,0.388725,0.2933288072567484,0.4276,0.273436415521659,0.28045,0.2918653399543472,0.555425,0.28961133006151535,24.25,5.342440141608202,0.1593160407382522,0.04930759109607958,0.9980331821245524,0.0014237995778524437,normal,4,100.0,3,75.0,4,3,18.77844413253371,4.0905520469284715,20251010,none,0.11276666666666665,0.02179640643164219,20251010,0.09693333333333333,uncertain,0.10565000000000001,uncertain,0.09344999999999999,uncertain,0.08298333333333333,uncertain,0.07673333333333335,uncertain,0.08128333333333333,uncertain,0.09145,uncertain,0.08076666666666667,uncertain,0.0682,uncertain,0.07918333333333333,uncertain,0.08128333333333333,uncertain,0.08583333333333333,uncertain,0.07551666666666668,uncertain,0.06656666666666666,uncertain,0.09103333333333333,uncertain,0.06485,uncertain,0.10376666666666667,uncertain,0.1182,uncertain,0.0844,uncertain,0.06635,uncertain
ASMA-762,Fungi,Saccharomycetes,Ascomycota,Saccharomycetales,Debaryomycetaceae,Candida,Candida albicans,,,,,,,,,,,,,,,,,,,,,,,,,,,,,,,,,,,,,,,,,,,,,,,,,,,,,,,,,,,,,,,,,,,,,,,,,,,,,
ASMA-763,Bacteria,Bacillota,Bacilli,Staphylococcales,Staphylococcaceae,Staphylococcus,Staphylococcus haemolyticus,529.0,No,,,,,,,,,,,,,,,,,,,,,,,,,,,,,,,,,,,,,,,,,,,,,,,,,,,,,,,,,,,,,,,,,,,,,,,,,,,
ASMA-764,Bacteria,Bacillota,Bacilli,Staphylococcales,Staphylococcaceae,Staphylococcus,Staphylococcus haemolyticus,529.0,No,,,,,,,,,,,,,,,,,,,,,,,,,,,,,,,,,,,,,,,,,,,,,,,,,,,,,,,,,,,,,,,,,,,,,,,,,,,
ASMA-765,Bacteria,Bacillota,Bacilli,Staphylococcales,Staphylococcaceae,Staphylococcus,undetermined species,,,4,0.322875,0.005495073551221455,0.32920000000000005,20251017.0,0.18939999999999999,0.0688361823462051,0.15615,0.048349112366895285,0.080825,0.05969982551621627,0.047575000000000006,0.03950378673832,0.20147500000000002,0.07804252580057448,11.9375,8.094172286281038,0.06897281436568971,0.04183053880341775,0.9992776773793469,0.00028391602170968467,robust,2,50.0,0,0.0,3,3,-29.692484369018757,9.204009667898694,20251017,none,0.10725,0.016213266173106512,20251017,0.30008333333333337,uncertain,0.18666666666666668,uncertain,0.20345000000000002,uncertain,0.07461666666666666,uncertain,0.1909,uncertain,0.10221666666666666,uncertain,0.2988166666666667,utilizes,0.06411666666666667,uncertain,0.06748333333333333,uncertain,0.06878333333333334,uncertain,0.15265,uncertain,0.13906666666666667,uncertain,0.06255,uncertain,0.06455000000000001,uncertain,0.0631,uncertain,0.05981666666666667,uncertain,0.29510000000000003,utilizes,0.11678333333333335,uncertain,0.05656666666666667,uncertain,0.07235,uncertain
ASMA-766,Bacteria,Bacillota,Bacilli,Staphylococcales,Staphylococcaceae,Staphylococcus,Staphylococcus haemolyticus,529.0,No,,,,,,,,,,,,,,,,,,,,,,,,,,,,,,,,,,,,,,,,,,,,,,,,,,,,,,,,,,,,,,,,,,,,,,,,,,,
ASMA-767,Fungi,Saccharomycetes,Ascomycota,Saccharomycetales,Debaryomycetaceae,Candida,Candida albicans,,,,,,,,,,,,,,,,,,,,,,,,,,,,,,,,,,,,,,,,,,,,,,,,,,,,,,,,,,,,,,,,,,,,,,,,,,,,,
ASMA-768,Bacteria,Bacillota,Bacilli,Staphylococcales,Staphylococcaceae,Staphylococcus,Staphylococcus haemolyticus,529.0,No,,,,,,,,,,,,,,,,,,,,,,,,,,,,,,,,,,,,,,,,,,,,,,,,,,,,,,,,,,,,,,,,,,,,,,,,,,,
ASMA-769,Bacteria,Bacillota,Bacilli,Lactobacillales,Streptococcaceae,Streptococcus,undetermined species,488.0,No,,,,,,,,,,,,,,,,,,,,,,,,,,,,,,,,,,,,,,,,,,,,,,,,,,,,,,,,,,,,,,,,,,,,,,,,,,,
ASMA-77,Bacteria,Pseudomonadota,Gammaproteobacteria,Pseudomonadales,Pseudomonadaceae,Pseudomonas,Pseudomonas aeruginosa,536.0,No,,,,,,,,,,,,,,,,,,,,,,,,,,,,,,,,,,,,,,,,,,,,,,,,,,,,,,,,,,,,,,,,,,,,,,,,,,,
ASMA-770,Bacteria,Bacillota,Bacilli,Lactobacillales,Streptococcaceae,Streptococcus,undetermined species,488.0,No,,,,,,,,,,,,,,,,,,,,,,,,,,,,,,,,,,,,,,,,,,,,,,,,,,,,,,,,,,,,,,,,,,,,,,,,,,,
ASMA-771,Bacteria,Bacillota,Bacilli,Lactobacillales,Streptococcaceae,Streptococcus,undetermined species,488.0,No,,,,,,,,,,,,,,,,,,,,,,,,,,,,,,,,,,,,,,,,,,,,,,,,,,,,,,,,,,,,,,,,,,,,,,,,,,,
ASMA-772,Bacteria,Bacillota,Bacilli,Lactobacillales,Streptococcaceae,Streptococcus,undetermined species,488.0,No,,,,,,,,,,,,,,,,,,,,,,,,,,,,,,,,,,,,,,,,,,,,,,,,,,,,,,,,,,,,,,,,,,,,,,,,,,,
ASMA-773,Bacteria,Bacillota,Bacilli,Lactobacillales,Streptococcaceae,Streptococcus,undetermined species,488.0,No,,,,,,,,,,,,,,,,,,,,,,,,,,,,,,,,,,,,,,,,,,,,,,,,,,,,,,,,,,,,,,,,,,,,,,,,,,,
ASMA-774,Bacteria,Bacillota,Bacilli,Lactobacillales,Streptococcaceae,Streptococcus,undetermined species,488.0,No,,,,,,,,,,,,,,,,,,,,,,,,,,,,,,,,,,,,,,,,,,,,,,,,,,,,,,,,,,,,,,,,,,,,,,,,,,,
ASMA-775,Bacteria,Bacillota,Bacilli,Lactobacillales,Streptococcaceae,Streptococcus,undetermined species,488.0,No,,,,,,,,,,,,,,,,,,,,,,,,,,,,,,,,,,,,,,,,,,,,,,,,,,,,,,,,,,,,,,,,,,,,,,,,,,,
ASMA-776,Bacteria,Bacillota,Bacilli,Lactobacillales,Streptococcaceae,Streptococcus,undetermined species,488.0,No,1,0.00286666666666667,,0.00286666666666667,20250920.0,0.2123333333333333,,0.2993333333333333,,0.0975666666666666,,0.1845666666666666,,0.2993333333333333,,48.0,,0.03297186964267854,,0.9998776242933045,,no_growth,0,0.0,1,100.0,1,,,,,,0.0455,,20250920,0.0441,uncertain,0.0449,uncertain,0.0469,uncertain,0.0448,uncertain,0.0449,uncertain,0.0449,uncertain,0.0448,uncertain,0.0445,uncertain,0.0455,uncertain,0.0447,uncertain,0.0447,uncertain,0.0446,uncertain,0.045,uncertain,0.0453,uncertain,0.0451,uncertain,0.0451,uncertain,0.0448,uncertain,0.0452,uncertain,0.0507,uncertain,0.0457,uncertain
ASMA-777,Bacteria,Bacillota,Bacilli,Lactobacillales,Streptococcaceae,Streptococcus,undetermined species,488.0,Yes,,,,,,,,,,,,,,,,,,,,,,,,,,,,,,,,,,,,,,,,,,,,,,,,,,,,,,,,,,,,,,,,,,,,,,,,,,,
ASMA-778,Bacteria,Bacillota,Bacilli,Staphylococcales,Staphylococcaceae,Staphylococcus,Staphylococcus haemolyticus,529.0,No,,,,,,,,,,,,,,,,,,,,,,,,,,,,,,,,,,,,,,,,,,,,,,,,,,,,,,,,,,,,,,,,,,,,,,,,,,,
ASMA-779,Bacteria,Bacillota,Bacilli,Staphylococcales,Staphylococcaceae,Staphylococcus,Staphylococcus haemolyticus,529.0,No,,,,,,,,,,,,,,,,,,,,,,,,,,,,,,,,,,,,,,,,,,,,,,,,,,,,,,,,,,,,,,,,,,,,,,,,,,,
ASMA-78,Bacteria,Pseudomonadota,Gammaproteobacteria,Pseudomonadales,Pseudomonadaceae,Pseudomonas,Pseudomonas aeruginosa,536.0,No,,,,,,,,,,,,,,,,,,,,,,,,,,,,,,,,,,,,,,,,,,,,,,,,,,,,,,,,,,,,,,,,,,,,,,,,,,,
ASMA-780,Bacteria,Bacillota,Bacilli,Lactobacillales,Streptococcaceae,Streptococcus,undetermined species,488.0,No,,,,,,,,,,,,,,,,,,,,,,,,,,,,,,,,,,,,,,,,,,,,,,,,,,,,,,,,,,,,,,,,,,,,,,,,,,,
ASMA-781,Bacteria,Bacillota,Bacilli,Lactobacillales,Streptococcaceae,Streptococcus,undetermined species,488.0,No,,,,,,,,,,,,,,,,,,,,,,,,,,,,,,,,,,,,,,,,,,,,,,,,,,,,,,,,,,,,,,,,,,,,,,,,,,,
ASMA-782,Bacteria,Bacillota,Bacilli,Lactobacillales,Streptococcaceae,Streptococcus,Streptococcus sanguinis_R,514.0,No,,,,,,,,,,,,,,,,,,,,,,,,,,,,,,,,,,,,,,,,,,,,,,,,,,,,,,,,,,,,,,,,,,,,,,,,,,,
ASMA-783,Bacteria,Bacillota,Bacilli,Lactobacillales,Streptococcaceae,Streptococcus,Streptococcus sanguinis_R,514.0,No,,,,,,,,,,,,,,,,,,,,,,,,,,,,,,,,,,,,,,,,,,,,,,,,,,,,,,,,,,,,,,,,,,,,,,,,,,,
ASMA-784,Bacteria,Bacillota,Bacilli,Lactobacillales,Streptococcaceae,Streptococcus,Streptococcus sanguinis_R,514.0,No,,,,,,,,,,,,,,,,,,,,,,,,,,,,,,,,,,,,,,,,,,,,,,,,,,,,,,,,,,,,,,,,,,,,,,,,,,,
ASMA-785,Bacteria,Bacillota,Bacilli,Lactobacillales,Streptococcaceae,Streptococcus,Streptococcus sanguinis_R,514.0,No,,,,,,,,,,,,,,,,,,,,,,,,,,,,,,,,,,,,,,,,,,,,,,,,,,,,,,,,,,,,,,,,,,,,,,,,,,,
ASMA-786,Bacteria,Bacillota,Bacilli,Lactobacillales,Streptococcaceae,Streptococcus,Streptococcus sanguinis_R,514.0,Yes,,,,,,,,,,,,,,,,,,,,,,,,,,,,,,,,,,,,,,,,,,,,,,,,,,,,,,,,,,,,,,,,,,,,,,,,,,,
ASMA-787,Bacteria,Bacillota,Bacilli,Lactobacillales,Streptococcaceae,Streptococcus,Streptococcus sanguinis_R,514.0,No,,,,,,,,,,,,,,,,,,,,,,,,,,,,,,,,,,,,,,,,,,,,,,,,,,,,,,,,,,,,,,,,,,,,,,,,,,,
ASMA-788,Bacteria,Bacillota,Bacilli,Lactobacillales,Streptococcaceae,Streptococcus,Streptococcus sanguinis_R,514.0,No,,,,,,,,,,,,,,,,,,,,,,,,,,,,,,,,,,,,,,,,,,,,,,,,,,,,,,,,,,,,,,,,,,,,,,,,,,,
ASMA-789,Bacteria,Bacillota,Bacilli,Lactobacillales,Streptococcaceae,Streptococcus,Streptococcus sanguinis_R,514.0,No,,,,,,,,,,,,,,,,,,,,,,,,,,,,,,,,,,,,,,,,,,,,,,,,,,,,,,,,,,,,,,,,,,,,,,,,,,,
ASMA-79,Bacteria,Pseudomonadota,Gammaproteobacteria,Pseudomonadales,Pseudomonadaceae,Pseudomonas,Pseudomonas aeruginosa,536.0,No,,,,,,,,,,,,,,,,,,,,,,,,,,,,,,,,,,,,,,,,,,,,,,,,,,,,,,,,,,,,,,,,,,,,,,,,,,,
ASMA-790,Bacteria,Bacillota,Bacilli,Lactobacillales,Streptococcaceae,Streptococcus,Streptococcus sanguinis_R,514.0,No,1,0.002700000000000008,,0.002700000000000008,20251006.0,0.2259,,0.2089,,0.08209999999999998,,0.06509999999999999,,0.2292,,20.5,,0.01700654095322425,,0.9990342316276344,,no_growth,0,0.0,0,0.0,1,,,,,,0.0438,,20251006,0.0468,uncertain,0.0448,uncertain,0.0448,uncertain,0.0448,uncertain,0.0456,uncertain,0.0454,uncertain,0.0438,uncertain,0.0441,uncertain,0.047,uncertain,0.0458,uncertain,0.0433,uncertain,0.0439,uncertain,0.0444,uncertain,0.0459,uncertain,0.0438,uncertain,0.0438,uncertain,0.0452,uncertain,0.0439,uncertain,0.0576,uncertain,0.0438,uncertain
ASMA-791,Bacteria,Bacillota,Bacilli,Lactobacillales,Streptococcaceae,Streptococcus,undetermined species,488.0,No,,,,,,,,,,,,,,,,,,,,,,,,,,,,,,,,,,,,,,,,,,,,,,,,,,,,,,,,,,,,,,,,,,,,,,,,,,,
ASMA-792,Bacteria,Bacillota,Bacilli,Lactobacillales,Streptococcaceae,Streptococcus,undetermined species,488.0,No,,,,,,,,,,,,,,,,,,,,,,,,,,,,,,,,,,,,,,,,,,,,,,,,,,,,,,,,,,,,,,,,,,,,,,,,,,,
ASMA-793,Bacteria,Bacillota,Bacilli,Lactobacillales,Streptococcaceae,Streptococcus,Streptococcus sanguinis_R,514.0,No,,,,,,,,,,,,,,,,,,,,,,,,,,,,,,,,,,,,,,,,,,,,,,,,,,,,,,,,,,,,,,,,,,,,,,,,,,,
ASMA-794,Bacteria,Bacillota,Bacilli,Lactobacillales,Streptococcaceae,Streptococcus,Streptococcus sanguinis_R,514.0,No,,,,,,,,,,,,,,,,,,,,,,,,,,,,,,,,,,,,,,,,,,,,,,,,,,,,,,,,,,,,,,,,,,,,,,,,,,,
ASMA-795,Bacteria,Bacillota,Bacilli,Lactobacillales,Streptococcaceae,Streptococcus,Streptococcus sanguinis_R,514.0,No,,,,,,,,,,,,,,,,,,,,,,,,,,,,,,,,,,,,,,,,,,,,,,,,,,,,,,,,,,,,,,,,,,,,,,,,,,,
ASMA-796,Bacteria,Bacillota,Bacilli,Lactobacillales,Streptococcaceae,Streptococcus,Streptococcus parasanguinis_K,513.0,No,1,0.0027666666666666673,,0.0027666666666666673,20250920.0,0.1699333333333334,,0.1610666666666667,,0.05423333333333341,,0.045366666666666694,,0.1703333333333333,,22.5,,0.05234332481436891,,0.9991632564227088,,no_growth,0,0.0,0,0.0,1,,,,,,0.0447,,20250920,0.0437,uncertain,0.0442,uncertain,0.0446,uncertain,0.0446,uncertain,0.0436,uncertain,0.044,uncertain,0.0439,uncertain,0.0442,uncertain,0.0439,uncertain,0.0441,uncertain,0.0475,uncertain,0.0442,uncertain,0.0444,uncertain,0.0447,uncertain,0.044,uncertain,0.0447,uncertain,0.0442,uncertain,0.0446,uncertain,0.0466,uncertain,0.0448,uncertain
ASMA-797,Bacteria,Bacillota,Bacilli,Lactobacillales,Streptococcaceae,Streptococcus,undetermined species,513.0,No,,,,,,,,,,,,,,,,,,,,,,,,,,,,,,,,,,,,,,,,,,,,,,,,,,,,,,,,,,,,,,,,,,,,,,,,,,,
ASMA-798,Bacteria,Bacillota,Bacilli,Lactobacillales,Streptococcaceae,Streptococcus,Streptococcus sanguinis_R,514.0,No,,,,,,,,,,,,,,,,,,,,,,,,,,,,,,,,,,,,,,,,,,,,,,,,,,,,,,,,,,,,,,,,,,,,,,,,,,,
ASMA-799,Bacteria,Bacillota,Bacilli,Lactobacillales,Streptococcaceae,Streptococcus,undetermined species,513.0,No,,,,,,,,,,,,,,,,,,,,,,,,,,,,,,,,,,,,,,,,,,,,,,,,,,,,,,,,,,,,,,,,,,,,,,,,,,,
ASMA-8,Bacteria,Pseudomonadota,Gammaproteobacteria,Pseudomonadales,Pseudomonadaceae,Pseudomonas,Pseudomonas aeruginosa,536.0,No,,,,,,,,,,,,,,,,,,,,,,,,,,,,,,,,,,,,,,,,,,,,,,,,,,,,,,,,,,,,,,,,,,,,,,,,,,,
ASMA-80,Bacteria,Pseudomonadota,Gammaproteobacteria,Pseudomonadales,Pseudomonadaceae,Pseudomonas,Pseudomonas aeruginosa,536.0,No,,,,,,,,,,,,,,,,,,,,,,,,,,,,,,,,,,,,,,,,,,,,,,,,,,,,,,,,,,,,,,,,,,,,,,,,,,,
ASMA-800,Bacteria,Bacillota,Bacilli,Lactobacillales,Streptococcaceae,Streptococcus,Streptococcus sanguinis_R,514.0,No,,,,,,,,,,,,,,,,,,,,,,,,,,,,,,,,,,,,,,,,,,,,,,,,,,,,,,,,,,,,,,,,,,,,,,,,,,,
ASMA-801,Bacteria,Pseudomonadota,Gammaproteobacteria,Burkholderiales,Alcaligenaceae,Achromobacter,Achromobacter xylosoxidans,537.0,No,,,,,,,,,,,,,,,,,,,,,,,,,,,,,,,,,,,,,,,,,,,,,,,,,,,,,,,,,,,,,,,,,,,,,,,,,,,
ASMA-802,Bacteria,Bacillota,Bacilli,Lactobacillales,Streptococcaceae,Streptococcus,Streptococcus sanguinis_R,514.0,No,,,,,,,,,,,,,,,,,,,,,,,,,,,,,,,,,,,,,,,,,,,,,,,,,,,,,,,,,,,,,,,,,,,,,,,,,,,
ASMA-803,Bacteria,Bacillota,Bacilli,Lactobacillales,Streptococcaceae,Streptococcus,Streptococcus sanguinis_R,514.0,No,,,,,,,,,,,,,,,,,,,,,,,,,,,,,,,,,,,,,,,,,,,,,,,,,,,,,,,,,,,,,,,,,,,,,,,,,,,
ASMA-804,Bacteria,Actinomycetota,Actinomycetes,Actinomycetales,Actinomycetaceae,Actinomyces,Actinomyces oris,205.0,Yes,1,0.037299999999999986,,0.037299999999999986,20250920.0,0.0978,,0.09843333333333333,,0.002066666666666661,,0.002699999999999994,,0.0994,,37.25,,,,,,no_growth,0,0.0,0,0.0,0,,,,,,0.051,,20250920,0.0538,uncertain,0.0498,uncertain,0.051,uncertain,0.0488,uncertain,0.0497,uncertain,0.0487,uncertain,0.0537,uncertain,0.0496,uncertain,0.0505,uncertain,0.0503,uncertain,0.0501,uncertain,0.0476,uncertain,0.049,uncertain,0.0518,uncertain,0.0481,uncertain,0.0478,uncertain,0.0498,uncertain,0.0504,uncertain,0.0485,uncertain,0.0493,uncertain
ASMA-805,Bacteria,Bacillota,Bacilli,Lactobacillales,Streptococcaceae,Streptococcus,undetermined species,288.0,No,1,0.0025000000000000022,,0.0025000000000000022,20250920.0,0.09393333333333333,,0.0934,,-0.0011000000000000176,,-0.0016333333333333477,,0.09503333333333334,,0.0,,,,,,no_growth,0,0.0,0,0.0,0,,,,,,0.044,,20250920,0.044,uncertain,0.0446,uncertain,0.0445,uncertain,0.0437,uncertain,0.0435,uncertain,0.0438,uncertain,0.0436,uncertain,0.0442,uncertain,0.0441,uncertain,0.0437,uncertain,0.0437,uncertain,0.0431,uncertain,0.0442,uncertain,0.0437,uncertain,0.0445,uncertain,0.0439,uncertain,0.0442,uncertain,0.044,uncertain,0.0452,uncertain,0.0441,uncertain
ASMA-806,Bacteria,Bacillota,Bacilli,Lactobacillales,Streptococcaceae,Streptococcus,Streptococcus symci,206.0,Yes,,,,,,,,,,,,,,,,,,,,,,,,,,,,,,,,,,,,,,,,,,,,,,,,,,,,,,,,,,,,,,,,,,,,,,,,,,,
ASMA-807,Bacteria,Bacillota,Bacilli,Lactobacillales,Streptococcaceae,Streptococcus,undetermined species,288.0,Yes,,,,,,,,,,,,,,,,,,,,,,,,,,,,,,,,,,,,,,,,,,,,,,,,,,,,,,,,,,,,,,,,,,,,,,,,,,,
ASMA-808,Bacteria,Bacillota,Bacilli,Staphylococcales,Staphylococcaceae,Staphylococcus,Staphylococcus capitis,517.0,No,,,,,,,,,,,,,,,,,,,,,,,,,,,,,,,,,,,,,,,,,,,,,,,,,,,,,,,,,,,,,,,,,,,,,,,,,,,
ASMA-809,Bacteria,Bacillota,Bacilli,Staphylococcales,Staphylococcaceae,Staphylococcus,Staphylococcus capitis,517.0,Yes,,,,,,,,,,,,,,,,,,,,,,,,,,,,,,,,,,,,,,,,,,,,,,,,,,,,,,,,,,,,,,,,,,,,,,,,,,,
ASMA-81,Bacteria,Pseudomonadota,Gammaproteobacteria,Pseudomonadales,Pseudomonadaceae,Pseudomonas,Pseudomonas aeruginosa,536.0,Yes,,,,,,,,,,,,,,,,,,,,,,,,,,,,,,,,,,,,,,,,,,,,,,,,,,,,,,,,,,,,,,,,,,,,,,,,,,,
ASMA-810,Bacteria,Bacillota,Bacilli,Staphylococcales,Staphylococcaceae,Staphylococcus,Staphylococcus capitis,517.0,No,,,,,,,,,,,,,,,,,,,,,,,,,,,,,,,,,,,,,,,,,,,,,,,,,,,,,,,,,,,,,,,,,,,,,,,,,,,
ASMA-811,Bacteria,Bacillota,Bacilli,Staphylococcales,Staphylococcaceae,Staphylococcus,Staphylococcus capitis,517.0,No,,,,,,,,,,,,,,,,,,,,,,,,,,,,,,,,,,,,,,,,,,,,,,,,,,,,,,,,,,,,,,,,,,,,,,,,,,,
ASMA-812,Bacteria,Bacillota,Bacilli,Staphylococcales,Staphylococcaceae,Staphylococcus,Staphylococcus capitis,517.0,No,,,,,,,,,,,,,,,,,,,,,,,,,,,,,,,,,,,,,,,,,,,,,,,,,,,,,,,,,,,,,,,,,,,,,,,,,,,
ASMA-813,Bacteria,Bacillota,Bacilli,Staphylococcales,Staphylococcaceae,Staphylococcus,Staphylococcus capitis,517.0,No,,,,,,,,,,,,,,,,,,,,,,,,,,,,,,,,,,,,,,,,,,,,,,,,,,,,,,,,,,,,,,,,,,,,,,,,,,,
ASMA-814,Bacteria,Bacillota,Bacilli,Staphylococcales,Staphylococcaceae,Staphylococcus,Staphylococcus capitis,517.0,No,,,,,,,,,,,,,,,,,,,,,,,,,,,,,,,,,,,,,,,,,,,,,,,,,,,,,,,,,,,,,,,,,,,,,,,,,,,
ASMA-815,Bacteria,Bacillota,Bacilli,Staphylococcales,Staphylococcaceae,Staphylococcus,Staphylococcus capitis,517.0,No,4,0.205675,0.024680272148688596,0.2388,20251017.0,0.146275,0.036868177334932105,0.134875,0.02970873889391247,0.03685000000000001,0.025005932629411504,0.025450000000000007,0.017813945847752737,0.157175,0.04395553624592319,25.3125,16.98942685907915,0.025535775288915874,0.02351737596196519,0.9881223505193966,0.01603417623832721,robust,0,0.0,0,0.0,4,3,13.772276806601175,4.8669320425534135,20251017,none,0.05218333333333333,0.0016772994167212184,20251017,0.06533333333333334,utilizes,0.07395,uncertain,0.05701666666666666,uncertain,0.05708333333333333,uncertain,0.0628,utilizes,0.046849999999999996,uncertain,0.06575,utilizes,0.05266666666666667,utilizes,0.04695,uncertain,0.06346666666666667,utilizes,0.057150000000000006,utilizes,0.06626666666666667,utilizes,0.04646666666666667,uncertain,0.04603333333333333,uncertain,0.04695,uncertain,0.04743333333333333,uncertain,0.05511666666666666,utilizes,0.04901666666666667,utilizes,0.07941666666666666,utilizes,0.04694999999999999,uncertain
ASMA-816,Bacteria,Bacillota,Bacilli,Staphylococcales,Staphylococcaceae,Staphylococcus,Staphylococcus capitis,517.0,No,,,,,,,,,,,,,,,,,,,,,,,,,,,,,,,,,,,,,,,,,,,,,,,,,,,,,,,,,,,,,,,,,,,,,,,,,,,
ASMA-817,Bacteria,Bacillota,Bacilli,Staphylococcales,Staphylococcaceae,Staphylococcus,Staphylococcus capitis,517.0,No,,,,,,,,,,,,,,,,,,,,,,,,,,,,,,,,,,,,,,,,,,,,,,,,,,,,,,,,,,,,,,,,,,,,,,,,,,,
ASMA-818,Bacteria,Bacillota,Bacilli,Staphylococcales,Staphylococcaceae,Staphylococcus,Staphylococcus capitis,517.0,No,,,,,,,,,,,,,,,,,,,,,,,,,,,,,,,,,,,,,,,,,,,,,,,,,,,,,,,,,,,,,,,,,,,,,,,,,,,
ASMA-819,Bacteria,Bacillota,Bacilli,Staphylococcales,Staphylococcaceae,Staphylococcus,Staphylococcus capitis,517.0,No,,,,,,,,,,,,,,,,,,,,,,,,,,,,,,,,,,,,,,,,,,,,,,,,,,,,,,,,,,,,,,,,,,,,,,,,,,,
ASMA-82,Bacteria,Pseudomonadota,Gammaproteobacteria,Pseudomonadales,Pseudomonadaceae,Pseudomonas,Pseudomonas aeruginosa,536.0,No,1,0.5545333333333333,,0.5545333333333333,20251003.0,0.09079999999999999,,0.0904,,-0.0014000000000000123,,-0.00180000000000001,,0.0922,,0.0,,,,,,robust,0,0.0,0,0.0,0,,,,,,0.0635,,20251003,0.1535,uncertain,0.2495,uncertain,0.0818,uncertain,0.0682,uncertain,0.1112,uncertain,0.1156,uncertain,0.1371,uncertain,0.116,uncertain,0.0986,uncertain,0.1201,uncertain,0.187,uncertain,0.107,uncertain,0.0675,uncertain,0.1191,uncertain,0.0806,uncertain,0.142,uncertain,0.1717,uncertain,0.1132,uncertain,0.0562,uncertain,0.0591,uncertain
ASMA-820,Bacteria,Bacillota,Bacilli,Staphylococcales,Staphylococcaceae,Staphylococcus,Staphylococcus capitis,517.0,No,,,,,,,,,,,,,,,,,,,,,,,,,,,,,,,,,,,,,,,,,,,,,,,,,,,,,,,,,,,,,,,,,,,,,,,,,,,
ASMA-821,Bacteria,Bacillota,Bacilli,Staphylococcales,Staphylococcaceae,Staphylococcus,Staphylococcus capitis,517.0,No,,,,,,,,,,,,,,,,,,,,,,,,,,,,,,,,,,,,,,,,,,,,,,,,,,,,,,,,,,,,,,,,,,,,,,,,,,,
ASMA-822,Bacteria,Bacillota,Bacilli,Staphylococcales,Staphylococcaceae,Staphylococcus,Staphylococcus capitis,517.0,No,,,,,,,,,,,,,,,,,,,,,,,,,,,,,,,,,,,,,,,,,,,,,,,,,,,,,,,,,,,,,,,,,,,,,,,,,,,
ASMA-823,Bacteria,Bacillota,Bacilli,Staphylococcales,Staphylococcaceae,Staphylococcus,Staphylococcus capitis,517.0,No,,,,,,,,,,,,,,,,,,,,,,,,,,,,,,,,,,,,,,,,,,,,,,,,,,,,,,,,,,,,,,,,,,,,,,,,,,,
ASMA-824,Bacteria,Bacillota,Bacilli,Staphylococcales,Staphylococcaceae,Staphylococcus,Staphylococcus capitis,517.0,No,,,,,,,,,,,,,,,,,,,,,,,,,,,,,,,,,,,,,,,,,,,,,,,,,,,,,,,,,,,,,,,,,,,,,,,,,,,
ASMA-825,Bacteria,Bacillota,Bacilli,Staphylococcales,Staphylococcaceae,Staphylococcus,Staphylococcus capitis,517.0,No,,,,,,,,,,,,,,,,,,,,,,,,,,,,,,,,,,,,,,,,,,,,,,,,,,,,,,,,,,,,,,,,,,,,,,,,,,,
ASMA-826,Bacteria,Bacillota,Bacilli,Staphylococcales,Staphylococcaceae,Staphylococcus,Staphylococcus capitis,517.0,No,,,,,,,,,,,,,,,,,,,,,,,,,,,,,,,,,,,,,,,,,,,,,,,,,,,,,,,,,,,,,,,,,,,,,,,,,,,
ASMA-827,Bacteria,Bacillota,Bacilli,Staphylococcales,Staphylococcaceae,Staphylococcus,Staphylococcus capitis,517.0,No,,,,,,,,,,,,,,,,,,,,,,,,,,,,,,,,,,,,,,,,,,,,,,,,,,,,,,,,,,,,,,,,,,,,,,,,,,,
ASMA-828,Bacteria,Bacillota,Bacilli,Staphylococcales,Staphylococcaceae,Staphylococcus,Staphylococcus capitis,517.0,No,,,,,,,,,,,,,,,,,,,,,,,,,,,,,,,,,,,,,,,,,,,,,,,,,,,,,,,,,,,,,,,,,,,,,,,,,,,
ASMA-829,Bacteria,Bacillota,Bacilli,Staphylococcales,Staphylococcaceae,Staphylococcus,Staphylococcus capitis,517.0,No,4,0.45566666666666666,0.322299105387113,0.7506,20251010.0,0.11280833333333333,0.01491197319084381,0.10766666666666666,0.010808021712290065,0.01423333333333333,0.011244653050326736,0.009091666666666668,0.007748852961711321,0.124225,0.021497809965978706,8.0625,5.60645089755245,0.03539139839884137,0.022683249550520777,0.9948614237549904,0.004763692166723803,robust,0,0.0,0,0.0,3,3,46.71005061460593,8.609372000357498,20251010,weak,0.051533333333333334,0.002409010862020621,20251010,0.10471666666666667,utilizes,0.08940000000000001,utilizes,0.0595,utilizes,0.05921666666666667,utilizes,0.08158333333333333,utilizes,0.04898333333333334,uncertain,0.07995,utilizes,0.05455,uncertain,0.04738333333333333,uncertain,0.07131666666666667,utilizes,0.10996666666666666,utilizes,0.07085,utilizes,0.04788333333333333,uncertain,0.048383333333333334,uncertain,0.04855,uncertain,0.05208333333333333,uncertain,0.05856666666666667,uncertain,0.04891666666666667,uncertain,0.15185,utilizes,0.04836666666666667,uncertain
ASMA-83,Bacteria,Pseudomonadota,Gammaproteobacteria,Pseudomonadales,Pseudomonadaceae,Pseudomonas,Pseudomonas aeruginosa,536.0,No,,,,,,,,,,,,,,,,,,,,,,,,,,,,,,,,,,,,,,,,,,,,,,,,,,,,,,,,,,,,,,,,,,,,,,,,,,,
ASMA-830,Bacteria,Bacillota,Bacilli,Staphylococcales,Staphylococcaceae,Staphylococcus,Staphylococcus capitis,517.0,No,,,,,,,,,,,,,,,,,,,,,,,,,,,,,,,,,,,,,,,,,,,,,,,,,,,,,,,,,,,,,,,,,,,,,,,,,,,
ASMA-831,Bacteria,Pseudomonadota,Gammaproteobacteria,Burkholderiales,Alcaligenaceae,Achromobacter,Achromobacter xylosoxidans,537.0,No,,,,,,,,,,,,,,,,,,,,,,,,,,,,,,,,,,,,,,,,,,,,,,,,,,,,,,,,,,,,,,,,,,,,,,,,,,,
ASMA-832,Bacteria,Pseudomonadota,Gammaproteobacteria,Burkholderiales,Alcaligenaceae,Achromobacter,Achromobacter xylosoxidans,537.0,No,,,,,,,,,,,,,,,,,,,,,,,,,,,,,,,,,,,,,,,,,,,,,,,,,,,,,,,,,,,,,,,,,,,,,,,,,,,
ASMA-833,Bacteria,Pseudomonadota,Gammaproteobacteria,Burkholderiales,Alcaligenaceae,Achromobacter,Achromobacter xylosoxidans,537.0,No,,,,,,,,,,,,,,,,,,,,,,,,,,,,,,,,,,,,,,,,,,,,,,,,,,,,,,,,,,,,,,,,,,,,,,,,,,,
ASMA-834,Bacteria,Pseudomonadota,Gammaproteobacteria,Burkholderiales,Alcaligenaceae,Achromobacter,Achromobacter xylosoxidans,537.0,No,,,,,,,,,,,,,,,,,,,,,,,,,,,,,,,,,,,,,,,,,,,,,,,,,,,,,,,,,,,,,,,,,,,,,,,,,,,
ASMA-835,Bacteria,Pseudomonadota,Gammaproteobacteria,Burkholderiales,Alcaligenaceae,Achromobacter,Achromobacter xylosoxidans,537.0,No,,,,,,,,,,,,,,,,,,,,,,,,,,,,,,,,,,,,,,,,,,,,,,,,,,,,,,,,,,,,,,,,,,,,,,,,,,,
ASMA-836,Bacteria,Pseudomonadota,Gammaproteobacteria,Burkholderiales,Alcaligenaceae,Achromobacter,Achromobacter xylosoxidans,537.0,No,,,,,,,,,,,,,,,,,,,,,,,,,,,,,,,,,,,,,,,,,,,,,,,,,,,,,,,,,,,,,,,,,,,,,,,,,,,
ASMA-837,Bacteria,Pseudomonadota,Gammaproteobacteria,Burkholderiales,Alcaligenaceae,Achromobacter,Achromobacter xylosoxidans,537.0,No,,,,,,,,,,,,,,,,,,,,,,,,,,,,,,,,,,,,,,,,,,,,,,,,,,,,,,,,,,,,,,,,,,,,,,,,,,,
ASMA-838,Bacteria,Pseudomonadota,Gammaproteobacteria,Burkholderiales,Alcaligenaceae,Achromobacter,Achromobacter xylosoxidans,537.0,No,,,,,,,,,,,,,,,,,,,,,,,,,,,,,,,,,,,,,,,,,,,,,,,,,,,,,,,,,,,,,,,,,,,,,,,,,,,
ASMA-839,Bacteria,Pseudomonadota,Gammaproteobacteria,Burkholderiales,Alcaligenaceae,Achromobacter,Achromobacter xylosoxidans,537.0,No,,,,,,,,,,,,,,,,,,,,,,,,,,,,,,,,,,,,,,,,,,,,,,,,,,,,,,,,,,,,,,,,,,,,,,,,,,,
ASMA-84,Bacteria,Pseudomonadota,Gammaproteobacteria,Pseudomonadales,Pseudomonadaceae,Pseudomonas,Pseudomonas aeruginosa,536.0,No,,,,,,,,,,,,,,,,,,,,,,,,,,,,,,,,,,,,,,,,,,,,,,,,,,,,,,,,,,,,,,,,,,,,,,,,,,,
ASMA-840,Bacteria,Pseudomonadota,Gammaproteobacteria,Burkholderiales,Alcaligenaceae,Achromobacter,Achromobacter xylosoxidans,537.0,No,,,,,,,,,,,,,,,,,,,,,,,,,,,,,,,,,,,,,,,,,,,,,,,,,,,,,,,,,,,,,,,,,,,,,,,,,,,
ASMA-841,Bacteria,Pseudomonadota,Gammaproteobacteria,Burkholderiales,Alcaligenaceae,Achromobacter,Achromobacter xylosoxidans,537.0,No,,,,,,,,,,,,,,,,,,,,,,,,,,,,,,,,,,,,,,,,,,,,,,,,,,,,,,,,,,,,,,,,,,,,,,,,,,,
ASMA-842,Bacteria,Pseudomonadota,Gammaproteobacteria,Burkholderiales,Alcaligenaceae,Achromobacter,Achromobacter xylosoxidans,537.0,No,,,,,,,,,,,,,,,,,,,,,,,,,,,,,,,,,,,,,,,,,,,,,,,,,,,,,,,,,,,,,,,,,,,,,,,,,,,
ASMA-843,Bacteria,Pseudomonadota,Gammaproteobacteria,Burkholderiales,Alcaligenaceae,Achromobacter,Achromobacter xylosoxidans,537.0,No,,,,,,,,,,,,,,,,,,,,,,,,,,,,,,,,,,,,,,,,,,,,,,,,,,,,,,,,,,,,,,,,,,,,,,,,,,,
ASMA-844,Bacteria,Pseudomonadota,Gammaproteobacteria,Burkholderiales,Alcaligenaceae,Achromobacter,Achromobacter xylosoxidans,537.0,No,,,,,,,,,,,,,,,,,,,,,,,,,,,,,,,,,,,,,,,,,,,,,,,,,,,,,,,,,,,,,,,,,,,,,,,,,,,
ASMA-845,Bacteria,Pseudomonadota,Gammaproteobacteria,Burkholderiales,Alcaligenaceae,Achromobacter,Achromobacter xylosoxidans,537.0,No,,,,,,,,,,,,,,,,,,,,,,,,,,,,,,,,,,,,,,,,,,,,,,,,,,,,,,,,,,,,,,,,,,,,,,,,,,,
ASMA-846,Bacteria,Pseudomonadota,Gammaproteobacteria,Burkholderiales,Alcaligenaceae,Achromobacter,Achromobacter xylosoxidans,537.0,No,,,,,,,,,,,,,,,,,,,,,,,,,,,,,,,,,,,,,,,,,,,,,,,,,,,,,,,,,,,,,,,,,,,,,,,,,,,
ASMA-847,Bacteria,Pseudomonadota,Gammaproteobacteria,Burkholderiales,Alcaligenaceae,Achromobacter,Achromobacter xylosoxidans,537.0,No,,,,,,,,,,,,,,,,,,,,,,,,,,,,,,,,,,,,,,,,,,,,,,,,,,,,,,,,,,,,,,,,,,,,,,,,,,,
ASMA-848,Bacteria,Pseudomonadota,Gammaproteobacteria,Burkholderiales,Alcaligenaceae,Achromobacter,Achromobacter xylosoxidans,537.0,No,,,,,,,,,,,,,,,,,,,,,,,,,,,,,,,,,,,,,,,,,,,,,,,,,,,,,,,,,,,,,,,,,,,,,,,,,,,
ASMA-849,Bacteria,Pseudomonadota,Gammaproteobacteria,Burkholderiales,Alcaligenaceae,Achromobacter,Achromobacter xylosoxidans,537.0,No,,,,,,,,,,,,,,,,,,,,,,,,,,,,,,,,,,,,,,,,,,,,,,,,,,,,,,,,,,,,,,,,,,,,,,,,,,,
ASMA-85,Bacteria,Pseudomonadota,Gammaproteobacteria,Pseudomonadales,Pseudomonadaceae,Pseudomonas,Pseudomonas aeruginosa,536.0,No,,,,,,,,,,,,,,,,,,,,,,,,,,,,,,,,,,,,,,,,,,,,,,,,,,,,,,,,,,,,,,,,,,,,,,,,,,,
ASMA-850,Bacteria,Pseudomonadota,Gammaproteobacteria,Burkholderiales,Alcaligenaceae,Achromobacter,Achromobacter xylosoxidans,537.0,No,,,,,,,,,,,,,,,,,,,,,,,,,,,,,,,,,,,,,,,,,,,,,,,,,,,,,,,,,,,,,,,,,,,,,,,,,,,
ASMA-851,Bacteria,Pseudomonadota,Gammaproteobacteria,Burkholderiales,Alcaligenaceae,Achromobacter,Achromobacter xylosoxidans,537.0,No,,,,,,,,,,,,,,,,,,,,,,,,,,,,,,,,,,,,,,,,,,,,,,,,,,,,,,,,,,,,,,,,,,,,,,,,,,,
ASMA-852,Bacteria,Pseudomonadota,Gammaproteobacteria,Burkholderiales,Alcaligenaceae,Achromobacter,Achromobacter xylosoxidans,537.0,No,,,,,,,,,,,,,,,,,,,,,,,,,,,,,,,,,,,,,,,,,,,,,,,,,,,,,,,,,,,,,,,,,,,,,,,,,,,
ASMA-853,Bacteria,Pseudomonadota,Gammaproteobacteria,Burkholderiales,Alcaligenaceae,Achromobacter,Achromobacter xylosoxidans,537.0,No,,,,,,,,,,,,,,,,,,,,,,,,,,,,,,,,,,,,,,,,,,,,,,,,,,,,,,,,,,,,,,,,,,,,,,,,,,,
ASMA-854,Bacteria,Pseudomonadota,Gammaproteobacteria,Burkholderiales,Alcaligenaceae,Achromobacter,Achromobacter xylosoxidans,537.0,No,,,,,,,,,,,,,,,,,,,,,,,,,,,,,,,,,,,,,,,,,,,,,,,,,,,,,,,,,,,,,,,,,,,,,,,,,,,
ASMA-855,Bacteria,Pseudomonadota,Gammaproteobacteria,Burkholderiales,Alcaligenaceae,Achromobacter,Achromobacter xylosoxidans,537.0,No,,,,,,,,,,,,,,,,,,,,,,,,,,,,,,,,,,,,,,,,,,,,,,,,,,,,,,,,,,,,,,,,,,,,,,,,,,,
ASMA-856,Bacteria,Pseudomonadota,Gammaproteobacteria,Burkholderiales,Alcaligenaceae,Achromobacter,Achromobacter xylosoxidans,537.0,No,1,0.0247333333333333,,0.0247333333333333,20250920.0,0.09073333333333333,,0.09000000000000001,,-0.0019333333333333425,,-0.0026666666666666644,,0.09266666666666667,,0.0,,,,,,no_growth,0,0.0,0,0.0,0,,,,,,0.0461,,20250920,0.0485,uncertain,0.0486,uncertain,0.0474,uncertain,0.0465,uncertain,0.0461,uncertain,0.0464,uncertain,0.0492,uncertain,0.0456,uncertain,0.0472,uncertain,0.0486,uncertain,0.0568,uncertain,0.0558,uncertain,0.0559,uncertain,0.0575,uncertain,0.0461,uncertain,0.0468,uncertain,0.0469,uncertain,0.0447,uncertain,0.0471,uncertain,0.0452,uncertain
ASMA-857,Bacteria,Pseudomonadota,Gammaproteobacteria,Burkholderiales,Alcaligenaceae,Achromobacter,Achromobacter xylosoxidans,537.0,No,,,,,,,,,,,,,,,,,,,,,,,,,,,,,,,,,,,,,,,,,,,,,,,,,,,,,,,,,,,,,,,,,,,,,,,,,,,
ASMA-858,Bacteria,Pseudomonadota,Gammaproteobacteria,Burkholderiales,Alcaligenaceae,Achromobacter,Achromobacter xylosoxidans,537.0,No,,,,,,,,,,,,,,,,,,,,,,,,,,,,,,,,,,,,,,,,,,,,,,,,,,,,,,,,,,,,,,,,,,,,,,,,,,,
ASMA-859,Bacteria,Pseudomonadota,Gammaproteobacteria,Burkholderiales,Alcaligenaceae,Achromobacter,Achromobacter xylosoxidans,537.0,No,,,,,,,,,,,,,,,,,,,,,,,,,,,,,,,,,,,,,,,,,,,,,,,,,,,,,,,,,,,,,,,,,,,,,,,,,,,
ASMA-86,Bacteria,Pseudomonadota,Gammaproteobacteria,Pseudomonadales,Pseudomonadaceae,Pseudomonas,Pseudomonas aeruginosa,536.0,No,,,,,,,,,,,,,,,,,,,,,,,,,,,,,,,,,,,,,,,,,,,,,,,,,,,,,,,,,,,,,,,,,,,,,,,,,,,
ASMA-860,Bacteria,Pseudomonadota,Gammaproteobacteria,Burkholderiales,Alcaligenaceae,Achromobacter,Achromobacter xylosoxidans,537.0,No,,,,,,,,,,,,,,,,,,,,,,,,,,,,,,,,,,,,,,,,,,,,,,,,,,,,,,,,,,,,,,,,,,,,,,,,,,,
ASMA-861,Bacteria,Pseudomonadota,Gammaproteobacteria,Burkholderiales,Alcaligenaceae,Achromobacter,Achromobacter xylosoxidans,537.0,No,,,,,,,,,,,,,,,,,,,,,,,,,,,,,,,,,,,,,,,,,,,,,,,,,,,,,,,,,,,,,,,,,,,,,,,,,,,
ASMA-862,Bacteria,Pseudomonadota,Gammaproteobacteria,Burkholderiales,Alcaligenaceae,Achromobacter,Achromobacter xylosoxidans,537.0,No,,,,,,,,,,,,,,,,,,,,,,,,,,,,,,,,,,,,,,,,,,,,,,,,,,,,,,,,,,,,,,,,,,,,,,,,,,,
ASMA-863,Bacteria,Pseudomonadota,Gammaproteobacteria,Burkholderiales,Alcaligenaceae,Achromobacter,Achromobacter xylosoxidans,537.0,No,,,,,,,,,,,,,,,,,,,,,,,,,,,,,,,,,,,,,,,,,,,,,,,,,,,,,,,,,,,,,,,,,,,,,,,,,,,
ASMA-864,Bacteria,Pseudomonadota,Gammaproteobacteria,Burkholderiales,Alcaligenaceae,Achromobacter,Achromobacter xylosoxidans,537.0,No,,,,,,,,,,,,,,,,,,,,,,,,,,,,,,,,,,,,,,,,,,,,,,,,,,,,,,,,,,,,,,,,,,,,,,,,,,,
ASMA-865,Bacteria,Pseudomonadota,Gammaproteobacteria,Burkholderiales,Alcaligenaceae,Achromobacter,Achromobacter xylosoxidans,537.0,No,,,,,,,,,,,,,,,,,,,,,,,,,,,,,,,,,,,,,,,,,,,,,,,,,,,,,,,,,,,,,,,,,,,,,,,,,,,
ASMA-866,Bacteria,Pseudomonadota,Gammaproteobacteria,Burkholderiales,Alcaligenaceae,Achromobacter,Achromobacter xylosoxidans,537.0,No,,,,,,,,,,,,,,,,,,,,,,,,,,,,,,,,,,,,,,,,,,,,,,,,,,,,,,,,,,,,,,,,,,,,,,,,,,,
ASMA-867,Bacteria,Pseudomonadota,Gammaproteobacteria,Burkholderiales,Alcaligenaceae,Achromobacter,Achromobacter xylosoxidans,537.0,No,1,0.01469999999999999,,0.01469999999999999,20251006.0,0.0918,,0.0905,,-0.000899999999999998,,-0.0022000000000000075,,0.0927,,0.0,,,,,,no_growth,0,0.0,0,0.0,0,,,,,,0.0456,,20251006,0.0456,uncertain,0.0472,uncertain,0.0463,uncertain,0.045,uncertain,0.0472,uncertain,0.046,uncertain,0.0479,uncertain,0.047,uncertain,0.0507,uncertain,0.0492,uncertain,0.0557,uncertain,0.0558,uncertain,0.0595,uncertain,0.0589,uncertain,0.0482,uncertain,0.0499,uncertain,0.0481,uncertain,0.048,uncertain,0.0557,uncertain,0.0487,uncertain
ASMA-868,Bacteria,Pseudomonadota,Gammaproteobacteria,Burkholderiales,Alcaligenaceae,Achromobacter,Achromobacter xylosoxidans,537.0,No,,,,,,,,,,,,,,,,,,,,,,,,,,,,,,,,,,,,,,,,,,,,,,,,,,,,,,,,,,,,,,,,,,,,,,,,,,,
ASMA-869,Bacteria,Pseudomonadota,Gammaproteobacteria,Burkholderiales,Alcaligenaceae,Achromobacter,Achromobacter xylosoxidans,537.0,No,,,,,,,,,,,,,,,,,,,,,,,,,,,,,,,,,,,,,,,,,,,,,,,,,,,,,,,,,,,,,,,,,,,,,,,,,,,
ASMA-87,Bacteria,Pseudomonadota,Gammaproteobacteria,Pseudomonadales,Pseudomonadaceae,Pseudomonas,Pseudomonas aeruginosa,536.0,No,,,,,,,,,,,,,,,,,,,,,,,,,,,,,,,,,,,,,,,,,,,,,,,,,,,,,,,,,,,,,,,,,,,,,,,,,,,
ASMA-870,Bacteria,Pseudomonadota,Gammaproteobacteria,Burkholderiales,Alcaligenaceae,Achromobacter,Achromobacter xylosoxidans,537.0,No,,,,,,,,,,,,,,,,,,,,,,,,,,,,,,,,,,,,,,,,,,,,,,,,,,,,,,,,,,,,,,,,,,,,,,,,,,,
ASMA-871,Bacteria,Pseudomonadota,Gammaproteobacteria,Burkholderiales,Alcaligenaceae,Achromobacter,Achromobacter xylosoxidans,537.0,No,,,,,,,,,,,,,,,,,,,,,,,,,,,,,,,,,,,,,,,,,,,,,,,,,,,,,,,,,,,,,,,,,,,,,,,,,,,
ASMA-872,Bacteria,Pseudomonadota,Gammaproteobacteria,Burkholderiales,Alcaligenaceae,Achromobacter,Achromobacter xylosoxidans,537.0,No,,,,,,,,,,,,,,,,,,,,,,,,,,,,,,,,,,,,,,,,,,,,,,,,,,,,,,,,,,,,,,,,,,,,,,,,,,,
ASMA-873,Bacteria,Pseudomonadota,Gammaproteobacteria,Burkholderiales,Alcaligenaceae,Achromobacter,Achromobacter xylosoxidans,537.0,No,,,,,,,,,,,,,,,,,,,,,,,,,,,,,,,,,,,,,,,,,,,,,,,,,,,,,,,,,,,,,,,,,,,,,,,,,,,
ASMA-874,Bacteria,Pseudomonadota,Gammaproteobacteria,Burkholderiales,Alcaligenaceae,Achromobacter,Achromobacter xylosoxidans,537.0,No,,,,,,,,,,,,,,,,,,,,,,,,,,,,,,,,,,,,,,,,,,,,,,,,,,,,,,,,,,,,,,,,,,,,,,,,,,,
ASMA-875,Bacteria,Pseudomonadota,Gammaproteobacteria,Burkholderiales,Alcaligenaceae,Achromobacter,Achromobacter xylosoxidans,537.0,No,,,,,,,,,,,,,,,,,,,,,,,,,,,,,,,,,,,,,,,,,,,,,,,,,,,,,,,,,,,,,,,,,,,,,,,,,,,
ASMA-876,Bacteria,Pseudomonadota,Gammaproteobacteria,Burkholderiales,Alcaligenaceae,Achromobacter,Achromobacter xylosoxidans,537.0,No,,,,,,,,,,,,,,,,,,,,,,,,,,,,,,,,,,,,,,,,,,,,,,,,,,,,,,,,,,,,,,,,,,,,,,,,,,,
ASMA-877,Bacteria,Pseudomonadota,Gammaproteobacteria,Burkholderiales,Alcaligenaceae,Achromobacter,Achromobacter xylosoxidans,537.0,No,,,,,,,,,,,,,,,,,,,,,,,,,,,,,,,,,,,,,,,,,,,,,,,,,,,,,,,,,,,,,,,,,,,,,,,,,,,
ASMA-878,Bacteria,Pseudomonadota,Gammaproteobacteria,Burkholderiales,Alcaligenaceae,Achromobacter,Achromobacter xylosoxidans,537.0,No,,,,,,,,,,,,,,,,,,,,,,,,,,,,,,,,,,,,,,,,,,,,,,,,,,,,,,,,,,,,,,,,,,,,,,,,,,,
ASMA-879,Bacteria,Pseudomonadota,Gammaproteobacteria,Burkholderiales,Alcaligenaceae,Achromobacter,Achromobacter xylosoxidans,537.0,No,,,,,,,,,,,,,,,,,,,,,,,,,,,,,,,,,,,,,,,,,,,,,,,,,,,,,,,,,,,,,,,,,,,,,,,,,,,
ASMA-88,Bacteria,Pseudomonadota,Gammaproteobacteria,Pseudomonadales,Pseudomonadaceae,Pseudomonas,Pseudomonas aeruginosa,536.0,No,,,,,,,,,,,,,,,,,,,,,,,,,,,,,,,,,,,,,,,,,,,,,,,,,,,,,,,,,,,,,,,,,,,,,,,,,,,
ASMA-880,Bacteria,Pseudomonadota,Gammaproteobacteria,Burkholderiales,Alcaligenaceae,Achromobacter,Achromobacter xylosoxidans,537.0,No,,,,,,,,,,,,,,,,,,,,,,,,,,,,,,,,,,,,,,,,,,,,,,,,,,,,,,,,,,,,,,,,,,,,,,,,,,,
ASMA-881,Bacteria,Pseudomonadota,Gammaproteobacteria,Burkholderiales,Alcaligenaceae,Achromobacter,Achromobacter xylosoxidans,537.0,No,,,,,,,,,,,,,,,,,,,,,,,,,,,,,,,,,,,,,,,,,,,,,,,,,,,,,,,,,,,,,,,,,,,,,,,,,,,
ASMA-882,Bacteria,Pseudomonadota,Gammaproteobacteria,Burkholderiales,Alcaligenaceae,Achromobacter,Achromobacter xylosoxidans,537.0,No,,,,,,,,,,,,,,,,,,,,,,,,,,,,,,,,,,,,,,,,,,,,,,,,,,,,,,,,,,,,,,,,,,,,,,,,,,,
ASMA-883,Bacteria,Pseudomonadota,Gammaproteobacteria,Burkholderiales,Alcaligenaceae,Achromobacter,Achromobacter xylosoxidans,537.0,No,,,,,,,,,,,,,,,,,,,,,,,,,,,,,,,,,,,,,,,,,,,,,,,,,,,,,,,,,,,,,,,,,,,,,,,,,,,
ASMA-884,Bacteria,Pseudomonadota,Gammaproteobacteria,Burkholderiales,Alcaligenaceae,Achromobacter,Achromobacter xylosoxidans,537.0,No,,,,,,,,,,,,,,,,,,,,,,,,,,,,,,,,,,,,,,,,,,,,,,,,,,,,,,,,,,,,,,,,,,,,,,,,,,,
ASMA-885,Bacteria,Pseudomonadota,Gammaproteobacteria,Burkholderiales,Alcaligenaceae,Achromobacter,Achromobacter xylosoxidans,537.0,No,,,,,,,,,,,,,,,,,,,,,,,,,,,,,,,,,,,,,,,,,,,,,,,,,,,,,,,,,,,,,,,,,,,,,,,,,,,
ASMA-886,Bacteria,Pseudomonadota,Gammaproteobacteria,Burkholderiales,Alcaligenaceae,Achromobacter,Achromobacter xylosoxidans,537.0,No,,,,,,,,,,,,,,,,,,,,,,,,,,,,,,,,,,,,,,,,,,,,,,,,,,,,,,,,,,,,,,,,,,,,,,,,,,,
ASMA-887,Bacteria,Bacillota,Bacilli,Staphylococcales,Staphylococcaceae,Staphylococcus,Staphylococcus aureus,539.0,No,,,,,,,,,,,,,,,,,,,,,,,,,,,,,,,,,,,,,,,,,,,,,,,,,,,,,,,,,,,,,,,,,,,,,,,,,,,
ASMA-888,Bacteria,Bacillota,Bacilli,Staphylococcales,Staphylococcaceae,Staphylococcus,Staphylococcus aureus,539.0,No,,,,,,,,,,,,,,,,,,,,,,,,,,,,,,,,,,,,,,,,,,,,,,,,,,,,,,,,,,,,,,,,,,,,,,,,,,,
ASMA-889,Bacteria,Bacillota,Bacilli,Staphylococcales,Staphylococcaceae,Staphylococcus,Staphylococcus aureus,539.0,No,,,,,,,,,,,,,,,,,,,,,,,,,,,,,,,,,,,,,,,,,,,,,,,,,,,,,,,,,,,,,,,,,,,,,,,,,,,
ASMA-89,Fungi,Saccharomycetes,Ascomycota,Saccharomycetales,Debaryomycetaceae,Candida,Candida albicans,,,,,,,,,,,,,,,,,,,,,,,,,,,,,,,,,,,,,,,,,,,,,,,,,,,,,,,,,,,,,,,,,,,,,,,,,,,,,
ASMA-890,Bacteria,Bacillota,Bacilli,Staphylococcales,Staphylococcaceae,Staphylococcus,Staphylococcus aureus,539.0,No,,,,,,,,,,,,,,,,,,,,,,,,,,,,,,,,,,,,,,,,,,,,,,,,,,,,,,,,,,,,,,,,,,,,,,,,,,,
ASMA-891,Bacteria,Bacillota,Bacilli,Staphylococcales,Staphylococcaceae,Staphylococcus,Staphylococcus aureus,539.0,No,,,,,,,,,,,,,,,,,,,,,,,,,,,,,,,,,,,,,,,,,,,,,,,,,,,,,,,,,,,,,,,,,,,,,,,,,,,
ASMA-892,Bacteria,Bacillota,Bacilli,Staphylococcales,Staphylococcaceae,Staphylococcus,Staphylococcus aureus,539.0,No,,,,,,,,,,,,,,,,,,,,,,,,,,,,,,,,,,,,,,,,,,,,,,,,,,,,,,,,,,,,,,,,,,,,,,,,,,,
ASMA-893,Bacteria,Bacillota,Bacilli,Staphylococcales,Staphylococcaceae,Staphylococcus,Staphylococcus aureus,539.0,No,,,,,,,,,,,,,,,,,,,,,,,,,,,,,,,,,,,,,,,,,,,,,,,,,,,,,,,,,,,,,,,,,,,,,,,,,,,
ASMA-894,Bacteria,Bacillota,Bacilli,Staphylococcales,Staphylococcaceae,Staphylococcus,Staphylococcus aureus,539.0,No,,,,,,,,,,,,,,,,,,,,,,,,,,,,,,,,,,,,,,,,,,,,,,,,,,,,,,,,,,,,,,,,,,,,,,,,,,,
ASMA-895,Bacteria,Bacillota,Bacilli,Staphylococcales,Staphylococcaceae,Staphylococcus,Staphylococcus aureus,539.0,No,,,,,,,,,,,,,,,,,,,,,,,,,,,,,,,,,,,,,,,,,,,,,,,,,,,,,,,,,,,,,,,,,,,,,,,,,,,
ASMA-896,Bacteria,Bacillota,Bacilli,Staphylococcales,Staphylococcaceae,Staphylococcus,Staphylococcus aureus,539.0,No,,,,,,,,,,,,,,,,,,,,,,,,,,,,,,,,,,,,,,,,,,,,,,,,,,,,,,,,,,,,,,,,,,,,,,,,,,,
ASMA-897,Bacteria,Bacillota,Bacilli,Staphylococcales,Staphylococcaceae,Staphylococcus,Staphylococcus aureus,539.0,No,,,,,,,,,,,,,,,,,,,,,,,,,,,,,,,,,,,,,,,,,,,,,,,,,,,,,,,,,,,,,,,,,,,,,,,,,,,
ASMA-898,Bacteria,Bacillota,Bacilli,Staphylococcales,Staphylococcaceae,Staphylococcus,Staphylococcus aureus,539.0,No,,,,,,,,,,,,,,,,,,,,,,,,,,,,,,,,,,,,,,,,,,,,,,,,,,,,,,,,,,,,,,,,,,,,,,,,,,,
ASMA-899,Bacteria,Bacillota,Bacilli,Staphylococcales,Staphylococcaceae,Staphylococcus,Staphylococcus aureus,539.0,No,,,,,,,,,,,,,,,,,,,,,,,,,,,,,,,,,,,,,,,,,,,,,,,,,,,,,,,,,,,,,,,,,,,,,,,,,,,
ASMA-9,Bacteria,Pseudomonadota,Gammaproteobacteria,Pseudomonadales,Pseudomonadaceae,Pseudomonas,Pseudomonas aeruginosa,536.0,No,,,,,,,,,,,,,,,,,,,,,,,,,,,,,,,,,,,,,,,,,,,,,,,,,,,,,,,,,,,,,,,,,,,,,,,,,,,
ASMA-90,Fungi,Saccharomycetes,Ascomycota,Saccharomycetales,Debaryomycetaceae,Candida,Candida albicans,,,,,,,,,,,,,,,,,,,,,,,,,,,,,,,,,,,,,,,,,,,,,,,,,,,,,,,,,,,,,,,,,,,,,,,,,,,,,
ASMA-900,Bacteria,Bacillota,Bacilli,Staphylococcales,Staphylococcaceae,Staphylococcus,Staphylococcus aureus,539.0,No,,,,,,,,,,,,,,,,,,,,,,,,,,,,,,,,,,,,,,,,,,,,,,,,,,,,,,,,,,,,,,,,,,,,,,,,,,,
ASMA-901,Bacteria,Bacillota,Bacilli,Staphylococcales,Staphylococcaceae,Staphylococcus,Staphylococcus aureus,539.0,No,,,,,,,,,,,,,,,,,,,,,,,,,,,,,,,,,,,,,,,,,,,,,,,,,,,,,,,,,,,,,,,,,,,,,,,,,,,
ASMA-902,Bacteria,Bacillota,Bacilli,Staphylococcales,Staphylococcaceae,Staphylococcus,Staphylococcus aureus,539.0,No,,,,,,,,,,,,,,,,,,,,,,,,,,,,,,,,,,,,,,,,,,,,,,,,,,,,,,,,,,,,,,,,,,,,,,,,,,,
ASMA-903,Bacteria,Bacillota,Bacilli,Staphylococcales,Staphylococcaceae,Staphylococcus,Staphylococcus aureus,539.0,No,,,,,,,,,,,,,,,,,,,,,,,,,,,,,,,,,,,,,,,,,,,,,,,,,,,,,,,,,,,,,,,,,,,,,,,,,,,
ASMA-904,Bacteria,Bacillota,Bacilli,Staphylococcales,Staphylococcaceae,Staphylococcus,Staphylococcus aureus,539.0,No,,,,,,,,,,,,,,,,,,,,,,,,,,,,,,,,,,,,,,,,,,,,,,,,,,,,,,,,,,,,,,,,,,,,,,,,,,,
ASMA-905,Bacteria,Bacillota,Bacilli,Staphylococcales,Staphylococcaceae,Staphylococcus,Staphylococcus aureus,539.0,No,,,,,,,,,,,,,,,,,,,,,,,,,,,,,,,,,,,,,,,,,,,,,,,,,,,,,,,,,,,,,,,,,,,,,,,,,,,
ASMA-906,Bacteria,Bacillota,Bacilli,Staphylococcales,Staphylococcaceae,Staphylococcus,Staphylococcus aureus,539.0,No,,,,,,,,,,,,,,,,,,,,,,,,,,,,,,,,,,,,,,,,,,,,,,,,,,,,,,,,,,,,,,,,,,,,,,,,,,,
ASMA-907,Bacteria,Bacillota,Bacilli,Staphylococcales,Staphylococcaceae,Staphylococcus,Staphylococcus aureus,539.0,No,,,,,,,,,,,,,,,,,,,,,,,,,,,,,,,,,,,,,,,,,,,,,,,,,,,,,,,,,,,,,,,,,,,,,,,,,,,
ASMA-908,Bacteria,Bacillota,Bacilli,Staphylococcales,Staphylococcaceae,Staphylococcus,Staphylococcus aureus,539.0,No,,,,,,,,,,,,,,,,,,,,,,,,,,,,,,,,,,,,,,,,,,,,,,,,,,,,,,,,,,,,,,,,,,,,,,,,,,,
ASMA-909,Bacteria,Bacillota,Bacilli,Staphylococcales,Staphylococcaceae,Staphylococcus,Staphylococcus aureus,539.0,No,,,,,,,,,,,,,,,,,,,,,,,,,,,,,,,,,,,,,,,,,,,,,,,,,,,,,,,,,,,,,,,,,,,,,,,,,,,
ASMA-91,Fungi,Saccharomycetes,Ascomycota,Saccharomycetales,Debaryomycetaceae,Candida,Candida albicans,,,,,,,,,,,,,,,,,,,,,,,,,,,,,,,,,,,,,,,,,,,,,,,,,,,,,,,,,,,,,,,,,,,,,,,,,,,,,
ASMA-910,Bacteria,Bacillota,Bacilli,Staphylococcales,Staphylococcaceae,Staphylococcus,Staphylococcus aureus,539.0,No,,,,,,,,,,,,,,,,,,,,,,,,,,,,,,,,,,,,,,,,,,,,,,,,,,,,,,,,,,,,,,,,,,,,,,,,,,,
ASMA-911,Bacteria,Bacillota,Bacilli,Staphylococcales,Staphylococcaceae,Staphylococcus,Staphylococcus aureus,539.0,No,,,,,,,,,,,,,,,,,,,,,,,,,,,,,,,,,,,,,,,,,,,,,,,,,,,,,,,,,,,,,,,,,,,,,,,,,,,
ASMA-912,Bacteria,Bacillota,Bacilli,Staphylococcales,Staphylococcaceae,Staphylococcus,Staphylococcus aureus,539.0,No,,,,,,,,,,,,,,,,,,,,,,,,,,,,,,,,,,,,,,,,,,,,,,,,,,,,,,,,,,,,,,,,,,,,,,,,,,,
ASMA-913,Bacteria,Bacillota,Bacilli,Staphylococcales,Staphylococcaceae,Staphylococcus,Staphylococcus aureus,539.0,No,,,,,,,,,,,,,,,,,,,,,,,,,,,,,,,,,,,,,,,,,,,,,,,,,,,,,,,,,,,,,,,,,,,,,,,,,,,
ASMA-914,Bacteria,Bacillota,Bacilli,Staphylococcales,Staphylococcaceae,Staphylococcus,Staphylococcus aureus,539.0,No,,,,,,,,,,,,,,,,,,,,,,,,,,,,,,,,,,,,,,,,,,,,,,,,,,,,,,,,,,,,,,,,,,,,,,,,,,,
ASMA-915,Bacteria,Bacillota,Bacilli,Staphylococcales,Staphylococcaceae,Staphylococcus,Staphylococcus aureus,539.0,No,,,,,,,,,,,,,,,,,,,,,,,,,,,,,,,,,,,,,,,,,,,,,,,,,,,,,,,,,,,,,,,,,,,,,,,,,,,
ASMA-917,Bacteria,Bacillota,Bacilli,Staphylococcales,Staphylococcaceae,Staphylococcus,Staphylococcus aureus,539.0,No,,,,,,,,,,,,,,,,,,,,,,,,,,,,,,,,,,,,,,,,,,,,,,,,,,,,,,,,,,,,,,,,,,,,,,,,,,,
ASMA-918,Bacteria,Bacillota,Bacilli,Staphylococcales,Staphylococcaceae,Staphylococcus,Staphylococcus aureus,539.0,No,,,,,,,,,,,,,,,,,,,,,,,,,,,,,,,,,,,,,,,,,,,,,,,,,,,,,,,,,,,,,,,,,,,,,,,,,,,
ASMA-919,Bacteria,Bacillota,Bacilli,Staphylococcales,Staphylococcaceae,Staphylococcus,Staphylococcus aureus,539.0,No,,,,,,,,,,,,,,,,,,,,,,,,,,,,,,,,,,,,,,,,,,,,,,,,,,,,,,,,,,,,,,,,,,,,,,,,,,,
ASMA-92,Fungi,Saccharomycetes,Ascomycota,Saccharomycetales,Debaryomycetaceae,Candida,Candida albicans,,,,,,,,,,,,,,,,,,,,,,,,,,,,,,,,,,,,,,,,,,,,,,,,,,,,,,,,,,,,,,,,,,,,,,,,,,,,,
ASMA-920,Bacteria,Bacillota,Bacilli,Staphylococcales,Staphylococcaceae,Staphylococcus,Staphylococcus aureus,539.0,No,,,,,,,,,,,,,,,,,,,,,,,,,,,,,,,,,,,,,,,,,,,,,,,,,,,,,,,,,,,,,,,,,,,,,,,,,,,
ASMA-921,Bacteria,Bacillota,Bacilli,Staphylococcales,Staphylococcaceae,Staphylococcus,Staphylococcus aureus,539.0,Yes,,,,,,,,,,,,,,,,,,,,,,,,,,,,,,,,,,,,,,,,,,,,,,,,,,,,,,,,,,,,,,,,,,,,,,,,,,,
ASMA-922,Bacteria,Bacillota,Bacilli,Staphylococcales,Staphylococcaceae,Staphylococcus,Staphylococcus aureus,539.0,No,,,,,,,,,,,,,,,,,,,,,,,,,,,,,,,,,,,,,,,,,,,,,,,,,,,,,,,,,,,,,,,,,,,,,,,,,,,
ASMA-923,Bacteria,Bacillota,Bacilli,Staphylococcales,Staphylococcaceae,Staphylococcus,Staphylococcus aureus,539.0,No,,,,,,,,,,,,,,,,,,,,,,,,,,,,,,,,,,,,,,,,,,,,,,,,,,,,,,,,,,,,,,,,,,,,,,,,,,,
ASMA-924,Bacteria,Bacillota,Bacilli,Staphylococcales,Staphylococcaceae,Staphylococcus,Staphylococcus aureus,539.0,No,1,0.08539999999999998,,0.08539999999999998,20251006.0,0.092,,0.0909,,-0.0002999999999999947,,-0.0013999999999999985,,0.093,,2.0,,,,,,poor,0,0.0,0,0.0,0,,,,,,0.0838,,20251006,0.1459,uncertain,0.15,uncertain,0.0974,uncertain,0.0774,uncertain,0.0722,uncertain,0.0615,uncertain,0.0945,uncertain,0.0585,uncertain,0.0567,uncertain,0.0622,uncertain,0.0769,uncertain,0.0828,uncertain,0.0581,uncertain,0.0589,uncertain,0.0595,uncertain,0.0652,uncertain,0.0614,uncertain,0.0635,uncertain,0.1144,uncertain,0.0583,uncertain
ASMA-925,Bacteria,Bacillota,Bacilli,Staphylococcales,Staphylococcaceae,Staphylococcus,Staphylococcus aureus,539.0,No,,,,,,,,,,,,,,,,,,,,,,,,,,,,,,,,,,,,,,,,,,,,,,,,,,,,,,,,,,,,,,,,,,,,,,,,,,,
ASMA-926,Bacteria,Bacillota,Bacilli,Staphylococcales,Staphylococcaceae,Staphylococcus,Staphylococcus aureus,539.0,No,,,,,,,,,,,,,,,,,,,,,,,,,,,,,,,,,,,,,,,,,,,,,,,,,,,,,,,,,,,,,,,,,,,,,,,,,,,
ASMA-927,Bacteria,Bacillota,Bacilli,Staphylococcales,Staphylococcaceae,Staphylococcus,Staphylococcus aureus,539.0,No,,,,,,,,,,,,,,,,,,,,,,,,,,,,,,,,,,,,,,,,,,,,,,,,,,,,,,,,,,,,,,,,,,,,,,,,,,,
ASMA-928,Bacteria,Bacillota,Bacilli,Staphylococcales,Staphylococcaceae,Staphylococcus,Staphylococcus aureus,539.0,No,,,,,,,,,,,,,,,,,,,,,,,,,,,,,,,,,,,,,,,,,,,,,,,,,,,,,,,,,,,,,,,,,,,,,,,,,,,
ASMA-929,Bacteria,Bacillota,Bacilli,Staphylococcales,Staphylococcaceae,Staphylococcus,Staphylococcus aureus,539.0,No,,,,,,,,,,,,,,,,,,,,,,,,,,,,,,,,,,,,,,,,,,,,,,,,,,,,,,,,,,,,,,,,,,,,,,,,,,,
ASMA-93,Fungi,Saccharomycetes,Ascomycota,Saccharomycetales,Debaryomycetaceae,Candida,Candida albicans,,,,,,,,,,,,,,,,,,,,,,,,,,,,,,,,,,,,,,,,,,,,,,,,,,,,,,,,,,,,,,,,,,,,,,,,,,,,,
ASMA-930,Bacteria,Bacillota,Bacilli,Staphylococcales,Staphylococcaceae,Staphylococcus,Staphylococcus aureus,539.0,No,,,,,,,,,,,,,,,,,,,,,,,,,,,,,,,,,,,,,,,,,,,,,,,,,,,,,,,,,,,,,,,,,,,,,,,,,,,
ASMA-931,Bacteria,Bacillota,Bacilli,Staphylococcales,Staphylococcaceae,Staphylococcus,Staphylococcus aureus,539.0,No,,,,,,,,,,,,,,,,,,,,,,,,,,,,,,,,,,,,,,,,,,,,,,,,,,,,,,,,,,,,,,,,,,,,,,,,,,,
ASMA-932,Bacteria,Bacillota,Bacilli,Staphylococcales,Staphylococcaceae,Staphylococcus,Staphylococcus aureus,539.0,No,,,,,,,,,,,,,,,,,,,,,,,,,,,,,,,,,,,,,,,,,,,,,,,,,,,,,,,,,,,,,,,,,,,,,,,,,,,
ASMA-933,Bacteria,Bacillota,Bacilli,Staphylococcales,Staphylococcaceae,Staphylococcus,Staphylococcus aureus,539.0,No,,,,,,,,,,,,,,,,,,,,,,,,,,,,,,,,,,,,,,,,,,,,,,,,,,,,,,,,,,,,,,,,,,,,,,,,,,,
ASMA-934,Bacteria,Bacillota,Bacilli,Staphylococcales,Staphylococcaceae,Staphylococcus,Staphylococcus aureus,539.0,No,,,,,,,,,,,,,,,,,,,,,,,,,,,,,,,,,,,,,,,,,,,,,,,,,,,,,,,,,,,,,,,,,,,,,,,,,,,
ASMA-935,Bacteria,Bacillota,Bacilli,Staphylococcales,Staphylococcaceae,Staphylococcus,Staphylococcus aureus,539.0,No,,,,,,,,,,,,,,,,,,,,,,,,,,,,,,,,,,,,,,,,,,,,,,,,,,,,,,,,,,,,,,,,,,,,,,,,,,,
ASMA-936,Bacteria,Bacillota,Bacilli,Staphylococcales,Staphylococcaceae,Staphylococcus,Staphylococcus aureus,539.0,No,1,0.057166666666666616,,0.057166666666666616,20250920.0,0.1436,,0.1473666666666667,,0.04643333333333334,,0.050200000000000036,,0.1475,,45.75,,0.02072320550128885,,0.9956395739680539,,poor,0,0.0,0,0.0,1,,,,,,0.0599,,20250920,0.0633,uncertain,0.0611,uncertain,0.061,uncertain,0.0568,uncertain,0.0582,uncertain,0.0522,uncertain,0.0677,uncertain,0.0559,uncertain,0.0541,uncertain,0.0522,uncertain,0.0607,uncertain,0.068,uncertain,0.0538,uncertain,0.0572,uncertain,0.0586,uncertain,0.0573,uncertain,0.0587,uncertain,0.0591,uncertain,0.0743,uncertain,0.0606,uncertain
ASMA-937,Bacteria,Bacillota,Bacilli,Staphylococcales,Staphylococcaceae,Staphylococcus,Staphylococcus aureus,539.0,No,,,,,,,,,,,,,,,,,,,,,,,,,,,,,,,,,,,,,,,,,,,,,,,,,,,,,,,,,,,,,,,,,,,,,,,,,,,
ASMA-938,Bacteria,Bacillota,Bacilli,Staphylococcales,Staphylococcaceae,Staphylococcus,Staphylococcus aureus,539.0,No,,,,,,,,,,,,,,,,,,,,,,,,,,,,,,,,,,,,,,,,,,,,,,,,,,,,,,,,,,,,,,,,,,,,,,,,,,,
ASMA-939,Bacteria,Bacillota,Bacilli,Staphylococcales,Staphylococcaceae,Staphylococcus,Staphylococcus aureus,539.0,No,,,,,,,,,,,,,,,,,,,,,,,,,,,,,,,,,,,,,,,,,,,,,,,,,,,,,,,,,,,,,,,,,,,,,,,,,,,
ASMA-94,Fungi,Saccharomycetes,Ascomycota,Saccharomycetales,Debaryomycetaceae,Candida,Candida albicans,,,,,,,,,,,,,,,,,,,,,,,,,,,,,,,,,,,,,,,,,,,,,,,,,,,,,,,,,,,,,,,,,,,,,,,,,,,,,
ASMA-940,Bacteria,Bacillota,Bacilli,Staphylococcales,Staphylococcaceae,Staphylococcus,Staphylococcus aureus,539.0,No,,,,,,,,,,,,,,,,,,,,,,,,,,,,,,,,,,,,,,,,,,,,,,,,,,,,,,,,,,,,,,,,,,,,,,,,,,,
ASMA-941,Bacteria,Bacillota,Bacilli,Staphylococcales,Staphylococcaceae,Staphylococcus,Staphylococcus aureus,539.0,No,,,,,,,,,,,,,,,,,,,,,,,,,,,,,,,,,,,,,,,,,,,,,,,,,,,,,,,,,,,,,,,,,,,,,,,,,,,
ASMA-942,Bacteria,Bacillota,Bacilli,Staphylococcales,Staphylococcaceae,Staphylococcus,Staphylococcus aureus,539.0,No,,,,,,,,,,,,,,,,,,,,,,,,,,,,,,,,,,,,,,,,,,,,,,,,,,,,,,,,,,,,,,,,,,,,,,,,,,,
ASMA-943,Bacteria,Bacillota,Bacilli,Staphylococcales,Staphylococcaceae,Staphylococcus,Staphylococcus aureus,539.0,No,,,,,,,,,,,,,,,,,,,,,,,,,,,,,,,,,,,,,,,,,,,,,,,,,,,,,,,,,,,,,,,,,,,,,,,,,,,
ASMA-944,Bacteria,Bacillota,Bacilli,Staphylococcales,Staphylococcaceae,Staphylococcus,Staphylococcus aureus,539.0,No,,,,,,,,,,,,,,,,,,,,,,,,,,,,,,,,,,,,,,,,,,,,,,,,,,,,,,,,,,,,,,,,,,,,,,,,,,,
ASMA-945,Bacteria,Bacillota,Bacilli,Staphylococcales,Staphylococcaceae,Staphylococcus,Staphylococcus aureus,539.0,No,,,,,,,,,,,,,,,,,,,,,,,,,,,,,,,,,,,,,,,,,,,,,,,,,,,,,,,,,,,,,,,,,,,,,,,,,,,
ASMA-946,Bacteria,Bacillota,Bacilli,Staphylococcales,Staphylococcaceae,Staphylococcus,Staphylococcus aureus,539.0,No,,,,,,,,,,,,,,,,,,,,,,,,,,,,,,,,,,,,,,,,,,,,,,,,,,,,,,,,,,,,,,,,,,,,,,,,,,,
ASMA-947,Bacteria,Bacillota,Bacilli,Staphylococcales,Staphylococcaceae,Staphylococcus,Staphylococcus aureus,539.0,No,,,,,,,,,,,,,,,,,,,,,,,,,,,,,,,,,,,,,,,,,,,,,,,,,,,,,,,,,,,,,,,,,,,,,,,,,,,
ASMA-948,Bacteria,Bacillota,Bacilli,Staphylococcales,Staphylococcaceae,Staphylococcus,Staphylococcus aureus,539.0,No,,,,,,,,,,,,,,,,,,,,,,,,,,,,,,,,,,,,,,,,,,,,,,,,,,,,,,,,,,,,,,,,,,,,,,,,,,,
ASMA-949,Bacteria,Bacillota,Bacilli,Staphylococcales,Staphylococcaceae,Staphylococcus,Staphylococcus aureus,539.0,No,,,,,,,,,,,,,,,,,,,,,,,,,,,,,,,,,,,,,,,,,,,,,,,,,,,,,,,,,,,,,,,,,,,,,,,,,,,
ASMA-95,Fungi,Saccharomycetes,Ascomycota,Saccharomycetales,Debaryomycetaceae,Candida,Candida albicans,,,,,,,,,,,,,,,,,,,,,,,,,,,,,,,,,,,,,,,,,,,,,,,,,,,,,,,,,,,,,,,,,,,,,,,,,,,,,
ASMA-950,Bacteria,Bacillota,Bacilli,Staphylococcales,Staphylococcaceae,Staphylococcus,Staphylococcus aureus,539.0,No,,,,,,,,,,,,,,,,,,,,,,,,,,,,,,,,,,,,,,,,,,,,,,,,,,,,,,,,,,,,,,,,,,,,,,,,,,,
ASMA-951,Bacteria,Bacillota,Bacilli,Staphylococcales,Staphylococcaceae,Staphylococcus,Staphylococcus aureus,539.0,No,,,,,,,,,,,,,,,,,,,,,,,,,,,,,,,,,,,,,,,,,,,,,,,,,,,,,,,,,,,,,,,,,,,,,,,,,,,
ASMA-952,Bacteria,Bacillota,Bacilli,Staphylococcales,Staphylococcaceae,Staphylococcus,Staphylococcus aureus,539.0,No,,,,,,,,,,,,,,,,,,,,,,,,,,,,,,,,,,,,,,,,,,,,,,,,,,,,,,,,,,,,,,,,,,,,,,,,,,,
ASMA-953,Bacteria,Bacillota,Bacilli,Staphylococcales,Staphylococcaceae,Staphylococcus,Staphylococcus aureus,539.0,No,,,,,,,,,,,,,,,,,,,,,,,,,,,,,,,,,,,,,,,,,,,,,,,,,,,,,,,,,,,,,,,,,,,,,,,,,,,
ASMA-954,Bacteria,Bacillota,Bacilli,Staphylococcales,Staphylococcaceae,Staphylococcus,Staphylococcus aureus,539.0,No,,,,,,,,,,,,,,,,,,,,,,,,,,,,,,,,,,,,,,,,,,,,,,,,,,,,,,,,,,,,,,,,,,,,,,,,,,,
ASMA-955,Bacteria,Bacillota,Bacilli,Staphylococcales,Staphylococcaceae,Staphylococcus,Staphylococcus aureus,539.0,No,,,,,,,,,,,,,,,,,,,,,,,,,,,,,,,,,,,,,,,,,,,,,,,,,,,,,,,,,,,,,,,,,,,,,,,,,,,
ASMA-956,Bacteria,Bacillota,Bacilli,Staphylococcales,Staphylococcaceae,Staphylococcus,Staphylococcus aureus,539.0,No,,,,,,,,,,,,,,,,,,,,,,,,,,,,,,,,,,,,,,,,,,,,,,,,,,,,,,,,,,,,,,,,,,,,,,,,,,,
ASMA-957,Bacteria,Bacillota,Bacilli,Staphylococcales,Staphylococcaceae,Staphylococcus,Staphylococcus aureus,539.0,No,,,,,,,,,,,,,,,,,,,,,,,,,,,,,,,,,,,,,,,,,,,,,,,,,,,,,,,,,,,,,,,,,,,,,,,,,,,
ASMA-958,Bacteria,Bacillota,Bacilli,Staphylococcales,Staphylococcaceae,Staphylococcus,Staphylococcus aureus,539.0,No,,,,,,,,,,,,,,,,,,,,,,,,,,,,,,,,,,,,,,,,,,,,,,,,,,,,,,,,,,,,,,,,,,,,,,,,,,,
ASMA-959,Bacteria,Bacillota,Bacilli,Staphylococcales,Staphylococcaceae,Staphylococcus,Staphylococcus aureus,539.0,No,,,,,,,,,,,,,,,,,,,,,,,,,,,,,,,,,,,,,,,,,,,,,,,,,,,,,,,,,,,,,,,,,,,,,,,,,,,
ASMA-96,Fungi,Saccharomycetes,Ascomycota,Saccharomycetales,Debaryomycetaceae,Candida,Candida albicans,,,,,,,,,,,,,,,,,,,,,,,,,,,,,,,,,,,,,,,,,,,,,,,,,,,,,,,,,,,,,,,,,,,,,,,,,,,,,
ASMA-960,Bacteria,Bacillota,Bacilli,Staphylococcales,Staphylococcaceae,Staphylococcus,Staphylococcus aureus,539.0,No,,,,,,,,,,,,,,,,,,,,,,,,,,,,,,,,,,,,,,,,,,,,,,,,,,,,,,,,,,,,,,,,,,,,,,,,,,,
ASMA-961,Bacteria,Bacillota,Bacilli,Staphylococcales,Staphylococcaceae,Staphylococcus,Staphylococcus aureus,539.0,No,,,,,,,,,,,,,,,,,,,,,,,,,,,,,,,,,,,,,,,,,,,,,,,,,,,,,,,,,,,,,,,,,,,,,,,,,,,
ASMA-962,Bacteria,Bacillota,Bacilli,Staphylococcales,Staphylococcaceae,Staphylococcus,Staphylococcus aureus,539.0,No,,,,,,,,,,,,,,,,,,,,,,,,,,,,,,,,,,,,,,,,,,,,,,,,,,,,,,,,,,,,,,,,,,,,,,,,,,,
ASMA-963,Bacteria,Bacillota,Bacilli,Staphylococcales,Staphylococcaceae,Staphylococcus,Staphylococcus aureus,539.0,No,,,,,,,,,,,,,,,,,,,,,,,,,,,,,,,,,,,,,,,,,,,,,,,,,,,,,,,,,,,,,,,,,,,,,,,,,,,
ASMA-964,Bacteria,Bacillota,Bacilli,Staphylococcales,Staphylococcaceae,Staphylococcus,Staphylococcus aureus,539.0,No,,,,,,,,,,,,,,,,,,,,,,,,,,,,,,,,,,,,,,,,,,,,,,,,,,,,,,,,,,,,,,,,,,,,,,,,,,,
ASMA-965,Bacteria,Bacillota,Bacilli,Staphylococcales,Staphylococcaceae,Staphylococcus,Staphylococcus aureus,539.0,No,,,,,,,,,,,,,,,,,,,,,,,,,,,,,,,,,,,,,,,,,,,,,,,,,,,,,,,,,,,,,,,,,,,,,,,,,,,
ASMA-966,Bacteria,Bacillota,Bacilli,Staphylococcales,Staphylococcaceae,Staphylococcus,Staphylococcus aureus,539.0,No,,,,,,,,,,,,,,,,,,,,,,,,,,,,,,,,,,,,,,,,,,,,,,,,,,,,,,,,,,,,,,,,,,,,,,,,,,,
ASMA-967,Bacteria,Bacillota,Bacilli,Staphylococcales,Staphylococcaceae,Staphylococcus,Staphylococcus aureus,539.0,No,,,,,,,,,,,,,,,,,,,,,,,,,,,,,,,,,,,,,,,,,,,,,,,,,,,,,,,,,,,,,,,,,,,,,,,,,,,
ASMA-968,Bacteria,Bacillota,Bacilli,Staphylococcales,Staphylococcaceae,Staphylococcus,Staphylococcus aureus,539.0,No,,,,,,,,,,,,,,,,,,,,,,,,,,,,,,,,,,,,,,,,,,,,,,,,,,,,,,,,,,,,,,,,,,,,,,,,,,,
ASMA-969,Bacteria,Bacillota,Bacilli,Staphylococcales,Staphylococcaceae,Staphylococcus,Staphylococcus aureus,539.0,No,,,,,,,,,,,,,,,,,,,,,,,,,,,,,,,,,,,,,,,,,,,,,,,,,,,,,,,,,,,,,,,,,,,,,,,,,,,
ASMA-97,Fungi,Saccharomycetes,Ascomycota,Saccharomycetales,Debaryomycetaceae,Candida,Candida albicans,,,,,,,,,,,,,,,,,,,,,,,,,,,,,,,,,,,,,,,,,,,,,,,,,,,,,,,,,,,,,,,,,,,,,,,,,,,,,
ASMA-970,Bacteria,Bacillota,Bacilli,Staphylococcales,Staphylococcaceae,Staphylococcus,Staphylococcus aureus,539.0,No,,,,,,,,,,,,,,,,,,,,,,,,,,,,,,,,,,,,,,,,,,,,,,,,,,,,,,,,,,,,,,,,,,,,,,,,,,,
ASMA-971,Bacteria,Bacillota,Bacilli,Staphylococcales,Staphylococcaceae,Staphylococcus,Staphylococcus aureus,,,,,,,,,,,,,,,,,,,,,,,,,,,,,,,,,,,,,,,,,,,,,,,,,,,,,,,,,,,,,,,,,,,,,,,,,,,,,
ASMA-972,Bacteria,Bacillota,Bacilli,Staphylococcales,Staphylococcaceae,Staphylococcus,Staphylococcus aureus,539.0,No,,,,,,,,,,,,,,,,,,,,,,,,,,,,,,,,,,,,,,,,,,,,,,,,,,,,,,,,,,,,,,,,,,,,,,,,,,,
ASMA-973,Bacteria,Bacillota,Bacilli,Staphylococcales,Staphylococcaceae,Staphylococcus,Staphylococcus aureus,539.0,No,,,,,,,,,,,,,,,,,,,,,,,,,,,,,,,,,,,,,,,,,,,,,,,,,,,,,,,,,,,,,,,,,,,,,,,,,,,
ASMA-974,Bacteria,Bacillota,Bacilli,Staphylococcales,Staphylococcaceae,Staphylococcus,Staphylococcus aureus,539.0,No,,,,,,,,,,,,,,,,,,,,,,,,,,,,,,,,,,,,,,,,,,,,,,,,,,,,,,,,,,,,,,,,,,,,,,,,,,,
ASMA-975,Bacteria,Bacillota,Bacilli,Staphylococcales,Staphylococcaceae,Staphylococcus,Staphylococcus aureus,539.0,No,,,,,,,,,,,,,,,,,,,,,,,,,,,,,,,,,,,,,,,,,,,,,,,,,,,,,,,,,,,,,,,,,,,,,,,,,,,
ASMA-976,Bacteria,Bacillota,Bacilli,Staphylococcales,Staphylococcaceae,Staphylococcus,Staphylococcus aureus,539.0,No,,,,,,,,,,,,,,,,,,,,,,,,,,,,,,,,,,,,,,,,,,,,,,,,,,,,,,,,,,,,,,,,,,,,,,,,,,,
ASMA-977,Bacteria,Bacillota,Bacilli,Staphylococcales,Staphylococcaceae,Staphylococcus,Staphylococcus aureus,539.0,No,,,,,,,,,,,,,,,,,,,,,,,,,,,,,,,,,,,,,,,,,,,,,,,,,,,,,,,,,,,,,,,,,,,,,,,,,,,
ASMA-978,Bacteria,Bacillota,Bacilli,Staphylococcales,Staphylococcaceae,Staphylococcus,Staphylococcus aureus,539.0,No,,,,,,,,,,,,,,,,,,,,,,,,,,,,,,,,,,,,,,,,,,,,,,,,,,,,,,,,,,,,,,,,,,,,,,,,,,,
ASMA-979,Bacteria,Bacillota,Bacilli,Staphylococcales,Staphylococcaceae,Staphylococcus,Staphylococcus aureus,539.0,No,,,,,,,,,,,,,,,,,,,,,,,,,,,,,,,,,,,,,,,,,,,,,,,,,,,,,,,,,,,,,,,,,,,,,,,,,,,
ASMA-98,Fungi,Saccharomycetes,Ascomycota,Saccharomycetales,Debaryomycetaceae,Candida,Candida albicans,,,,,,,,,,,,,,,,,,,,,,,,,,,,,,,,,,,,,,,,,,,,,,,,,,,,,,,,,,,,,,,,,,,,,,,,,,,,,
ASMA-980,Bacteria,Bacillota,Bacilli,Staphylococcales,Staphylococcaceae,Staphylococcus,Staphylococcus aureus,539.0,No,,,,,,,,,,,,,,,,,,,,,,,,,,,,,,,,,,,,,,,,,,,,,,,,,,,,,,,,,,,,,,,,,,,,,,,,,,,
ASMA-981,Bacteria,Bacillota,Bacilli,Staphylococcales,Staphylococcaceae,Staphylococcus,Staphylococcus aureus,539.0,No,,,,,,,,,,,,,,,,,,,,,,,,,,,,,,,,,,,,,,,,,,,,,,,,,,,,,,,,,,,,,,,,,,,,,,,,,,,
ASMA-982,Bacteria,Bacillota,Bacilli,Staphylococcales,Staphylococcaceae,Staphylococcus,Staphylococcus aureus,539.0,No,,,,,,,,,,,,,,,,,,,,,,,,,,,,,,,,,,,,,,,,,,,,,,,,,,,,,,,,,,,,,,,,,,,,,,,,,,,
ASMA-983,Bacteria,Bacillota,Bacilli,Staphylococcales,Staphylococcaceae,Staphylococcus,Staphylococcus aureus,539.0,No,,,,,,,,,,,,,,,,,,,,,,,,,,,,,,,,,,,,,,,,,,,,,,,,,,,,,,,,,,,,,,,,,,,,,,,,,,,
ASMA-984,Bacteria,Bacillota,Bacilli,Staphylococcales,Staphylococcaceae,Staphylococcus,Staphylococcus aureus,539.0,No,,,,,,,,,,,,,,,,,,,,,,,,,,,,,,,,,,,,,,,,,,,,,,,,,,,,,,,,,,,,,,,,,,,,,,,,,,,
ASMA-985,Bacteria,Bacillota,Bacilli,Staphylococcales,Staphylococcaceae,Staphylococcus,Staphylococcus aureus,539.0,No,,,,,,,,,,,,,,,,,,,,,,,,,,,,,,,,,,,,,,,,,,,,,,,,,,,,,,,,,,,,,,,,,,,,,,,,,,,
ASMA-986,Bacteria,Bacillota,Bacilli,Staphylococcales,Staphylococcaceae,Staphylococcus,Staphylococcus aureus,539.0,No,,,,,,,,,,,,,,,,,,,,,,,,,,,,,,,,,,,,,,,,,,,,,,,,,,,,,,,,,,,,,,,,,,,,,,,,,,,
ASMA-987,Bacteria,Bacillota,Bacilli,Staphylococcales,Staphylococcaceae,Staphylococcus,Staphylococcus aureus,539.0,No,,,,,,,,,,,,,,,,,,,,,,,,,,,,,,,,,,,,,,,,,,,,,,,,,,,,,,,,,,,,,,,,,,,,,,,,,,,
ASMA-988,Bacteria,Bacillota,Bacilli,Staphylococcales,Staphylococcaceae,Staphylococcus,Staphylococcus aureus,539.0,No,,,,,,,,,,,,,,,,,,,,,,,,,,,,,,,,,,,,,,,,,,,,,,,,,,,,,,,,,,,,,,,,,,,,,,,,,,,
ASMA-989,Bacteria,Bacillota,Bacilli,Staphylococcales,Staphylococcaceae,Staphylococcus,Staphylococcus aureus,539.0,No,,,,,,,,,,,,,,,,,,,,,,,,,,,,,,,,,,,,,,,,,,,,,,,,,,,,,,,,,,,,,,,,,,,,,,,,,,,
ASMA-99,Fungi,Saccharomycetes,Ascomycota,Saccharomycetales,Debaryomycetaceae,Candida,Candida albicans,,,,,,,,,,,,,,,,,,,,,,,,,,,,,,,,,,,,,,,,,,,,,,,,,,,,,,,,,,,,,,,,,,,,,,,,,,,,,
ASMA-990,Bacteria,Bacillota,Bacilli,Staphylococcales,Staphylococcaceae,Staphylococcus,Staphylococcus aureus,539.0,No,,,,,,,,,,,,,,,,,,,,,,,,,,,,,,,,,,,,,,,,,,,,,,,,,,,,,,,,,,,,,,,,,,,,,,,,,,,
ASMA-991,Bacteria,Bacillota,Bacilli,Staphylococcales,Staphylococcaceae,Staphylococcus,Staphylococcus aureus,539.0,No,,,,,,,,,,,,,,,,,,,,,,,,,,,,,,,,,,,,,,,,,,,,,,,,,,,,,,,,,,,,,,,,,,,,,,,,,,,
ASMA-992,Bacteria,Bacillota,Bacilli,Staphylococcales,Staphylococcaceae,Staphylococcus,Staphylococcus aureus,539.0,No,,,,,,,,,,,,,,,,,,,,,,,,,,,,,,,,,,,,,,,,,,,,,,,,,,,,,,,,,,,,,,,,,,,,,,,,,,,
ASMA-993,Bacteria,Bacillota,Bacilli,Staphylococcales,Staphylococcaceae,Staphylococcus,Staphylococcus aureus,539.0,No,,,,,,,,,,,,,,,,,,,,,,,,,,,,,,,,,,,,,,,,,,,,,,,,,,,,,,,,,,,,,,,,,,,,,,,,,,,
ASMA-994,Bacteria,Bacillota,Bacilli,Staphylococcales,Staphylococcaceae,Staphylococcus,Staphylococcus aureus,539.0,No,,,,,,,,,,,,,,,,,,,,,,,,,,,,,,,,,,,,,,,,,,,,,,,,,,,,,,,,,,,,,,,,,,,,,,,,,,,
ASMA-995,Bacteria,Bacillota,Bacilli,Staphylococcales,Staphylococcaceae,Staphylococcus,Staphylococcus aureus,539.0,No,,,,,,,,,,,,,,,,,,,,,,,,,,,,,,,,,,,,,,,,,,,,,,,,,,,,,,,,,,,,,,,,,,,,,,,,,,,
ASMA-996,Bacteria,Bacillota,Bacilli,Staphylococcales,Staphylococcaceae,Staphylococcus,Staphylococcus aureus,539.0,No,,,,,,,,,,,,,,,,,,,,,,,,,,,,,,,,,,,,,,,,,,,,,,,,,,,,,,,,,,,,,,,,,,,,,,,,,,,
ASMA-997,Bacteria,Bacillota,Bacilli,Staphylococcales,Staphylococcaceae,Staphylococcus,Staphylococcus aureus,539.0,No,,,,,,,,,,,,,,,,,,,,,,,,,,,,,,,,,,,,,,,,,,,,,,,,,,,,,,,,,,,,,,,,,,,,,,,,,,,
ASMA-998,Bacteria,Bacillota,Bacilli,Staphylococcales,Staphylococcaceae,Staphylococcus,Staphylococcus aureus,539.0,No,,,,,,,,,,,,,,,,,,,,,,,,,,,,,,,,,,,,,,,,,,,,,,,,,,,,,,,,,,,,,,,,,,,,,,,,,,,
ASMA-999,Bacteria,Bacillota,Bacilli,Staphylococcales,Staphylococcaceae,Staphylococcus,Staphylococcus aureus,539.0,No,,,,,,,,,,,,,,,,,,,,,,,,,,,,,,,,,,,,,,,,,,,,,,,,,,,,,,,,,,,,,,,,,,,,,,,,,,,
KP_reporter,Bacteria,Pseudomonadota,Gammaproteobacteria,Enterobacterales,Enterobacteriaceae,Klebsiella,Klebsiella pneumoniae,207.0,Yes,,,,,,,,,,,,,,,,,,,,,,,,,,,,,,,,,,,,,,,,,,,,,,,,,,,,,,,,,,,,,,,,,,,,,,,,,,,
SA_reporter,Bacteria,Bacillota,Bacilli,Staphylococcales,Staphylococcaceae,Staphylococcus,Staphylococcus aureus,356.0,No,,,,,,,,,,,,,,,,,,,,,,,,,,,,,,,,,,,,,,,,,,,,,,,,,,,,,,,,,,,,,,,,,,,,,,,,,,,
